[0.085s] DEBUG:colcon:Command line arguments: ['/usr/bin/colcon', 'build']
[0.086s] DEBUG:colcon:Parsed command line arguments: Namespace(log_base=None, log_level=None, verb_name='build', build_base='build', install_base='install', merge_install=False, symlink_install=False, test_result_base=None, continue_on_error=False, executor='parallel', parallel_workers=24, event_handlers=None, ignore_user_meta=False, metas=['./colcon.meta'], base_paths=['.'], packages_ignore=None, packages_ignore_regex=None, paths=None, packages_up_to=None, packages_up_to_regex=None, packages_above=None, packages_above_and_dependencies=None, packages_above_depth=None, packages_select_by_dep=None, packages_skip_by_dep=None, packages_skip_up_to=None, packages_select_build_failed=False, packages_skip_build_finished=False, packages_select_test_failures=False, packages_skip_test_passed=False, packages_select=None, packages_skip=None, packages_select_regex=None, packages_skip_regex=None, packages_start=None, packages_end=None, allow_overriding=[], lookup_in_workspace=False, cargo_args=None, clean_build=False, cmake_args=None, cmake_target=None, cmake_target_skip_unavailable=False, cmake_clean_cache=False, cmake_clean_first=False, cmake_force_configure=False, ament_cmake_args=None, catkin_cmake_args=None, catkin_skip_building_tests=False, mixin_files=None, mixin=None, verb_parser=<colcon_mixin.mixin.mixin_argument.MixinArgumentDecorator object at 0x78fd3b1ec0b0>, verb_extension=<colcon_core.verb.build.BuildVerb object at 0x78fd3b1c3dd0>, main=<bound method BuildVerb.main of <colcon_core.verb.build.BuildVerb object at 0x78fd3b1c3dd0>>, mixin_verb=('build',))
[0.128s] Level 1:colcon.colcon_core.package_discovery:discover_packages(colcon_meta) check parameters
[0.129s] Level 1:colcon.colcon_core.package_discovery:discover_packages(recursive) check parameters
[0.129s] Level 1:colcon.colcon_core.package_discovery:discover_packages(ignore) check parameters
[0.129s] Level 1:colcon.colcon_core.package_discovery:discover_packages(path) check parameters
[0.129s] Level 1:colcon.colcon_core.package_discovery:discover_packages(cargo_workspace) check parameters
[0.129s] Level 1:colcon.colcon_core.package_discovery:discover_packages(colcon_meta) discover
[0.129s] Level 1:colcon.colcon_core.package_discovery:discover_packages(recursive) discover
[0.129s] INFO:colcon.colcon_core.package_discovery:Crawling recursively for packages in '/home/rsanz/git/learning/ROS2/RustROS2'
[0.129s] Level 1:colcon.colcon_core.package_identification:_identify(.) by extensions ['ignore', 'ignore_ament_install']
[0.129s] Level 1:colcon.colcon_core.package_identification:_identify(.) by extension 'ignore'
[0.129s] Level 1:colcon.colcon_core.package_identification:_identify(.) by extension 'ignore_ament_install'
[0.129s] Level 1:colcon.colcon_core.package_identification:_identify(.) by extensions ['cargo_workspace']
[0.129s] Level 1:colcon.colcon_core.package_identification:_identify(.) by extension 'cargo_workspace'
[0.129s] Level 1:colcon.colcon_core.package_identification:_identify(.) by extensions ['colcon_pkg']
[0.129s] Level 1:colcon.colcon_core.package_identification:_identify(.) by extension 'colcon_pkg'
[0.129s] Level 1:colcon.colcon_core.package_identification:_identify(.) by extensions ['colcon_meta']
[0.129s] Level 1:colcon.colcon_core.package_identification:_identify(.) by extension 'colcon_meta'
[0.129s] Level 1:colcon.colcon_core.package_identification:_identify(.) by extensions ['ament_cargo']
[0.129s] Level 1:colcon.colcon_core.package_identification:_identify(.) by extension 'ament_cargo'
[0.129s] Level 1:colcon.colcon_core.package_identification:_identify(.) by extensions ['ros']
[0.129s] Level 1:colcon.colcon_core.package_identification:_identify(.) by extension 'ros'
[0.129s] Level 1:colcon.colcon_core.package_identification:_identify(.) by extensions ['cargo', 'cmake', 'python']
[0.129s] Level 1:colcon.colcon_core.package_identification:_identify(.) by extension 'cargo'
[0.129s] Level 1:colcon.colcon_core.package_identification:_identify(.) by extension 'cmake'
[0.129s] Level 1:colcon.colcon_core.package_identification:_identify(.) by extension 'python'
[0.129s] Level 1:colcon.colcon_core.package_identification:_identify(.) by extensions ['python_setup_py']
[0.129s] Level 1:colcon.colcon_core.package_identification:_identify(.) by extension 'python_setup_py'
[0.129s] Level 1:colcon.colcon_core.package_identification:_identify(build) by extensions ['ignore', 'ignore_ament_install']
[0.129s] Level 1:colcon.colcon_core.package_identification:_identify(build) by extension 'ignore'
[0.130s] Level 1:colcon.colcon_core.package_identification:_identify(build) ignored
[0.130s] Level 1:colcon.colcon_core.package_identification:_identify(install) by extensions ['ignore', 'ignore_ament_install']
[0.130s] Level 1:colcon.colcon_core.package_identification:_identify(install) by extension 'ignore'
[0.130s] Level 1:colcon.colcon_core.package_identification:_identify(install) ignored
[0.130s] Level 1:colcon.colcon_core.package_identification:_identify(log) by extensions ['ignore', 'ignore_ament_install']
[0.130s] Level 1:colcon.colcon_core.package_identification:_identify(log) by extension 'ignore'
[0.130s] Level 1:colcon.colcon_core.package_identification:_identify(log) ignored
[0.130s] Level 1:colcon.colcon_core.package_identification:_identify(src) by extensions ['ignore', 'ignore_ament_install']
[0.130s] Level 1:colcon.colcon_core.package_identification:_identify(src) by extension 'ignore'
[0.130s] Level 1:colcon.colcon_core.package_identification:_identify(src) by extension 'ignore_ament_install'
[0.130s] Level 1:colcon.colcon_core.package_identification:_identify(src) by extensions ['cargo_workspace']
[0.130s] Level 1:colcon.colcon_core.package_identification:_identify(src) by extension 'cargo_workspace'
[0.130s] Level 1:colcon.colcon_core.package_identification:_identify(src) by extensions ['colcon_pkg']
[0.130s] Level 1:colcon.colcon_core.package_identification:_identify(src) by extension 'colcon_pkg'
[0.130s] Level 1:colcon.colcon_core.package_identification:_identify(src) by extensions ['colcon_meta']
[0.130s] Level 1:colcon.colcon_core.package_identification:_identify(src) by extension 'colcon_meta'
[0.130s] Level 1:colcon.colcon_core.package_identification:_identify(src) by extensions ['ament_cargo']
[0.130s] Level 1:colcon.colcon_core.package_identification:_identify(src) by extension 'ament_cargo'
[0.130s] Level 1:colcon.colcon_core.package_identification:_identify(src) by extensions ['ros']
[0.130s] Level 1:colcon.colcon_core.package_identification:_identify(src) by extension 'ros'
[0.130s] Level 1:colcon.colcon_core.package_identification:_identify(src) by extensions ['cargo', 'cmake', 'python']
[0.130s] Level 1:colcon.colcon_core.package_identification:_identify(src) by extension 'cargo'
[0.130s] Level 1:colcon.colcon_core.package_identification:_identify(src) by extension 'cmake'
[0.130s] Level 1:colcon.colcon_core.package_identification:_identify(src) by extension 'python'
[0.130s] Level 1:colcon.colcon_core.package_identification:_identify(src) by extensions ['python_setup_py']
[0.130s] Level 1:colcon.colcon_core.package_identification:_identify(src) by extension 'python_setup_py'
[0.131s] Level 1:colcon.colcon_core.package_identification:_identify(src/common_interfaces) by extensions ['ignore', 'ignore_ament_install']
[0.131s] Level 1:colcon.colcon_core.package_identification:_identify(src/common_interfaces) by extension 'ignore'
[0.131s] Level 1:colcon.colcon_core.package_identification:_identify(src/common_interfaces) by extension 'ignore_ament_install'
[0.131s] Level 1:colcon.colcon_core.package_identification:_identify(src/common_interfaces) by extensions ['cargo_workspace']
[0.131s] Level 1:colcon.colcon_core.package_identification:_identify(src/common_interfaces) by extension 'cargo_workspace'
[0.131s] Level 1:colcon.colcon_core.package_identification:_identify(src/common_interfaces) by extensions ['colcon_pkg']
[0.131s] Level 1:colcon.colcon_core.package_identification:_identify(src/common_interfaces) by extension 'colcon_pkg'
[0.131s] Level 1:colcon.colcon_core.package_identification:_identify(src/common_interfaces) by extensions ['colcon_meta']
[0.131s] Level 1:colcon.colcon_core.package_identification:_identify(src/common_interfaces) by extension 'colcon_meta'
[0.131s] Level 1:colcon.colcon_core.package_identification:_identify(src/common_interfaces) by extensions ['ament_cargo']
[0.131s] Level 1:colcon.colcon_core.package_identification:_identify(src/common_interfaces) by extension 'ament_cargo'
[0.131s] Level 1:colcon.colcon_core.package_identification:_identify(src/common_interfaces) by extensions ['ros']
[0.131s] Level 1:colcon.colcon_core.package_identification:_identify(src/common_interfaces) by extension 'ros'
[0.131s] Level 1:colcon.colcon_core.package_identification:_identify(src/common_interfaces) by extensions ['cargo', 'cmake', 'python']
[0.131s] Level 1:colcon.colcon_core.package_identification:_identify(src/common_interfaces) by extension 'cargo'
[0.131s] Level 1:colcon.colcon_core.package_identification:_identify(src/common_interfaces) by extension 'cmake'
[0.131s] Level 1:colcon.colcon_core.package_identification:_identify(src/common_interfaces) by extension 'python'
[0.131s] Level 1:colcon.colcon_core.package_identification:_identify(src/common_interfaces) by extensions ['python_setup_py']
[0.131s] Level 1:colcon.colcon_core.package_identification:_identify(src/common_interfaces) by extension 'python_setup_py'
[0.131s] Level 1:colcon.colcon_core.package_identification:_identify(src/common_interfaces/actionlib_msgs) by extensions ['ignore', 'ignore_ament_install']
[0.131s] Level 1:colcon.colcon_core.package_identification:_identify(src/common_interfaces/actionlib_msgs) by extension 'ignore'
[0.132s] Level 1:colcon.colcon_core.package_identification:_identify(src/common_interfaces/actionlib_msgs) by extension 'ignore_ament_install'
[0.132s] Level 1:colcon.colcon_core.package_identification:_identify(src/common_interfaces/actionlib_msgs) by extensions ['cargo_workspace']
[0.132s] Level 1:colcon.colcon_core.package_identification:_identify(src/common_interfaces/actionlib_msgs) by extension 'cargo_workspace'
[0.132s] Level 1:colcon.colcon_core.package_identification:_identify(src/common_interfaces/actionlib_msgs) by extensions ['colcon_pkg']
[0.132s] Level 1:colcon.colcon_core.package_identification:_identify(src/common_interfaces/actionlib_msgs) by extension 'colcon_pkg'
[0.132s] Level 1:colcon.colcon_core.package_identification:_identify(src/common_interfaces/actionlib_msgs) by extensions ['colcon_meta']
[0.132s] Level 1:colcon.colcon_core.package_identification:_identify(src/common_interfaces/actionlib_msgs) by extension 'colcon_meta'
[0.132s] Level 1:colcon.colcon_core.package_identification:_identify(src/common_interfaces/actionlib_msgs) by extensions ['ament_cargo']
[0.132s] Level 1:colcon.colcon_core.package_identification:_identify(src/common_interfaces/actionlib_msgs) by extension 'ament_cargo'
[0.134s] Level 1:colcon.colcon_core.package_identification:_identify(src/common_interfaces/actionlib_msgs) by extensions ['ros']
[0.134s] Level 1:colcon.colcon_core.package_identification:_identify(src/common_interfaces/actionlib_msgs) by extension 'ros'
[0.134s] DEBUG:colcon.colcon_core.package_identification:Package 'src/common_interfaces/actionlib_msgs' with type 'ros.ament_cmake' and name 'actionlib_msgs'
[0.134s] Level 1:colcon.colcon_core.package_identification:_identify(src/common_interfaces/common_interfaces) by extensions ['ignore', 'ignore_ament_install']
[0.134s] Level 1:colcon.colcon_core.package_identification:_identify(src/common_interfaces/common_interfaces) by extension 'ignore'
[0.134s] Level 1:colcon.colcon_core.package_identification:_identify(src/common_interfaces/common_interfaces) by extension 'ignore_ament_install'
[0.134s] Level 1:colcon.colcon_core.package_identification:_identify(src/common_interfaces/common_interfaces) by extensions ['cargo_workspace']
[0.134s] Level 1:colcon.colcon_core.package_identification:_identify(src/common_interfaces/common_interfaces) by extension 'cargo_workspace'
[0.134s] Level 1:colcon.colcon_core.package_identification:_identify(src/common_interfaces/common_interfaces) by extensions ['colcon_pkg']
[0.134s] Level 1:colcon.colcon_core.package_identification:_identify(src/common_interfaces/common_interfaces) by extension 'colcon_pkg'
[0.135s] Level 1:colcon.colcon_core.package_identification:_identify(src/common_interfaces/common_interfaces) by extensions ['colcon_meta']
[0.135s] Level 1:colcon.colcon_core.package_identification:_identify(src/common_interfaces/common_interfaces) by extension 'colcon_meta'
[0.135s] Level 1:colcon.colcon_core.package_identification:_identify(src/common_interfaces/common_interfaces) by extensions ['ament_cargo']
[0.135s] Level 1:colcon.colcon_core.package_identification:_identify(src/common_interfaces/common_interfaces) by extension 'ament_cargo'
[0.135s] Level 1:colcon.colcon_core.package_identification:_identify(src/common_interfaces/common_interfaces) by extensions ['ros']
[0.135s] Level 1:colcon.colcon_core.package_identification:_identify(src/common_interfaces/common_interfaces) by extension 'ros'
[0.135s] DEBUG:colcon.colcon_core.package_identification:Package 'src/common_interfaces/common_interfaces' with type 'ros.ament_cmake' and name 'common_interfaces'
[0.135s] Level 1:colcon.colcon_core.package_identification:_identify(src/common_interfaces/diagnostic_msgs) by extensions ['ignore', 'ignore_ament_install']
[0.136s] Level 1:colcon.colcon_core.package_identification:_identify(src/common_interfaces/diagnostic_msgs) by extension 'ignore'
[0.136s] Level 1:colcon.colcon_core.package_identification:_identify(src/common_interfaces/diagnostic_msgs) by extension 'ignore_ament_install'
[0.136s] Level 1:colcon.colcon_core.package_identification:_identify(src/common_interfaces/diagnostic_msgs) by extensions ['cargo_workspace']
[0.136s] Level 1:colcon.colcon_core.package_identification:_identify(src/common_interfaces/diagnostic_msgs) by extension 'cargo_workspace'
[0.136s] Level 1:colcon.colcon_core.package_identification:_identify(src/common_interfaces/diagnostic_msgs) by extensions ['colcon_pkg']
[0.136s] Level 1:colcon.colcon_core.package_identification:_identify(src/common_interfaces/diagnostic_msgs) by extension 'colcon_pkg'
[0.136s] Level 1:colcon.colcon_core.package_identification:_identify(src/common_interfaces/diagnostic_msgs) by extensions ['colcon_meta']
[0.136s] Level 1:colcon.colcon_core.package_identification:_identify(src/common_interfaces/diagnostic_msgs) by extension 'colcon_meta'
[0.136s] Level 1:colcon.colcon_core.package_identification:_identify(src/common_interfaces/diagnostic_msgs) by extensions ['ament_cargo']
[0.136s] Level 1:colcon.colcon_core.package_identification:_identify(src/common_interfaces/diagnostic_msgs) by extension 'ament_cargo'
[0.136s] Level 1:colcon.colcon_core.package_identification:_identify(src/common_interfaces/diagnostic_msgs) by extensions ['ros']
[0.136s] Level 1:colcon.colcon_core.package_identification:_identify(src/common_interfaces/diagnostic_msgs) by extension 'ros'
[0.137s] DEBUG:colcon.colcon_core.package_identification:Package 'src/common_interfaces/diagnostic_msgs' with type 'ros.ament_cmake' and name 'diagnostic_msgs'
[0.137s] Level 1:colcon.colcon_core.package_identification:_identify(src/common_interfaces/docs) by extensions ['ignore', 'ignore_ament_install']
[0.137s] Level 1:colcon.colcon_core.package_identification:_identify(src/common_interfaces/docs) by extension 'ignore'
[0.137s] Level 1:colcon.colcon_core.package_identification:_identify(src/common_interfaces/docs) by extension 'ignore_ament_install'
[0.137s] Level 1:colcon.colcon_core.package_identification:_identify(src/common_interfaces/docs) by extensions ['cargo_workspace']
[0.137s] Level 1:colcon.colcon_core.package_identification:_identify(src/common_interfaces/docs) by extension 'cargo_workspace'
[0.137s] Level 1:colcon.colcon_core.package_identification:_identify(src/common_interfaces/docs) by extensions ['colcon_pkg']
[0.137s] Level 1:colcon.colcon_core.package_identification:_identify(src/common_interfaces/docs) by extension 'colcon_pkg'
[0.137s] Level 1:colcon.colcon_core.package_identification:_identify(src/common_interfaces/docs) by extensions ['colcon_meta']
[0.137s] Level 1:colcon.colcon_core.package_identification:_identify(src/common_interfaces/docs) by extension 'colcon_meta'
[0.137s] Level 1:colcon.colcon_core.package_identification:_identify(src/common_interfaces/docs) by extensions ['ament_cargo']
[0.137s] Level 1:colcon.colcon_core.package_identification:_identify(src/common_interfaces/docs) by extension 'ament_cargo'
[0.137s] Level 1:colcon.colcon_core.package_identification:_identify(src/common_interfaces/docs) by extensions ['ros']
[0.137s] Level 1:colcon.colcon_core.package_identification:_identify(src/common_interfaces/docs) by extension 'ros'
[0.137s] Level 1:colcon.colcon_core.package_identification:_identify(src/common_interfaces/docs) by extensions ['cargo', 'cmake', 'python']
[0.137s] Level 1:colcon.colcon_core.package_identification:_identify(src/common_interfaces/docs) by extension 'cargo'
[0.137s] Level 1:colcon.colcon_core.package_identification:_identify(src/common_interfaces/docs) by extension 'cmake'
[0.137s] Level 1:colcon.colcon_core.package_identification:_identify(src/common_interfaces/docs) by extension 'python'
[0.137s] Level 1:colcon.colcon_core.package_identification:_identify(src/common_interfaces/docs) by extensions ['python_setup_py']
[0.137s] Level 1:colcon.colcon_core.package_identification:_identify(src/common_interfaces/docs) by extension 'python_setup_py'
[0.137s] Level 1:colcon.colcon_core.package_identification:_identify(src/common_interfaces/geometry_msgs) by extensions ['ignore', 'ignore_ament_install']
[0.137s] Level 1:colcon.colcon_core.package_identification:_identify(src/common_interfaces/geometry_msgs) by extension 'ignore'
[0.137s] Level 1:colcon.colcon_core.package_identification:_identify(src/common_interfaces/geometry_msgs) by extension 'ignore_ament_install'
[0.137s] Level 1:colcon.colcon_core.package_identification:_identify(src/common_interfaces/geometry_msgs) by extensions ['cargo_workspace']
[0.138s] Level 1:colcon.colcon_core.package_identification:_identify(src/common_interfaces/geometry_msgs) by extension 'cargo_workspace'
[0.138s] Level 1:colcon.colcon_core.package_identification:_identify(src/common_interfaces/geometry_msgs) by extensions ['colcon_pkg']
[0.138s] Level 1:colcon.colcon_core.package_identification:_identify(src/common_interfaces/geometry_msgs) by extension 'colcon_pkg'
[0.138s] Level 1:colcon.colcon_core.package_identification:_identify(src/common_interfaces/geometry_msgs) by extensions ['colcon_meta']
[0.138s] Level 1:colcon.colcon_core.package_identification:_identify(src/common_interfaces/geometry_msgs) by extension 'colcon_meta'
[0.138s] Level 1:colcon.colcon_core.package_identification:_identify(src/common_interfaces/geometry_msgs) by extensions ['ament_cargo']
[0.138s] Level 1:colcon.colcon_core.package_identification:_identify(src/common_interfaces/geometry_msgs) by extension 'ament_cargo'
[0.138s] Level 1:colcon.colcon_core.package_identification:_identify(src/common_interfaces/geometry_msgs) by extensions ['ros']
[0.138s] Level 1:colcon.colcon_core.package_identification:_identify(src/common_interfaces/geometry_msgs) by extension 'ros'
[0.138s] DEBUG:colcon.colcon_core.package_identification:Package 'src/common_interfaces/geometry_msgs' with type 'ros.ament_cmake' and name 'geometry_msgs'
[0.138s] Level 1:colcon.colcon_core.package_identification:_identify(src/common_interfaces/nav_msgs) by extensions ['ignore', 'ignore_ament_install']
[0.138s] Level 1:colcon.colcon_core.package_identification:_identify(src/common_interfaces/nav_msgs) by extension 'ignore'
[0.138s] Level 1:colcon.colcon_core.package_identification:_identify(src/common_interfaces/nav_msgs) by extension 'ignore_ament_install'
[0.138s] Level 1:colcon.colcon_core.package_identification:_identify(src/common_interfaces/nav_msgs) by extensions ['cargo_workspace']
[0.139s] Level 1:colcon.colcon_core.package_identification:_identify(src/common_interfaces/nav_msgs) by extension 'cargo_workspace'
[0.139s] Level 1:colcon.colcon_core.package_identification:_identify(src/common_interfaces/nav_msgs) by extensions ['colcon_pkg']
[0.139s] Level 1:colcon.colcon_core.package_identification:_identify(src/common_interfaces/nav_msgs) by extension 'colcon_pkg'
[0.139s] Level 1:colcon.colcon_core.package_identification:_identify(src/common_interfaces/nav_msgs) by extensions ['colcon_meta']
[0.139s] Level 1:colcon.colcon_core.package_identification:_identify(src/common_interfaces/nav_msgs) by extension 'colcon_meta'
[0.139s] Level 1:colcon.colcon_core.package_identification:_identify(src/common_interfaces/nav_msgs) by extensions ['ament_cargo']
[0.139s] Level 1:colcon.colcon_core.package_identification:_identify(src/common_interfaces/nav_msgs) by extension 'ament_cargo'
[0.139s] Level 1:colcon.colcon_core.package_identification:_identify(src/common_interfaces/nav_msgs) by extensions ['ros']
[0.139s] Level 1:colcon.colcon_core.package_identification:_identify(src/common_interfaces/nav_msgs) by extension 'ros'
[0.139s] DEBUG:colcon.colcon_core.package_identification:Package 'src/common_interfaces/nav_msgs' with type 'ros.ament_cmake' and name 'nav_msgs'
[0.139s] Level 1:colcon.colcon_core.package_identification:_identify(src/common_interfaces/sensor_msgs) by extensions ['ignore', 'ignore_ament_install']
[0.140s] Level 1:colcon.colcon_core.package_identification:_identify(src/common_interfaces/sensor_msgs) by extension 'ignore'
[0.140s] Level 1:colcon.colcon_core.package_identification:_identify(src/common_interfaces/sensor_msgs) by extension 'ignore_ament_install'
[0.140s] Level 1:colcon.colcon_core.package_identification:_identify(src/common_interfaces/sensor_msgs) by extensions ['cargo_workspace']
[0.140s] Level 1:colcon.colcon_core.package_identification:_identify(src/common_interfaces/sensor_msgs) by extension 'cargo_workspace'
[0.140s] Level 1:colcon.colcon_core.package_identification:_identify(src/common_interfaces/sensor_msgs) by extensions ['colcon_pkg']
[0.140s] Level 1:colcon.colcon_core.package_identification:_identify(src/common_interfaces/sensor_msgs) by extension 'colcon_pkg'
[0.140s] Level 1:colcon.colcon_core.package_identification:_identify(src/common_interfaces/sensor_msgs) by extensions ['colcon_meta']
[0.140s] Level 1:colcon.colcon_core.package_identification:_identify(src/common_interfaces/sensor_msgs) by extension 'colcon_meta'
[0.140s] Level 1:colcon.colcon_core.package_identification:_identify(src/common_interfaces/sensor_msgs) by extensions ['ament_cargo']
[0.140s] Level 1:colcon.colcon_core.package_identification:_identify(src/common_interfaces/sensor_msgs) by extension 'ament_cargo'
[0.140s] Level 1:colcon.colcon_core.package_identification:_identify(src/common_interfaces/sensor_msgs) by extensions ['ros']
[0.140s] Level 1:colcon.colcon_core.package_identification:_identify(src/common_interfaces/sensor_msgs) by extension 'ros'
[0.141s] DEBUG:colcon.colcon_core.package_identification:Package 'src/common_interfaces/sensor_msgs' with type 'ros.ament_cmake' and name 'sensor_msgs'
[0.141s] Level 1:colcon.colcon_core.package_identification:_identify(src/common_interfaces/sensor_msgs_py) by extensions ['ignore', 'ignore_ament_install']
[0.141s] Level 1:colcon.colcon_core.package_identification:_identify(src/common_interfaces/sensor_msgs_py) by extension 'ignore'
[0.141s] Level 1:colcon.colcon_core.package_identification:_identify(src/common_interfaces/sensor_msgs_py) by extension 'ignore_ament_install'
[0.141s] Level 1:colcon.colcon_core.package_identification:_identify(src/common_interfaces/sensor_msgs_py) by extensions ['cargo_workspace']
[0.141s] Level 1:colcon.colcon_core.package_identification:_identify(src/common_interfaces/sensor_msgs_py) by extension 'cargo_workspace'
[0.141s] Level 1:colcon.colcon_core.package_identification:_identify(src/common_interfaces/sensor_msgs_py) by extensions ['colcon_pkg']
[0.141s] Level 1:colcon.colcon_core.package_identification:_identify(src/common_interfaces/sensor_msgs_py) by extension 'colcon_pkg'
[0.141s] Level 1:colcon.colcon_core.package_identification:_identify(src/common_interfaces/sensor_msgs_py) by extensions ['colcon_meta']
[0.141s] Level 1:colcon.colcon_core.package_identification:_identify(src/common_interfaces/sensor_msgs_py) by extension 'colcon_meta'
[0.141s] Level 1:colcon.colcon_core.package_identification:_identify(src/common_interfaces/sensor_msgs_py) by extensions ['ament_cargo']
[0.141s] Level 1:colcon.colcon_core.package_identification:_identify(src/common_interfaces/sensor_msgs_py) by extension 'ament_cargo'
[0.141s] Level 1:colcon.colcon_core.package_identification:_identify(src/common_interfaces/sensor_msgs_py) by extensions ['ros']
[0.141s] Level 1:colcon.colcon_core.package_identification:_identify(src/common_interfaces/sensor_msgs_py) by extension 'ros'
[0.142s] DEBUG:colcon.colcon_core.package_identification:Package 'src/common_interfaces/sensor_msgs_py' with type 'ros.ament_python' and name 'sensor_msgs_py'
[0.142s] Level 1:colcon.colcon_core.package_identification:_identify(src/common_interfaces/shape_msgs) by extensions ['ignore', 'ignore_ament_install']
[0.142s] Level 1:colcon.colcon_core.package_identification:_identify(src/common_interfaces/shape_msgs) by extension 'ignore'
[0.142s] Level 1:colcon.colcon_core.package_identification:_identify(src/common_interfaces/shape_msgs) by extension 'ignore_ament_install'
[0.142s] Level 1:colcon.colcon_core.package_identification:_identify(src/common_interfaces/shape_msgs) by extensions ['cargo_workspace']
[0.142s] Level 1:colcon.colcon_core.package_identification:_identify(src/common_interfaces/shape_msgs) by extension 'cargo_workspace'
[0.142s] Level 1:colcon.colcon_core.package_identification:_identify(src/common_interfaces/shape_msgs) by extensions ['colcon_pkg']
[0.142s] Level 1:colcon.colcon_core.package_identification:_identify(src/common_interfaces/shape_msgs) by extension 'colcon_pkg'
[0.142s] Level 1:colcon.colcon_core.package_identification:_identify(src/common_interfaces/shape_msgs) by extensions ['colcon_meta']
[0.142s] Level 1:colcon.colcon_core.package_identification:_identify(src/common_interfaces/shape_msgs) by extension 'colcon_meta'
[0.142s] Level 1:colcon.colcon_core.package_identification:_identify(src/common_interfaces/shape_msgs) by extensions ['ament_cargo']
[0.142s] Level 1:colcon.colcon_core.package_identification:_identify(src/common_interfaces/shape_msgs) by extension 'ament_cargo'
[0.142s] Level 1:colcon.colcon_core.package_identification:_identify(src/common_interfaces/shape_msgs) by extensions ['ros']
[0.142s] Level 1:colcon.colcon_core.package_identification:_identify(src/common_interfaces/shape_msgs) by extension 'ros'
[0.143s] DEBUG:colcon.colcon_core.package_identification:Package 'src/common_interfaces/shape_msgs' with type 'ros.ament_cmake' and name 'shape_msgs'
[0.143s] Level 1:colcon.colcon_core.package_identification:_identify(src/common_interfaces/std_msgs) by extensions ['ignore', 'ignore_ament_install']
[0.143s] Level 1:colcon.colcon_core.package_identification:_identify(src/common_interfaces/std_msgs) by extension 'ignore'
[0.143s] Level 1:colcon.colcon_core.package_identification:_identify(src/common_interfaces/std_msgs) by extension 'ignore_ament_install'
[0.143s] Level 1:colcon.colcon_core.package_identification:_identify(src/common_interfaces/std_msgs) by extensions ['cargo_workspace']
[0.143s] Level 1:colcon.colcon_core.package_identification:_identify(src/common_interfaces/std_msgs) by extension 'cargo_workspace'
[0.143s] Level 1:colcon.colcon_core.package_identification:_identify(src/common_interfaces/std_msgs) by extensions ['colcon_pkg']
[0.143s] Level 1:colcon.colcon_core.package_identification:_identify(src/common_interfaces/std_msgs) by extension 'colcon_pkg'
[0.143s] Level 1:colcon.colcon_core.package_identification:_identify(src/common_interfaces/std_msgs) by extensions ['colcon_meta']
[0.143s] Level 1:colcon.colcon_core.package_identification:_identify(src/common_interfaces/std_msgs) by extension 'colcon_meta'
[0.143s] Level 1:colcon.colcon_core.package_identification:_identify(src/common_interfaces/std_msgs) by extensions ['ament_cargo']
[0.143s] Level 1:colcon.colcon_core.package_identification:_identify(src/common_interfaces/std_msgs) by extension 'ament_cargo'
[0.143s] Level 1:colcon.colcon_core.package_identification:_identify(src/common_interfaces/std_msgs) by extensions ['ros']
[0.143s] Level 1:colcon.colcon_core.package_identification:_identify(src/common_interfaces/std_msgs) by extension 'ros'
[0.144s] DEBUG:colcon.colcon_core.package_identification:Package 'src/common_interfaces/std_msgs' with type 'ros.ament_cmake' and name 'std_msgs'
[0.144s] Level 1:colcon.colcon_core.package_identification:_identify(src/common_interfaces/std_srvs) by extensions ['ignore', 'ignore_ament_install']
[0.144s] Level 1:colcon.colcon_core.package_identification:_identify(src/common_interfaces/std_srvs) by extension 'ignore'
[0.144s] Level 1:colcon.colcon_core.package_identification:_identify(src/common_interfaces/std_srvs) by extension 'ignore_ament_install'
[0.144s] Level 1:colcon.colcon_core.package_identification:_identify(src/common_interfaces/std_srvs) by extensions ['cargo_workspace']
[0.144s] Level 1:colcon.colcon_core.package_identification:_identify(src/common_interfaces/std_srvs) by extension 'cargo_workspace'
[0.144s] Level 1:colcon.colcon_core.package_identification:_identify(src/common_interfaces/std_srvs) by extensions ['colcon_pkg']
[0.144s] Level 1:colcon.colcon_core.package_identification:_identify(src/common_interfaces/std_srvs) by extension 'colcon_pkg'
[0.144s] Level 1:colcon.colcon_core.package_identification:_identify(src/common_interfaces/std_srvs) by extensions ['colcon_meta']
[0.144s] Level 1:colcon.colcon_core.package_identification:_identify(src/common_interfaces/std_srvs) by extension 'colcon_meta'
[0.144s] Level 1:colcon.colcon_core.package_identification:_identify(src/common_interfaces/std_srvs) by extensions ['ament_cargo']
[0.144s] Level 1:colcon.colcon_core.package_identification:_identify(src/common_interfaces/std_srvs) by extension 'ament_cargo'
[0.144s] Level 1:colcon.colcon_core.package_identification:_identify(src/common_interfaces/std_srvs) by extensions ['ros']
[0.144s] Level 1:colcon.colcon_core.package_identification:_identify(src/common_interfaces/std_srvs) by extension 'ros'
[0.145s] DEBUG:colcon.colcon_core.package_identification:Package 'src/common_interfaces/std_srvs' with type 'ros.ament_cmake' and name 'std_srvs'
[0.145s] Level 1:colcon.colcon_core.package_identification:_identify(src/common_interfaces/stereo_msgs) by extensions ['ignore', 'ignore_ament_install']
[0.145s] Level 1:colcon.colcon_core.package_identification:_identify(src/common_interfaces/stereo_msgs) by extension 'ignore'
[0.145s] Level 1:colcon.colcon_core.package_identification:_identify(src/common_interfaces/stereo_msgs) by extension 'ignore_ament_install'
[0.145s] Level 1:colcon.colcon_core.package_identification:_identify(src/common_interfaces/stereo_msgs) by extensions ['cargo_workspace']
[0.145s] Level 1:colcon.colcon_core.package_identification:_identify(src/common_interfaces/stereo_msgs) by extension 'cargo_workspace'
[0.145s] Level 1:colcon.colcon_core.package_identification:_identify(src/common_interfaces/stereo_msgs) by extensions ['colcon_pkg']
[0.145s] Level 1:colcon.colcon_core.package_identification:_identify(src/common_interfaces/stereo_msgs) by extension 'colcon_pkg'
[0.145s] Level 1:colcon.colcon_core.package_identification:_identify(src/common_interfaces/stereo_msgs) by extensions ['colcon_meta']
[0.145s] Level 1:colcon.colcon_core.package_identification:_identify(src/common_interfaces/stereo_msgs) by extension 'colcon_meta'
[0.145s] Level 1:colcon.colcon_core.package_identification:_identify(src/common_interfaces/stereo_msgs) by extensions ['ament_cargo']
[0.145s] Level 1:colcon.colcon_core.package_identification:_identify(src/common_interfaces/stereo_msgs) by extension 'ament_cargo'
[0.145s] Level 1:colcon.colcon_core.package_identification:_identify(src/common_interfaces/stereo_msgs) by extensions ['ros']
[0.145s] Level 1:colcon.colcon_core.package_identification:_identify(src/common_interfaces/stereo_msgs) by extension 'ros'
[0.146s] DEBUG:colcon.colcon_core.package_identification:Package 'src/common_interfaces/stereo_msgs' with type 'ros.ament_cmake' and name 'stereo_msgs'
[0.146s] Level 1:colcon.colcon_core.package_identification:_identify(src/common_interfaces/trajectory_msgs) by extensions ['ignore', 'ignore_ament_install']
[0.146s] Level 1:colcon.colcon_core.package_identification:_identify(src/common_interfaces/trajectory_msgs) by extension 'ignore'
[0.146s] Level 1:colcon.colcon_core.package_identification:_identify(src/common_interfaces/trajectory_msgs) by extension 'ignore_ament_install'
[0.146s] Level 1:colcon.colcon_core.package_identification:_identify(src/common_interfaces/trajectory_msgs) by extensions ['cargo_workspace']
[0.146s] Level 1:colcon.colcon_core.package_identification:_identify(src/common_interfaces/trajectory_msgs) by extension 'cargo_workspace'
[0.146s] Level 1:colcon.colcon_core.package_identification:_identify(src/common_interfaces/trajectory_msgs) by extensions ['colcon_pkg']
[0.146s] Level 1:colcon.colcon_core.package_identification:_identify(src/common_interfaces/trajectory_msgs) by extension 'colcon_pkg'
[0.146s] Level 1:colcon.colcon_core.package_identification:_identify(src/common_interfaces/trajectory_msgs) by extensions ['colcon_meta']
[0.146s] Level 1:colcon.colcon_core.package_identification:_identify(src/common_interfaces/trajectory_msgs) by extension 'colcon_meta'
[0.146s] Level 1:colcon.colcon_core.package_identification:_identify(src/common_interfaces/trajectory_msgs) by extensions ['ament_cargo']
[0.146s] Level 1:colcon.colcon_core.package_identification:_identify(src/common_interfaces/trajectory_msgs) by extension 'ament_cargo'
[0.146s] Level 1:colcon.colcon_core.package_identification:_identify(src/common_interfaces/trajectory_msgs) by extensions ['ros']
[0.146s] Level 1:colcon.colcon_core.package_identification:_identify(src/common_interfaces/trajectory_msgs) by extension 'ros'
[0.147s] DEBUG:colcon.colcon_core.package_identification:Package 'src/common_interfaces/trajectory_msgs' with type 'ros.ament_cmake' and name 'trajectory_msgs'
[0.147s] Level 1:colcon.colcon_core.package_identification:_identify(src/common_interfaces/visualization_msgs) by extensions ['ignore', 'ignore_ament_install']
[0.147s] Level 1:colcon.colcon_core.package_identification:_identify(src/common_interfaces/visualization_msgs) by extension 'ignore'
[0.147s] Level 1:colcon.colcon_core.package_identification:_identify(src/common_interfaces/visualization_msgs) by extension 'ignore_ament_install'
[0.147s] Level 1:colcon.colcon_core.package_identification:_identify(src/common_interfaces/visualization_msgs) by extensions ['cargo_workspace']
[0.147s] Level 1:colcon.colcon_core.package_identification:_identify(src/common_interfaces/visualization_msgs) by extension 'cargo_workspace'
[0.147s] Level 1:colcon.colcon_core.package_identification:_identify(src/common_interfaces/visualization_msgs) by extensions ['colcon_pkg']
[0.147s] Level 1:colcon.colcon_core.package_identification:_identify(src/common_interfaces/visualization_msgs) by extension 'colcon_pkg'
[0.147s] Level 1:colcon.colcon_core.package_identification:_identify(src/common_interfaces/visualization_msgs) by extensions ['colcon_meta']
[0.147s] Level 1:colcon.colcon_core.package_identification:_identify(src/common_interfaces/visualization_msgs) by extension 'colcon_meta'
[0.147s] Level 1:colcon.colcon_core.package_identification:_identify(src/common_interfaces/visualization_msgs) by extensions ['ament_cargo']
[0.147s] Level 1:colcon.colcon_core.package_identification:_identify(src/common_interfaces/visualization_msgs) by extension 'ament_cargo'
[0.148s] Level 1:colcon.colcon_core.package_identification:_identify(src/common_interfaces/visualization_msgs) by extensions ['ros']
[0.148s] Level 1:colcon.colcon_core.package_identification:_identify(src/common_interfaces/visualization_msgs) by extension 'ros'
[0.148s] DEBUG:colcon.colcon_core.package_identification:Package 'src/common_interfaces/visualization_msgs' with type 'ros.ament_cmake' and name 'visualization_msgs'
[0.148s] Level 1:colcon.colcon_core.package_identification:_identify(src/rcl_interfaces) by extensions ['ignore', 'ignore_ament_install']
[0.148s] Level 1:colcon.colcon_core.package_identification:_identify(src/rcl_interfaces) by extension 'ignore'
[0.148s] Level 1:colcon.colcon_core.package_identification:_identify(src/rcl_interfaces) by extension 'ignore_ament_install'
[0.148s] Level 1:colcon.colcon_core.package_identification:_identify(src/rcl_interfaces) by extensions ['cargo_workspace']
[0.148s] Level 1:colcon.colcon_core.package_identification:_identify(src/rcl_interfaces) by extension 'cargo_workspace'
[0.148s] Level 1:colcon.colcon_core.package_identification:_identify(src/rcl_interfaces) by extensions ['colcon_pkg']
[0.148s] Level 1:colcon.colcon_core.package_identification:_identify(src/rcl_interfaces) by extension 'colcon_pkg'
[0.148s] Level 1:colcon.colcon_core.package_identification:_identify(src/rcl_interfaces) by extensions ['colcon_meta']
[0.148s] Level 1:colcon.colcon_core.package_identification:_identify(src/rcl_interfaces) by extension 'colcon_meta'
[0.148s] Level 1:colcon.colcon_core.package_identification:_identify(src/rcl_interfaces) by extensions ['ament_cargo']
[0.148s] Level 1:colcon.colcon_core.package_identification:_identify(src/rcl_interfaces) by extension 'ament_cargo'
[0.148s] Level 1:colcon.colcon_core.package_identification:_identify(src/rcl_interfaces) by extensions ['ros']
[0.148s] Level 1:colcon.colcon_core.package_identification:_identify(src/rcl_interfaces) by extension 'ros'
[0.149s] Level 1:colcon.colcon_core.package_identification:_identify(src/rcl_interfaces) by extensions ['cargo', 'cmake', 'python']
[0.149s] Level 1:colcon.colcon_core.package_identification:_identify(src/rcl_interfaces) by extension 'cargo'
[0.149s] Level 1:colcon.colcon_core.package_identification:_identify(src/rcl_interfaces) by extension 'cmake'
[0.149s] Level 1:colcon.colcon_core.package_identification:_identify(src/rcl_interfaces) by extension 'python'
[0.149s] Level 1:colcon.colcon_core.package_identification:_identify(src/rcl_interfaces) by extensions ['python_setup_py']
[0.149s] Level 1:colcon.colcon_core.package_identification:_identify(src/rcl_interfaces) by extension 'python_setup_py'
[0.149s] Level 1:colcon.colcon_core.package_identification:_identify(src/rcl_interfaces/action_msgs) by extensions ['ignore', 'ignore_ament_install']
[0.149s] Level 1:colcon.colcon_core.package_identification:_identify(src/rcl_interfaces/action_msgs) by extension 'ignore'
[0.149s] Level 1:colcon.colcon_core.package_identification:_identify(src/rcl_interfaces/action_msgs) by extension 'ignore_ament_install'
[0.149s] Level 1:colcon.colcon_core.package_identification:_identify(src/rcl_interfaces/action_msgs) by extensions ['cargo_workspace']
[0.149s] Level 1:colcon.colcon_core.package_identification:_identify(src/rcl_interfaces/action_msgs) by extension 'cargo_workspace'
[0.149s] Level 1:colcon.colcon_core.package_identification:_identify(src/rcl_interfaces/action_msgs) by extensions ['colcon_pkg']
[0.149s] Level 1:colcon.colcon_core.package_identification:_identify(src/rcl_interfaces/action_msgs) by extension 'colcon_pkg'
[0.149s] Level 1:colcon.colcon_core.package_identification:_identify(src/rcl_interfaces/action_msgs) by extensions ['colcon_meta']
[0.149s] Level 1:colcon.colcon_core.package_identification:_identify(src/rcl_interfaces/action_msgs) by extension 'colcon_meta'
[0.149s] Level 1:colcon.colcon_core.package_identification:_identify(src/rcl_interfaces/action_msgs) by extensions ['ament_cargo']
[0.149s] Level 1:colcon.colcon_core.package_identification:_identify(src/rcl_interfaces/action_msgs) by extension 'ament_cargo'
[0.149s] Level 1:colcon.colcon_core.package_identification:_identify(src/rcl_interfaces/action_msgs) by extensions ['ros']
[0.149s] Level 1:colcon.colcon_core.package_identification:_identify(src/rcl_interfaces/action_msgs) by extension 'ros'
[0.150s] DEBUG:colcon.colcon_core.package_identification:Package 'src/rcl_interfaces/action_msgs' with type 'ros.ament_cmake' and name 'action_msgs'
[0.150s] Level 1:colcon.colcon_core.package_identification:_identify(src/rcl_interfaces/builtin_interfaces) by extensions ['ignore', 'ignore_ament_install']
[0.150s] Level 1:colcon.colcon_core.package_identification:_identify(src/rcl_interfaces/builtin_interfaces) by extension 'ignore'
[0.150s] Level 1:colcon.colcon_core.package_identification:_identify(src/rcl_interfaces/builtin_interfaces) by extension 'ignore_ament_install'
[0.150s] Level 1:colcon.colcon_core.package_identification:_identify(src/rcl_interfaces/builtin_interfaces) by extensions ['cargo_workspace']
[0.150s] Level 1:colcon.colcon_core.package_identification:_identify(src/rcl_interfaces/builtin_interfaces) by extension 'cargo_workspace'
[0.150s] Level 1:colcon.colcon_core.package_identification:_identify(src/rcl_interfaces/builtin_interfaces) by extensions ['colcon_pkg']
[0.150s] Level 1:colcon.colcon_core.package_identification:_identify(src/rcl_interfaces/builtin_interfaces) by extension 'colcon_pkg'
[0.150s] Level 1:colcon.colcon_core.package_identification:_identify(src/rcl_interfaces/builtin_interfaces) by extensions ['colcon_meta']
[0.150s] Level 1:colcon.colcon_core.package_identification:_identify(src/rcl_interfaces/builtin_interfaces) by extension 'colcon_meta'
[0.150s] Level 1:colcon.colcon_core.package_identification:_identify(src/rcl_interfaces/builtin_interfaces) by extensions ['ament_cargo']
[0.150s] Level 1:colcon.colcon_core.package_identification:_identify(src/rcl_interfaces/builtin_interfaces) by extension 'ament_cargo'
[0.150s] Level 1:colcon.colcon_core.package_identification:_identify(src/rcl_interfaces/builtin_interfaces) by extensions ['ros']
[0.150s] Level 1:colcon.colcon_core.package_identification:_identify(src/rcl_interfaces/builtin_interfaces) by extension 'ros'
[0.151s] DEBUG:colcon.colcon_core.package_identification:Package 'src/rcl_interfaces/builtin_interfaces' with type 'ros.ament_cmake' and name 'builtin_interfaces'
[0.151s] Level 1:colcon.colcon_core.package_identification:_identify(src/rcl_interfaces/composition_interfaces) by extensions ['ignore', 'ignore_ament_install']
[0.151s] Level 1:colcon.colcon_core.package_identification:_identify(src/rcl_interfaces/composition_interfaces) by extension 'ignore'
[0.151s] Level 1:colcon.colcon_core.package_identification:_identify(src/rcl_interfaces/composition_interfaces) by extension 'ignore_ament_install'
[0.151s] Level 1:colcon.colcon_core.package_identification:_identify(src/rcl_interfaces/composition_interfaces) by extensions ['cargo_workspace']
[0.151s] Level 1:colcon.colcon_core.package_identification:_identify(src/rcl_interfaces/composition_interfaces) by extension 'cargo_workspace'
[0.151s] Level 1:colcon.colcon_core.package_identification:_identify(src/rcl_interfaces/composition_interfaces) by extensions ['colcon_pkg']
[0.151s] Level 1:colcon.colcon_core.package_identification:_identify(src/rcl_interfaces/composition_interfaces) by extension 'colcon_pkg'
[0.151s] Level 1:colcon.colcon_core.package_identification:_identify(src/rcl_interfaces/composition_interfaces) by extensions ['colcon_meta']
[0.151s] Level 1:colcon.colcon_core.package_identification:_identify(src/rcl_interfaces/composition_interfaces) by extension 'colcon_meta'
[0.151s] Level 1:colcon.colcon_core.package_identification:_identify(src/rcl_interfaces/composition_interfaces) by extensions ['ament_cargo']
[0.151s] Level 1:colcon.colcon_core.package_identification:_identify(src/rcl_interfaces/composition_interfaces) by extension 'ament_cargo'
[0.151s] Level 1:colcon.colcon_core.package_identification:_identify(src/rcl_interfaces/composition_interfaces) by extensions ['ros']
[0.151s] Level 1:colcon.colcon_core.package_identification:_identify(src/rcl_interfaces/composition_interfaces) by extension 'ros'
[0.152s] DEBUG:colcon.colcon_core.package_identification:Package 'src/rcl_interfaces/composition_interfaces' with type 'ros.ament_cmake' and name 'composition_interfaces'
[0.152s] Level 1:colcon.colcon_core.package_identification:_identify(src/rcl_interfaces/lifecycle_msgs) by extensions ['ignore', 'ignore_ament_install']
[0.152s] Level 1:colcon.colcon_core.package_identification:_identify(src/rcl_interfaces/lifecycle_msgs) by extension 'ignore'
[0.152s] Level 1:colcon.colcon_core.package_identification:_identify(src/rcl_interfaces/lifecycle_msgs) by extension 'ignore_ament_install'
[0.152s] Level 1:colcon.colcon_core.package_identification:_identify(src/rcl_interfaces/lifecycle_msgs) by extensions ['cargo_workspace']
[0.152s] Level 1:colcon.colcon_core.package_identification:_identify(src/rcl_interfaces/lifecycle_msgs) by extension 'cargo_workspace'
[0.152s] Level 1:colcon.colcon_core.package_identification:_identify(src/rcl_interfaces/lifecycle_msgs) by extensions ['colcon_pkg']
[0.152s] Level 1:colcon.colcon_core.package_identification:_identify(src/rcl_interfaces/lifecycle_msgs) by extension 'colcon_pkg'
[0.152s] Level 1:colcon.colcon_core.package_identification:_identify(src/rcl_interfaces/lifecycle_msgs) by extensions ['colcon_meta']
[0.152s] Level 1:colcon.colcon_core.package_identification:_identify(src/rcl_interfaces/lifecycle_msgs) by extension 'colcon_meta'
[0.152s] Level 1:colcon.colcon_core.package_identification:_identify(src/rcl_interfaces/lifecycle_msgs) by extensions ['ament_cargo']
[0.152s] Level 1:colcon.colcon_core.package_identification:_identify(src/rcl_interfaces/lifecycle_msgs) by extension 'ament_cargo'
[0.152s] Level 1:colcon.colcon_core.package_identification:_identify(src/rcl_interfaces/lifecycle_msgs) by extensions ['ros']
[0.152s] Level 1:colcon.colcon_core.package_identification:_identify(src/rcl_interfaces/lifecycle_msgs) by extension 'ros'
[0.153s] DEBUG:colcon.colcon_core.package_identification:Package 'src/rcl_interfaces/lifecycle_msgs' with type 'ros.ament_cmake' and name 'lifecycle_msgs'
[0.153s] Level 1:colcon.colcon_core.package_identification:_identify(src/rcl_interfaces/rcl_interfaces) by extensions ['ignore', 'ignore_ament_install']
[0.153s] Level 1:colcon.colcon_core.package_identification:_identify(src/rcl_interfaces/rcl_interfaces) by extension 'ignore'
[0.153s] Level 1:colcon.colcon_core.package_identification:_identify(src/rcl_interfaces/rcl_interfaces) by extension 'ignore_ament_install'
[0.153s] Level 1:colcon.colcon_core.package_identification:_identify(src/rcl_interfaces/rcl_interfaces) by extensions ['cargo_workspace']
[0.153s] Level 1:colcon.colcon_core.package_identification:_identify(src/rcl_interfaces/rcl_interfaces) by extension 'cargo_workspace'
[0.153s] Level 1:colcon.colcon_core.package_identification:_identify(src/rcl_interfaces/rcl_interfaces) by extensions ['colcon_pkg']
[0.153s] Level 1:colcon.colcon_core.package_identification:_identify(src/rcl_interfaces/rcl_interfaces) by extension 'colcon_pkg'
[0.153s] Level 1:colcon.colcon_core.package_identification:_identify(src/rcl_interfaces/rcl_interfaces) by extensions ['colcon_meta']
[0.153s] Level 1:colcon.colcon_core.package_identification:_identify(src/rcl_interfaces/rcl_interfaces) by extension 'colcon_meta'
[0.153s] Level 1:colcon.colcon_core.package_identification:_identify(src/rcl_interfaces/rcl_interfaces) by extensions ['ament_cargo']
[0.153s] Level 1:colcon.colcon_core.package_identification:_identify(src/rcl_interfaces/rcl_interfaces) by extension 'ament_cargo'
[0.154s] Level 1:colcon.colcon_core.package_identification:_identify(src/rcl_interfaces/rcl_interfaces) by extensions ['ros']
[0.154s] Level 1:colcon.colcon_core.package_identification:_identify(src/rcl_interfaces/rcl_interfaces) by extension 'ros'
[0.154s] DEBUG:colcon.colcon_core.package_identification:Package 'src/rcl_interfaces/rcl_interfaces' with type 'ros.ament_cmake' and name 'rcl_interfaces'
[0.154s] Level 1:colcon.colcon_core.package_identification:_identify(src/rcl_interfaces/rosgraph_msgs) by extensions ['ignore', 'ignore_ament_install']
[0.154s] Level 1:colcon.colcon_core.package_identification:_identify(src/rcl_interfaces/rosgraph_msgs) by extension 'ignore'
[0.154s] Level 1:colcon.colcon_core.package_identification:_identify(src/rcl_interfaces/rosgraph_msgs) by extension 'ignore_ament_install'
[0.154s] Level 1:colcon.colcon_core.package_identification:_identify(src/rcl_interfaces/rosgraph_msgs) by extensions ['cargo_workspace']
[0.154s] Level 1:colcon.colcon_core.package_identification:_identify(src/rcl_interfaces/rosgraph_msgs) by extension 'cargo_workspace'
[0.154s] Level 1:colcon.colcon_core.package_identification:_identify(src/rcl_interfaces/rosgraph_msgs) by extensions ['colcon_pkg']
[0.154s] Level 1:colcon.colcon_core.package_identification:_identify(src/rcl_interfaces/rosgraph_msgs) by extension 'colcon_pkg'
[0.154s] Level 1:colcon.colcon_core.package_identification:_identify(src/rcl_interfaces/rosgraph_msgs) by extensions ['colcon_meta']
[0.154s] Level 1:colcon.colcon_core.package_identification:_identify(src/rcl_interfaces/rosgraph_msgs) by extension 'colcon_meta'
[0.154s] Level 1:colcon.colcon_core.package_identification:_identify(src/rcl_interfaces/rosgraph_msgs) by extensions ['ament_cargo']
[0.154s] Level 1:colcon.colcon_core.package_identification:_identify(src/rcl_interfaces/rosgraph_msgs) by extension 'ament_cargo'
[0.155s] Level 1:colcon.colcon_core.package_identification:_identify(src/rcl_interfaces/rosgraph_msgs) by extensions ['ros']
[0.155s] Level 1:colcon.colcon_core.package_identification:_identify(src/rcl_interfaces/rosgraph_msgs) by extension 'ros'
[0.155s] DEBUG:colcon.colcon_core.package_identification:Package 'src/rcl_interfaces/rosgraph_msgs' with type 'ros.ament_cmake' and name 'rosgraph_msgs'
[0.155s] Level 1:colcon.colcon_core.package_identification:_identify(src/rcl_interfaces/service_msgs) by extensions ['ignore', 'ignore_ament_install']
[0.155s] Level 1:colcon.colcon_core.package_identification:_identify(src/rcl_interfaces/service_msgs) by extension 'ignore'
[0.155s] Level 1:colcon.colcon_core.package_identification:_identify(src/rcl_interfaces/service_msgs) by extension 'ignore_ament_install'
[0.155s] Level 1:colcon.colcon_core.package_identification:_identify(src/rcl_interfaces/service_msgs) by extensions ['cargo_workspace']
[0.155s] Level 1:colcon.colcon_core.package_identification:_identify(src/rcl_interfaces/service_msgs) by extension 'cargo_workspace'
[0.155s] Level 1:colcon.colcon_core.package_identification:_identify(src/rcl_interfaces/service_msgs) by extensions ['colcon_pkg']
[0.155s] Level 1:colcon.colcon_core.package_identification:_identify(src/rcl_interfaces/service_msgs) by extension 'colcon_pkg'
[0.155s] Level 1:colcon.colcon_core.package_identification:_identify(src/rcl_interfaces/service_msgs) by extensions ['colcon_meta']
[0.155s] Level 1:colcon.colcon_core.package_identification:_identify(src/rcl_interfaces/service_msgs) by extension 'colcon_meta'
[0.155s] Level 1:colcon.colcon_core.package_identification:_identify(src/rcl_interfaces/service_msgs) by extensions ['ament_cargo']
[0.155s] Level 1:colcon.colcon_core.package_identification:_identify(src/rcl_interfaces/service_msgs) by extension 'ament_cargo'
[0.156s] Level 1:colcon.colcon_core.package_identification:_identify(src/rcl_interfaces/service_msgs) by extensions ['ros']
[0.156s] Level 1:colcon.colcon_core.package_identification:_identify(src/rcl_interfaces/service_msgs) by extension 'ros'
[0.156s] DEBUG:colcon.colcon_core.package_identification:Package 'src/rcl_interfaces/service_msgs' with type 'ros.ament_cmake' and name 'service_msgs'
[0.156s] Level 1:colcon.colcon_core.package_identification:_identify(src/rcl_interfaces/statistics_msgs) by extensions ['ignore', 'ignore_ament_install']
[0.156s] Level 1:colcon.colcon_core.package_identification:_identify(src/rcl_interfaces/statistics_msgs) by extension 'ignore'
[0.156s] Level 1:colcon.colcon_core.package_identification:_identify(src/rcl_interfaces/statistics_msgs) by extension 'ignore_ament_install'
[0.156s] Level 1:colcon.colcon_core.package_identification:_identify(src/rcl_interfaces/statistics_msgs) by extensions ['cargo_workspace']
[0.156s] Level 1:colcon.colcon_core.package_identification:_identify(src/rcl_interfaces/statistics_msgs) by extension 'cargo_workspace'
[0.156s] Level 1:colcon.colcon_core.package_identification:_identify(src/rcl_interfaces/statistics_msgs) by extensions ['colcon_pkg']
[0.156s] Level 1:colcon.colcon_core.package_identification:_identify(src/rcl_interfaces/statistics_msgs) by extension 'colcon_pkg'
[0.156s] Level 1:colcon.colcon_core.package_identification:_identify(src/rcl_interfaces/statistics_msgs) by extensions ['colcon_meta']
[0.156s] Level 1:colcon.colcon_core.package_identification:_identify(src/rcl_interfaces/statistics_msgs) by extension 'colcon_meta'
[0.156s] Level 1:colcon.colcon_core.package_identification:_identify(src/rcl_interfaces/statistics_msgs) by extensions ['ament_cargo']
[0.157s] Level 1:colcon.colcon_core.package_identification:_identify(src/rcl_interfaces/statistics_msgs) by extension 'ament_cargo'
[0.157s] Level 1:colcon.colcon_core.package_identification:_identify(src/rcl_interfaces/statistics_msgs) by extensions ['ros']
[0.157s] Level 1:colcon.colcon_core.package_identification:_identify(src/rcl_interfaces/statistics_msgs) by extension 'ros'
[0.157s] DEBUG:colcon.colcon_core.package_identification:Package 'src/rcl_interfaces/statistics_msgs' with type 'ros.ament_cmake' and name 'statistics_msgs'
[0.157s] Level 1:colcon.colcon_core.package_identification:_identify(src/rcl_interfaces/test_msgs) by extensions ['ignore', 'ignore_ament_install']
[0.157s] Level 1:colcon.colcon_core.package_identification:_identify(src/rcl_interfaces/test_msgs) by extension 'ignore'
[0.157s] Level 1:colcon.colcon_core.package_identification:_identify(src/rcl_interfaces/test_msgs) by extension 'ignore_ament_install'
[0.157s] Level 1:colcon.colcon_core.package_identification:_identify(src/rcl_interfaces/test_msgs) by extensions ['cargo_workspace']
[0.157s] Level 1:colcon.colcon_core.package_identification:_identify(src/rcl_interfaces/test_msgs) by extension 'cargo_workspace'
[0.157s] Level 1:colcon.colcon_core.package_identification:_identify(src/rcl_interfaces/test_msgs) by extensions ['colcon_pkg']
[0.157s] Level 1:colcon.colcon_core.package_identification:_identify(src/rcl_interfaces/test_msgs) by extension 'colcon_pkg'
[0.157s] Level 1:colcon.colcon_core.package_identification:_identify(src/rcl_interfaces/test_msgs) by extensions ['colcon_meta']
[0.157s] Level 1:colcon.colcon_core.package_identification:_identify(src/rcl_interfaces/test_msgs) by extension 'colcon_meta'
[0.157s] Level 1:colcon.colcon_core.package_identification:_identify(src/rcl_interfaces/test_msgs) by extensions ['ament_cargo']
[0.157s] Level 1:colcon.colcon_core.package_identification:_identify(src/rcl_interfaces/test_msgs) by extension 'ament_cargo'
[0.158s] Level 1:colcon.colcon_core.package_identification:_identify(src/rcl_interfaces/test_msgs) by extensions ['ros']
[0.158s] Level 1:colcon.colcon_core.package_identification:_identify(src/rcl_interfaces/test_msgs) by extension 'ros'
[0.158s] DEBUG:colcon.colcon_core.package_identification:Package 'src/rcl_interfaces/test_msgs' with type 'ros.ament_cmake' and name 'test_msgs'
[0.158s] Level 1:colcon.colcon_core.package_identification:_identify(src/rcl_interfaces/type_description_interfaces) by extensions ['ignore', 'ignore_ament_install']
[0.158s] Level 1:colcon.colcon_core.package_identification:_identify(src/rcl_interfaces/type_description_interfaces) by extension 'ignore'
[0.158s] Level 1:colcon.colcon_core.package_identification:_identify(src/rcl_interfaces/type_description_interfaces) by extension 'ignore_ament_install'
[0.158s] Level 1:colcon.colcon_core.package_identification:_identify(src/rcl_interfaces/type_description_interfaces) by extensions ['cargo_workspace']
[0.158s] Level 1:colcon.colcon_core.package_identification:_identify(src/rcl_interfaces/type_description_interfaces) by extension 'cargo_workspace'
[0.158s] Level 1:colcon.colcon_core.package_identification:_identify(src/rcl_interfaces/type_description_interfaces) by extensions ['colcon_pkg']
[0.158s] Level 1:colcon.colcon_core.package_identification:_identify(src/rcl_interfaces/type_description_interfaces) by extension 'colcon_pkg'
[0.158s] Level 1:colcon.colcon_core.package_identification:_identify(src/rcl_interfaces/type_description_interfaces) by extensions ['colcon_meta']
[0.158s] Level 1:colcon.colcon_core.package_identification:_identify(src/rcl_interfaces/type_description_interfaces) by extension 'colcon_meta'
[0.158s] Level 1:colcon.colcon_core.package_identification:_identify(src/rcl_interfaces/type_description_interfaces) by extensions ['ament_cargo']
[0.158s] Level 1:colcon.colcon_core.package_identification:_identify(src/rcl_interfaces/type_description_interfaces) by extension 'ament_cargo'
[0.159s] Level 1:colcon.colcon_core.package_identification:_identify(src/rcl_interfaces/type_description_interfaces) by extensions ['ros']
[0.159s] Level 1:colcon.colcon_core.package_identification:_identify(src/rcl_interfaces/type_description_interfaces) by extension 'ros'
[0.159s] DEBUG:colcon.colcon_core.package_identification:Package 'src/rcl_interfaces/type_description_interfaces' with type 'ros.ament_cmake' and name 'type_description_interfaces'
[0.159s] Level 1:colcon.colcon_core.package_identification:_identify(src/rosidl_core) by extensions ['ignore', 'ignore_ament_install']
[0.159s] Level 1:colcon.colcon_core.package_identification:_identify(src/rosidl_core) by extension 'ignore'
[0.159s] Level 1:colcon.colcon_core.package_identification:_identify(src/rosidl_core) by extension 'ignore_ament_install'
[0.159s] Level 1:colcon.colcon_core.package_identification:_identify(src/rosidl_core) by extensions ['cargo_workspace']
[0.159s] Level 1:colcon.colcon_core.package_identification:_identify(src/rosidl_core) by extension 'cargo_workspace'
[0.159s] Level 1:colcon.colcon_core.package_identification:_identify(src/rosidl_core) by extensions ['colcon_pkg']
[0.159s] Level 1:colcon.colcon_core.package_identification:_identify(src/rosidl_core) by extension 'colcon_pkg'
[0.159s] Level 1:colcon.colcon_core.package_identification:_identify(src/rosidl_core) by extensions ['colcon_meta']
[0.159s] Level 1:colcon.colcon_core.package_identification:_identify(src/rosidl_core) by extension 'colcon_meta'
[0.159s] Level 1:colcon.colcon_core.package_identification:_identify(src/rosidl_core) by extensions ['ament_cargo']
[0.159s] Level 1:colcon.colcon_core.package_identification:_identify(src/rosidl_core) by extension 'ament_cargo'
[0.159s] Level 1:colcon.colcon_core.package_identification:_identify(src/rosidl_core) by extensions ['ros']
[0.159s] Level 1:colcon.colcon_core.package_identification:_identify(src/rosidl_core) by extension 'ros'
[0.160s] Level 1:colcon.colcon_core.package_identification:_identify(src/rosidl_core) by extensions ['cargo', 'cmake', 'python']
[0.160s] Level 1:colcon.colcon_core.package_identification:_identify(src/rosidl_core) by extension 'cargo'
[0.160s] Level 1:colcon.colcon_core.package_identification:_identify(src/rosidl_core) by extension 'cmake'
[0.160s] Level 1:colcon.colcon_core.package_identification:_identify(src/rosidl_core) by extension 'python'
[0.160s] Level 1:colcon.colcon_core.package_identification:_identify(src/rosidl_core) by extensions ['python_setup_py']
[0.160s] Level 1:colcon.colcon_core.package_identification:_identify(src/rosidl_core) by extension 'python_setup_py'
[0.160s] Level 1:colcon.colcon_core.package_identification:_identify(src/rosidl_core/rosidl_core_generators) by extensions ['ignore', 'ignore_ament_install']
[0.160s] Level 1:colcon.colcon_core.package_identification:_identify(src/rosidl_core/rosidl_core_generators) by extension 'ignore'
[0.160s] Level 1:colcon.colcon_core.package_identification:_identify(src/rosidl_core/rosidl_core_generators) by extension 'ignore_ament_install'
[0.160s] Level 1:colcon.colcon_core.package_identification:_identify(src/rosidl_core/rosidl_core_generators) by extensions ['cargo_workspace']
[0.160s] Level 1:colcon.colcon_core.package_identification:_identify(src/rosidl_core/rosidl_core_generators) by extension 'cargo_workspace'
[0.160s] Level 1:colcon.colcon_core.package_identification:_identify(src/rosidl_core/rosidl_core_generators) by extensions ['colcon_pkg']
[0.160s] Level 1:colcon.colcon_core.package_identification:_identify(src/rosidl_core/rosidl_core_generators) by extension 'colcon_pkg'
[0.160s] Level 1:colcon.colcon_core.package_identification:_identify(src/rosidl_core/rosidl_core_generators) by extensions ['colcon_meta']
[0.160s] Level 1:colcon.colcon_core.package_identification:_identify(src/rosidl_core/rosidl_core_generators) by extension 'colcon_meta'
[0.160s] Level 1:colcon.colcon_core.package_identification:_identify(src/rosidl_core/rosidl_core_generators) by extensions ['ament_cargo']
[0.160s] Level 1:colcon.colcon_core.package_identification:_identify(src/rosidl_core/rosidl_core_generators) by extension 'ament_cargo'
[0.160s] Level 1:colcon.colcon_core.package_identification:_identify(src/rosidl_core/rosidl_core_generators) by extensions ['ros']
[0.160s] Level 1:colcon.colcon_core.package_identification:_identify(src/rosidl_core/rosidl_core_generators) by extension 'ros'
[0.161s] DEBUG:colcon.colcon_core.package_identification:Package 'src/rosidl_core/rosidl_core_generators' with type 'ros.ament_cmake' and name 'rosidl_core_generators'
[0.161s] Level 1:colcon.colcon_core.package_identification:_identify(src/rosidl_core/rosidl_core_runtime) by extensions ['ignore', 'ignore_ament_install']
[0.161s] Level 1:colcon.colcon_core.package_identification:_identify(src/rosidl_core/rosidl_core_runtime) by extension 'ignore'
[0.161s] Level 1:colcon.colcon_core.package_identification:_identify(src/rosidl_core/rosidl_core_runtime) by extension 'ignore_ament_install'
[0.161s] Level 1:colcon.colcon_core.package_identification:_identify(src/rosidl_core/rosidl_core_runtime) by extensions ['cargo_workspace']
[0.161s] Level 1:colcon.colcon_core.package_identification:_identify(src/rosidl_core/rosidl_core_runtime) by extension 'cargo_workspace'
[0.161s] Level 1:colcon.colcon_core.package_identification:_identify(src/rosidl_core/rosidl_core_runtime) by extensions ['colcon_pkg']
[0.161s] Level 1:colcon.colcon_core.package_identification:_identify(src/rosidl_core/rosidl_core_runtime) by extension 'colcon_pkg'
[0.161s] Level 1:colcon.colcon_core.package_identification:_identify(src/rosidl_core/rosidl_core_runtime) by extensions ['colcon_meta']
[0.161s] Level 1:colcon.colcon_core.package_identification:_identify(src/rosidl_core/rosidl_core_runtime) by extension 'colcon_meta'
[0.161s] Level 1:colcon.colcon_core.package_identification:_identify(src/rosidl_core/rosidl_core_runtime) by extensions ['ament_cargo']
[0.161s] Level 1:colcon.colcon_core.package_identification:_identify(src/rosidl_core/rosidl_core_runtime) by extension 'ament_cargo'
[0.162s] Level 1:colcon.colcon_core.package_identification:_identify(src/rosidl_core/rosidl_core_runtime) by extensions ['ros']
[0.162s] Level 1:colcon.colcon_core.package_identification:_identify(src/rosidl_core/rosidl_core_runtime) by extension 'ros'
[0.162s] DEBUG:colcon.colcon_core.package_identification:Package 'src/rosidl_core/rosidl_core_runtime' with type 'ros.ament_cmake' and name 'rosidl_core_runtime'
[0.162s] Level 1:colcon.colcon_core.package_identification:_identify(src/rosidl_defaults) by extensions ['ignore', 'ignore_ament_install']
[0.162s] Level 1:colcon.colcon_core.package_identification:_identify(src/rosidl_defaults) by extension 'ignore'
[0.162s] Level 1:colcon.colcon_core.package_identification:_identify(src/rosidl_defaults) by extension 'ignore_ament_install'
[0.162s] Level 1:colcon.colcon_core.package_identification:_identify(src/rosidl_defaults) by extensions ['cargo_workspace']
[0.162s] Level 1:colcon.colcon_core.package_identification:_identify(src/rosidl_defaults) by extension 'cargo_workspace'
[0.162s] Level 1:colcon.colcon_core.package_identification:_identify(src/rosidl_defaults) by extensions ['colcon_pkg']
[0.162s] Level 1:colcon.colcon_core.package_identification:_identify(src/rosidl_defaults) by extension 'colcon_pkg'
[0.162s] Level 1:colcon.colcon_core.package_identification:_identify(src/rosidl_defaults) by extensions ['colcon_meta']
[0.162s] Level 1:colcon.colcon_core.package_identification:_identify(src/rosidl_defaults) by extension 'colcon_meta'
[0.162s] Level 1:colcon.colcon_core.package_identification:_identify(src/rosidl_defaults) by extensions ['ament_cargo']
[0.162s] Level 1:colcon.colcon_core.package_identification:_identify(src/rosidl_defaults) by extension 'ament_cargo'
[0.162s] Level 1:colcon.colcon_core.package_identification:_identify(src/rosidl_defaults) by extensions ['ros']
[0.162s] Level 1:colcon.colcon_core.package_identification:_identify(src/rosidl_defaults) by extension 'ros'
[0.162s] Level 1:colcon.colcon_core.package_identification:_identify(src/rosidl_defaults) by extensions ['cargo', 'cmake', 'python']
[0.162s] Level 1:colcon.colcon_core.package_identification:_identify(src/rosidl_defaults) by extension 'cargo'
[0.162s] Level 1:colcon.colcon_core.package_identification:_identify(src/rosidl_defaults) by extension 'cmake'
[0.163s] Level 1:colcon.colcon_core.package_identification:_identify(src/rosidl_defaults) by extension 'python'
[0.163s] Level 1:colcon.colcon_core.package_identification:_identify(src/rosidl_defaults) by extensions ['python_setup_py']
[0.163s] Level 1:colcon.colcon_core.package_identification:_identify(src/rosidl_defaults) by extension 'python_setup_py'
[0.163s] Level 1:colcon.colcon_core.package_identification:_identify(src/rosidl_defaults/rosidl_default_generators) by extensions ['ignore', 'ignore_ament_install']
[0.163s] Level 1:colcon.colcon_core.package_identification:_identify(src/rosidl_defaults/rosidl_default_generators) by extension 'ignore'
[0.163s] Level 1:colcon.colcon_core.package_identification:_identify(src/rosidl_defaults/rosidl_default_generators) by extension 'ignore_ament_install'
[0.163s] Level 1:colcon.colcon_core.package_identification:_identify(src/rosidl_defaults/rosidl_default_generators) by extensions ['cargo_workspace']
[0.163s] Level 1:colcon.colcon_core.package_identification:_identify(src/rosidl_defaults/rosidl_default_generators) by extension 'cargo_workspace'
[0.163s] Level 1:colcon.colcon_core.package_identification:_identify(src/rosidl_defaults/rosidl_default_generators) by extensions ['colcon_pkg']
[0.163s] Level 1:colcon.colcon_core.package_identification:_identify(src/rosidl_defaults/rosidl_default_generators) by extension 'colcon_pkg'
[0.163s] Level 1:colcon.colcon_core.package_identification:_identify(src/rosidl_defaults/rosidl_default_generators) by extensions ['colcon_meta']
[0.163s] Level 1:colcon.colcon_core.package_identification:_identify(src/rosidl_defaults/rosidl_default_generators) by extension 'colcon_meta'
[0.163s] Level 1:colcon.colcon_core.package_identification:_identify(src/rosidl_defaults/rosidl_default_generators) by extensions ['ament_cargo']
[0.163s] Level 1:colcon.colcon_core.package_identification:_identify(src/rosidl_defaults/rosidl_default_generators) by extension 'ament_cargo'
[0.163s] Level 1:colcon.colcon_core.package_identification:_identify(src/rosidl_defaults/rosidl_default_generators) by extensions ['ros']
[0.163s] Level 1:colcon.colcon_core.package_identification:_identify(src/rosidl_defaults/rosidl_default_generators) by extension 'ros'
[0.164s] DEBUG:colcon.colcon_core.package_identification:Package 'src/rosidl_defaults/rosidl_default_generators' with type 'ros.ament_cmake' and name 'rosidl_default_generators'
[0.164s] Level 1:colcon.colcon_core.package_identification:_identify(src/rosidl_defaults/rosidl_default_runtime) by extensions ['ignore', 'ignore_ament_install']
[0.164s] Level 1:colcon.colcon_core.package_identification:_identify(src/rosidl_defaults/rosidl_default_runtime) by extension 'ignore'
[0.164s] Level 1:colcon.colcon_core.package_identification:_identify(src/rosidl_defaults/rosidl_default_runtime) by extension 'ignore_ament_install'
[0.164s] Level 1:colcon.colcon_core.package_identification:_identify(src/rosidl_defaults/rosidl_default_runtime) by extensions ['cargo_workspace']
[0.164s] Level 1:colcon.colcon_core.package_identification:_identify(src/rosidl_defaults/rosidl_default_runtime) by extension 'cargo_workspace'
[0.164s] Level 1:colcon.colcon_core.package_identification:_identify(src/rosidl_defaults/rosidl_default_runtime) by extensions ['colcon_pkg']
[0.164s] Level 1:colcon.colcon_core.package_identification:_identify(src/rosidl_defaults/rosidl_default_runtime) by extension 'colcon_pkg'
[0.164s] Level 1:colcon.colcon_core.package_identification:_identify(src/rosidl_defaults/rosidl_default_runtime) by extensions ['colcon_meta']
[0.164s] Level 1:colcon.colcon_core.package_identification:_identify(src/rosidl_defaults/rosidl_default_runtime) by extension 'colcon_meta'
[0.164s] Level 1:colcon.colcon_core.package_identification:_identify(src/rosidl_defaults/rosidl_default_runtime) by extensions ['ament_cargo']
[0.164s] Level 1:colcon.colcon_core.package_identification:_identify(src/rosidl_defaults/rosidl_default_runtime) by extension 'ament_cargo'
[0.164s] Level 1:colcon.colcon_core.package_identification:_identify(src/rosidl_defaults/rosidl_default_runtime) by extensions ['ros']
[0.164s] Level 1:colcon.colcon_core.package_identification:_identify(src/rosidl_defaults/rosidl_default_runtime) by extension 'ros'
[0.165s] DEBUG:colcon.colcon_core.package_identification:Package 'src/rosidl_defaults/rosidl_default_runtime' with type 'ros.ament_cmake' and name 'rosidl_default_runtime'
[0.165s] Level 1:colcon.colcon_core.package_identification:_identify(src/rosidl_rust) by extensions ['ignore', 'ignore_ament_install']
[0.165s] Level 1:colcon.colcon_core.package_identification:_identify(src/rosidl_rust) by extension 'ignore'
[0.165s] Level 1:colcon.colcon_core.package_identification:_identify(src/rosidl_rust) by extension 'ignore_ament_install'
[0.165s] Level 1:colcon.colcon_core.package_identification:_identify(src/rosidl_rust) by extensions ['cargo_workspace']
[0.165s] Level 1:colcon.colcon_core.package_identification:_identify(src/rosidl_rust) by extension 'cargo_workspace'
[0.165s] Level 1:colcon.colcon_core.package_identification:_identify(src/rosidl_rust) by extensions ['colcon_pkg']
[0.165s] Level 1:colcon.colcon_core.package_identification:_identify(src/rosidl_rust) by extension 'colcon_pkg'
[0.165s] Level 1:colcon.colcon_core.package_identification:_identify(src/rosidl_rust) by extensions ['colcon_meta']
[0.165s] Level 1:colcon.colcon_core.package_identification:_identify(src/rosidl_rust) by extension 'colcon_meta'
[0.165s] Level 1:colcon.colcon_core.package_identification:_identify(src/rosidl_rust) by extensions ['ament_cargo']
[0.165s] Level 1:colcon.colcon_core.package_identification:_identify(src/rosidl_rust) by extension 'ament_cargo'
[0.165s] Level 1:colcon.colcon_core.package_identification:_identify(src/rosidl_rust) by extensions ['ros']
[0.165s] Level 1:colcon.colcon_core.package_identification:_identify(src/rosidl_rust) by extension 'ros'
[0.165s] Level 1:colcon.colcon_core.package_identification:_identify(src/rosidl_rust) by extensions ['cargo', 'cmake', 'python']
[0.165s] Level 1:colcon.colcon_core.package_identification:_identify(src/rosidl_rust) by extension 'cargo'
[0.165s] Level 1:colcon.colcon_core.package_identification:_identify(src/rosidl_rust) by extension 'cmake'
[0.165s] Level 1:colcon.colcon_core.package_identification:_identify(src/rosidl_rust) by extension 'python'
[0.165s] Level 1:colcon.colcon_core.package_identification:_identify(src/rosidl_rust) by extensions ['python_setup_py']
[0.165s] Level 1:colcon.colcon_core.package_identification:_identify(src/rosidl_rust) by extension 'python_setup_py'
[0.165s] Level 1:colcon.colcon_core.package_identification:_identify(src/rosidl_rust/rosidl_generator_rs) by extensions ['ignore', 'ignore_ament_install']
[0.165s] Level 1:colcon.colcon_core.package_identification:_identify(src/rosidl_rust/rosidl_generator_rs) by extension 'ignore'
[0.165s] Level 1:colcon.colcon_core.package_identification:_identify(src/rosidl_rust/rosidl_generator_rs) by extension 'ignore_ament_install'
[0.165s] Level 1:colcon.colcon_core.package_identification:_identify(src/rosidl_rust/rosidl_generator_rs) by extensions ['cargo_workspace']
[0.165s] Level 1:colcon.colcon_core.package_identification:_identify(src/rosidl_rust/rosidl_generator_rs) by extension 'cargo_workspace'
[0.165s] Level 1:colcon.colcon_core.package_identification:_identify(src/rosidl_rust/rosidl_generator_rs) by extensions ['colcon_pkg']
[0.165s] Level 1:colcon.colcon_core.package_identification:_identify(src/rosidl_rust/rosidl_generator_rs) by extension 'colcon_pkg'
[0.165s] Level 1:colcon.colcon_core.package_identification:_identify(src/rosidl_rust/rosidl_generator_rs) by extensions ['colcon_meta']
[0.166s] Level 1:colcon.colcon_core.package_identification:_identify(src/rosidl_rust/rosidl_generator_rs) by extension 'colcon_meta'
[0.166s] Level 1:colcon.colcon_core.package_identification:_identify(src/rosidl_rust/rosidl_generator_rs) by extensions ['ament_cargo']
[0.166s] Level 1:colcon.colcon_core.package_identification:_identify(src/rosidl_rust/rosidl_generator_rs) by extension 'ament_cargo'
[0.166s] Level 1:colcon.colcon_core.package_identification:_identify(src/rosidl_rust/rosidl_generator_rs) by extensions ['ros']
[0.166s] Level 1:colcon.colcon_core.package_identification:_identify(src/rosidl_rust/rosidl_generator_rs) by extension 'ros'
[0.168s] DEBUG:colcon.colcon_core.package_identification:Package 'src/rosidl_rust/rosidl_generator_rs' with type 'ros.ament_cmake' and name 'rosidl_generator_rs'
[0.168s] Level 1:colcon.colcon_core.package_identification:_identify(src/rust_pubsub) by extensions ['ignore', 'ignore_ament_install']
[0.168s] Level 1:colcon.colcon_core.package_identification:_identify(src/rust_pubsub) by extension 'ignore'
[0.168s] Level 1:colcon.colcon_core.package_identification:_identify(src/rust_pubsub) by extension 'ignore_ament_install'
[0.168s] Level 1:colcon.colcon_core.package_identification:_identify(src/rust_pubsub) by extensions ['cargo_workspace']
[0.168s] Level 1:colcon.colcon_core.package_identification:_identify(src/rust_pubsub) by extension 'cargo_workspace'
[0.169s] Level 1:colcon.colcon_core.package_identification:_identify(src/rust_pubsub) by extensions ['colcon_pkg']
[0.169s] Level 1:colcon.colcon_core.package_identification:_identify(src/rust_pubsub) by extension 'colcon_pkg'
[0.169s] Level 1:colcon.colcon_core.package_identification:_identify(src/rust_pubsub) by extensions ['colcon_meta']
[0.169s] Level 1:colcon.colcon_core.package_identification:_identify(src/rust_pubsub) by extension 'colcon_meta'
[0.169s] Level 1:colcon.colcon_core.package_identification:_identify(src/rust_pubsub) by extensions ['ament_cargo']
[0.169s] Level 1:colcon.colcon_core.package_identification:_identify(src/rust_pubsub) by extension 'ament_cargo'
[0.184s] DEBUG:colcon.colcon_core.package_identification:Package 'src/rust_pubsub' with type 'ament_cargo' and name 'rust_pubsub'
[0.185s] Level 1:colcon.colcon_core.package_identification:_identify(src/unique_identifier_msgs) by extensions ['ignore', 'ignore_ament_install']
[0.185s] Level 1:colcon.colcon_core.package_identification:_identify(src/unique_identifier_msgs) by extension 'ignore'
[0.185s] Level 1:colcon.colcon_core.package_identification:_identify(src/unique_identifier_msgs) by extension 'ignore_ament_install'
[0.185s] Level 1:colcon.colcon_core.package_identification:_identify(src/unique_identifier_msgs) by extensions ['cargo_workspace']
[0.185s] Level 1:colcon.colcon_core.package_identification:_identify(src/unique_identifier_msgs) by extension 'cargo_workspace'
[0.185s] Level 1:colcon.colcon_core.package_identification:_identify(src/unique_identifier_msgs) by extensions ['colcon_pkg']
[0.185s] Level 1:colcon.colcon_core.package_identification:_identify(src/unique_identifier_msgs) by extension 'colcon_pkg'
[0.185s] Level 1:colcon.colcon_core.package_identification:_identify(src/unique_identifier_msgs) by extensions ['colcon_meta']
[0.185s] Level 1:colcon.colcon_core.package_identification:_identify(src/unique_identifier_msgs) by extension 'colcon_meta'
[0.185s] Level 1:colcon.colcon_core.package_identification:_identify(src/unique_identifier_msgs) by extensions ['ament_cargo']
[0.185s] Level 1:colcon.colcon_core.package_identification:_identify(src/unique_identifier_msgs) by extension 'ament_cargo'
[0.185s] Level 1:colcon.colcon_core.package_identification:_identify(src/unique_identifier_msgs) by extensions ['ros']
[0.185s] Level 1:colcon.colcon_core.package_identification:_identify(src/unique_identifier_msgs) by extension 'ros'
[0.186s] DEBUG:colcon.colcon_core.package_identification:Package 'src/unique_identifier_msgs' with type 'ros.ament_cmake' and name 'unique_identifier_msgs'
[0.186s] Level 1:colcon.colcon_core.package_discovery:discover_packages(recursive) using defaults
[0.186s] Level 1:colcon.colcon_core.package_discovery:discover_packages(ignore) discover
[0.186s] Level 1:colcon.colcon_core.package_discovery:discover_packages(ignore) using defaults
[0.186s] Level 1:colcon.colcon_core.package_discovery:discover_packages(path) discover
[0.186s] Level 1:colcon.colcon_core.package_discovery:discover_packages(path) using defaults
[0.186s] Level 1:colcon.colcon_core.package_discovery:discover_packages(cargo_workspace) discover
[0.186s] Level 1:colcon.colcon_core.package_discovery:discover_packages(cargo_workspace) using defaults
[0.206s] Level 1:colcon.colcon_core.package_discovery:discover_packages(prefix_path) check parameters
[0.206s] Level 1:colcon.colcon_core.package_discovery:discover_packages(prefix_path) discover
[0.209s] DEBUG:colcon.colcon_installed_package_information.package_discovery:Found 287 installed packages in /opt/ros/jazzy
[0.209s] Level 1:colcon.colcon_core.package_discovery:discover_packages(prefix_path) using defaults
[0.245s] WARNING:colcon.colcon_core.package_selection:Some selected packages are already built in one or more underlay workspaces:
	'sensor_msgs_py' is in: /opt/ros/jazzy
	'composition_interfaces' is in: /opt/ros/jazzy
	'unique_identifier_msgs' is in: /opt/ros/jazzy
	'std_srvs' is in: /opt/ros/jazzy
	'type_description_interfaces' is in: /opt/ros/jazzy
	'statistics_msgs' is in: /opt/ros/jazzy
	'rosidl_default_generators' is in: /opt/ros/jazzy
	'common_interfaces' is in: /opt/ros/jazzy
	'sensor_msgs' is in: /opt/ros/jazzy
	'rosgraph_msgs' is in: /opt/ros/jazzy
	'nav_msgs' is in: /opt/ros/jazzy
	'service_msgs' is in: /opt/ros/jazzy
	'rosidl_default_runtime' is in: /opt/ros/jazzy
	'builtin_interfaces' is in: /opt/ros/jazzy
	'visualization_msgs' is in: /opt/ros/jazzy
	'rcl_interfaces' is in: /opt/ros/jazzy
	'std_msgs' is in: /opt/ros/jazzy
	'action_msgs' is in: /opt/ros/jazzy
	'lifecycle_msgs' is in: /opt/ros/jazzy
	'geometry_msgs' is in: /opt/ros/jazzy
If a package in a merged underlay workspace is overridden and it installs headers, then all packages in the overlay must sort their include directories by workspace order. Failure to do so may result in build failures or undefined behavior at run time.
If the overridden package is used by another package in any underlay, then the overriding package in the overlay must be API and ABI compatible or undefined behavior at run time may occur.

If you understand the risks and want to override a package anyways, add the following to the command line:
	--allow-overriding action_msgs builtin_interfaces common_interfaces composition_interfaces geometry_msgs lifecycle_msgs nav_msgs rcl_interfaces rosgraph_msgs rosidl_default_generators rosidl_default_runtime sensor_msgs sensor_msgs_py service_msgs statistics_msgs std_msgs std_srvs type_description_interfaces unique_identifier_msgs visualization_msgs

This may be promoted to an error in a future release of colcon-override-check.
[0.246s] Level 5:colcon.colcon_core.verb:set package 'rosidl_generator_rs' build argument 'lookup_in_workspace' from command line to 'False'
[0.246s] Level 5:colcon.colcon_core.verb:set package 'rosidl_generator_rs' build argument 'cargo_args' from command line to 'None'
[0.246s] Level 5:colcon.colcon_core.verb:set package 'rosidl_generator_rs' build argument 'clean_build' from command line to 'False'
[0.246s] Level 5:colcon.colcon_core.verb:set package 'rosidl_generator_rs' build argument 'cmake_args' from command line to 'None'
[0.246s] Level 5:colcon.colcon_core.verb:set package 'rosidl_generator_rs' build argument 'cmake_target' from command line to 'None'
[0.246s] Level 5:colcon.colcon_core.verb:set package 'rosidl_generator_rs' build argument 'cmake_target_skip_unavailable' from command line to 'False'
[0.246s] Level 5:colcon.colcon_core.verb:set package 'rosidl_generator_rs' build argument 'cmake_clean_cache' from command line to 'False'
[0.246s] Level 5:colcon.colcon_core.verb:set package 'rosidl_generator_rs' build argument 'cmake_clean_first' from command line to 'False'
[0.246s] Level 5:colcon.colcon_core.verb:set package 'rosidl_generator_rs' build argument 'cmake_force_configure' from command line to 'False'
[0.246s] Level 5:colcon.colcon_core.verb:set package 'rosidl_generator_rs' build argument 'ament_cmake_args' from command line to 'None'
[0.246s] Level 5:colcon.colcon_core.verb:set package 'rosidl_generator_rs' build argument 'catkin_cmake_args' from command line to 'None'
[0.246s] Level 5:colcon.colcon_core.verb:set package 'rosidl_generator_rs' build argument 'catkin_skip_building_tests' from command line to 'False'
[0.246s] DEBUG:colcon.colcon_core.verb:Building package 'rosidl_generator_rs' with the following arguments: {'ament_cmake_args': None, 'build_base': '/home/rsanz/git/learning/ROS2/RustROS2/build/rosidl_generator_rs', 'cargo_args': None, 'catkin_cmake_args': None, 'catkin_skip_building_tests': False, 'clean_build': False, 'cmake_args': None, 'cmake_clean_cache': False, 'cmake_clean_first': False, 'cmake_force_configure': False, 'cmake_target': None, 'cmake_target_skip_unavailable': False, 'install_base': '/home/rsanz/git/learning/ROS2/RustROS2/install/rosidl_generator_rs', 'lookup_in_workspace': False, 'merge_install': False, 'path': '/home/rsanz/git/learning/ROS2/RustROS2/src/rosidl_rust/rosidl_generator_rs', 'symlink_install': False, 'test_result_base': None}
[0.246s] Level 5:colcon.colcon_core.verb:set package 'rosidl_core_generators' build argument 'lookup_in_workspace' from command line to 'False'
[0.246s] Level 5:colcon.colcon_core.verb:set package 'rosidl_core_generators' build argument 'cargo_args' from command line to 'None'
[0.246s] Level 5:colcon.colcon_core.verb:set package 'rosidl_core_generators' build argument 'clean_build' from command line to 'False'
[0.246s] Level 5:colcon.colcon_core.verb:set package 'rosidl_core_generators' build argument 'cmake_args' from command line to 'None'
[0.246s] Level 5:colcon.colcon_core.verb:set package 'rosidl_core_generators' build argument 'cmake_target' from command line to 'None'
[0.246s] Level 5:colcon.colcon_core.verb:set package 'rosidl_core_generators' build argument 'cmake_target_skip_unavailable' from command line to 'False'
[0.246s] Level 5:colcon.colcon_core.verb:set package 'rosidl_core_generators' build argument 'cmake_clean_cache' from command line to 'False'
[0.246s] Level 5:colcon.colcon_core.verb:set package 'rosidl_core_generators' build argument 'cmake_clean_first' from command line to 'False'
[0.246s] Level 5:colcon.colcon_core.verb:set package 'rosidl_core_generators' build argument 'cmake_force_configure' from command line to 'False'
[0.246s] Level 5:colcon.colcon_core.verb:set package 'rosidl_core_generators' build argument 'ament_cmake_args' from command line to 'None'
[0.246s] Level 5:colcon.colcon_core.verb:set package 'rosidl_core_generators' build argument 'catkin_cmake_args' from command line to 'None'
[0.246s] Level 5:colcon.colcon_core.verb:set package 'rosidl_core_generators' build argument 'catkin_skip_building_tests' from command line to 'False'
[0.246s] DEBUG:colcon.colcon_core.verb:Building package 'rosidl_core_generators' with the following arguments: {'ament_cmake_args': None, 'build_base': '/home/rsanz/git/learning/ROS2/RustROS2/build/rosidl_core_generators', 'cargo_args': None, 'catkin_cmake_args': None, 'catkin_skip_building_tests': False, 'clean_build': False, 'cmake_args': None, 'cmake_clean_cache': False, 'cmake_clean_first': False, 'cmake_force_configure': False, 'cmake_target': None, 'cmake_target_skip_unavailable': False, 'install_base': '/home/rsanz/git/learning/ROS2/RustROS2/install/rosidl_core_generators', 'lookup_in_workspace': False, 'merge_install': False, 'path': '/home/rsanz/git/learning/ROS2/RustROS2/src/rosidl_core/rosidl_core_generators', 'symlink_install': False, 'test_result_base': None}
[0.247s] Level 5:colcon.colcon_core.verb:set package 'rosidl_core_runtime' build argument 'lookup_in_workspace' from command line to 'False'
[0.247s] Level 5:colcon.colcon_core.verb:set package 'rosidl_core_runtime' build argument 'cargo_args' from command line to 'None'
[0.247s] Level 5:colcon.colcon_core.verb:set package 'rosidl_core_runtime' build argument 'clean_build' from command line to 'False'
[0.247s] Level 5:colcon.colcon_core.verb:set package 'rosidl_core_runtime' build argument 'cmake_args' from command line to 'None'
[0.247s] Level 5:colcon.colcon_core.verb:set package 'rosidl_core_runtime' build argument 'cmake_target' from command line to 'None'
[0.247s] Level 5:colcon.colcon_core.verb:set package 'rosidl_core_runtime' build argument 'cmake_target_skip_unavailable' from command line to 'False'
[0.247s] Level 5:colcon.colcon_core.verb:set package 'rosidl_core_runtime' build argument 'cmake_clean_cache' from command line to 'False'
[0.247s] Level 5:colcon.colcon_core.verb:set package 'rosidl_core_runtime' build argument 'cmake_clean_first' from command line to 'False'
[0.247s] Level 5:colcon.colcon_core.verb:set package 'rosidl_core_runtime' build argument 'cmake_force_configure' from command line to 'False'
[0.247s] Level 5:colcon.colcon_core.verb:set package 'rosidl_core_runtime' build argument 'ament_cmake_args' from command line to 'None'
[0.247s] Level 5:colcon.colcon_core.verb:set package 'rosidl_core_runtime' build argument 'catkin_cmake_args' from command line to 'None'
[0.247s] Level 5:colcon.colcon_core.verb:set package 'rosidl_core_runtime' build argument 'catkin_skip_building_tests' from command line to 'False'
[0.247s] DEBUG:colcon.colcon_core.verb:Building package 'rosidl_core_runtime' with the following arguments: {'ament_cmake_args': None, 'build_base': '/home/rsanz/git/learning/ROS2/RustROS2/build/rosidl_core_runtime', 'cargo_args': None, 'catkin_cmake_args': None, 'catkin_skip_building_tests': False, 'clean_build': False, 'cmake_args': None, 'cmake_clean_cache': False, 'cmake_clean_first': False, 'cmake_force_configure': False, 'cmake_target': None, 'cmake_target_skip_unavailable': False, 'install_base': '/home/rsanz/git/learning/ROS2/RustROS2/install/rosidl_core_runtime', 'lookup_in_workspace': False, 'merge_install': False, 'path': '/home/rsanz/git/learning/ROS2/RustROS2/src/rosidl_core/rosidl_core_runtime', 'symlink_install': False, 'test_result_base': None}
[0.247s] Level 5:colcon.colcon_core.verb:set package 'builtin_interfaces' build argument 'lookup_in_workspace' from command line to 'False'
[0.247s] Level 5:colcon.colcon_core.verb:set package 'builtin_interfaces' build argument 'cargo_args' from command line to 'None'
[0.247s] Level 5:colcon.colcon_core.verb:set package 'builtin_interfaces' build argument 'clean_build' from command line to 'False'
[0.247s] Level 5:colcon.colcon_core.verb:set package 'builtin_interfaces' build argument 'cmake_args' from command line to 'None'
[0.247s] Level 5:colcon.colcon_core.verb:set package 'builtin_interfaces' build argument 'cmake_target' from command line to 'None'
[0.247s] Level 5:colcon.colcon_core.verb:set package 'builtin_interfaces' build argument 'cmake_target_skip_unavailable' from command line to 'False'
[0.247s] Level 5:colcon.colcon_core.verb:set package 'builtin_interfaces' build argument 'cmake_clean_cache' from command line to 'False'
[0.247s] Level 5:colcon.colcon_core.verb:set package 'builtin_interfaces' build argument 'cmake_clean_first' from command line to 'False'
[0.247s] Level 5:colcon.colcon_core.verb:set package 'builtin_interfaces' build argument 'cmake_force_configure' from command line to 'False'
[0.247s] Level 5:colcon.colcon_core.verb:set package 'builtin_interfaces' build argument 'ament_cmake_args' from command line to 'None'
[0.247s] Level 5:colcon.colcon_core.verb:set package 'builtin_interfaces' build argument 'catkin_cmake_args' from command line to 'None'
[0.247s] Level 5:colcon.colcon_core.verb:set package 'builtin_interfaces' build argument 'catkin_skip_building_tests' from command line to 'False'
[0.247s] DEBUG:colcon.colcon_core.verb:Building package 'builtin_interfaces' with the following arguments: {'ament_cmake_args': None, 'build_base': '/home/rsanz/git/learning/ROS2/RustROS2/build/builtin_interfaces', 'cargo_args': None, 'catkin_cmake_args': None, 'catkin_skip_building_tests': False, 'clean_build': False, 'cmake_args': None, 'cmake_clean_cache': False, 'cmake_clean_first': False, 'cmake_force_configure': False, 'cmake_target': None, 'cmake_target_skip_unavailable': False, 'install_base': '/home/rsanz/git/learning/ROS2/RustROS2/install/builtin_interfaces', 'lookup_in_workspace': False, 'merge_install': False, 'path': '/home/rsanz/git/learning/ROS2/RustROS2/src/rcl_interfaces/builtin_interfaces', 'symlink_install': False, 'test_result_base': None}
[0.247s] Level 5:colcon.colcon_core.verb:set package 'unique_identifier_msgs' build argument 'lookup_in_workspace' from command line to 'False'
[0.247s] Level 5:colcon.colcon_core.verb:set package 'unique_identifier_msgs' build argument 'cargo_args' from command line to 'None'
[0.247s] Level 5:colcon.colcon_core.verb:set package 'unique_identifier_msgs' build argument 'clean_build' from command line to 'False'
[0.247s] Level 5:colcon.colcon_core.verb:set package 'unique_identifier_msgs' build argument 'cmake_args' from command line to 'None'
[0.247s] Level 5:colcon.colcon_core.verb:set package 'unique_identifier_msgs' build argument 'cmake_target' from command line to 'None'
[0.247s] Level 5:colcon.colcon_core.verb:set package 'unique_identifier_msgs' build argument 'cmake_target_skip_unavailable' from command line to 'False'
[0.247s] Level 5:colcon.colcon_core.verb:set package 'unique_identifier_msgs' build argument 'cmake_clean_cache' from command line to 'False'
[0.247s] Level 5:colcon.colcon_core.verb:set package 'unique_identifier_msgs' build argument 'cmake_clean_first' from command line to 'False'
[0.247s] Level 5:colcon.colcon_core.verb:set package 'unique_identifier_msgs' build argument 'cmake_force_configure' from command line to 'False'
[0.247s] Level 5:colcon.colcon_core.verb:set package 'unique_identifier_msgs' build argument 'ament_cmake_args' from command line to 'None'
[0.247s] Level 5:colcon.colcon_core.verb:set package 'unique_identifier_msgs' build argument 'catkin_cmake_args' from command line to 'None'
[0.248s] Level 5:colcon.colcon_core.verb:set package 'unique_identifier_msgs' build argument 'catkin_skip_building_tests' from command line to 'False'
[0.248s] DEBUG:colcon.colcon_core.verb:Building package 'unique_identifier_msgs' with the following arguments: {'ament_cmake_args': None, 'build_base': '/home/rsanz/git/learning/ROS2/RustROS2/build/unique_identifier_msgs', 'cargo_args': None, 'catkin_cmake_args': None, 'catkin_skip_building_tests': False, 'clean_build': False, 'cmake_args': None, 'cmake_clean_cache': False, 'cmake_clean_first': False, 'cmake_force_configure': False, 'cmake_target': None, 'cmake_target_skip_unavailable': False, 'install_base': '/home/rsanz/git/learning/ROS2/RustROS2/install/unique_identifier_msgs', 'lookup_in_workspace': False, 'merge_install': False, 'path': '/home/rsanz/git/learning/ROS2/RustROS2/src/unique_identifier_msgs', 'symlink_install': False, 'test_result_base': None}
[0.248s] Level 5:colcon.colcon_core.verb:set package 'service_msgs' build argument 'lookup_in_workspace' from command line to 'False'
[0.248s] Level 5:colcon.colcon_core.verb:set package 'service_msgs' build argument 'cargo_args' from command line to 'None'
[0.248s] Level 5:colcon.colcon_core.verb:set package 'service_msgs' build argument 'clean_build' from command line to 'False'
[0.248s] Level 5:colcon.colcon_core.verb:set package 'service_msgs' build argument 'cmake_args' from command line to 'None'
[0.248s] Level 5:colcon.colcon_core.verb:set package 'service_msgs' build argument 'cmake_target' from command line to 'None'
[0.248s] Level 5:colcon.colcon_core.verb:set package 'service_msgs' build argument 'cmake_target_skip_unavailable' from command line to 'False'
[0.248s] Level 5:colcon.colcon_core.verb:set package 'service_msgs' build argument 'cmake_clean_cache' from command line to 'False'
[0.248s] Level 5:colcon.colcon_core.verb:set package 'service_msgs' build argument 'cmake_clean_first' from command line to 'False'
[0.248s] Level 5:colcon.colcon_core.verb:set package 'service_msgs' build argument 'cmake_force_configure' from command line to 'False'
[0.248s] Level 5:colcon.colcon_core.verb:set package 'service_msgs' build argument 'ament_cmake_args' from command line to 'None'
[0.248s] Level 5:colcon.colcon_core.verb:set package 'service_msgs' build argument 'catkin_cmake_args' from command line to 'None'
[0.248s] Level 5:colcon.colcon_core.verb:set package 'service_msgs' build argument 'catkin_skip_building_tests' from command line to 'False'
[0.248s] DEBUG:colcon.colcon_core.verb:Building package 'service_msgs' with the following arguments: {'ament_cmake_args': None, 'build_base': '/home/rsanz/git/learning/ROS2/RustROS2/build/service_msgs', 'cargo_args': None, 'catkin_cmake_args': None, 'catkin_skip_building_tests': False, 'clean_build': False, 'cmake_args': None, 'cmake_clean_cache': False, 'cmake_clean_first': False, 'cmake_force_configure': False, 'cmake_target': None, 'cmake_target_skip_unavailable': False, 'install_base': '/home/rsanz/git/learning/ROS2/RustROS2/install/service_msgs', 'lookup_in_workspace': False, 'merge_install': False, 'path': '/home/rsanz/git/learning/ROS2/RustROS2/src/rcl_interfaces/service_msgs', 'symlink_install': False, 'test_result_base': None}
[0.248s] Level 5:colcon.colcon_core.verb:set package 'action_msgs' build argument 'lookup_in_workspace' from command line to 'False'
[0.248s] Level 5:colcon.colcon_core.verb:set package 'action_msgs' build argument 'cargo_args' from command line to 'None'
[0.248s] Level 5:colcon.colcon_core.verb:set package 'action_msgs' build argument 'clean_build' from command line to 'False'
[0.248s] Level 5:colcon.colcon_core.verb:set package 'action_msgs' build argument 'cmake_args' from command line to 'None'
[0.248s] Level 5:colcon.colcon_core.verb:set package 'action_msgs' build argument 'cmake_target' from command line to 'None'
[0.248s] Level 5:colcon.colcon_core.verb:set package 'action_msgs' build argument 'cmake_target_skip_unavailable' from command line to 'False'
[0.248s] Level 5:colcon.colcon_core.verb:set package 'action_msgs' build argument 'cmake_clean_cache' from command line to 'False'
[0.248s] Level 5:colcon.colcon_core.verb:set package 'action_msgs' build argument 'cmake_clean_first' from command line to 'False'
[0.248s] Level 5:colcon.colcon_core.verb:set package 'action_msgs' build argument 'cmake_force_configure' from command line to 'False'
[0.248s] Level 5:colcon.colcon_core.verb:set package 'action_msgs' build argument 'ament_cmake_args' from command line to 'None'
[0.248s] Level 5:colcon.colcon_core.verb:set package 'action_msgs' build argument 'catkin_cmake_args' from command line to 'None'
[0.248s] Level 5:colcon.colcon_core.verb:set package 'action_msgs' build argument 'catkin_skip_building_tests' from command line to 'False'
[0.248s] DEBUG:colcon.colcon_core.verb:Building package 'action_msgs' with the following arguments: {'ament_cmake_args': None, 'build_base': '/home/rsanz/git/learning/ROS2/RustROS2/build/action_msgs', 'cargo_args': None, 'catkin_cmake_args': None, 'catkin_skip_building_tests': False, 'clean_build': False, 'cmake_args': None, 'cmake_clean_cache': False, 'cmake_clean_first': False, 'cmake_force_configure': False, 'cmake_target': None, 'cmake_target_skip_unavailable': False, 'install_base': '/home/rsanz/git/learning/ROS2/RustROS2/install/action_msgs', 'lookup_in_workspace': False, 'merge_install': False, 'path': '/home/rsanz/git/learning/ROS2/RustROS2/src/rcl_interfaces/action_msgs', 'symlink_install': False, 'test_result_base': None}
[0.248s] Level 5:colcon.colcon_core.verb:set package 'type_description_interfaces' build argument 'lookup_in_workspace' from command line to 'False'
[0.249s] Level 5:colcon.colcon_core.verb:set package 'type_description_interfaces' build argument 'cargo_args' from command line to 'None'
[0.249s] Level 5:colcon.colcon_core.verb:set package 'type_description_interfaces' build argument 'clean_build' from command line to 'False'
[0.249s] Level 5:colcon.colcon_core.verb:set package 'type_description_interfaces' build argument 'cmake_args' from command line to 'None'
[0.249s] Level 5:colcon.colcon_core.verb:set package 'type_description_interfaces' build argument 'cmake_target' from command line to 'None'
[0.249s] Level 5:colcon.colcon_core.verb:set package 'type_description_interfaces' build argument 'cmake_target_skip_unavailable' from command line to 'False'
[0.249s] Level 5:colcon.colcon_core.verb:set package 'type_description_interfaces' build argument 'cmake_clean_cache' from command line to 'False'
[0.249s] Level 5:colcon.colcon_core.verb:set package 'type_description_interfaces' build argument 'cmake_clean_first' from command line to 'False'
[0.249s] Level 5:colcon.colcon_core.verb:set package 'type_description_interfaces' build argument 'cmake_force_configure' from command line to 'False'
[0.249s] Level 5:colcon.colcon_core.verb:set package 'type_description_interfaces' build argument 'ament_cmake_args' from command line to 'None'
[0.249s] Level 5:colcon.colcon_core.verb:set package 'type_description_interfaces' build argument 'catkin_cmake_args' from command line to 'None'
[0.249s] Level 5:colcon.colcon_core.verb:set package 'type_description_interfaces' build argument 'catkin_skip_building_tests' from command line to 'False'
[0.249s] DEBUG:colcon.colcon_core.verb:Building package 'type_description_interfaces' with the following arguments: {'ament_cmake_args': None, 'build_base': '/home/rsanz/git/learning/ROS2/RustROS2/build/type_description_interfaces', 'cargo_args': None, 'catkin_cmake_args': None, 'catkin_skip_building_tests': False, 'clean_build': False, 'cmake_args': None, 'cmake_clean_cache': False, 'cmake_clean_first': False, 'cmake_force_configure': False, 'cmake_target': None, 'cmake_target_skip_unavailable': False, 'install_base': '/home/rsanz/git/learning/ROS2/RustROS2/install/type_description_interfaces', 'lookup_in_workspace': False, 'merge_install': False, 'path': '/home/rsanz/git/learning/ROS2/RustROS2/src/rcl_interfaces/type_description_interfaces', 'symlink_install': False, 'test_result_base': None}
[0.249s] Level 5:colcon.colcon_core.verb:set package 'rosidl_default_generators' build argument 'lookup_in_workspace' from command line to 'False'
[0.249s] Level 5:colcon.colcon_core.verb:set package 'rosidl_default_generators' build argument 'cargo_args' from command line to 'None'
[0.249s] Level 5:colcon.colcon_core.verb:set package 'rosidl_default_generators' build argument 'clean_build' from command line to 'False'
[0.249s] Level 5:colcon.colcon_core.verb:set package 'rosidl_default_generators' build argument 'cmake_args' from command line to 'None'
[0.249s] Level 5:colcon.colcon_core.verb:set package 'rosidl_default_generators' build argument 'cmake_target' from command line to 'None'
[0.249s] Level 5:colcon.colcon_core.verb:set package 'rosidl_default_generators' build argument 'cmake_target_skip_unavailable' from command line to 'False'
[0.249s] Level 5:colcon.colcon_core.verb:set package 'rosidl_default_generators' build argument 'cmake_clean_cache' from command line to 'False'
[0.249s] Level 5:colcon.colcon_core.verb:set package 'rosidl_default_generators' build argument 'cmake_clean_first' from command line to 'False'
[0.249s] Level 5:colcon.colcon_core.verb:set package 'rosidl_default_generators' build argument 'cmake_force_configure' from command line to 'False'
[0.249s] Level 5:colcon.colcon_core.verb:set package 'rosidl_default_generators' build argument 'ament_cmake_args' from command line to 'None'
[0.249s] Level 5:colcon.colcon_core.verb:set package 'rosidl_default_generators' build argument 'catkin_cmake_args' from command line to 'None'
[0.249s] Level 5:colcon.colcon_core.verb:set package 'rosidl_default_generators' build argument 'catkin_skip_building_tests' from command line to 'False'
[0.249s] DEBUG:colcon.colcon_core.verb:Building package 'rosidl_default_generators' with the following arguments: {'ament_cmake_args': None, 'build_base': '/home/rsanz/git/learning/ROS2/RustROS2/build/rosidl_default_generators', 'cargo_args': None, 'catkin_cmake_args': None, 'catkin_skip_building_tests': False, 'clean_build': False, 'cmake_args': None, 'cmake_clean_cache': False, 'cmake_clean_first': False, 'cmake_force_configure': False, 'cmake_target': None, 'cmake_target_skip_unavailable': False, 'install_base': '/home/rsanz/git/learning/ROS2/RustROS2/install/rosidl_default_generators', 'lookup_in_workspace': False, 'merge_install': False, 'path': '/home/rsanz/git/learning/ROS2/RustROS2/src/rosidl_defaults/rosidl_default_generators', 'symlink_install': False, 'test_result_base': None}
[0.249s] Level 5:colcon.colcon_core.verb:set package 'rosidl_default_runtime' build argument 'lookup_in_workspace' from command line to 'False'
[0.249s] Level 5:colcon.colcon_core.verb:set package 'rosidl_default_runtime' build argument 'cargo_args' from command line to 'None'
[0.249s] Level 5:colcon.colcon_core.verb:set package 'rosidl_default_runtime' build argument 'clean_build' from command line to 'False'
[0.249s] Level 5:colcon.colcon_core.verb:set package 'rosidl_default_runtime' build argument 'cmake_args' from command line to 'None'
[0.249s] Level 5:colcon.colcon_core.verb:set package 'rosidl_default_runtime' build argument 'cmake_target' from command line to 'None'
[0.249s] Level 5:colcon.colcon_core.verb:set package 'rosidl_default_runtime' build argument 'cmake_target_skip_unavailable' from command line to 'False'
[0.249s] Level 5:colcon.colcon_core.verb:set package 'rosidl_default_runtime' build argument 'cmake_clean_cache' from command line to 'False'
[0.249s] Level 5:colcon.colcon_core.verb:set package 'rosidl_default_runtime' build argument 'cmake_clean_first' from command line to 'False'
[0.249s] Level 5:colcon.colcon_core.verb:set package 'rosidl_default_runtime' build argument 'cmake_force_configure' from command line to 'False'
[0.249s] Level 5:colcon.colcon_core.verb:set package 'rosidl_default_runtime' build argument 'ament_cmake_args' from command line to 'None'
[0.249s] Level 5:colcon.colcon_core.verb:set package 'rosidl_default_runtime' build argument 'catkin_cmake_args' from command line to 'None'
[0.249s] Level 5:colcon.colcon_core.verb:set package 'rosidl_default_runtime' build argument 'catkin_skip_building_tests' from command line to 'False'
[0.249s] DEBUG:colcon.colcon_core.verb:Building package 'rosidl_default_runtime' with the following arguments: {'ament_cmake_args': None, 'build_base': '/home/rsanz/git/learning/ROS2/RustROS2/build/rosidl_default_runtime', 'cargo_args': None, 'catkin_cmake_args': None, 'catkin_skip_building_tests': False, 'clean_build': False, 'cmake_args': None, 'cmake_clean_cache': False, 'cmake_clean_first': False, 'cmake_force_configure': False, 'cmake_target': None, 'cmake_target_skip_unavailable': False, 'install_base': '/home/rsanz/git/learning/ROS2/RustROS2/install/rosidl_default_runtime', 'lookup_in_workspace': False, 'merge_install': False, 'path': '/home/rsanz/git/learning/ROS2/RustROS2/src/rosidl_defaults/rosidl_default_runtime', 'symlink_install': False, 'test_result_base': None}
[0.250s] Level 5:colcon.colcon_core.verb:set package 'lifecycle_msgs' build argument 'lookup_in_workspace' from command line to 'False'
[0.250s] Level 5:colcon.colcon_core.verb:set package 'lifecycle_msgs' build argument 'cargo_args' from command line to 'None'
[0.250s] Level 5:colcon.colcon_core.verb:set package 'lifecycle_msgs' build argument 'clean_build' from command line to 'False'
[0.250s] Level 5:colcon.colcon_core.verb:set package 'lifecycle_msgs' build argument 'cmake_args' from command line to 'None'
[0.250s] Level 5:colcon.colcon_core.verb:set package 'lifecycle_msgs' build argument 'cmake_target' from command line to 'None'
[0.250s] Level 5:colcon.colcon_core.verb:set package 'lifecycle_msgs' build argument 'cmake_target_skip_unavailable' from command line to 'False'
[0.250s] Level 5:colcon.colcon_core.verb:set package 'lifecycle_msgs' build argument 'cmake_clean_cache' from command line to 'False'
[0.250s] Level 5:colcon.colcon_core.verb:set package 'lifecycle_msgs' build argument 'cmake_clean_first' from command line to 'False'
[0.250s] Level 5:colcon.colcon_core.verb:set package 'lifecycle_msgs' build argument 'cmake_force_configure' from command line to 'False'
[0.250s] Level 5:colcon.colcon_core.verb:set package 'lifecycle_msgs' build argument 'ament_cmake_args' from command line to 'None'
[0.250s] Level 5:colcon.colcon_core.verb:set package 'lifecycle_msgs' build argument 'catkin_cmake_args' from command line to 'None'
[0.250s] Level 5:colcon.colcon_core.verb:set package 'lifecycle_msgs' build argument 'catkin_skip_building_tests' from command line to 'False'
[0.250s] DEBUG:colcon.colcon_core.verb:Building package 'lifecycle_msgs' with the following arguments: {'ament_cmake_args': None, 'build_base': '/home/rsanz/git/learning/ROS2/RustROS2/build/lifecycle_msgs', 'cargo_args': None, 'catkin_cmake_args': None, 'catkin_skip_building_tests': False, 'clean_build': False, 'cmake_args': None, 'cmake_clean_cache': False, 'cmake_clean_first': False, 'cmake_force_configure': False, 'cmake_target': None, 'cmake_target_skip_unavailable': False, 'install_base': '/home/rsanz/git/learning/ROS2/RustROS2/install/lifecycle_msgs', 'lookup_in_workspace': False, 'merge_install': False, 'path': '/home/rsanz/git/learning/ROS2/RustROS2/src/rcl_interfaces/lifecycle_msgs', 'symlink_install': False, 'test_result_base': None}
[0.250s] Level 5:colcon.colcon_core.verb:set package 'rcl_interfaces' build argument 'lookup_in_workspace' from command line to 'False'
[0.250s] Level 5:colcon.colcon_core.verb:set package 'rcl_interfaces' build argument 'cargo_args' from command line to 'None'
[0.250s] Level 5:colcon.colcon_core.verb:set package 'rcl_interfaces' build argument 'clean_build' from command line to 'False'
[0.250s] Level 5:colcon.colcon_core.verb:set package 'rcl_interfaces' build argument 'cmake_args' from command line to 'None'
[0.250s] Level 5:colcon.colcon_core.verb:set package 'rcl_interfaces' build argument 'cmake_target' from command line to 'None'
[0.250s] Level 5:colcon.colcon_core.verb:set package 'rcl_interfaces' build argument 'cmake_target_skip_unavailable' from command line to 'False'
[0.250s] Level 5:colcon.colcon_core.verb:set package 'rcl_interfaces' build argument 'cmake_clean_cache' from command line to 'False'
[0.250s] Level 5:colcon.colcon_core.verb:set package 'rcl_interfaces' build argument 'cmake_clean_first' from command line to 'False'
[0.250s] Level 5:colcon.colcon_core.verb:set package 'rcl_interfaces' build argument 'cmake_force_configure' from command line to 'False'
[0.250s] Level 5:colcon.colcon_core.verb:set package 'rcl_interfaces' build argument 'ament_cmake_args' from command line to 'None'
[0.250s] Level 5:colcon.colcon_core.verb:set package 'rcl_interfaces' build argument 'catkin_cmake_args' from command line to 'None'
[0.250s] Level 5:colcon.colcon_core.verb:set package 'rcl_interfaces' build argument 'catkin_skip_building_tests' from command line to 'False'
[0.250s] DEBUG:colcon.colcon_core.verb:Building package 'rcl_interfaces' with the following arguments: {'ament_cmake_args': None, 'build_base': '/home/rsanz/git/learning/ROS2/RustROS2/build/rcl_interfaces', 'cargo_args': None, 'catkin_cmake_args': None, 'catkin_skip_building_tests': False, 'clean_build': False, 'cmake_args': None, 'cmake_clean_cache': False, 'cmake_clean_first': False, 'cmake_force_configure': False, 'cmake_target': None, 'cmake_target_skip_unavailable': False, 'install_base': '/home/rsanz/git/learning/ROS2/RustROS2/install/rcl_interfaces', 'lookup_in_workspace': False, 'merge_install': False, 'path': '/home/rsanz/git/learning/ROS2/RustROS2/src/rcl_interfaces/rcl_interfaces', 'symlink_install': False, 'test_result_base': None}
[0.250s] Level 5:colcon.colcon_core.verb:set package 'statistics_msgs' build argument 'lookup_in_workspace' from command line to 'False'
[0.250s] Level 5:colcon.colcon_core.verb:set package 'statistics_msgs' build argument 'cargo_args' from command line to 'None'
[0.250s] Level 5:colcon.colcon_core.verb:set package 'statistics_msgs' build argument 'clean_build' from command line to 'False'
[0.250s] Level 5:colcon.colcon_core.verb:set package 'statistics_msgs' build argument 'cmake_args' from command line to 'None'
[0.250s] Level 5:colcon.colcon_core.verb:set package 'statistics_msgs' build argument 'cmake_target' from command line to 'None'
[0.251s] Level 5:colcon.colcon_core.verb:set package 'statistics_msgs' build argument 'cmake_target_skip_unavailable' from command line to 'False'
[0.251s] Level 5:colcon.colcon_core.verb:set package 'statistics_msgs' build argument 'cmake_clean_cache' from command line to 'False'
[0.251s] Level 5:colcon.colcon_core.verb:set package 'statistics_msgs' build argument 'cmake_clean_first' from command line to 'False'
[0.251s] Level 5:colcon.colcon_core.verb:set package 'statistics_msgs' build argument 'cmake_force_configure' from command line to 'False'
[0.251s] Level 5:colcon.colcon_core.verb:set package 'statistics_msgs' build argument 'ament_cmake_args' from command line to 'None'
[0.251s] Level 5:colcon.colcon_core.verb:set package 'statistics_msgs' build argument 'catkin_cmake_args' from command line to 'None'
[0.251s] Level 5:colcon.colcon_core.verb:set package 'statistics_msgs' build argument 'catkin_skip_building_tests' from command line to 'False'
[0.251s] DEBUG:colcon.colcon_core.verb:Building package 'statistics_msgs' with the following arguments: {'ament_cmake_args': None, 'build_base': '/home/rsanz/git/learning/ROS2/RustROS2/build/statistics_msgs', 'cargo_args': None, 'catkin_cmake_args': None, 'catkin_skip_building_tests': False, 'clean_build': False, 'cmake_args': None, 'cmake_clean_cache': False, 'cmake_clean_first': False, 'cmake_force_configure': False, 'cmake_target': None, 'cmake_target_skip_unavailable': False, 'install_base': '/home/rsanz/git/learning/ROS2/RustROS2/install/statistics_msgs', 'lookup_in_workspace': False, 'merge_install': False, 'path': '/home/rsanz/git/learning/ROS2/RustROS2/src/rcl_interfaces/statistics_msgs', 'symlink_install': False, 'test_result_base': None}
[0.251s] Level 5:colcon.colcon_core.verb:set package 'std_msgs' build argument 'lookup_in_workspace' from command line to 'False'
[0.251s] Level 5:colcon.colcon_core.verb:set package 'std_msgs' build argument 'cargo_args' from command line to 'None'
[0.251s] Level 5:colcon.colcon_core.verb:set package 'std_msgs' build argument 'clean_build' from command line to 'False'
[0.251s] Level 5:colcon.colcon_core.verb:set package 'std_msgs' build argument 'cmake_args' from command line to 'None'
[0.251s] Level 5:colcon.colcon_core.verb:set package 'std_msgs' build argument 'cmake_target' from command line to 'None'
[0.251s] Level 5:colcon.colcon_core.verb:set package 'std_msgs' build argument 'cmake_target_skip_unavailable' from command line to 'False'
[0.251s] Level 5:colcon.colcon_core.verb:set package 'std_msgs' build argument 'cmake_clean_cache' from command line to 'False'
[0.251s] Level 5:colcon.colcon_core.verb:set package 'std_msgs' build argument 'cmake_clean_first' from command line to 'False'
[0.251s] Level 5:colcon.colcon_core.verb:set package 'std_msgs' build argument 'cmake_force_configure' from command line to 'False'
[0.251s] Level 5:colcon.colcon_core.verb:set package 'std_msgs' build argument 'ament_cmake_args' from command line to 'None'
[0.251s] Level 5:colcon.colcon_core.verb:set package 'std_msgs' build argument 'catkin_cmake_args' from command line to 'None'
[0.251s] Level 5:colcon.colcon_core.verb:set package 'std_msgs' build argument 'catkin_skip_building_tests' from command line to 'False'
[0.251s] DEBUG:colcon.colcon_core.verb:Building package 'std_msgs' with the following arguments: {'ament_cmake_args': None, 'build_base': '/home/rsanz/git/learning/ROS2/RustROS2/build/std_msgs', 'cargo_args': None, 'catkin_cmake_args': None, 'catkin_skip_building_tests': False, 'clean_build': False, 'cmake_args': None, 'cmake_clean_cache': False, 'cmake_clean_first': False, 'cmake_force_configure': False, 'cmake_target': None, 'cmake_target_skip_unavailable': False, 'install_base': '/home/rsanz/git/learning/ROS2/RustROS2/install/std_msgs', 'lookup_in_workspace': False, 'merge_install': False, 'path': '/home/rsanz/git/learning/ROS2/RustROS2/src/common_interfaces/std_msgs', 'symlink_install': False, 'test_result_base': None}
[0.251s] Level 5:colcon.colcon_core.verb:set package 'std_srvs' build argument 'lookup_in_workspace' from command line to 'False'
[0.251s] Level 5:colcon.colcon_core.verb:set package 'std_srvs' build argument 'cargo_args' from command line to 'None'
[0.251s] Level 5:colcon.colcon_core.verb:set package 'std_srvs' build argument 'clean_build' from command line to 'False'
[0.251s] Level 5:colcon.colcon_core.verb:set package 'std_srvs' build argument 'cmake_args' from command line to 'None'
[0.251s] Level 5:colcon.colcon_core.verb:set package 'std_srvs' build argument 'cmake_target' from command line to 'None'
[0.251s] Level 5:colcon.colcon_core.verb:set package 'std_srvs' build argument 'cmake_target_skip_unavailable' from command line to 'False'
[0.251s] Level 5:colcon.colcon_core.verb:set package 'std_srvs' build argument 'cmake_clean_cache' from command line to 'False'
[0.251s] Level 5:colcon.colcon_core.verb:set package 'std_srvs' build argument 'cmake_clean_first' from command line to 'False'
[0.251s] Level 5:colcon.colcon_core.verb:set package 'std_srvs' build argument 'cmake_force_configure' from command line to 'False'
[0.252s] Level 5:colcon.colcon_core.verb:set package 'std_srvs' build argument 'ament_cmake_args' from command line to 'None'
[0.252s] Level 5:colcon.colcon_core.verb:set package 'std_srvs' build argument 'catkin_cmake_args' from command line to 'None'
[0.252s] Level 5:colcon.colcon_core.verb:set package 'std_srvs' build argument 'catkin_skip_building_tests' from command line to 'False'
[0.252s] DEBUG:colcon.colcon_core.verb:Building package 'std_srvs' with the following arguments: {'ament_cmake_args': None, 'build_base': '/home/rsanz/git/learning/ROS2/RustROS2/build/std_srvs', 'cargo_args': None, 'catkin_cmake_args': None, 'catkin_skip_building_tests': False, 'clean_build': False, 'cmake_args': None, 'cmake_clean_cache': False, 'cmake_clean_first': False, 'cmake_force_configure': False, 'cmake_target': None, 'cmake_target_skip_unavailable': False, 'install_base': '/home/rsanz/git/learning/ROS2/RustROS2/install/std_srvs', 'lookup_in_workspace': False, 'merge_install': False, 'path': '/home/rsanz/git/learning/ROS2/RustROS2/src/common_interfaces/std_srvs', 'symlink_install': False, 'test_result_base': None}
[0.252s] Level 5:colcon.colcon_core.verb:set package 'test_msgs' build argument 'lookup_in_workspace' from command line to 'False'
[0.252s] Level 5:colcon.colcon_core.verb:set package 'test_msgs' build argument 'cargo_args' from command line to 'None'
[0.252s] Level 5:colcon.colcon_core.verb:set package 'test_msgs' build argument 'clean_build' from command line to 'False'
[0.252s] Level 5:colcon.colcon_core.verb:set package 'test_msgs' build argument 'cmake_args' from command line to 'None'
[0.252s] Level 5:colcon.colcon_core.verb:set package 'test_msgs' build argument 'cmake_target' from command line to 'None'
[0.252s] Level 5:colcon.colcon_core.verb:set package 'test_msgs' build argument 'cmake_target_skip_unavailable' from command line to 'False'
[0.252s] Level 5:colcon.colcon_core.verb:set package 'test_msgs' build argument 'cmake_clean_cache' from command line to 'False'
[0.252s] Level 5:colcon.colcon_core.verb:set package 'test_msgs' build argument 'cmake_clean_first' from command line to 'False'
[0.252s] Level 5:colcon.colcon_core.verb:set package 'test_msgs' build argument 'cmake_force_configure' from command line to 'False'
[0.252s] Level 5:colcon.colcon_core.verb:set package 'test_msgs' build argument 'ament_cmake_args' from command line to 'None'
[0.252s] Level 5:colcon.colcon_core.verb:set package 'test_msgs' build argument 'catkin_cmake_args' from command line to 'None'
[0.252s] Level 5:colcon.colcon_core.verb:set package 'test_msgs' build argument 'catkin_skip_building_tests' from command line to 'False'
[0.252s] DEBUG:colcon.colcon_core.verb:Building package 'test_msgs' with the following arguments: {'ament_cmake_args': None, 'build_base': '/home/rsanz/git/learning/ROS2/RustROS2/build/test_msgs', 'cargo_args': None, 'catkin_cmake_args': None, 'catkin_skip_building_tests': False, 'clean_build': False, 'cmake_args': None, 'cmake_clean_cache': False, 'cmake_clean_first': False, 'cmake_force_configure': False, 'cmake_target': None, 'cmake_target_skip_unavailable': False, 'install_base': '/home/rsanz/git/learning/ROS2/RustROS2/install/test_msgs', 'lookup_in_workspace': False, 'merge_install': False, 'path': '/home/rsanz/git/learning/ROS2/RustROS2/src/rcl_interfaces/test_msgs', 'symlink_install': False, 'test_result_base': None}
[0.252s] Level 5:colcon.colcon_core.verb:set package 'actionlib_msgs' build argument 'lookup_in_workspace' from command line to 'False'
[0.252s] Level 5:colcon.colcon_core.verb:set package 'actionlib_msgs' build argument 'cargo_args' from command line to 'None'
[0.252s] Level 5:colcon.colcon_core.verb:set package 'actionlib_msgs' build argument 'clean_build' from command line to 'False'
[0.252s] Level 5:colcon.colcon_core.verb:set package 'actionlib_msgs' build argument 'cmake_args' from command line to 'None'
[0.252s] Level 5:colcon.colcon_core.verb:set package 'actionlib_msgs' build argument 'cmake_target' from command line to 'None'
[0.252s] Level 5:colcon.colcon_core.verb:set package 'actionlib_msgs' build argument 'cmake_target_skip_unavailable' from command line to 'False'
[0.252s] Level 5:colcon.colcon_core.verb:set package 'actionlib_msgs' build argument 'cmake_clean_cache' from command line to 'False'
[0.252s] Level 5:colcon.colcon_core.verb:set package 'actionlib_msgs' build argument 'cmake_clean_first' from command line to 'False'
[0.252s] Level 5:colcon.colcon_core.verb:set package 'actionlib_msgs' build argument 'cmake_force_configure' from command line to 'False'
[0.252s] Level 5:colcon.colcon_core.verb:set package 'actionlib_msgs' build argument 'ament_cmake_args' from command line to 'None'
[0.252s] Level 5:colcon.colcon_core.verb:set package 'actionlib_msgs' build argument 'catkin_cmake_args' from command line to 'None'
[0.252s] Level 5:colcon.colcon_core.verb:set package 'actionlib_msgs' build argument 'catkin_skip_building_tests' from command line to 'False'
[0.252s] DEBUG:colcon.colcon_core.verb:Building package 'actionlib_msgs' with the following arguments: {'ament_cmake_args': None, 'build_base': '/home/rsanz/git/learning/ROS2/RustROS2/build/actionlib_msgs', 'cargo_args': None, 'catkin_cmake_args': None, 'catkin_skip_building_tests': False, 'clean_build': False, 'cmake_args': None, 'cmake_clean_cache': False, 'cmake_clean_first': False, 'cmake_force_configure': False, 'cmake_target': None, 'cmake_target_skip_unavailable': False, 'install_base': '/home/rsanz/git/learning/ROS2/RustROS2/install/actionlib_msgs', 'lookup_in_workspace': False, 'merge_install': False, 'path': '/home/rsanz/git/learning/ROS2/RustROS2/src/common_interfaces/actionlib_msgs', 'symlink_install': False, 'test_result_base': None}
[0.253s] Level 5:colcon.colcon_core.verb:set package 'composition_interfaces' build argument 'lookup_in_workspace' from command line to 'False'
[0.253s] Level 5:colcon.colcon_core.verb:set package 'composition_interfaces' build argument 'cargo_args' from command line to 'None'
[0.253s] Level 5:colcon.colcon_core.verb:set package 'composition_interfaces' build argument 'clean_build' from command line to 'False'
[0.253s] Level 5:colcon.colcon_core.verb:set package 'composition_interfaces' build argument 'cmake_args' from command line to 'None'
[0.253s] Level 5:colcon.colcon_core.verb:set package 'composition_interfaces' build argument 'cmake_target' from command line to 'None'
[0.253s] Level 5:colcon.colcon_core.verb:set package 'composition_interfaces' build argument 'cmake_target_skip_unavailable' from command line to 'False'
[0.253s] Level 5:colcon.colcon_core.verb:set package 'composition_interfaces' build argument 'cmake_clean_cache' from command line to 'False'
[0.253s] Level 5:colcon.colcon_core.verb:set package 'composition_interfaces' build argument 'cmake_clean_first' from command line to 'False'
[0.253s] Level 5:colcon.colcon_core.verb:set package 'composition_interfaces' build argument 'cmake_force_configure' from command line to 'False'
[0.253s] Level 5:colcon.colcon_core.verb:set package 'composition_interfaces' build argument 'ament_cmake_args' from command line to 'None'
[0.253s] Level 5:colcon.colcon_core.verb:set package 'composition_interfaces' build argument 'catkin_cmake_args' from command line to 'None'
[0.253s] Level 5:colcon.colcon_core.verb:set package 'composition_interfaces' build argument 'catkin_skip_building_tests' from command line to 'False'
[0.253s] DEBUG:colcon.colcon_core.verb:Building package 'composition_interfaces' with the following arguments: {'ament_cmake_args': None, 'build_base': '/home/rsanz/git/learning/ROS2/RustROS2/build/composition_interfaces', 'cargo_args': None, 'catkin_cmake_args': None, 'catkin_skip_building_tests': False, 'clean_build': False, 'cmake_args': None, 'cmake_clean_cache': False, 'cmake_clean_first': False, 'cmake_force_configure': False, 'cmake_target': None, 'cmake_target_skip_unavailable': False, 'install_base': '/home/rsanz/git/learning/ROS2/RustROS2/install/composition_interfaces', 'lookup_in_workspace': False, 'merge_install': False, 'path': '/home/rsanz/git/learning/ROS2/RustROS2/src/rcl_interfaces/composition_interfaces', 'symlink_install': False, 'test_result_base': None}
[0.253s] Level 5:colcon.colcon_core.verb:set package 'geometry_msgs' build argument 'lookup_in_workspace' from command line to 'False'
[0.253s] Level 5:colcon.colcon_core.verb:set package 'geometry_msgs' build argument 'cargo_args' from command line to 'None'
[0.253s] Level 5:colcon.colcon_core.verb:set package 'geometry_msgs' build argument 'clean_build' from command line to 'False'
[0.253s] Level 5:colcon.colcon_core.verb:set package 'geometry_msgs' build argument 'cmake_args' from command line to 'None'
[0.253s] Level 5:colcon.colcon_core.verb:set package 'geometry_msgs' build argument 'cmake_target' from command line to 'None'
[0.253s] Level 5:colcon.colcon_core.verb:set package 'geometry_msgs' build argument 'cmake_target_skip_unavailable' from command line to 'False'
[0.253s] Level 5:colcon.colcon_core.verb:set package 'geometry_msgs' build argument 'cmake_clean_cache' from command line to 'False'
[0.253s] Level 5:colcon.colcon_core.verb:set package 'geometry_msgs' build argument 'cmake_clean_first' from command line to 'False'
[0.253s] Level 5:colcon.colcon_core.verb:set package 'geometry_msgs' build argument 'cmake_force_configure' from command line to 'False'
[0.253s] Level 5:colcon.colcon_core.verb:set package 'geometry_msgs' build argument 'ament_cmake_args' from command line to 'None'
[0.253s] Level 5:colcon.colcon_core.verb:set package 'geometry_msgs' build argument 'catkin_cmake_args' from command line to 'None'
[0.253s] Level 5:colcon.colcon_core.verb:set package 'geometry_msgs' build argument 'catkin_skip_building_tests' from command line to 'False'
[0.253s] DEBUG:colcon.colcon_core.verb:Building package 'geometry_msgs' with the following arguments: {'ament_cmake_args': None, 'build_base': '/home/rsanz/git/learning/ROS2/RustROS2/build/geometry_msgs', 'cargo_args': None, 'catkin_cmake_args': None, 'catkin_skip_building_tests': False, 'clean_build': False, 'cmake_args': None, 'cmake_clean_cache': False, 'cmake_clean_first': False, 'cmake_force_configure': False, 'cmake_target': None, 'cmake_target_skip_unavailable': False, 'install_base': '/home/rsanz/git/learning/ROS2/RustROS2/install/geometry_msgs', 'lookup_in_workspace': False, 'merge_install': False, 'path': '/home/rsanz/git/learning/ROS2/RustROS2/src/common_interfaces/geometry_msgs', 'symlink_install': False, 'test_result_base': None}
[0.253s] Level 5:colcon.colcon_core.verb:set package 'rosgraph_msgs' build argument 'lookup_in_workspace' from command line to 'False'
[0.253s] Level 5:colcon.colcon_core.verb:set package 'rosgraph_msgs' build argument 'cargo_args' from command line to 'None'
[0.253s] Level 5:colcon.colcon_core.verb:set package 'rosgraph_msgs' build argument 'clean_build' from command line to 'False'
[0.253s] Level 5:colcon.colcon_core.verb:set package 'rosgraph_msgs' build argument 'cmake_args' from command line to 'None'
[0.253s] Level 5:colcon.colcon_core.verb:set package 'rosgraph_msgs' build argument 'cmake_target' from command line to 'None'
[0.253s] Level 5:colcon.colcon_core.verb:set package 'rosgraph_msgs' build argument 'cmake_target_skip_unavailable' from command line to 'False'
[0.253s] Level 5:colcon.colcon_core.verb:set package 'rosgraph_msgs' build argument 'cmake_clean_cache' from command line to 'False'
[0.253s] Level 5:colcon.colcon_core.verb:set package 'rosgraph_msgs' build argument 'cmake_clean_first' from command line to 'False'
[0.254s] Level 5:colcon.colcon_core.verb:set package 'rosgraph_msgs' build argument 'cmake_force_configure' from command line to 'False'
[0.254s] Level 5:colcon.colcon_core.verb:set package 'rosgraph_msgs' build argument 'ament_cmake_args' from command line to 'None'
[0.254s] Level 5:colcon.colcon_core.verb:set package 'rosgraph_msgs' build argument 'catkin_cmake_args' from command line to 'None'
[0.254s] Level 5:colcon.colcon_core.verb:set package 'rosgraph_msgs' build argument 'catkin_skip_building_tests' from command line to 'False'
[0.254s] DEBUG:colcon.colcon_core.verb:Building package 'rosgraph_msgs' with the following arguments: {'ament_cmake_args': None, 'build_base': '/home/rsanz/git/learning/ROS2/RustROS2/build/rosgraph_msgs', 'cargo_args': None, 'catkin_cmake_args': None, 'catkin_skip_building_tests': False, 'clean_build': False, 'cmake_args': None, 'cmake_clean_cache': False, 'cmake_clean_first': False, 'cmake_force_configure': False, 'cmake_target': None, 'cmake_target_skip_unavailable': False, 'install_base': '/home/rsanz/git/learning/ROS2/RustROS2/install/rosgraph_msgs', 'lookup_in_workspace': False, 'merge_install': False, 'path': '/home/rsanz/git/learning/ROS2/RustROS2/src/rcl_interfaces/rosgraph_msgs', 'symlink_install': False, 'test_result_base': None}
[0.254s] Level 5:colcon.colcon_core.verb:set package 'rust_pubsub' build argument 'lookup_in_workspace' from command line to 'False'
[0.254s] Level 5:colcon.colcon_core.verb:set package 'rust_pubsub' build argument 'cargo_args' from command line to 'None'
[0.254s] Level 5:colcon.colcon_core.verb:set package 'rust_pubsub' build argument 'clean_build' from command line to 'False'
[0.254s] Level 5:colcon.colcon_core.verb:set package 'rust_pubsub' build argument 'cmake_args' from command line to 'None'
[0.254s] Level 5:colcon.colcon_core.verb:set package 'rust_pubsub' build argument 'cmake_target' from command line to 'None'
[0.254s] Level 5:colcon.colcon_core.verb:set package 'rust_pubsub' build argument 'cmake_target_skip_unavailable' from command line to 'False'
[0.254s] Level 5:colcon.colcon_core.verb:set package 'rust_pubsub' build argument 'cmake_clean_cache' from command line to 'False'
[0.254s] Level 5:colcon.colcon_core.verb:set package 'rust_pubsub' build argument 'cmake_clean_first' from command line to 'False'
[0.254s] Level 5:colcon.colcon_core.verb:set package 'rust_pubsub' build argument 'cmake_force_configure' from command line to 'False'
[0.254s] Level 5:colcon.colcon_core.verb:set package 'rust_pubsub' build argument 'ament_cmake_args' from command line to 'None'
[0.254s] Level 5:colcon.colcon_core.verb:set package 'rust_pubsub' build argument 'catkin_cmake_args' from command line to 'None'
[0.254s] Level 5:colcon.colcon_core.verb:set package 'rust_pubsub' build argument 'catkin_skip_building_tests' from command line to 'False'
[0.254s] DEBUG:colcon.colcon_core.verb:Building package 'rust_pubsub' with the following arguments: {'ament_cmake_args': None, 'build_base': '/home/rsanz/git/learning/ROS2/RustROS2/build/rust_pubsub', 'cargo_args': None, 'catkin_cmake_args': None, 'catkin_skip_building_tests': False, 'clean_build': False, 'cmake_args': None, 'cmake_clean_cache': False, 'cmake_clean_first': False, 'cmake_force_configure': False, 'cmake_target': None, 'cmake_target_skip_unavailable': False, 'install_base': '/home/rsanz/git/learning/ROS2/RustROS2/install/rust_pubsub', 'lookup_in_workspace': False, 'merge_install': False, 'path': '/home/rsanz/git/learning/ROS2/RustROS2/src/rust_pubsub', 'symlink_install': False, 'test_result_base': None}
[0.254s] Level 5:colcon.colcon_core.verb:set package 'diagnostic_msgs' build argument 'lookup_in_workspace' from command line to 'False'
[0.254s] Level 5:colcon.colcon_core.verb:set package 'diagnostic_msgs' build argument 'cargo_args' from command line to 'None'
[0.254s] Level 5:colcon.colcon_core.verb:set package 'diagnostic_msgs' build argument 'clean_build' from command line to 'False'
[0.254s] Level 5:colcon.colcon_core.verb:set package 'diagnostic_msgs' build argument 'cmake_args' from command line to 'None'
[0.254s] Level 5:colcon.colcon_core.verb:set package 'diagnostic_msgs' build argument 'cmake_target' from command line to 'None'
[0.254s] Level 5:colcon.colcon_core.verb:set package 'diagnostic_msgs' build argument 'cmake_target_skip_unavailable' from command line to 'False'
[0.254s] Level 5:colcon.colcon_core.verb:set package 'diagnostic_msgs' build argument 'cmake_clean_cache' from command line to 'False'
[0.254s] Level 5:colcon.colcon_core.verb:set package 'diagnostic_msgs' build argument 'cmake_clean_first' from command line to 'False'
[0.254s] Level 5:colcon.colcon_core.verb:set package 'diagnostic_msgs' build argument 'cmake_force_configure' from command line to 'False'
[0.254s] Level 5:colcon.colcon_core.verb:set package 'diagnostic_msgs' build argument 'ament_cmake_args' from command line to 'None'
[0.254s] Level 5:colcon.colcon_core.verb:set package 'diagnostic_msgs' build argument 'catkin_cmake_args' from command line to 'None'
[0.254s] Level 5:colcon.colcon_core.verb:set package 'diagnostic_msgs' build argument 'catkin_skip_building_tests' from command line to 'False'
[0.254s] DEBUG:colcon.colcon_core.verb:Building package 'diagnostic_msgs' with the following arguments: {'ament_cmake_args': None, 'build_base': '/home/rsanz/git/learning/ROS2/RustROS2/build/diagnostic_msgs', 'cargo_args': None, 'catkin_cmake_args': None, 'catkin_skip_building_tests': False, 'clean_build': False, 'cmake_args': None, 'cmake_clean_cache': False, 'cmake_clean_first': False, 'cmake_force_configure': False, 'cmake_target': None, 'cmake_target_skip_unavailable': False, 'install_base': '/home/rsanz/git/learning/ROS2/RustROS2/install/diagnostic_msgs', 'lookup_in_workspace': False, 'merge_install': False, 'path': '/home/rsanz/git/learning/ROS2/RustROS2/src/common_interfaces/diagnostic_msgs', 'symlink_install': False, 'test_result_base': None}
[0.255s] Level 5:colcon.colcon_core.verb:set package 'nav_msgs' build argument 'lookup_in_workspace' from command line to 'False'
[0.255s] Level 5:colcon.colcon_core.verb:set package 'nav_msgs' build argument 'cargo_args' from command line to 'None'
[0.255s] Level 5:colcon.colcon_core.verb:set package 'nav_msgs' build argument 'clean_build' from command line to 'False'
[0.255s] Level 5:colcon.colcon_core.verb:set package 'nav_msgs' build argument 'cmake_args' from command line to 'None'
[0.255s] Level 5:colcon.colcon_core.verb:set package 'nav_msgs' build argument 'cmake_target' from command line to 'None'
[0.255s] Level 5:colcon.colcon_core.verb:set package 'nav_msgs' build argument 'cmake_target_skip_unavailable' from command line to 'False'
[0.255s] Level 5:colcon.colcon_core.verb:set package 'nav_msgs' build argument 'cmake_clean_cache' from command line to 'False'
[0.255s] Level 5:colcon.colcon_core.verb:set package 'nav_msgs' build argument 'cmake_clean_first' from command line to 'False'
[0.255s] Level 5:colcon.colcon_core.verb:set package 'nav_msgs' build argument 'cmake_force_configure' from command line to 'False'
[0.255s] Level 5:colcon.colcon_core.verb:set package 'nav_msgs' build argument 'ament_cmake_args' from command line to 'None'
[0.255s] Level 5:colcon.colcon_core.verb:set package 'nav_msgs' build argument 'catkin_cmake_args' from command line to 'None'
[0.255s] Level 5:colcon.colcon_core.verb:set package 'nav_msgs' build argument 'catkin_skip_building_tests' from command line to 'False'
[0.255s] DEBUG:colcon.colcon_core.verb:Building package 'nav_msgs' with the following arguments: {'ament_cmake_args': None, 'build_base': '/home/rsanz/git/learning/ROS2/RustROS2/build/nav_msgs', 'cargo_args': None, 'catkin_cmake_args': None, 'catkin_skip_building_tests': False, 'clean_build': False, 'cmake_args': None, 'cmake_clean_cache': False, 'cmake_clean_first': False, 'cmake_force_configure': False, 'cmake_target': None, 'cmake_target_skip_unavailable': False, 'install_base': '/home/rsanz/git/learning/ROS2/RustROS2/install/nav_msgs', 'lookup_in_workspace': False, 'merge_install': False, 'path': '/home/rsanz/git/learning/ROS2/RustROS2/src/common_interfaces/nav_msgs', 'symlink_install': False, 'test_result_base': None}
[0.255s] Level 5:colcon.colcon_core.verb:set package 'sensor_msgs' build argument 'lookup_in_workspace' from command line to 'False'
[0.255s] Level 5:colcon.colcon_core.verb:set package 'sensor_msgs' build argument 'cargo_args' from command line to 'None'
[0.255s] Level 5:colcon.colcon_core.verb:set package 'sensor_msgs' build argument 'clean_build' from command line to 'False'
[0.255s] Level 5:colcon.colcon_core.verb:set package 'sensor_msgs' build argument 'cmake_args' from command line to 'None'
[0.255s] Level 5:colcon.colcon_core.verb:set package 'sensor_msgs' build argument 'cmake_target' from command line to 'None'
[0.255s] Level 5:colcon.colcon_core.verb:set package 'sensor_msgs' build argument 'cmake_target_skip_unavailable' from command line to 'False'
[0.255s] Level 5:colcon.colcon_core.verb:set package 'sensor_msgs' build argument 'cmake_clean_cache' from command line to 'False'
[0.255s] Level 5:colcon.colcon_core.verb:set package 'sensor_msgs' build argument 'cmake_clean_first' from command line to 'False'
[0.255s] Level 5:colcon.colcon_core.verb:set package 'sensor_msgs' build argument 'cmake_force_configure' from command line to 'False'
[0.255s] Level 5:colcon.colcon_core.verb:set package 'sensor_msgs' build argument 'ament_cmake_args' from command line to 'None'
[0.255s] Level 5:colcon.colcon_core.verb:set package 'sensor_msgs' build argument 'catkin_cmake_args' from command line to 'None'
[0.255s] Level 5:colcon.colcon_core.verb:set package 'sensor_msgs' build argument 'catkin_skip_building_tests' from command line to 'False'
[0.255s] DEBUG:colcon.colcon_core.verb:Building package 'sensor_msgs' with the following arguments: {'ament_cmake_args': None, 'build_base': '/home/rsanz/git/learning/ROS2/RustROS2/build/sensor_msgs', 'cargo_args': None, 'catkin_cmake_args': None, 'catkin_skip_building_tests': False, 'clean_build': False, 'cmake_args': None, 'cmake_clean_cache': False, 'cmake_clean_first': False, 'cmake_force_configure': False, 'cmake_target': None, 'cmake_target_skip_unavailable': False, 'install_base': '/home/rsanz/git/learning/ROS2/RustROS2/install/sensor_msgs', 'lookup_in_workspace': False, 'merge_install': False, 'path': '/home/rsanz/git/learning/ROS2/RustROS2/src/common_interfaces/sensor_msgs', 'symlink_install': False, 'test_result_base': None}
[0.255s] Level 5:colcon.colcon_core.verb:set package 'shape_msgs' build argument 'lookup_in_workspace' from command line to 'False'
[0.255s] Level 5:colcon.colcon_core.verb:set package 'shape_msgs' build argument 'cargo_args' from command line to 'None'
[0.255s] Level 5:colcon.colcon_core.verb:set package 'shape_msgs' build argument 'clean_build' from command line to 'False'
[0.255s] Level 5:colcon.colcon_core.verb:set package 'shape_msgs' build argument 'cmake_args' from command line to 'None'
[0.255s] Level 5:colcon.colcon_core.verb:set package 'shape_msgs' build argument 'cmake_target' from command line to 'None'
[0.255s] Level 5:colcon.colcon_core.verb:set package 'shape_msgs' build argument 'cmake_target_skip_unavailable' from command line to 'False'
[0.255s] Level 5:colcon.colcon_core.verb:set package 'shape_msgs' build argument 'cmake_clean_cache' from command line to 'False'
[0.255s] Level 5:colcon.colcon_core.verb:set package 'shape_msgs' build argument 'cmake_clean_first' from command line to 'False'
[0.255s] Level 5:colcon.colcon_core.verb:set package 'shape_msgs' build argument 'cmake_force_configure' from command line to 'False'
[0.255s] Level 5:colcon.colcon_core.verb:set package 'shape_msgs' build argument 'ament_cmake_args' from command line to 'None'
[0.255s] Level 5:colcon.colcon_core.verb:set package 'shape_msgs' build argument 'catkin_cmake_args' from command line to 'None'
[0.255s] Level 5:colcon.colcon_core.verb:set package 'shape_msgs' build argument 'catkin_skip_building_tests' from command line to 'False'
[0.255s] DEBUG:colcon.colcon_core.verb:Building package 'shape_msgs' with the following arguments: {'ament_cmake_args': None, 'build_base': '/home/rsanz/git/learning/ROS2/RustROS2/build/shape_msgs', 'cargo_args': None, 'catkin_cmake_args': None, 'catkin_skip_building_tests': False, 'clean_build': False, 'cmake_args': None, 'cmake_clean_cache': False, 'cmake_clean_first': False, 'cmake_force_configure': False, 'cmake_target': None, 'cmake_target_skip_unavailable': False, 'install_base': '/home/rsanz/git/learning/ROS2/RustROS2/install/shape_msgs', 'lookup_in_workspace': False, 'merge_install': False, 'path': '/home/rsanz/git/learning/ROS2/RustROS2/src/common_interfaces/shape_msgs', 'symlink_install': False, 'test_result_base': None}
[0.256s] Level 5:colcon.colcon_core.verb:set package 'trajectory_msgs' build argument 'lookup_in_workspace' from command line to 'False'
[0.256s] Level 5:colcon.colcon_core.verb:set package 'trajectory_msgs' build argument 'cargo_args' from command line to 'None'
[0.256s] Level 5:colcon.colcon_core.verb:set package 'trajectory_msgs' build argument 'clean_build' from command line to 'False'
[0.256s] Level 5:colcon.colcon_core.verb:set package 'trajectory_msgs' build argument 'cmake_args' from command line to 'None'
[0.256s] Level 5:colcon.colcon_core.verb:set package 'trajectory_msgs' build argument 'cmake_target' from command line to 'None'
[0.256s] Level 5:colcon.colcon_core.verb:set package 'trajectory_msgs' build argument 'cmake_target_skip_unavailable' from command line to 'False'
[0.256s] Level 5:colcon.colcon_core.verb:set package 'trajectory_msgs' build argument 'cmake_clean_cache' from command line to 'False'
[0.256s] Level 5:colcon.colcon_core.verb:set package 'trajectory_msgs' build argument 'cmake_clean_first' from command line to 'False'
[0.256s] Level 5:colcon.colcon_core.verb:set package 'trajectory_msgs' build argument 'cmake_force_configure' from command line to 'False'
[0.256s] Level 5:colcon.colcon_core.verb:set package 'trajectory_msgs' build argument 'ament_cmake_args' from command line to 'None'
[0.256s] Level 5:colcon.colcon_core.verb:set package 'trajectory_msgs' build argument 'catkin_cmake_args' from command line to 'None'
[0.256s] Level 5:colcon.colcon_core.verb:set package 'trajectory_msgs' build argument 'catkin_skip_building_tests' from command line to 'False'
[0.256s] DEBUG:colcon.colcon_core.verb:Building package 'trajectory_msgs' with the following arguments: {'ament_cmake_args': None, 'build_base': '/home/rsanz/git/learning/ROS2/RustROS2/build/trajectory_msgs', 'cargo_args': None, 'catkin_cmake_args': None, 'catkin_skip_building_tests': False, 'clean_build': False, 'cmake_args': None, 'cmake_clean_cache': False, 'cmake_clean_first': False, 'cmake_force_configure': False, 'cmake_target': None, 'cmake_target_skip_unavailable': False, 'install_base': '/home/rsanz/git/learning/ROS2/RustROS2/install/trajectory_msgs', 'lookup_in_workspace': False, 'merge_install': False, 'path': '/home/rsanz/git/learning/ROS2/RustROS2/src/common_interfaces/trajectory_msgs', 'symlink_install': False, 'test_result_base': None}
[0.256s] Level 5:colcon.colcon_core.verb:set package 'sensor_msgs_py' build argument 'lookup_in_workspace' from command line to 'False'
[0.256s] Level 5:colcon.colcon_core.verb:set package 'sensor_msgs_py' build argument 'cargo_args' from command line to 'None'
[0.256s] Level 5:colcon.colcon_core.verb:set package 'sensor_msgs_py' build argument 'clean_build' from command line to 'False'
[0.256s] Level 5:colcon.colcon_core.verb:set package 'sensor_msgs_py' build argument 'cmake_args' from command line to 'None'
[0.256s] Level 5:colcon.colcon_core.verb:set package 'sensor_msgs_py' build argument 'cmake_target' from command line to 'None'
[0.256s] Level 5:colcon.colcon_core.verb:set package 'sensor_msgs_py' build argument 'cmake_target_skip_unavailable' from command line to 'False'
[0.256s] Level 5:colcon.colcon_core.verb:set package 'sensor_msgs_py' build argument 'cmake_clean_cache' from command line to 'False'
[0.256s] Level 5:colcon.colcon_core.verb:set package 'sensor_msgs_py' build argument 'cmake_clean_first' from command line to 'False'
[0.256s] Level 5:colcon.colcon_core.verb:set package 'sensor_msgs_py' build argument 'cmake_force_configure' from command line to 'False'
[0.256s] Level 5:colcon.colcon_core.verb:set package 'sensor_msgs_py' build argument 'ament_cmake_args' from command line to 'None'
[0.256s] Level 5:colcon.colcon_core.verb:set package 'sensor_msgs_py' build argument 'catkin_cmake_args' from command line to 'None'
[0.256s] Level 5:colcon.colcon_core.verb:set package 'sensor_msgs_py' build argument 'catkin_skip_building_tests' from command line to 'False'
[0.256s] DEBUG:colcon.colcon_core.verb:Building package 'sensor_msgs_py' with the following arguments: {'ament_cmake_args': None, 'build_base': '/home/rsanz/git/learning/ROS2/RustROS2/build/sensor_msgs_py', 'cargo_args': None, 'catkin_cmake_args': None, 'catkin_skip_building_tests': False, 'clean_build': False, 'cmake_args': None, 'cmake_clean_cache': False, 'cmake_clean_first': False, 'cmake_force_configure': False, 'cmake_target': None, 'cmake_target_skip_unavailable': False, 'install_base': '/home/rsanz/git/learning/ROS2/RustROS2/install/sensor_msgs_py', 'lookup_in_workspace': False, 'merge_install': False, 'path': '/home/rsanz/git/learning/ROS2/RustROS2/src/common_interfaces/sensor_msgs_py', 'symlink_install': False, 'test_result_base': None}
[0.256s] Level 5:colcon.colcon_core.verb:set package 'stereo_msgs' build argument 'lookup_in_workspace' from command line to 'False'
[0.256s] Level 5:colcon.colcon_core.verb:set package 'stereo_msgs' build argument 'cargo_args' from command line to 'None'
[0.256s] Level 5:colcon.colcon_core.verb:set package 'stereo_msgs' build argument 'clean_build' from command line to 'False'
[0.256s] Level 5:colcon.colcon_core.verb:set package 'stereo_msgs' build argument 'cmake_args' from command line to 'None'
[0.256s] Level 5:colcon.colcon_core.verb:set package 'stereo_msgs' build argument 'cmake_target' from command line to 'None'
[0.257s] Level 5:colcon.colcon_core.verb:set package 'stereo_msgs' build argument 'cmake_target_skip_unavailable' from command line to 'False'
[0.257s] Level 5:colcon.colcon_core.verb:set package 'stereo_msgs' build argument 'cmake_clean_cache' from command line to 'False'
[0.257s] Level 5:colcon.colcon_core.verb:set package 'stereo_msgs' build argument 'cmake_clean_first' from command line to 'False'
[0.257s] Level 5:colcon.colcon_core.verb:set package 'stereo_msgs' build argument 'cmake_force_configure' from command line to 'False'
[0.257s] Level 5:colcon.colcon_core.verb:set package 'stereo_msgs' build argument 'ament_cmake_args' from command line to 'None'
[0.257s] Level 5:colcon.colcon_core.verb:set package 'stereo_msgs' build argument 'catkin_cmake_args' from command line to 'None'
[0.257s] Level 5:colcon.colcon_core.verb:set package 'stereo_msgs' build argument 'catkin_skip_building_tests' from command line to 'False'
[0.257s] DEBUG:colcon.colcon_core.verb:Building package 'stereo_msgs' with the following arguments: {'ament_cmake_args': None, 'build_base': '/home/rsanz/git/learning/ROS2/RustROS2/build/stereo_msgs', 'cargo_args': None, 'catkin_cmake_args': None, 'catkin_skip_building_tests': False, 'clean_build': False, 'cmake_args': None, 'cmake_clean_cache': False, 'cmake_clean_first': False, 'cmake_force_configure': False, 'cmake_target': None, 'cmake_target_skip_unavailable': False, 'install_base': '/home/rsanz/git/learning/ROS2/RustROS2/install/stereo_msgs', 'lookup_in_workspace': False, 'merge_install': False, 'path': '/home/rsanz/git/learning/ROS2/RustROS2/src/common_interfaces/stereo_msgs', 'symlink_install': False, 'test_result_base': None}
[0.257s] Level 5:colcon.colcon_core.verb:set package 'visualization_msgs' build argument 'lookup_in_workspace' from command line to 'False'
[0.257s] Level 5:colcon.colcon_core.verb:set package 'visualization_msgs' build argument 'cargo_args' from command line to 'None'
[0.257s] Level 5:colcon.colcon_core.verb:set package 'visualization_msgs' build argument 'clean_build' from command line to 'False'
[0.257s] Level 5:colcon.colcon_core.verb:set package 'visualization_msgs' build argument 'cmake_args' from command line to 'None'
[0.257s] Level 5:colcon.colcon_core.verb:set package 'visualization_msgs' build argument 'cmake_target' from command line to 'None'
[0.257s] Level 5:colcon.colcon_core.verb:set package 'visualization_msgs' build argument 'cmake_target_skip_unavailable' from command line to 'False'
[0.257s] Level 5:colcon.colcon_core.verb:set package 'visualization_msgs' build argument 'cmake_clean_cache' from command line to 'False'
[0.257s] Level 5:colcon.colcon_core.verb:set package 'visualization_msgs' build argument 'cmake_clean_first' from command line to 'False'
[0.257s] Level 5:colcon.colcon_core.verb:set package 'visualization_msgs' build argument 'cmake_force_configure' from command line to 'False'
[0.257s] Level 5:colcon.colcon_core.verb:set package 'visualization_msgs' build argument 'ament_cmake_args' from command line to 'None'
[0.257s] Level 5:colcon.colcon_core.verb:set package 'visualization_msgs' build argument 'catkin_cmake_args' from command line to 'None'
[0.257s] Level 5:colcon.colcon_core.verb:set package 'visualization_msgs' build argument 'catkin_skip_building_tests' from command line to 'False'
[0.257s] DEBUG:colcon.colcon_core.verb:Building package 'visualization_msgs' with the following arguments: {'ament_cmake_args': None, 'build_base': '/home/rsanz/git/learning/ROS2/RustROS2/build/visualization_msgs', 'cargo_args': None, 'catkin_cmake_args': None, 'catkin_skip_building_tests': False, 'clean_build': False, 'cmake_args': None, 'cmake_clean_cache': False, 'cmake_clean_first': False, 'cmake_force_configure': False, 'cmake_target': None, 'cmake_target_skip_unavailable': False, 'install_base': '/home/rsanz/git/learning/ROS2/RustROS2/install/visualization_msgs', 'lookup_in_workspace': False, 'merge_install': False, 'path': '/home/rsanz/git/learning/ROS2/RustROS2/src/common_interfaces/visualization_msgs', 'symlink_install': False, 'test_result_base': None}
[0.257s] Level 5:colcon.colcon_core.verb:set package 'common_interfaces' build argument 'lookup_in_workspace' from command line to 'False'
[0.257s] Level 5:colcon.colcon_core.verb:set package 'common_interfaces' build argument 'cargo_args' from command line to 'None'
[0.257s] Level 5:colcon.colcon_core.verb:set package 'common_interfaces' build argument 'clean_build' from command line to 'False'
[0.257s] Level 5:colcon.colcon_core.verb:set package 'common_interfaces' build argument 'cmake_args' from command line to 'None'
[0.257s] Level 5:colcon.colcon_core.verb:set package 'common_interfaces' build argument 'cmake_target' from command line to 'None'
[0.257s] Level 5:colcon.colcon_core.verb:set package 'common_interfaces' build argument 'cmake_target_skip_unavailable' from command line to 'False'
[0.257s] Level 5:colcon.colcon_core.verb:set package 'common_interfaces' build argument 'cmake_clean_cache' from command line to 'False'
[0.257s] Level 5:colcon.colcon_core.verb:set package 'common_interfaces' build argument 'cmake_clean_first' from command line to 'False'
[0.257s] Level 5:colcon.colcon_core.verb:set package 'common_interfaces' build argument 'cmake_force_configure' from command line to 'False'
[0.257s] Level 5:colcon.colcon_core.verb:set package 'common_interfaces' build argument 'ament_cmake_args' from command line to 'None'
[0.257s] Level 5:colcon.colcon_core.verb:set package 'common_interfaces' build argument 'catkin_cmake_args' from command line to 'None'
[0.257s] Level 5:colcon.colcon_core.verb:set package 'common_interfaces' build argument 'catkin_skip_building_tests' from command line to 'False'
[0.257s] DEBUG:colcon.colcon_core.verb:Building package 'common_interfaces' with the following arguments: {'ament_cmake_args': None, 'build_base': '/home/rsanz/git/learning/ROS2/RustROS2/build/common_interfaces', 'cargo_args': None, 'catkin_cmake_args': None, 'catkin_skip_building_tests': False, 'clean_build': False, 'cmake_args': None, 'cmake_clean_cache': False, 'cmake_clean_first': False, 'cmake_force_configure': False, 'cmake_target': None, 'cmake_target_skip_unavailable': False, 'install_base': '/home/rsanz/git/learning/ROS2/RustROS2/install/common_interfaces', 'lookup_in_workspace': False, 'merge_install': False, 'path': '/home/rsanz/git/learning/ROS2/RustROS2/src/common_interfaces/common_interfaces', 'symlink_install': False, 'test_result_base': None}
[0.257s] INFO:colcon.colcon_core.executor:Executing jobs using 'parallel' executor
[0.258s] DEBUG:colcon.colcon_parallel_executor.executor.parallel:run_until_complete
[0.258s] INFO:colcon.colcon_ros.task.ament_cmake.build:Building ROS package in '/home/rsanz/git/learning/ROS2/RustROS2/src/rosidl_rust/rosidl_generator_rs' with build type 'ament_cmake'
[0.259s] INFO:colcon.colcon_cmake.task.cmake.build:Building CMake package in '/home/rsanz/git/learning/ROS2/RustROS2/src/rosidl_rust/rosidl_generator_rs'
[0.261s] INFO:colcon.colcon_core.plugin_system:Skipping extension 'colcon_core.shell.bat': Not used on non-Windows systems
[0.261s] INFO:colcon.colcon_core.shell:Skip shell extension 'powershell' for command environment: Not usable outside of PowerShell
[0.261s] DEBUG:colcon.colcon_core.shell:Skip shell extension 'dsv' for command environment
[0.271s] DEBUG:colcon.colcon_core.event_handler.log_command:Invoking command in '/home/rsanz/git/learning/ROS2/RustROS2/build/rosidl_generator_rs': CMAKE_PREFIX_PATH=${CMAKE_PREFIX_PATH}:/opt/ros/jazzy DEBUGINFOD_URLS=https://debuginfod.ubuntu.com /usr/bin/cmake /home/rsanz/git/learning/ROS2/RustROS2/src/rosidl_rust/rosidl_generator_rs -DCMAKE_INSTALL_PREFIX=/home/rsanz/git/learning/ROS2/RustROS2/install/rosidl_generator_rs
[1.112s] DEBUG:colcon.colcon_core.event_handler.log_command:Invoked command in '/home/rsanz/git/learning/ROS2/RustROS2/build/rosidl_generator_rs' returned '0': CMAKE_PREFIX_PATH=${CMAKE_PREFIX_PATH}:/opt/ros/jazzy DEBUGINFOD_URLS=https://debuginfod.ubuntu.com /usr/bin/cmake /home/rsanz/git/learning/ROS2/RustROS2/src/rosidl_rust/rosidl_generator_rs -DCMAKE_INSTALL_PREFIX=/home/rsanz/git/learning/ROS2/RustROS2/install/rosidl_generator_rs
[1.113s] DEBUG:colcon.colcon_core.event_handler.log_command:Invoking command in '/home/rsanz/git/learning/ROS2/RustROS2/build/rosidl_generator_rs': CMAKE_PREFIX_PATH=${CMAKE_PREFIX_PATH}:/opt/ros/jazzy DEBUGINFOD_URLS=https://debuginfod.ubuntu.com /usr/bin/cmake --build /home/rsanz/git/learning/ROS2/RustROS2/build/rosidl_generator_rs -- -j24 -l24
[1.462s] DEBUG:colcon.colcon_core.event_handler.log_command:Invoked command in '/home/rsanz/git/learning/ROS2/RustROS2/build/rosidl_generator_rs' returned '0': CMAKE_PREFIX_PATH=${CMAKE_PREFIX_PATH}:/opt/ros/jazzy DEBUGINFOD_URLS=https://debuginfod.ubuntu.com /usr/bin/cmake --build /home/rsanz/git/learning/ROS2/RustROS2/build/rosidl_generator_rs -- -j24 -l24
[1.470s] DEBUG:colcon.colcon_core.event_handler.log_command:Invoking command in '/home/rsanz/git/learning/ROS2/RustROS2/build/rosidl_generator_rs': CMAKE_PREFIX_PATH=${CMAKE_PREFIX_PATH}:/opt/ros/jazzy DEBUGINFOD_URLS=https://debuginfod.ubuntu.com /usr/bin/cmake --install /home/rsanz/git/learning/ROS2/RustROS2/build/rosidl_generator_rs
[1.517s] Level 1:colcon.colcon_core.environment:create_environment_scripts_only(rosidl_generator_rs)
[1.518s] DEBUG:colcon.colcon_core.event_handler.log_command:Invoked command in '/home/rsanz/git/learning/ROS2/RustROS2/build/rosidl_generator_rs' returned '0': CMAKE_PREFIX_PATH=${CMAKE_PREFIX_PATH}:/opt/ros/jazzy DEBUGINFOD_URLS=https://debuginfod.ubuntu.com /usr/bin/cmake --install /home/rsanz/git/learning/ROS2/RustROS2/build/rosidl_generator_rs
[1.520s] Level 1:colcon.colcon_core.environment:checking '/home/rsanz/git/learning/ROS2/RustROS2/install/rosidl_generator_rs' for CMake module files
[1.521s] Level 1:colcon.colcon_core.environment:checking '/home/rsanz/git/learning/ROS2/RustROS2/install/rosidl_generator_rs' for CMake config files
[1.521s] Level 1:colcon.colcon_core.shell:create_environment_hook('rosidl_generator_rs', 'cmake_prefix_path')
[1.521s] INFO:colcon.colcon_core.shell:Creating environment hook '/home/rsanz/git/learning/ROS2/RustROS2/install/rosidl_generator_rs/share/rosidl_generator_rs/hook/cmake_prefix_path.ps1'
[1.522s] INFO:colcon.colcon_core.shell:Creating environment descriptor '/home/rsanz/git/learning/ROS2/RustROS2/install/rosidl_generator_rs/share/rosidl_generator_rs/hook/cmake_prefix_path.dsv'
[1.522s] INFO:colcon.colcon_core.shell:Creating environment hook '/home/rsanz/git/learning/ROS2/RustROS2/install/rosidl_generator_rs/share/rosidl_generator_rs/hook/cmake_prefix_path.sh'
[1.523s] Level 1:colcon.colcon_core.environment:checking '/home/rsanz/git/learning/ROS2/RustROS2/install/rosidl_generator_rs/lib'
[1.523s] Level 1:colcon.colcon_core.environment:checking '/home/rsanz/git/learning/ROS2/RustROS2/install/rosidl_generator_rs/bin'
[1.523s] Level 1:colcon.colcon_core.environment:checking '/home/rsanz/git/learning/ROS2/RustROS2/install/rosidl_generator_rs/lib/pkgconfig/rosidl_generator_rs.pc'
[1.523s] Level 1:colcon.colcon_core.environment:checking '/home/rsanz/git/learning/ROS2/RustROS2/install/rosidl_generator_rs/lib/python3.12/site-packages'
[1.523s] Level 1:colcon.colcon_core.shell:create_environment_hook('rosidl_generator_rs', 'pythonpath')
[1.523s] INFO:colcon.colcon_core.shell:Creating environment hook '/home/rsanz/git/learning/ROS2/RustROS2/install/rosidl_generator_rs/share/rosidl_generator_rs/hook/pythonpath.ps1'
[1.524s] INFO:colcon.colcon_core.shell:Creating environment descriptor '/home/rsanz/git/learning/ROS2/RustROS2/install/rosidl_generator_rs/share/rosidl_generator_rs/hook/pythonpath.dsv'
[1.524s] INFO:colcon.colcon_core.shell:Creating environment hook '/home/rsanz/git/learning/ROS2/RustROS2/install/rosidl_generator_rs/share/rosidl_generator_rs/hook/pythonpath.sh'
[1.524s] Level 1:colcon.colcon_core.environment:checking '/home/rsanz/git/learning/ROS2/RustROS2/install/rosidl_generator_rs/bin'
[1.524s] INFO:colcon.colcon_core.shell:Creating package script '/home/rsanz/git/learning/ROS2/RustROS2/install/rosidl_generator_rs/share/rosidl_generator_rs/package.ps1'
[1.525s] INFO:colcon.colcon_core.shell:Creating package descriptor '/home/rsanz/git/learning/ROS2/RustROS2/install/rosidl_generator_rs/share/rosidl_generator_rs/package.dsv'
[1.526s] INFO:colcon.colcon_core.shell:Creating package script '/home/rsanz/git/learning/ROS2/RustROS2/install/rosidl_generator_rs/share/rosidl_generator_rs/package.sh'
[1.526s] INFO:colcon.colcon_core.shell:Creating package script '/home/rsanz/git/learning/ROS2/RustROS2/install/rosidl_generator_rs/share/rosidl_generator_rs/package.bash'
[1.527s] INFO:colcon.colcon_core.shell:Creating package script '/home/rsanz/git/learning/ROS2/RustROS2/install/rosidl_generator_rs/share/rosidl_generator_rs/package.zsh'
[1.527s] Level 1:colcon.colcon_core.environment:create_file_with_runtime_dependencies(/home/rsanz/git/learning/ROS2/RustROS2/install/rosidl_generator_rs/share/colcon-core/packages/rosidl_generator_rs)
[1.528s] Level 1:colcon.colcon_core.environment:create_environment_scripts_only(rosidl_generator_rs)
[1.528s] Level 1:colcon.colcon_core.environment:checking '/home/rsanz/git/learning/ROS2/RustROS2/install/rosidl_generator_rs' for CMake module files
[1.528s] Level 1:colcon.colcon_core.environment:checking '/home/rsanz/git/learning/ROS2/RustROS2/install/rosidl_generator_rs' for CMake config files
[1.529s] Level 1:colcon.colcon_core.shell:create_environment_hook('rosidl_generator_rs', 'cmake_prefix_path')
[1.529s] INFO:colcon.colcon_core.shell:Creating environment hook '/home/rsanz/git/learning/ROS2/RustROS2/install/rosidl_generator_rs/share/rosidl_generator_rs/hook/cmake_prefix_path.ps1'
[1.529s] INFO:colcon.colcon_core.shell:Creating environment descriptor '/home/rsanz/git/learning/ROS2/RustROS2/install/rosidl_generator_rs/share/rosidl_generator_rs/hook/cmake_prefix_path.dsv'
[1.529s] INFO:colcon.colcon_core.shell:Creating environment hook '/home/rsanz/git/learning/ROS2/RustROS2/install/rosidl_generator_rs/share/rosidl_generator_rs/hook/cmake_prefix_path.sh'
[1.530s] Level 1:colcon.colcon_core.environment:checking '/home/rsanz/git/learning/ROS2/RustROS2/install/rosidl_generator_rs/lib'
[1.530s] Level 1:colcon.colcon_core.environment:checking '/home/rsanz/git/learning/ROS2/RustROS2/install/rosidl_generator_rs/bin'
[1.530s] Level 1:colcon.colcon_core.environment:checking '/home/rsanz/git/learning/ROS2/RustROS2/install/rosidl_generator_rs/lib/pkgconfig/rosidl_generator_rs.pc'
[1.530s] Level 1:colcon.colcon_core.environment:checking '/home/rsanz/git/learning/ROS2/RustROS2/install/rosidl_generator_rs/lib/python3.12/site-packages'
[1.530s] Level 1:colcon.colcon_core.shell:create_environment_hook('rosidl_generator_rs', 'pythonpath')
[1.530s] INFO:colcon.colcon_core.shell:Creating environment hook '/home/rsanz/git/learning/ROS2/RustROS2/install/rosidl_generator_rs/share/rosidl_generator_rs/hook/pythonpath.ps1'
[1.530s] INFO:colcon.colcon_core.shell:Creating environment descriptor '/home/rsanz/git/learning/ROS2/RustROS2/install/rosidl_generator_rs/share/rosidl_generator_rs/hook/pythonpath.dsv'
[1.530s] INFO:colcon.colcon_core.shell:Creating environment hook '/home/rsanz/git/learning/ROS2/RustROS2/install/rosidl_generator_rs/share/rosidl_generator_rs/hook/pythonpath.sh'
[1.531s] Level 1:colcon.colcon_core.environment:checking '/home/rsanz/git/learning/ROS2/RustROS2/install/rosidl_generator_rs/bin'
[1.531s] INFO:colcon.colcon_core.shell:Creating package script '/home/rsanz/git/learning/ROS2/RustROS2/install/rosidl_generator_rs/share/rosidl_generator_rs/package.ps1'
[1.531s] INFO:colcon.colcon_core.shell:Creating package descriptor '/home/rsanz/git/learning/ROS2/RustROS2/install/rosidl_generator_rs/share/rosidl_generator_rs/package.dsv'
[1.532s] INFO:colcon.colcon_core.shell:Creating package script '/home/rsanz/git/learning/ROS2/RustROS2/install/rosidl_generator_rs/share/rosidl_generator_rs/package.sh'
[1.532s] INFO:colcon.colcon_core.shell:Creating package script '/home/rsanz/git/learning/ROS2/RustROS2/install/rosidl_generator_rs/share/rosidl_generator_rs/package.bash'
[1.532s] INFO:colcon.colcon_core.shell:Creating package script '/home/rsanz/git/learning/ROS2/RustROS2/install/rosidl_generator_rs/share/rosidl_generator_rs/package.zsh'
[1.533s] Level 1:colcon.colcon_core.environment:create_file_with_runtime_dependencies(/home/rsanz/git/learning/ROS2/RustROS2/install/rosidl_generator_rs/share/colcon-core/packages/rosidl_generator_rs)
[1.533s] INFO:colcon.colcon_ros.task.ament_cmake.build:Building ROS package in '/home/rsanz/git/learning/ROS2/RustROS2/src/rosidl_core/rosidl_core_generators' with build type 'ament_cmake'
[1.533s] INFO:colcon.colcon_cmake.task.cmake.build:Building CMake package in '/home/rsanz/git/learning/ROS2/RustROS2/src/rosidl_core/rosidl_core_generators'
[1.533s] INFO:colcon.colcon_core.shell:Skip shell extension 'powershell' for command environment: Not usable outside of PowerShell
[1.533s] DEBUG:colcon.colcon_core.shell:Skip shell extension 'dsv' for command environment
[1.536s] INFO:colcon.colcon_ros.task.ament_cmake.build:Building ROS package in '/home/rsanz/git/learning/ROS2/RustROS2/src/rosidl_core/rosidl_core_runtime' with build type 'ament_cmake'
[1.536s] INFO:colcon.colcon_cmake.task.cmake.build:Building CMake package in '/home/rsanz/git/learning/ROS2/RustROS2/src/rosidl_core/rosidl_core_runtime'
[1.536s] INFO:colcon.colcon_core.shell:Skip shell extension 'powershell' for command environment: Not usable outside of PowerShell
[1.536s] DEBUG:colcon.colcon_core.shell:Skip shell extension 'dsv' for command environment
[1.540s] DEBUG:colcon.colcon_core.event_handler.log_command:Invoking command in '/home/rsanz/git/learning/ROS2/RustROS2/build/rosidl_core_generators': AMENT_PREFIX_PATH=/home/rsanz/git/learning/ROS2/RustROS2/install/rosidl_generator_rs:${AMENT_PREFIX_PATH} CMAKE_PREFIX_PATH=/home/rsanz/git/learning/ROS2/RustROS2/install/rosidl_generator_rs:/opt/ros/jazzy/opt/gz_math_vendor:/opt/ros/jazzy/opt/gz_utils_vendor:/opt/ros/jazzy/opt/gz_cmake_vendor:/opt/ros/jazzy DEBUGINFOD_URLS=https://debuginfod.ubuntu.com PYTHONPATH=/home/rsanz/git/learning/ROS2/RustROS2/install/rosidl_generator_rs/lib/python3.12/site-packages:${PYTHONPATH} /usr/bin/cmake /home/rsanz/git/learning/ROS2/RustROS2/src/rosidl_core/rosidl_core_generators -DCMAKE_INSTALL_PREFIX=/home/rsanz/git/learning/ROS2/RustROS2/install/rosidl_core_generators
[1.543s] DEBUG:colcon.colcon_core.event_handler.log_command:Invoking command in '/home/rsanz/git/learning/ROS2/RustROS2/build/rosidl_core_runtime': AMENT_PREFIX_PATH=/home/rsanz/git/learning/ROS2/RustROS2/install/rosidl_generator_rs:${AMENT_PREFIX_PATH} CMAKE_PREFIX_PATH=/home/rsanz/git/learning/ROS2/RustROS2/install/rosidl_generator_rs:/opt/ros/jazzy/opt/gz_math_vendor:/opt/ros/jazzy/opt/gz_utils_vendor:/opt/ros/jazzy/opt/gz_cmake_vendor:/opt/ros/jazzy DEBUGINFOD_URLS=https://debuginfod.ubuntu.com PYTHONPATH=/home/rsanz/git/learning/ROS2/RustROS2/install/rosidl_generator_rs/lib/python3.12/site-packages:${PYTHONPATH} /usr/bin/cmake /home/rsanz/git/learning/ROS2/RustROS2/src/rosidl_core/rosidl_core_runtime -DCMAKE_INSTALL_PREFIX=/home/rsanz/git/learning/ROS2/RustROS2/install/rosidl_core_runtime
[1.866s] DEBUG:colcon.colcon_core.event_handler.log_command:Invoked command in '/home/rsanz/git/learning/ROS2/RustROS2/build/rosidl_core_generators' returned '0': AMENT_PREFIX_PATH=/home/rsanz/git/learning/ROS2/RustROS2/install/rosidl_generator_rs:${AMENT_PREFIX_PATH} CMAKE_PREFIX_PATH=/home/rsanz/git/learning/ROS2/RustROS2/install/rosidl_generator_rs:/opt/ros/jazzy/opt/gz_math_vendor:/opt/ros/jazzy/opt/gz_utils_vendor:/opt/ros/jazzy/opt/gz_cmake_vendor:/opt/ros/jazzy DEBUGINFOD_URLS=https://debuginfod.ubuntu.com PYTHONPATH=/home/rsanz/git/learning/ROS2/RustROS2/install/rosidl_generator_rs/lib/python3.12/site-packages:${PYTHONPATH} /usr/bin/cmake /home/rsanz/git/learning/ROS2/RustROS2/src/rosidl_core/rosidl_core_generators -DCMAKE_INSTALL_PREFIX=/home/rsanz/git/learning/ROS2/RustROS2/install/rosidl_core_generators
[1.867s] DEBUG:colcon.colcon_core.event_handler.log_command:Invoking command in '/home/rsanz/git/learning/ROS2/RustROS2/build/rosidl_core_generators': AMENT_PREFIX_PATH=/home/rsanz/git/learning/ROS2/RustROS2/install/rosidl_generator_rs:${AMENT_PREFIX_PATH} CMAKE_PREFIX_PATH=/home/rsanz/git/learning/ROS2/RustROS2/install/rosidl_generator_rs:/opt/ros/jazzy/opt/gz_math_vendor:/opt/ros/jazzy/opt/gz_utils_vendor:/opt/ros/jazzy/opt/gz_cmake_vendor:/opt/ros/jazzy DEBUGINFOD_URLS=https://debuginfod.ubuntu.com PYTHONPATH=/home/rsanz/git/learning/ROS2/RustROS2/install/rosidl_generator_rs/lib/python3.12/site-packages:${PYTHONPATH} /usr/bin/cmake --build /home/rsanz/git/learning/ROS2/RustROS2/build/rosidl_core_generators -- -j24 -l24
[1.873s] DEBUG:colcon.colcon_core.event_handler.log_command:Invoked command in '/home/rsanz/git/learning/ROS2/RustROS2/build/rosidl_core_runtime' returned '0': AMENT_PREFIX_PATH=/home/rsanz/git/learning/ROS2/RustROS2/install/rosidl_generator_rs:${AMENT_PREFIX_PATH} CMAKE_PREFIX_PATH=/home/rsanz/git/learning/ROS2/RustROS2/install/rosidl_generator_rs:/opt/ros/jazzy/opt/gz_math_vendor:/opt/ros/jazzy/opt/gz_utils_vendor:/opt/ros/jazzy/opt/gz_cmake_vendor:/opt/ros/jazzy DEBUGINFOD_URLS=https://debuginfod.ubuntu.com PYTHONPATH=/home/rsanz/git/learning/ROS2/RustROS2/install/rosidl_generator_rs/lib/python3.12/site-packages:${PYTHONPATH} /usr/bin/cmake /home/rsanz/git/learning/ROS2/RustROS2/src/rosidl_core/rosidl_core_runtime -DCMAKE_INSTALL_PREFIX=/home/rsanz/git/learning/ROS2/RustROS2/install/rosidl_core_runtime
[1.874s] DEBUG:colcon.colcon_core.event_handler.log_command:Invoking command in '/home/rsanz/git/learning/ROS2/RustROS2/build/rosidl_core_runtime': AMENT_PREFIX_PATH=/home/rsanz/git/learning/ROS2/RustROS2/install/rosidl_generator_rs:${AMENT_PREFIX_PATH} CMAKE_PREFIX_PATH=/home/rsanz/git/learning/ROS2/RustROS2/install/rosidl_generator_rs:/opt/ros/jazzy/opt/gz_math_vendor:/opt/ros/jazzy/opt/gz_utils_vendor:/opt/ros/jazzy/opt/gz_cmake_vendor:/opt/ros/jazzy DEBUGINFOD_URLS=https://debuginfod.ubuntu.com PYTHONPATH=/home/rsanz/git/learning/ROS2/RustROS2/install/rosidl_generator_rs/lib/python3.12/site-packages:${PYTHONPATH} /usr/bin/cmake --build /home/rsanz/git/learning/ROS2/RustROS2/build/rosidl_core_runtime -- -j24 -l24
[1.900s] DEBUG:colcon.colcon_core.event_handler.log_command:Invoked command in '/home/rsanz/git/learning/ROS2/RustROS2/build/rosidl_core_generators' returned '0': AMENT_PREFIX_PATH=/home/rsanz/git/learning/ROS2/RustROS2/install/rosidl_generator_rs:${AMENT_PREFIX_PATH} CMAKE_PREFIX_PATH=/home/rsanz/git/learning/ROS2/RustROS2/install/rosidl_generator_rs:/opt/ros/jazzy/opt/gz_math_vendor:/opt/ros/jazzy/opt/gz_utils_vendor:/opt/ros/jazzy/opt/gz_cmake_vendor:/opt/ros/jazzy DEBUGINFOD_URLS=https://debuginfod.ubuntu.com PYTHONPATH=/home/rsanz/git/learning/ROS2/RustROS2/install/rosidl_generator_rs/lib/python3.12/site-packages:${PYTHONPATH} /usr/bin/cmake --build /home/rsanz/git/learning/ROS2/RustROS2/build/rosidl_core_generators -- -j24 -l24
[1.901s] DEBUG:colcon.colcon_core.event_handler.log_command:Invoking command in '/home/rsanz/git/learning/ROS2/RustROS2/build/rosidl_core_generators': AMENT_PREFIX_PATH=/home/rsanz/git/learning/ROS2/RustROS2/install/rosidl_generator_rs:${AMENT_PREFIX_PATH} CMAKE_PREFIX_PATH=/home/rsanz/git/learning/ROS2/RustROS2/install/rosidl_generator_rs:/opt/ros/jazzy/opt/gz_math_vendor:/opt/ros/jazzy/opt/gz_utils_vendor:/opt/ros/jazzy/opt/gz_cmake_vendor:/opt/ros/jazzy DEBUGINFOD_URLS=https://debuginfod.ubuntu.com PYTHONPATH=/home/rsanz/git/learning/ROS2/RustROS2/install/rosidl_generator_rs/lib/python3.12/site-packages:${PYTHONPATH} /usr/bin/cmake --install /home/rsanz/git/learning/ROS2/RustROS2/build/rosidl_core_generators
[1.905s] DEBUG:colcon.colcon_core.event_handler.log_command:Invoked command in '/home/rsanz/git/learning/ROS2/RustROS2/build/rosidl_core_runtime' returned '0': AMENT_PREFIX_PATH=/home/rsanz/git/learning/ROS2/RustROS2/install/rosidl_generator_rs:${AMENT_PREFIX_PATH} CMAKE_PREFIX_PATH=/home/rsanz/git/learning/ROS2/RustROS2/install/rosidl_generator_rs:/opt/ros/jazzy/opt/gz_math_vendor:/opt/ros/jazzy/opt/gz_utils_vendor:/opt/ros/jazzy/opt/gz_cmake_vendor:/opt/ros/jazzy DEBUGINFOD_URLS=https://debuginfod.ubuntu.com PYTHONPATH=/home/rsanz/git/learning/ROS2/RustROS2/install/rosidl_generator_rs/lib/python3.12/site-packages:${PYTHONPATH} /usr/bin/cmake --build /home/rsanz/git/learning/ROS2/RustROS2/build/rosidl_core_runtime -- -j24 -l24
[1.906s] DEBUG:colcon.colcon_core.event_handler.log_command:Invoking command in '/home/rsanz/git/learning/ROS2/RustROS2/build/rosidl_core_runtime': AMENT_PREFIX_PATH=/home/rsanz/git/learning/ROS2/RustROS2/install/rosidl_generator_rs:${AMENT_PREFIX_PATH} CMAKE_PREFIX_PATH=/home/rsanz/git/learning/ROS2/RustROS2/install/rosidl_generator_rs:/opt/ros/jazzy/opt/gz_math_vendor:/opt/ros/jazzy/opt/gz_utils_vendor:/opt/ros/jazzy/opt/gz_cmake_vendor:/opt/ros/jazzy DEBUGINFOD_URLS=https://debuginfod.ubuntu.com PYTHONPATH=/home/rsanz/git/learning/ROS2/RustROS2/install/rosidl_generator_rs/lib/python3.12/site-packages:${PYTHONPATH} /usr/bin/cmake --install /home/rsanz/git/learning/ROS2/RustROS2/build/rosidl_core_runtime
[1.911s] Level 1:colcon.colcon_core.environment:create_environment_scripts_only(rosidl_core_generators)
[1.911s] Level 1:colcon.colcon_core.environment:checking '/home/rsanz/git/learning/ROS2/RustROS2/install/rosidl_core_generators' for CMake module files
[1.911s] DEBUG:colcon.colcon_core.event_handler.log_command:Invoked command in '/home/rsanz/git/learning/ROS2/RustROS2/build/rosidl_core_generators' returned '0': AMENT_PREFIX_PATH=/home/rsanz/git/learning/ROS2/RustROS2/install/rosidl_generator_rs:${AMENT_PREFIX_PATH} CMAKE_PREFIX_PATH=/home/rsanz/git/learning/ROS2/RustROS2/install/rosidl_generator_rs:/opt/ros/jazzy/opt/gz_math_vendor:/opt/ros/jazzy/opt/gz_utils_vendor:/opt/ros/jazzy/opt/gz_cmake_vendor:/opt/ros/jazzy DEBUGINFOD_URLS=https://debuginfod.ubuntu.com PYTHONPATH=/home/rsanz/git/learning/ROS2/RustROS2/install/rosidl_generator_rs/lib/python3.12/site-packages:${PYTHONPATH} /usr/bin/cmake --install /home/rsanz/git/learning/ROS2/RustROS2/build/rosidl_core_generators
[1.912s] Level 1:colcon.colcon_core.environment:checking '/home/rsanz/git/learning/ROS2/RustROS2/install/rosidl_core_generators' for CMake config files
[1.912s] Level 1:colcon.colcon_core.shell:create_environment_hook('rosidl_core_generators', 'cmake_prefix_path')
[1.912s] INFO:colcon.colcon_core.shell:Creating environment hook '/home/rsanz/git/learning/ROS2/RustROS2/install/rosidl_core_generators/share/rosidl_core_generators/hook/cmake_prefix_path.ps1'
[1.912s] INFO:colcon.colcon_core.shell:Creating environment descriptor '/home/rsanz/git/learning/ROS2/RustROS2/install/rosidl_core_generators/share/rosidl_core_generators/hook/cmake_prefix_path.dsv'
[1.913s] INFO:colcon.colcon_core.shell:Creating environment hook '/home/rsanz/git/learning/ROS2/RustROS2/install/rosidl_core_generators/share/rosidl_core_generators/hook/cmake_prefix_path.sh'
[1.914s] Level 1:colcon.colcon_core.environment:checking '/home/rsanz/git/learning/ROS2/RustROS2/install/rosidl_core_generators/bin'
[1.914s] Level 1:colcon.colcon_core.environment:checking '/home/rsanz/git/learning/ROS2/RustROS2/install/rosidl_core_generators/lib/pkgconfig/rosidl_core_generators.pc'
[1.914s] Level 1:colcon.colcon_core.environment:checking '/home/rsanz/git/learning/ROS2/RustROS2/install/rosidl_core_generators/lib/python3.12/site-packages'
[1.914s] Level 1:colcon.colcon_core.environment:checking '/home/rsanz/git/learning/ROS2/RustROS2/install/rosidl_core_generators/bin'
[1.915s] INFO:colcon.colcon_core.shell:Creating package script '/home/rsanz/git/learning/ROS2/RustROS2/install/rosidl_core_generators/share/rosidl_core_generators/package.ps1'
[1.916s] INFO:colcon.colcon_core.shell:Creating package descriptor '/home/rsanz/git/learning/ROS2/RustROS2/install/rosidl_core_generators/share/rosidl_core_generators/package.dsv'
[1.916s] INFO:colcon.colcon_core.shell:Creating package script '/home/rsanz/git/learning/ROS2/RustROS2/install/rosidl_core_generators/share/rosidl_core_generators/package.sh'
[1.916s] INFO:colcon.colcon_core.shell:Creating package script '/home/rsanz/git/learning/ROS2/RustROS2/install/rosidl_core_generators/share/rosidl_core_generators/package.bash'
[1.917s] INFO:colcon.colcon_core.shell:Creating package script '/home/rsanz/git/learning/ROS2/RustROS2/install/rosidl_core_generators/share/rosidl_core_generators/package.zsh'
[1.917s] Level 1:colcon.colcon_core.environment:create_file_with_runtime_dependencies(/home/rsanz/git/learning/ROS2/RustROS2/install/rosidl_core_generators/share/colcon-core/packages/rosidl_core_generators)
[1.918s] Level 1:colcon.colcon_core.environment:create_environment_scripts_only(rosidl_core_generators)
[1.918s] Level 1:colcon.colcon_core.environment:checking '/home/rsanz/git/learning/ROS2/RustROS2/install/rosidl_core_generators' for CMake module files
[1.918s] Level 1:colcon.colcon_core.environment:checking '/home/rsanz/git/learning/ROS2/RustROS2/install/rosidl_core_generators' for CMake config files
[1.918s] Level 1:colcon.colcon_core.shell:create_environment_hook('rosidl_core_generators', 'cmake_prefix_path')
[1.918s] INFO:colcon.colcon_core.shell:Creating environment hook '/home/rsanz/git/learning/ROS2/RustROS2/install/rosidl_core_generators/share/rosidl_core_generators/hook/cmake_prefix_path.ps1'
[1.919s] INFO:colcon.colcon_core.shell:Creating environment descriptor '/home/rsanz/git/learning/ROS2/RustROS2/install/rosidl_core_generators/share/rosidl_core_generators/hook/cmake_prefix_path.dsv'
[1.919s] INFO:colcon.colcon_core.shell:Creating environment hook '/home/rsanz/git/learning/ROS2/RustROS2/install/rosidl_core_generators/share/rosidl_core_generators/hook/cmake_prefix_path.sh'
[1.919s] Level 1:colcon.colcon_core.environment:checking '/home/rsanz/git/learning/ROS2/RustROS2/install/rosidl_core_generators/bin'
[1.919s] Level 1:colcon.colcon_core.environment:checking '/home/rsanz/git/learning/ROS2/RustROS2/install/rosidl_core_generators/lib/pkgconfig/rosidl_core_generators.pc'
[1.920s] Level 1:colcon.colcon_core.environment:checking '/home/rsanz/git/learning/ROS2/RustROS2/install/rosidl_core_generators/lib/python3.12/site-packages'
[1.920s] Level 1:colcon.colcon_core.environment:checking '/home/rsanz/git/learning/ROS2/RustROS2/install/rosidl_core_generators/bin'
[1.920s] INFO:colcon.colcon_core.shell:Creating package script '/home/rsanz/git/learning/ROS2/RustROS2/install/rosidl_core_generators/share/rosidl_core_generators/package.ps1'
[1.921s] INFO:colcon.colcon_core.shell:Creating package descriptor '/home/rsanz/git/learning/ROS2/RustROS2/install/rosidl_core_generators/share/rosidl_core_generators/package.dsv'
[1.921s] INFO:colcon.colcon_core.shell:Creating package script '/home/rsanz/git/learning/ROS2/RustROS2/install/rosidl_core_generators/share/rosidl_core_generators/package.sh'
[1.921s] INFO:colcon.colcon_core.shell:Creating package script '/home/rsanz/git/learning/ROS2/RustROS2/install/rosidl_core_generators/share/rosidl_core_generators/package.bash'
[1.922s] INFO:colcon.colcon_core.shell:Creating package script '/home/rsanz/git/learning/ROS2/RustROS2/install/rosidl_core_generators/share/rosidl_core_generators/package.zsh'
[1.922s] Level 1:colcon.colcon_core.environment:create_file_with_runtime_dependencies(/home/rsanz/git/learning/ROS2/RustROS2/install/rosidl_core_generators/share/colcon-core/packages/rosidl_core_generators)
[1.923s] Level 1:colcon.colcon_core.environment:create_environment_scripts_only(rosidl_core_runtime)
[1.923s] Level 1:colcon.colcon_core.environment:checking '/home/rsanz/git/learning/ROS2/RustROS2/install/rosidl_core_runtime' for CMake module files
[1.923s] DEBUG:colcon.colcon_core.event_handler.log_command:Invoked command in '/home/rsanz/git/learning/ROS2/RustROS2/build/rosidl_core_runtime' returned '0': AMENT_PREFIX_PATH=/home/rsanz/git/learning/ROS2/RustROS2/install/rosidl_generator_rs:${AMENT_PREFIX_PATH} CMAKE_PREFIX_PATH=/home/rsanz/git/learning/ROS2/RustROS2/install/rosidl_generator_rs:/opt/ros/jazzy/opt/gz_math_vendor:/opt/ros/jazzy/opt/gz_utils_vendor:/opt/ros/jazzy/opt/gz_cmake_vendor:/opt/ros/jazzy DEBUGINFOD_URLS=https://debuginfod.ubuntu.com PYTHONPATH=/home/rsanz/git/learning/ROS2/RustROS2/install/rosidl_generator_rs/lib/python3.12/site-packages:${PYTHONPATH} /usr/bin/cmake --install /home/rsanz/git/learning/ROS2/RustROS2/build/rosidl_core_runtime
[1.924s] Level 1:colcon.colcon_core.environment:checking '/home/rsanz/git/learning/ROS2/RustROS2/install/rosidl_core_runtime' for CMake config files
[1.924s] Level 1:colcon.colcon_core.shell:create_environment_hook('rosidl_core_runtime', 'cmake_prefix_path')
[1.924s] INFO:colcon.colcon_core.shell:Creating environment hook '/home/rsanz/git/learning/ROS2/RustROS2/install/rosidl_core_runtime/share/rosidl_core_runtime/hook/cmake_prefix_path.ps1'
[1.925s] INFO:colcon.colcon_core.shell:Creating environment descriptor '/home/rsanz/git/learning/ROS2/RustROS2/install/rosidl_core_runtime/share/rosidl_core_runtime/hook/cmake_prefix_path.dsv'
[1.925s] INFO:colcon.colcon_core.shell:Creating environment hook '/home/rsanz/git/learning/ROS2/RustROS2/install/rosidl_core_runtime/share/rosidl_core_runtime/hook/cmake_prefix_path.sh'
[1.925s] Level 1:colcon.colcon_core.environment:checking '/home/rsanz/git/learning/ROS2/RustROS2/install/rosidl_core_runtime/bin'
[1.925s] Level 1:colcon.colcon_core.environment:checking '/home/rsanz/git/learning/ROS2/RustROS2/install/rosidl_core_runtime/lib/pkgconfig/rosidl_core_runtime.pc'
[1.926s] Level 1:colcon.colcon_core.environment:checking '/home/rsanz/git/learning/ROS2/RustROS2/install/rosidl_core_runtime/lib/python3.12/site-packages'
[1.926s] Level 1:colcon.colcon_core.environment:checking '/home/rsanz/git/learning/ROS2/RustROS2/install/rosidl_core_runtime/bin'
[1.926s] INFO:colcon.colcon_core.shell:Creating package script '/home/rsanz/git/learning/ROS2/RustROS2/install/rosidl_core_runtime/share/rosidl_core_runtime/package.ps1'
[1.926s] INFO:colcon.colcon_core.shell:Creating package descriptor '/home/rsanz/git/learning/ROS2/RustROS2/install/rosidl_core_runtime/share/rosidl_core_runtime/package.dsv'
[1.927s] INFO:colcon.colcon_core.shell:Creating package script '/home/rsanz/git/learning/ROS2/RustROS2/install/rosidl_core_runtime/share/rosidl_core_runtime/package.sh'
[1.927s] INFO:colcon.colcon_core.shell:Creating package script '/home/rsanz/git/learning/ROS2/RustROS2/install/rosidl_core_runtime/share/rosidl_core_runtime/package.bash'
[1.927s] INFO:colcon.colcon_core.shell:Creating package script '/home/rsanz/git/learning/ROS2/RustROS2/install/rosidl_core_runtime/share/rosidl_core_runtime/package.zsh'
[1.928s] Level 1:colcon.colcon_core.environment:create_file_with_runtime_dependencies(/home/rsanz/git/learning/ROS2/RustROS2/install/rosidl_core_runtime/share/colcon-core/packages/rosidl_core_runtime)
[1.928s] Level 1:colcon.colcon_core.environment:create_environment_scripts_only(rosidl_core_runtime)
[1.928s] Level 1:colcon.colcon_core.environment:checking '/home/rsanz/git/learning/ROS2/RustROS2/install/rosidl_core_runtime' for CMake module files
[1.929s] Level 1:colcon.colcon_core.environment:checking '/home/rsanz/git/learning/ROS2/RustROS2/install/rosidl_core_runtime' for CMake config files
[1.929s] Level 1:colcon.colcon_core.shell:create_environment_hook('rosidl_core_runtime', 'cmake_prefix_path')
[1.929s] INFO:colcon.colcon_core.shell:Creating environment hook '/home/rsanz/git/learning/ROS2/RustROS2/install/rosidl_core_runtime/share/rosidl_core_runtime/hook/cmake_prefix_path.ps1'
[1.929s] INFO:colcon.colcon_core.shell:Creating environment descriptor '/home/rsanz/git/learning/ROS2/RustROS2/install/rosidl_core_runtime/share/rosidl_core_runtime/hook/cmake_prefix_path.dsv'
[1.929s] INFO:colcon.colcon_core.shell:Creating environment hook '/home/rsanz/git/learning/ROS2/RustROS2/install/rosidl_core_runtime/share/rosidl_core_runtime/hook/cmake_prefix_path.sh'
[1.930s] Level 1:colcon.colcon_core.environment:checking '/home/rsanz/git/learning/ROS2/RustROS2/install/rosidl_core_runtime/bin'
[1.930s] Level 1:colcon.colcon_core.environment:checking '/home/rsanz/git/learning/ROS2/RustROS2/install/rosidl_core_runtime/lib/pkgconfig/rosidl_core_runtime.pc'
[1.930s] Level 1:colcon.colcon_core.environment:checking '/home/rsanz/git/learning/ROS2/RustROS2/install/rosidl_core_runtime/lib/python3.12/site-packages'
[1.930s] Level 1:colcon.colcon_core.environment:checking '/home/rsanz/git/learning/ROS2/RustROS2/install/rosidl_core_runtime/bin'
[1.930s] INFO:colcon.colcon_core.shell:Creating package script '/home/rsanz/git/learning/ROS2/RustROS2/install/rosidl_core_runtime/share/rosidl_core_runtime/package.ps1'
[1.931s] INFO:colcon.colcon_core.shell:Creating package descriptor '/home/rsanz/git/learning/ROS2/RustROS2/install/rosidl_core_runtime/share/rosidl_core_runtime/package.dsv'
[1.931s] INFO:colcon.colcon_core.shell:Creating package script '/home/rsanz/git/learning/ROS2/RustROS2/install/rosidl_core_runtime/share/rosidl_core_runtime/package.sh'
[1.931s] INFO:colcon.colcon_core.shell:Creating package script '/home/rsanz/git/learning/ROS2/RustROS2/install/rosidl_core_runtime/share/rosidl_core_runtime/package.bash'
[1.932s] INFO:colcon.colcon_core.shell:Creating package script '/home/rsanz/git/learning/ROS2/RustROS2/install/rosidl_core_runtime/share/rosidl_core_runtime/package.zsh'
[1.932s] Level 1:colcon.colcon_core.environment:create_file_with_runtime_dependencies(/home/rsanz/git/learning/ROS2/RustROS2/install/rosidl_core_runtime/share/colcon-core/packages/rosidl_core_runtime)
[1.932s] INFO:colcon.colcon_ros.task.ament_cmake.build:Building ROS package in '/home/rsanz/git/learning/ROS2/RustROS2/src/rcl_interfaces/builtin_interfaces' with build type 'ament_cmake'
[1.932s] INFO:colcon.colcon_cmake.task.cmake.build:Building CMake package in '/home/rsanz/git/learning/ROS2/RustROS2/src/rcl_interfaces/builtin_interfaces'
[1.932s] INFO:colcon.colcon_core.shell:Skip shell extension 'powershell' for command environment: Not usable outside of PowerShell
[1.932s] DEBUG:colcon.colcon_core.shell:Skip shell extension 'dsv' for command environment
[1.935s] INFO:colcon.colcon_ros.task.ament_cmake.build:Building ROS package in '/home/rsanz/git/learning/ROS2/RustROS2/src/unique_identifier_msgs' with build type 'ament_cmake'
[1.935s] INFO:colcon.colcon_cmake.task.cmake.build:Building CMake package in '/home/rsanz/git/learning/ROS2/RustROS2/src/unique_identifier_msgs'
[1.935s] INFO:colcon.colcon_core.shell:Skip shell extension 'powershell' for command environment: Not usable outside of PowerShell
[1.935s] DEBUG:colcon.colcon_core.shell:Skip shell extension 'dsv' for command environment
[1.941s] DEBUG:colcon.colcon_core.event_handler.log_command:Invoking command in '/home/rsanz/git/learning/ROS2/RustROS2/build/builtin_interfaces': AMENT_PREFIX_PATH=/home/rsanz/git/learning/ROS2/RustROS2/install/rosidl_core_runtime:/home/rsanz/git/learning/ROS2/RustROS2/install/rosidl_core_generators:/home/rsanz/git/learning/ROS2/RustROS2/install/rosidl_generator_rs:${AMENT_PREFIX_PATH} CMAKE_PREFIX_PATH=/home/rsanz/git/learning/ROS2/RustROS2/install/rosidl_core_runtime:/home/rsanz/git/learning/ROS2/RustROS2/install/rosidl_core_generators:/home/rsanz/git/learning/ROS2/RustROS2/install/rosidl_generator_rs:/opt/ros/jazzy/opt/gz_math_vendor:/opt/ros/jazzy/opt/gz_utils_vendor:/opt/ros/jazzy/opt/gz_cmake_vendor:/opt/ros/jazzy DEBUGINFOD_URLS=https://debuginfod.ubuntu.com PYTHONPATH=/home/rsanz/git/learning/ROS2/RustROS2/install/rosidl_generator_rs/lib/python3.12/site-packages:${PYTHONPATH} /usr/bin/cmake /home/rsanz/git/learning/ROS2/RustROS2/src/rcl_interfaces/builtin_interfaces -DCMAKE_INSTALL_PREFIX=/home/rsanz/git/learning/ROS2/RustROS2/install/builtin_interfaces
[1.943s] DEBUG:colcon.colcon_core.event_handler.log_command:Invoking command in '/home/rsanz/git/learning/ROS2/RustROS2/build/unique_identifier_msgs': AMENT_PREFIX_PATH=/home/rsanz/git/learning/ROS2/RustROS2/install/rosidl_core_runtime:/home/rsanz/git/learning/ROS2/RustROS2/install/rosidl_core_generators:/home/rsanz/git/learning/ROS2/RustROS2/install/rosidl_generator_rs:${AMENT_PREFIX_PATH} CMAKE_PREFIX_PATH=/home/rsanz/git/learning/ROS2/RustROS2/install/rosidl_core_runtime:/home/rsanz/git/learning/ROS2/RustROS2/install/rosidl_core_generators:/home/rsanz/git/learning/ROS2/RustROS2/install/rosidl_generator_rs:/opt/ros/jazzy/opt/gz_math_vendor:/opt/ros/jazzy/opt/gz_utils_vendor:/opt/ros/jazzy/opt/gz_cmake_vendor:/opt/ros/jazzy DEBUGINFOD_URLS=https://debuginfod.ubuntu.com PYTHONPATH=/home/rsanz/git/learning/ROS2/RustROS2/install/rosidl_generator_rs/lib/python3.12/site-packages:${PYTHONPATH} /usr/bin/cmake /home/rsanz/git/learning/ROS2/RustROS2/src/unique_identifier_msgs -DCMAKE_INSTALL_PREFIX=/home/rsanz/git/learning/ROS2/RustROS2/install/unique_identifier_msgs
[4.497s] DEBUG:colcon.colcon_core.event_handler.log_command:Invoked command in '/home/rsanz/git/learning/ROS2/RustROS2/build/builtin_interfaces' returned '0': AMENT_PREFIX_PATH=/home/rsanz/git/learning/ROS2/RustROS2/install/rosidl_core_runtime:/home/rsanz/git/learning/ROS2/RustROS2/install/rosidl_core_generators:/home/rsanz/git/learning/ROS2/RustROS2/install/rosidl_generator_rs:${AMENT_PREFIX_PATH} CMAKE_PREFIX_PATH=/home/rsanz/git/learning/ROS2/RustROS2/install/rosidl_core_runtime:/home/rsanz/git/learning/ROS2/RustROS2/install/rosidl_core_generators:/home/rsanz/git/learning/ROS2/RustROS2/install/rosidl_generator_rs:/opt/ros/jazzy/opt/gz_math_vendor:/opt/ros/jazzy/opt/gz_utils_vendor:/opt/ros/jazzy/opt/gz_cmake_vendor:/opt/ros/jazzy DEBUGINFOD_URLS=https://debuginfod.ubuntu.com PYTHONPATH=/home/rsanz/git/learning/ROS2/RustROS2/install/rosidl_generator_rs/lib/python3.12/site-packages:${PYTHONPATH} /usr/bin/cmake /home/rsanz/git/learning/ROS2/RustROS2/src/rcl_interfaces/builtin_interfaces -DCMAKE_INSTALL_PREFIX=/home/rsanz/git/learning/ROS2/RustROS2/install/builtin_interfaces
[4.498s] DEBUG:colcon.colcon_core.event_handler.log_command:Invoking command in '/home/rsanz/git/learning/ROS2/RustROS2/build/builtin_interfaces': AMENT_PREFIX_PATH=/home/rsanz/git/learning/ROS2/RustROS2/install/rosidl_core_runtime:/home/rsanz/git/learning/ROS2/RustROS2/install/rosidl_core_generators:/home/rsanz/git/learning/ROS2/RustROS2/install/rosidl_generator_rs:${AMENT_PREFIX_PATH} CMAKE_PREFIX_PATH=/home/rsanz/git/learning/ROS2/RustROS2/install/rosidl_core_runtime:/home/rsanz/git/learning/ROS2/RustROS2/install/rosidl_core_generators:/home/rsanz/git/learning/ROS2/RustROS2/install/rosidl_generator_rs:/opt/ros/jazzy/opt/gz_math_vendor:/opt/ros/jazzy/opt/gz_utils_vendor:/opt/ros/jazzy/opt/gz_cmake_vendor:/opt/ros/jazzy DEBUGINFOD_URLS=https://debuginfod.ubuntu.com PYTHONPATH=/home/rsanz/git/learning/ROS2/RustROS2/install/rosidl_generator_rs/lib/python3.12/site-packages:${PYTHONPATH} /usr/bin/cmake --build /home/rsanz/git/learning/ROS2/RustROS2/build/builtin_interfaces -- -j24 -l24
[4.511s] DEBUG:colcon.colcon_core.event_handler.log_command:Invoked command in '/home/rsanz/git/learning/ROS2/RustROS2/build/unique_identifier_msgs' returned '0': AMENT_PREFIX_PATH=/home/rsanz/git/learning/ROS2/RustROS2/install/rosidl_core_runtime:/home/rsanz/git/learning/ROS2/RustROS2/install/rosidl_core_generators:/home/rsanz/git/learning/ROS2/RustROS2/install/rosidl_generator_rs:${AMENT_PREFIX_PATH} CMAKE_PREFIX_PATH=/home/rsanz/git/learning/ROS2/RustROS2/install/rosidl_core_runtime:/home/rsanz/git/learning/ROS2/RustROS2/install/rosidl_core_generators:/home/rsanz/git/learning/ROS2/RustROS2/install/rosidl_generator_rs:/opt/ros/jazzy/opt/gz_math_vendor:/opt/ros/jazzy/opt/gz_utils_vendor:/opt/ros/jazzy/opt/gz_cmake_vendor:/opt/ros/jazzy DEBUGINFOD_URLS=https://debuginfod.ubuntu.com PYTHONPATH=/home/rsanz/git/learning/ROS2/RustROS2/install/rosidl_generator_rs/lib/python3.12/site-packages:${PYTHONPATH} /usr/bin/cmake /home/rsanz/git/learning/ROS2/RustROS2/src/unique_identifier_msgs -DCMAKE_INSTALL_PREFIX=/home/rsanz/git/learning/ROS2/RustROS2/install/unique_identifier_msgs
[4.512s] DEBUG:colcon.colcon_core.event_handler.log_command:Invoking command in '/home/rsanz/git/learning/ROS2/RustROS2/build/unique_identifier_msgs': AMENT_PREFIX_PATH=/home/rsanz/git/learning/ROS2/RustROS2/install/rosidl_core_runtime:/home/rsanz/git/learning/ROS2/RustROS2/install/rosidl_core_generators:/home/rsanz/git/learning/ROS2/RustROS2/install/rosidl_generator_rs:${AMENT_PREFIX_PATH} CMAKE_PREFIX_PATH=/home/rsanz/git/learning/ROS2/RustROS2/install/rosidl_core_runtime:/home/rsanz/git/learning/ROS2/RustROS2/install/rosidl_core_generators:/home/rsanz/git/learning/ROS2/RustROS2/install/rosidl_generator_rs:/opt/ros/jazzy/opt/gz_math_vendor:/opt/ros/jazzy/opt/gz_utils_vendor:/opt/ros/jazzy/opt/gz_cmake_vendor:/opt/ros/jazzy DEBUGINFOD_URLS=https://debuginfod.ubuntu.com PYTHONPATH=/home/rsanz/git/learning/ROS2/RustROS2/install/rosidl_generator_rs/lib/python3.12/site-packages:${PYTHONPATH} /usr/bin/cmake --build /home/rsanz/git/learning/ROS2/RustROS2/build/unique_identifier_msgs -- -j24 -l24
[6.236s] DEBUG:colcon.colcon_core.event_handler.log_command:Invoked command in '/home/rsanz/git/learning/ROS2/RustROS2/build/unique_identifier_msgs' returned '0': AMENT_PREFIX_PATH=/home/rsanz/git/learning/ROS2/RustROS2/install/rosidl_core_runtime:/home/rsanz/git/learning/ROS2/RustROS2/install/rosidl_core_generators:/home/rsanz/git/learning/ROS2/RustROS2/install/rosidl_generator_rs:${AMENT_PREFIX_PATH} CMAKE_PREFIX_PATH=/home/rsanz/git/learning/ROS2/RustROS2/install/rosidl_core_runtime:/home/rsanz/git/learning/ROS2/RustROS2/install/rosidl_core_generators:/home/rsanz/git/learning/ROS2/RustROS2/install/rosidl_generator_rs:/opt/ros/jazzy/opt/gz_math_vendor:/opt/ros/jazzy/opt/gz_utils_vendor:/opt/ros/jazzy/opt/gz_cmake_vendor:/opt/ros/jazzy DEBUGINFOD_URLS=https://debuginfod.ubuntu.com PYTHONPATH=/home/rsanz/git/learning/ROS2/RustROS2/install/rosidl_generator_rs/lib/python3.12/site-packages:${PYTHONPATH} /usr/bin/cmake --build /home/rsanz/git/learning/ROS2/RustROS2/build/unique_identifier_msgs -- -j24 -l24
[6.236s] DEBUG:colcon.colcon_core.event_handler.log_command:Invoking command in '/home/rsanz/git/learning/ROS2/RustROS2/build/unique_identifier_msgs': AMENT_PREFIX_PATH=/home/rsanz/git/learning/ROS2/RustROS2/install/rosidl_core_runtime:/home/rsanz/git/learning/ROS2/RustROS2/install/rosidl_core_generators:/home/rsanz/git/learning/ROS2/RustROS2/install/rosidl_generator_rs:${AMENT_PREFIX_PATH} CMAKE_PREFIX_PATH=/home/rsanz/git/learning/ROS2/RustROS2/install/rosidl_core_runtime:/home/rsanz/git/learning/ROS2/RustROS2/install/rosidl_core_generators:/home/rsanz/git/learning/ROS2/RustROS2/install/rosidl_generator_rs:/opt/ros/jazzy/opt/gz_math_vendor:/opt/ros/jazzy/opt/gz_utils_vendor:/opt/ros/jazzy/opt/gz_cmake_vendor:/opt/ros/jazzy DEBUGINFOD_URLS=https://debuginfod.ubuntu.com PYTHONPATH=/home/rsanz/git/learning/ROS2/RustROS2/install/rosidl_generator_rs/lib/python3.12/site-packages:${PYTHONPATH} /usr/bin/cmake --install /home/rsanz/git/learning/ROS2/RustROS2/build/unique_identifier_msgs
[6.305s] Level 1:colcon.colcon_core.environment:create_environment_scripts_only(unique_identifier_msgs)
[6.306s] Level 1:colcon.colcon_core.environment:checking '/home/rsanz/git/learning/ROS2/RustROS2/install/unique_identifier_msgs' for CMake module files
[6.306s] DEBUG:colcon.colcon_core.event_handler.log_command:Invoked command in '/home/rsanz/git/learning/ROS2/RustROS2/build/unique_identifier_msgs' returned '0': AMENT_PREFIX_PATH=/home/rsanz/git/learning/ROS2/RustROS2/install/rosidl_core_runtime:/home/rsanz/git/learning/ROS2/RustROS2/install/rosidl_core_generators:/home/rsanz/git/learning/ROS2/RustROS2/install/rosidl_generator_rs:${AMENT_PREFIX_PATH} CMAKE_PREFIX_PATH=/home/rsanz/git/learning/ROS2/RustROS2/install/rosidl_core_runtime:/home/rsanz/git/learning/ROS2/RustROS2/install/rosidl_core_generators:/home/rsanz/git/learning/ROS2/RustROS2/install/rosidl_generator_rs:/opt/ros/jazzy/opt/gz_math_vendor:/opt/ros/jazzy/opt/gz_utils_vendor:/opt/ros/jazzy/opt/gz_cmake_vendor:/opt/ros/jazzy DEBUGINFOD_URLS=https://debuginfod.ubuntu.com PYTHONPATH=/home/rsanz/git/learning/ROS2/RustROS2/install/rosidl_generator_rs/lib/python3.12/site-packages:${PYTHONPATH} /usr/bin/cmake --install /home/rsanz/git/learning/ROS2/RustROS2/build/unique_identifier_msgs
[6.307s] Level 1:colcon.colcon_core.environment:checking '/home/rsanz/git/learning/ROS2/RustROS2/install/unique_identifier_msgs' for CMake config files
[6.308s] Level 1:colcon.colcon_core.shell:create_environment_hook('unique_identifier_msgs', 'cmake_prefix_path')
[6.308s] INFO:colcon.colcon_core.shell:Creating environment hook '/home/rsanz/git/learning/ROS2/RustROS2/install/unique_identifier_msgs/share/unique_identifier_msgs/hook/cmake_prefix_path.ps1'
[6.308s] INFO:colcon.colcon_core.shell:Creating environment descriptor '/home/rsanz/git/learning/ROS2/RustROS2/install/unique_identifier_msgs/share/unique_identifier_msgs/hook/cmake_prefix_path.dsv'
[6.309s] INFO:colcon.colcon_core.shell:Creating environment hook '/home/rsanz/git/learning/ROS2/RustROS2/install/unique_identifier_msgs/share/unique_identifier_msgs/hook/cmake_prefix_path.sh'
[6.309s] Level 1:colcon.colcon_core.environment:checking '/home/rsanz/git/learning/ROS2/RustROS2/install/unique_identifier_msgs/lib'
[6.309s] Level 1:colcon.colcon_core.shell:create_environment_hook('unique_identifier_msgs', 'ld_library_path_lib')
[6.309s] INFO:colcon.colcon_core.shell:Creating environment hook '/home/rsanz/git/learning/ROS2/RustROS2/install/unique_identifier_msgs/share/unique_identifier_msgs/hook/ld_library_path_lib.ps1'
[6.310s] INFO:colcon.colcon_core.shell:Creating environment descriptor '/home/rsanz/git/learning/ROS2/RustROS2/install/unique_identifier_msgs/share/unique_identifier_msgs/hook/ld_library_path_lib.dsv'
[6.310s] INFO:colcon.colcon_core.shell:Creating environment hook '/home/rsanz/git/learning/ROS2/RustROS2/install/unique_identifier_msgs/share/unique_identifier_msgs/hook/ld_library_path_lib.sh'
[6.310s] Level 1:colcon.colcon_core.environment:checking '/home/rsanz/git/learning/ROS2/RustROS2/install/unique_identifier_msgs/bin'
[6.310s] Level 1:colcon.colcon_core.environment:checking '/home/rsanz/git/learning/ROS2/RustROS2/install/unique_identifier_msgs/lib/pkgconfig/unique_identifier_msgs.pc'
[6.311s] Level 1:colcon.colcon_core.environment:checking '/home/rsanz/git/learning/ROS2/RustROS2/install/unique_identifier_msgs/lib/python3.12/site-packages'
[6.311s] Level 1:colcon.colcon_core.shell:create_environment_hook('unique_identifier_msgs', 'pythonpath')
[6.311s] INFO:colcon.colcon_core.shell:Creating environment hook '/home/rsanz/git/learning/ROS2/RustROS2/install/unique_identifier_msgs/share/unique_identifier_msgs/hook/pythonpath.ps1'
[6.311s] INFO:colcon.colcon_core.shell:Creating environment descriptor '/home/rsanz/git/learning/ROS2/RustROS2/install/unique_identifier_msgs/share/unique_identifier_msgs/hook/pythonpath.dsv'
[6.311s] INFO:colcon.colcon_core.shell:Creating environment hook '/home/rsanz/git/learning/ROS2/RustROS2/install/unique_identifier_msgs/share/unique_identifier_msgs/hook/pythonpath.sh'
[6.312s] Level 1:colcon.colcon_core.environment:checking '/home/rsanz/git/learning/ROS2/RustROS2/install/unique_identifier_msgs/bin'
[6.312s] INFO:colcon.colcon_core.shell:Creating package script '/home/rsanz/git/learning/ROS2/RustROS2/install/unique_identifier_msgs/share/unique_identifier_msgs/package.ps1'
[6.312s] INFO:colcon.colcon_core.shell:Creating package descriptor '/home/rsanz/git/learning/ROS2/RustROS2/install/unique_identifier_msgs/share/unique_identifier_msgs/package.dsv'
[6.313s] INFO:colcon.colcon_core.shell:Creating package script '/home/rsanz/git/learning/ROS2/RustROS2/install/unique_identifier_msgs/share/unique_identifier_msgs/package.sh'
[6.313s] INFO:colcon.colcon_core.shell:Creating package script '/home/rsanz/git/learning/ROS2/RustROS2/install/unique_identifier_msgs/share/unique_identifier_msgs/package.bash'
[6.314s] INFO:colcon.colcon_core.shell:Creating package script '/home/rsanz/git/learning/ROS2/RustROS2/install/unique_identifier_msgs/share/unique_identifier_msgs/package.zsh'
[6.314s] Level 1:colcon.colcon_core.environment:create_file_with_runtime_dependencies(/home/rsanz/git/learning/ROS2/RustROS2/install/unique_identifier_msgs/share/colcon-core/packages/unique_identifier_msgs)
[6.314s] Level 1:colcon.colcon_core.environment:create_environment_scripts_only(unique_identifier_msgs)
[6.314s] Level 1:colcon.colcon_core.environment:checking '/home/rsanz/git/learning/ROS2/RustROS2/install/unique_identifier_msgs' for CMake module files
[6.315s] Level 1:colcon.colcon_core.environment:checking '/home/rsanz/git/learning/ROS2/RustROS2/install/unique_identifier_msgs' for CMake config files
[6.315s] Level 1:colcon.colcon_core.shell:create_environment_hook('unique_identifier_msgs', 'cmake_prefix_path')
[6.315s] INFO:colcon.colcon_core.shell:Creating environment hook '/home/rsanz/git/learning/ROS2/RustROS2/install/unique_identifier_msgs/share/unique_identifier_msgs/hook/cmake_prefix_path.ps1'
[6.316s] INFO:colcon.colcon_core.shell:Creating environment descriptor '/home/rsanz/git/learning/ROS2/RustROS2/install/unique_identifier_msgs/share/unique_identifier_msgs/hook/cmake_prefix_path.dsv'
[6.316s] INFO:colcon.colcon_core.shell:Creating environment hook '/home/rsanz/git/learning/ROS2/RustROS2/install/unique_identifier_msgs/share/unique_identifier_msgs/hook/cmake_prefix_path.sh'
[6.316s] Level 1:colcon.colcon_core.environment:checking '/home/rsanz/git/learning/ROS2/RustROS2/install/unique_identifier_msgs/lib'
[6.316s] Level 1:colcon.colcon_core.shell:create_environment_hook('unique_identifier_msgs', 'ld_library_path_lib')
[6.317s] INFO:colcon.colcon_core.shell:Creating environment hook '/home/rsanz/git/learning/ROS2/RustROS2/install/unique_identifier_msgs/share/unique_identifier_msgs/hook/ld_library_path_lib.ps1'
[6.317s] INFO:colcon.colcon_core.shell:Creating environment descriptor '/home/rsanz/git/learning/ROS2/RustROS2/install/unique_identifier_msgs/share/unique_identifier_msgs/hook/ld_library_path_lib.dsv'
[6.317s] INFO:colcon.colcon_core.shell:Creating environment hook '/home/rsanz/git/learning/ROS2/RustROS2/install/unique_identifier_msgs/share/unique_identifier_msgs/hook/ld_library_path_lib.sh'
[6.317s] Level 1:colcon.colcon_core.environment:checking '/home/rsanz/git/learning/ROS2/RustROS2/install/unique_identifier_msgs/bin'
[6.317s] Level 1:colcon.colcon_core.environment:checking '/home/rsanz/git/learning/ROS2/RustROS2/install/unique_identifier_msgs/lib/pkgconfig/unique_identifier_msgs.pc'
[6.317s] Level 1:colcon.colcon_core.environment:checking '/home/rsanz/git/learning/ROS2/RustROS2/install/unique_identifier_msgs/lib/python3.12/site-packages'
[6.318s] Level 1:colcon.colcon_core.shell:create_environment_hook('unique_identifier_msgs', 'pythonpath')
[6.318s] INFO:colcon.colcon_core.shell:Creating environment hook '/home/rsanz/git/learning/ROS2/RustROS2/install/unique_identifier_msgs/share/unique_identifier_msgs/hook/pythonpath.ps1'
[6.318s] INFO:colcon.colcon_core.shell:Creating environment descriptor '/home/rsanz/git/learning/ROS2/RustROS2/install/unique_identifier_msgs/share/unique_identifier_msgs/hook/pythonpath.dsv'
[6.318s] INFO:colcon.colcon_core.shell:Creating environment hook '/home/rsanz/git/learning/ROS2/RustROS2/install/unique_identifier_msgs/share/unique_identifier_msgs/hook/pythonpath.sh'
[6.319s] Level 1:colcon.colcon_core.environment:checking '/home/rsanz/git/learning/ROS2/RustROS2/install/unique_identifier_msgs/bin'
[6.319s] INFO:colcon.colcon_core.shell:Creating package script '/home/rsanz/git/learning/ROS2/RustROS2/install/unique_identifier_msgs/share/unique_identifier_msgs/package.ps1'
[6.319s] INFO:colcon.colcon_core.shell:Creating package descriptor '/home/rsanz/git/learning/ROS2/RustROS2/install/unique_identifier_msgs/share/unique_identifier_msgs/package.dsv'
[6.320s] INFO:colcon.colcon_core.shell:Creating package script '/home/rsanz/git/learning/ROS2/RustROS2/install/unique_identifier_msgs/share/unique_identifier_msgs/package.sh'
[6.320s] INFO:colcon.colcon_core.shell:Creating package script '/home/rsanz/git/learning/ROS2/RustROS2/install/unique_identifier_msgs/share/unique_identifier_msgs/package.bash'
[6.320s] INFO:colcon.colcon_core.shell:Creating package script '/home/rsanz/git/learning/ROS2/RustROS2/install/unique_identifier_msgs/share/unique_identifier_msgs/package.zsh'
[6.320s] Level 1:colcon.colcon_core.environment:create_file_with_runtime_dependencies(/home/rsanz/git/learning/ROS2/RustROS2/install/unique_identifier_msgs/share/colcon-core/packages/unique_identifier_msgs)
[6.386s] DEBUG:colcon.colcon_core.event_handler.log_command:Invoked command in '/home/rsanz/git/learning/ROS2/RustROS2/build/builtin_interfaces' returned '0': AMENT_PREFIX_PATH=/home/rsanz/git/learning/ROS2/RustROS2/install/rosidl_core_runtime:/home/rsanz/git/learning/ROS2/RustROS2/install/rosidl_core_generators:/home/rsanz/git/learning/ROS2/RustROS2/install/rosidl_generator_rs:${AMENT_PREFIX_PATH} CMAKE_PREFIX_PATH=/home/rsanz/git/learning/ROS2/RustROS2/install/rosidl_core_runtime:/home/rsanz/git/learning/ROS2/RustROS2/install/rosidl_core_generators:/home/rsanz/git/learning/ROS2/RustROS2/install/rosidl_generator_rs:/opt/ros/jazzy/opt/gz_math_vendor:/opt/ros/jazzy/opt/gz_utils_vendor:/opt/ros/jazzy/opt/gz_cmake_vendor:/opt/ros/jazzy DEBUGINFOD_URLS=https://debuginfod.ubuntu.com PYTHONPATH=/home/rsanz/git/learning/ROS2/RustROS2/install/rosidl_generator_rs/lib/python3.12/site-packages:${PYTHONPATH} /usr/bin/cmake --build /home/rsanz/git/learning/ROS2/RustROS2/build/builtin_interfaces -- -j24 -l24
[6.387s] DEBUG:colcon.colcon_core.event_handler.log_command:Invoking command in '/home/rsanz/git/learning/ROS2/RustROS2/build/builtin_interfaces': AMENT_PREFIX_PATH=/home/rsanz/git/learning/ROS2/RustROS2/install/rosidl_core_runtime:/home/rsanz/git/learning/ROS2/RustROS2/install/rosidl_core_generators:/home/rsanz/git/learning/ROS2/RustROS2/install/rosidl_generator_rs:${AMENT_PREFIX_PATH} CMAKE_PREFIX_PATH=/home/rsanz/git/learning/ROS2/RustROS2/install/rosidl_core_runtime:/home/rsanz/git/learning/ROS2/RustROS2/install/rosidl_core_generators:/home/rsanz/git/learning/ROS2/RustROS2/install/rosidl_generator_rs:/opt/ros/jazzy/opt/gz_math_vendor:/opt/ros/jazzy/opt/gz_utils_vendor:/opt/ros/jazzy/opt/gz_cmake_vendor:/opt/ros/jazzy DEBUGINFOD_URLS=https://debuginfod.ubuntu.com PYTHONPATH=/home/rsanz/git/learning/ROS2/RustROS2/install/rosidl_generator_rs/lib/python3.12/site-packages:${PYTHONPATH} /usr/bin/cmake --install /home/rsanz/git/learning/ROS2/RustROS2/build/builtin_interfaces
[6.458s] Level 1:colcon.colcon_core.environment:create_environment_scripts_only(builtin_interfaces)
[6.458s] Level 1:colcon.colcon_core.environment:checking '/home/rsanz/git/learning/ROS2/RustROS2/install/builtin_interfaces' for CMake module files
[6.458s] DEBUG:colcon.colcon_core.event_handler.log_command:Invoked command in '/home/rsanz/git/learning/ROS2/RustROS2/build/builtin_interfaces' returned '0': AMENT_PREFIX_PATH=/home/rsanz/git/learning/ROS2/RustROS2/install/rosidl_core_runtime:/home/rsanz/git/learning/ROS2/RustROS2/install/rosidl_core_generators:/home/rsanz/git/learning/ROS2/RustROS2/install/rosidl_generator_rs:${AMENT_PREFIX_PATH} CMAKE_PREFIX_PATH=/home/rsanz/git/learning/ROS2/RustROS2/install/rosidl_core_runtime:/home/rsanz/git/learning/ROS2/RustROS2/install/rosidl_core_generators:/home/rsanz/git/learning/ROS2/RustROS2/install/rosidl_generator_rs:/opt/ros/jazzy/opt/gz_math_vendor:/opt/ros/jazzy/opt/gz_utils_vendor:/opt/ros/jazzy/opt/gz_cmake_vendor:/opt/ros/jazzy DEBUGINFOD_URLS=https://debuginfod.ubuntu.com PYTHONPATH=/home/rsanz/git/learning/ROS2/RustROS2/install/rosidl_generator_rs/lib/python3.12/site-packages:${PYTHONPATH} /usr/bin/cmake --install /home/rsanz/git/learning/ROS2/RustROS2/build/builtin_interfaces
[6.459s] Level 1:colcon.colcon_core.environment:checking '/home/rsanz/git/learning/ROS2/RustROS2/install/builtin_interfaces' for CMake config files
[6.459s] Level 1:colcon.colcon_core.shell:create_environment_hook('builtin_interfaces', 'cmake_prefix_path')
[6.460s] INFO:colcon.colcon_core.shell:Creating environment hook '/home/rsanz/git/learning/ROS2/RustROS2/install/builtin_interfaces/share/builtin_interfaces/hook/cmake_prefix_path.ps1'
[6.460s] INFO:colcon.colcon_core.shell:Creating environment descriptor '/home/rsanz/git/learning/ROS2/RustROS2/install/builtin_interfaces/share/builtin_interfaces/hook/cmake_prefix_path.dsv'
[6.460s] INFO:colcon.colcon_core.shell:Creating environment hook '/home/rsanz/git/learning/ROS2/RustROS2/install/builtin_interfaces/share/builtin_interfaces/hook/cmake_prefix_path.sh'
[6.460s] Level 1:colcon.colcon_core.environment:checking '/home/rsanz/git/learning/ROS2/RustROS2/install/builtin_interfaces/lib'
[6.461s] Level 1:colcon.colcon_core.shell:create_environment_hook('builtin_interfaces', 'ld_library_path_lib')
[6.461s] INFO:colcon.colcon_core.shell:Creating environment hook '/home/rsanz/git/learning/ROS2/RustROS2/install/builtin_interfaces/share/builtin_interfaces/hook/ld_library_path_lib.ps1'
[6.461s] INFO:colcon.colcon_core.shell:Creating environment descriptor '/home/rsanz/git/learning/ROS2/RustROS2/install/builtin_interfaces/share/builtin_interfaces/hook/ld_library_path_lib.dsv'
[6.461s] INFO:colcon.colcon_core.shell:Creating environment hook '/home/rsanz/git/learning/ROS2/RustROS2/install/builtin_interfaces/share/builtin_interfaces/hook/ld_library_path_lib.sh'
[6.461s] Level 1:colcon.colcon_core.environment:checking '/home/rsanz/git/learning/ROS2/RustROS2/install/builtin_interfaces/bin'
[6.461s] Level 1:colcon.colcon_core.environment:checking '/home/rsanz/git/learning/ROS2/RustROS2/install/builtin_interfaces/lib/pkgconfig/builtin_interfaces.pc'
[6.462s] Level 1:colcon.colcon_core.environment:checking '/home/rsanz/git/learning/ROS2/RustROS2/install/builtin_interfaces/lib/python3.12/site-packages'
[6.462s] Level 1:colcon.colcon_core.shell:create_environment_hook('builtin_interfaces', 'pythonpath')
[6.462s] INFO:colcon.colcon_core.shell:Creating environment hook '/home/rsanz/git/learning/ROS2/RustROS2/install/builtin_interfaces/share/builtin_interfaces/hook/pythonpath.ps1'
[6.462s] INFO:colcon.colcon_core.shell:Creating environment descriptor '/home/rsanz/git/learning/ROS2/RustROS2/install/builtin_interfaces/share/builtin_interfaces/hook/pythonpath.dsv'
[6.462s] INFO:colcon.colcon_core.shell:Creating environment hook '/home/rsanz/git/learning/ROS2/RustROS2/install/builtin_interfaces/share/builtin_interfaces/hook/pythonpath.sh'
[6.463s] Level 1:colcon.colcon_core.environment:checking '/home/rsanz/git/learning/ROS2/RustROS2/install/builtin_interfaces/bin'
[6.463s] INFO:colcon.colcon_core.shell:Creating package script '/home/rsanz/git/learning/ROS2/RustROS2/install/builtin_interfaces/share/builtin_interfaces/package.ps1'
[6.463s] INFO:colcon.colcon_core.shell:Creating package descriptor '/home/rsanz/git/learning/ROS2/RustROS2/install/builtin_interfaces/share/builtin_interfaces/package.dsv'
[6.463s] INFO:colcon.colcon_core.shell:Creating package script '/home/rsanz/git/learning/ROS2/RustROS2/install/builtin_interfaces/share/builtin_interfaces/package.sh'
[6.464s] INFO:colcon.colcon_core.shell:Creating package script '/home/rsanz/git/learning/ROS2/RustROS2/install/builtin_interfaces/share/builtin_interfaces/package.bash'
[6.464s] INFO:colcon.colcon_core.shell:Creating package script '/home/rsanz/git/learning/ROS2/RustROS2/install/builtin_interfaces/share/builtin_interfaces/package.zsh'
[6.464s] Level 1:colcon.colcon_core.environment:create_file_with_runtime_dependencies(/home/rsanz/git/learning/ROS2/RustROS2/install/builtin_interfaces/share/colcon-core/packages/builtin_interfaces)
[6.465s] Level 1:colcon.colcon_core.environment:create_environment_scripts_only(builtin_interfaces)
[6.465s] Level 1:colcon.colcon_core.environment:checking '/home/rsanz/git/learning/ROS2/RustROS2/install/builtin_interfaces' for CMake module files
[6.465s] Level 1:colcon.colcon_core.environment:checking '/home/rsanz/git/learning/ROS2/RustROS2/install/builtin_interfaces' for CMake config files
[6.466s] Level 1:colcon.colcon_core.shell:create_environment_hook('builtin_interfaces', 'cmake_prefix_path')
[6.466s] INFO:colcon.colcon_core.shell:Creating environment hook '/home/rsanz/git/learning/ROS2/RustROS2/install/builtin_interfaces/share/builtin_interfaces/hook/cmake_prefix_path.ps1'
[6.466s] INFO:colcon.colcon_core.shell:Creating environment descriptor '/home/rsanz/git/learning/ROS2/RustROS2/install/builtin_interfaces/share/builtin_interfaces/hook/cmake_prefix_path.dsv'
[6.466s] INFO:colcon.colcon_core.shell:Creating environment hook '/home/rsanz/git/learning/ROS2/RustROS2/install/builtin_interfaces/share/builtin_interfaces/hook/cmake_prefix_path.sh'
[6.467s] Level 1:colcon.colcon_core.environment:checking '/home/rsanz/git/learning/ROS2/RustROS2/install/builtin_interfaces/lib'
[6.467s] Level 1:colcon.colcon_core.shell:create_environment_hook('builtin_interfaces', 'ld_library_path_lib')
[6.467s] INFO:colcon.colcon_core.shell:Creating environment hook '/home/rsanz/git/learning/ROS2/RustROS2/install/builtin_interfaces/share/builtin_interfaces/hook/ld_library_path_lib.ps1'
[6.467s] INFO:colcon.colcon_core.shell:Creating environment descriptor '/home/rsanz/git/learning/ROS2/RustROS2/install/builtin_interfaces/share/builtin_interfaces/hook/ld_library_path_lib.dsv'
[6.467s] INFO:colcon.colcon_core.shell:Creating environment hook '/home/rsanz/git/learning/ROS2/RustROS2/install/builtin_interfaces/share/builtin_interfaces/hook/ld_library_path_lib.sh'
[6.467s] Level 1:colcon.colcon_core.environment:checking '/home/rsanz/git/learning/ROS2/RustROS2/install/builtin_interfaces/bin'
[6.467s] Level 1:colcon.colcon_core.environment:checking '/home/rsanz/git/learning/ROS2/RustROS2/install/builtin_interfaces/lib/pkgconfig/builtin_interfaces.pc'
[6.468s] Level 1:colcon.colcon_core.environment:checking '/home/rsanz/git/learning/ROS2/RustROS2/install/builtin_interfaces/lib/python3.12/site-packages'
[6.468s] Level 1:colcon.colcon_core.shell:create_environment_hook('builtin_interfaces', 'pythonpath')
[6.468s] INFO:colcon.colcon_core.shell:Creating environment hook '/home/rsanz/git/learning/ROS2/RustROS2/install/builtin_interfaces/share/builtin_interfaces/hook/pythonpath.ps1'
[6.468s] INFO:colcon.colcon_core.shell:Creating environment descriptor '/home/rsanz/git/learning/ROS2/RustROS2/install/builtin_interfaces/share/builtin_interfaces/hook/pythonpath.dsv'
[6.469s] INFO:colcon.colcon_core.shell:Creating environment hook '/home/rsanz/git/learning/ROS2/RustROS2/install/builtin_interfaces/share/builtin_interfaces/hook/pythonpath.sh'
[6.469s] Level 1:colcon.colcon_core.environment:checking '/home/rsanz/git/learning/ROS2/RustROS2/install/builtin_interfaces/bin'
[6.470s] INFO:colcon.colcon_core.shell:Creating package script '/home/rsanz/git/learning/ROS2/RustROS2/install/builtin_interfaces/share/builtin_interfaces/package.ps1'
[6.471s] INFO:colcon.colcon_core.shell:Creating package descriptor '/home/rsanz/git/learning/ROS2/RustROS2/install/builtin_interfaces/share/builtin_interfaces/package.dsv'
[6.471s] INFO:colcon.colcon_core.shell:Creating package script '/home/rsanz/git/learning/ROS2/RustROS2/install/builtin_interfaces/share/builtin_interfaces/package.sh'
[6.472s] INFO:colcon.colcon_core.shell:Creating package script '/home/rsanz/git/learning/ROS2/RustROS2/install/builtin_interfaces/share/builtin_interfaces/package.bash'
[6.472s] INFO:colcon.colcon_core.shell:Creating package script '/home/rsanz/git/learning/ROS2/RustROS2/install/builtin_interfaces/share/builtin_interfaces/package.zsh'
[6.472s] Level 1:colcon.colcon_core.environment:create_file_with_runtime_dependencies(/home/rsanz/git/learning/ROS2/RustROS2/install/builtin_interfaces/share/colcon-core/packages/builtin_interfaces)
[6.472s] INFO:colcon.colcon_ros.task.ament_cmake.build:Building ROS package in '/home/rsanz/git/learning/ROS2/RustROS2/src/rcl_interfaces/service_msgs' with build type 'ament_cmake'
[6.473s] INFO:colcon.colcon_cmake.task.cmake.build:Building CMake package in '/home/rsanz/git/learning/ROS2/RustROS2/src/rcl_interfaces/service_msgs'
[6.473s] INFO:colcon.colcon_core.shell:Skip shell extension 'powershell' for command environment: Not usable outside of PowerShell
[6.473s] DEBUG:colcon.colcon_core.shell:Skip shell extension 'dsv' for command environment
[6.484s] DEBUG:colcon.colcon_core.event_handler.log_command:Invoking command in '/home/rsanz/git/learning/ROS2/RustROS2/build/service_msgs': AMENT_PREFIX_PATH=/home/rsanz/git/learning/ROS2/RustROS2/install/builtin_interfaces:/home/rsanz/git/learning/ROS2/RustROS2/install/rosidl_core_runtime:/home/rsanz/git/learning/ROS2/RustROS2/install/rosidl_core_generators:/home/rsanz/git/learning/ROS2/RustROS2/install/rosidl_generator_rs:${AMENT_PREFIX_PATH} CMAKE_PREFIX_PATH=/home/rsanz/git/learning/ROS2/RustROS2/install/builtin_interfaces:/home/rsanz/git/learning/ROS2/RustROS2/install/rosidl_core_runtime:/home/rsanz/git/learning/ROS2/RustROS2/install/rosidl_core_generators:/home/rsanz/git/learning/ROS2/RustROS2/install/rosidl_generator_rs:/opt/ros/jazzy/opt/gz_math_vendor:/opt/ros/jazzy/opt/gz_utils_vendor:/opt/ros/jazzy/opt/gz_cmake_vendor:/opt/ros/jazzy DEBUGINFOD_URLS=https://debuginfod.ubuntu.com LD_LIBRARY_PATH=/home/rsanz/git/learning/ROS2/RustROS2/install/builtin_interfaces/lib:${LD_LIBRARY_PATH} PYTHONPATH=/home/rsanz/git/learning/ROS2/RustROS2/install/builtin_interfaces/lib/python3.12/site-packages:/home/rsanz/git/learning/ROS2/RustROS2/install/rosidl_generator_rs/lib/python3.12/site-packages:${PYTHONPATH} /usr/bin/cmake /home/rsanz/git/learning/ROS2/RustROS2/src/rcl_interfaces/service_msgs -DCMAKE_INSTALL_PREFIX=/home/rsanz/git/learning/ROS2/RustROS2/install/service_msgs
[9.061s] DEBUG:colcon.colcon_core.event_handler.log_command:Invoked command in '/home/rsanz/git/learning/ROS2/RustROS2/build/service_msgs' returned '0': AMENT_PREFIX_PATH=/home/rsanz/git/learning/ROS2/RustROS2/install/builtin_interfaces:/home/rsanz/git/learning/ROS2/RustROS2/install/rosidl_core_runtime:/home/rsanz/git/learning/ROS2/RustROS2/install/rosidl_core_generators:/home/rsanz/git/learning/ROS2/RustROS2/install/rosidl_generator_rs:${AMENT_PREFIX_PATH} CMAKE_PREFIX_PATH=/home/rsanz/git/learning/ROS2/RustROS2/install/builtin_interfaces:/home/rsanz/git/learning/ROS2/RustROS2/install/rosidl_core_runtime:/home/rsanz/git/learning/ROS2/RustROS2/install/rosidl_core_generators:/home/rsanz/git/learning/ROS2/RustROS2/install/rosidl_generator_rs:/opt/ros/jazzy/opt/gz_math_vendor:/opt/ros/jazzy/opt/gz_utils_vendor:/opt/ros/jazzy/opt/gz_cmake_vendor:/opt/ros/jazzy DEBUGINFOD_URLS=https://debuginfod.ubuntu.com LD_LIBRARY_PATH=/home/rsanz/git/learning/ROS2/RustROS2/install/builtin_interfaces/lib:${LD_LIBRARY_PATH} PYTHONPATH=/home/rsanz/git/learning/ROS2/RustROS2/install/builtin_interfaces/lib/python3.12/site-packages:/home/rsanz/git/learning/ROS2/RustROS2/install/rosidl_generator_rs/lib/python3.12/site-packages:${PYTHONPATH} /usr/bin/cmake /home/rsanz/git/learning/ROS2/RustROS2/src/rcl_interfaces/service_msgs -DCMAKE_INSTALL_PREFIX=/home/rsanz/git/learning/ROS2/RustROS2/install/service_msgs
[9.062s] DEBUG:colcon.colcon_core.event_handler.log_command:Invoking command in '/home/rsanz/git/learning/ROS2/RustROS2/build/service_msgs': AMENT_PREFIX_PATH=/home/rsanz/git/learning/ROS2/RustROS2/install/builtin_interfaces:/home/rsanz/git/learning/ROS2/RustROS2/install/rosidl_core_runtime:/home/rsanz/git/learning/ROS2/RustROS2/install/rosidl_core_generators:/home/rsanz/git/learning/ROS2/RustROS2/install/rosidl_generator_rs:${AMENT_PREFIX_PATH} CMAKE_PREFIX_PATH=/home/rsanz/git/learning/ROS2/RustROS2/install/builtin_interfaces:/home/rsanz/git/learning/ROS2/RustROS2/install/rosidl_core_runtime:/home/rsanz/git/learning/ROS2/RustROS2/install/rosidl_core_generators:/home/rsanz/git/learning/ROS2/RustROS2/install/rosidl_generator_rs:/opt/ros/jazzy/opt/gz_math_vendor:/opt/ros/jazzy/opt/gz_utils_vendor:/opt/ros/jazzy/opt/gz_cmake_vendor:/opt/ros/jazzy DEBUGINFOD_URLS=https://debuginfod.ubuntu.com LD_LIBRARY_PATH=/home/rsanz/git/learning/ROS2/RustROS2/install/builtin_interfaces/lib:${LD_LIBRARY_PATH} PYTHONPATH=/home/rsanz/git/learning/ROS2/RustROS2/install/builtin_interfaces/lib/python3.12/site-packages:/home/rsanz/git/learning/ROS2/RustROS2/install/rosidl_generator_rs/lib/python3.12/site-packages:${PYTHONPATH} /usr/bin/cmake --build /home/rsanz/git/learning/ROS2/RustROS2/build/service_msgs -- -j24 -l24
[10.801s] DEBUG:colcon.colcon_core.event_handler.log_command:Invoked command in '/home/rsanz/git/learning/ROS2/RustROS2/build/service_msgs' returned '0': AMENT_PREFIX_PATH=/home/rsanz/git/learning/ROS2/RustROS2/install/builtin_interfaces:/home/rsanz/git/learning/ROS2/RustROS2/install/rosidl_core_runtime:/home/rsanz/git/learning/ROS2/RustROS2/install/rosidl_core_generators:/home/rsanz/git/learning/ROS2/RustROS2/install/rosidl_generator_rs:${AMENT_PREFIX_PATH} CMAKE_PREFIX_PATH=/home/rsanz/git/learning/ROS2/RustROS2/install/builtin_interfaces:/home/rsanz/git/learning/ROS2/RustROS2/install/rosidl_core_runtime:/home/rsanz/git/learning/ROS2/RustROS2/install/rosidl_core_generators:/home/rsanz/git/learning/ROS2/RustROS2/install/rosidl_generator_rs:/opt/ros/jazzy/opt/gz_math_vendor:/opt/ros/jazzy/opt/gz_utils_vendor:/opt/ros/jazzy/opt/gz_cmake_vendor:/opt/ros/jazzy DEBUGINFOD_URLS=https://debuginfod.ubuntu.com LD_LIBRARY_PATH=/home/rsanz/git/learning/ROS2/RustROS2/install/builtin_interfaces/lib:${LD_LIBRARY_PATH} PYTHONPATH=/home/rsanz/git/learning/ROS2/RustROS2/install/builtin_interfaces/lib/python3.12/site-packages:/home/rsanz/git/learning/ROS2/RustROS2/install/rosidl_generator_rs/lib/python3.12/site-packages:${PYTHONPATH} /usr/bin/cmake --build /home/rsanz/git/learning/ROS2/RustROS2/build/service_msgs -- -j24 -l24
[10.802s] DEBUG:colcon.colcon_core.event_handler.log_command:Invoking command in '/home/rsanz/git/learning/ROS2/RustROS2/build/service_msgs': AMENT_PREFIX_PATH=/home/rsanz/git/learning/ROS2/RustROS2/install/builtin_interfaces:/home/rsanz/git/learning/ROS2/RustROS2/install/rosidl_core_runtime:/home/rsanz/git/learning/ROS2/RustROS2/install/rosidl_core_generators:/home/rsanz/git/learning/ROS2/RustROS2/install/rosidl_generator_rs:${AMENT_PREFIX_PATH} CMAKE_PREFIX_PATH=/home/rsanz/git/learning/ROS2/RustROS2/install/builtin_interfaces:/home/rsanz/git/learning/ROS2/RustROS2/install/rosidl_core_runtime:/home/rsanz/git/learning/ROS2/RustROS2/install/rosidl_core_generators:/home/rsanz/git/learning/ROS2/RustROS2/install/rosidl_generator_rs:/opt/ros/jazzy/opt/gz_math_vendor:/opt/ros/jazzy/opt/gz_utils_vendor:/opt/ros/jazzy/opt/gz_cmake_vendor:/opt/ros/jazzy DEBUGINFOD_URLS=https://debuginfod.ubuntu.com LD_LIBRARY_PATH=/home/rsanz/git/learning/ROS2/RustROS2/install/builtin_interfaces/lib:${LD_LIBRARY_PATH} PYTHONPATH=/home/rsanz/git/learning/ROS2/RustROS2/install/builtin_interfaces/lib/python3.12/site-packages:/home/rsanz/git/learning/ROS2/RustROS2/install/rosidl_generator_rs/lib/python3.12/site-packages:${PYTHONPATH} /usr/bin/cmake --install /home/rsanz/git/learning/ROS2/RustROS2/build/service_msgs
[10.868s] Level 1:colcon.colcon_core.environment:create_environment_scripts_only(service_msgs)
[10.868s] Level 1:colcon.colcon_core.environment:checking '/home/rsanz/git/learning/ROS2/RustROS2/install/service_msgs' for CMake module files
[10.868s] DEBUG:colcon.colcon_core.event_handler.log_command:Invoked command in '/home/rsanz/git/learning/ROS2/RustROS2/build/service_msgs' returned '0': AMENT_PREFIX_PATH=/home/rsanz/git/learning/ROS2/RustROS2/install/builtin_interfaces:/home/rsanz/git/learning/ROS2/RustROS2/install/rosidl_core_runtime:/home/rsanz/git/learning/ROS2/RustROS2/install/rosidl_core_generators:/home/rsanz/git/learning/ROS2/RustROS2/install/rosidl_generator_rs:${AMENT_PREFIX_PATH} CMAKE_PREFIX_PATH=/home/rsanz/git/learning/ROS2/RustROS2/install/builtin_interfaces:/home/rsanz/git/learning/ROS2/RustROS2/install/rosidl_core_runtime:/home/rsanz/git/learning/ROS2/RustROS2/install/rosidl_core_generators:/home/rsanz/git/learning/ROS2/RustROS2/install/rosidl_generator_rs:/opt/ros/jazzy/opt/gz_math_vendor:/opt/ros/jazzy/opt/gz_utils_vendor:/opt/ros/jazzy/opt/gz_cmake_vendor:/opt/ros/jazzy DEBUGINFOD_URLS=https://debuginfod.ubuntu.com LD_LIBRARY_PATH=/home/rsanz/git/learning/ROS2/RustROS2/install/builtin_interfaces/lib:${LD_LIBRARY_PATH} PYTHONPATH=/home/rsanz/git/learning/ROS2/RustROS2/install/builtin_interfaces/lib/python3.12/site-packages:/home/rsanz/git/learning/ROS2/RustROS2/install/rosidl_generator_rs/lib/python3.12/site-packages:${PYTHONPATH} /usr/bin/cmake --install /home/rsanz/git/learning/ROS2/RustROS2/build/service_msgs
[10.869s] Level 1:colcon.colcon_core.environment:checking '/home/rsanz/git/learning/ROS2/RustROS2/install/service_msgs' for CMake config files
[10.869s] Level 1:colcon.colcon_core.shell:create_environment_hook('service_msgs', 'cmake_prefix_path')
[10.870s] INFO:colcon.colcon_core.shell:Creating environment hook '/home/rsanz/git/learning/ROS2/RustROS2/install/service_msgs/share/service_msgs/hook/cmake_prefix_path.ps1'
[10.870s] INFO:colcon.colcon_core.shell:Creating environment descriptor '/home/rsanz/git/learning/ROS2/RustROS2/install/service_msgs/share/service_msgs/hook/cmake_prefix_path.dsv'
[10.870s] INFO:colcon.colcon_core.shell:Creating environment hook '/home/rsanz/git/learning/ROS2/RustROS2/install/service_msgs/share/service_msgs/hook/cmake_prefix_path.sh'
[10.871s] Level 1:colcon.colcon_core.environment:checking '/home/rsanz/git/learning/ROS2/RustROS2/install/service_msgs/lib'
[10.871s] Level 1:colcon.colcon_core.shell:create_environment_hook('service_msgs', 'ld_library_path_lib')
[10.871s] INFO:colcon.colcon_core.shell:Creating environment hook '/home/rsanz/git/learning/ROS2/RustROS2/install/service_msgs/share/service_msgs/hook/ld_library_path_lib.ps1'
[10.872s] INFO:colcon.colcon_core.shell:Creating environment descriptor '/home/rsanz/git/learning/ROS2/RustROS2/install/service_msgs/share/service_msgs/hook/ld_library_path_lib.dsv'
[10.872s] INFO:colcon.colcon_core.shell:Creating environment hook '/home/rsanz/git/learning/ROS2/RustROS2/install/service_msgs/share/service_msgs/hook/ld_library_path_lib.sh'
[10.872s] Level 1:colcon.colcon_core.environment:checking '/home/rsanz/git/learning/ROS2/RustROS2/install/service_msgs/bin'
[10.873s] Level 1:colcon.colcon_core.environment:checking '/home/rsanz/git/learning/ROS2/RustROS2/install/service_msgs/lib/pkgconfig/service_msgs.pc'
[10.873s] Level 1:colcon.colcon_core.environment:checking '/home/rsanz/git/learning/ROS2/RustROS2/install/service_msgs/lib/python3.12/site-packages'
[10.873s] Level 1:colcon.colcon_core.shell:create_environment_hook('service_msgs', 'pythonpath')
[10.873s] INFO:colcon.colcon_core.shell:Creating environment hook '/home/rsanz/git/learning/ROS2/RustROS2/install/service_msgs/share/service_msgs/hook/pythonpath.ps1'
[10.873s] INFO:colcon.colcon_core.shell:Creating environment descriptor '/home/rsanz/git/learning/ROS2/RustROS2/install/service_msgs/share/service_msgs/hook/pythonpath.dsv'
[10.873s] INFO:colcon.colcon_core.shell:Creating environment hook '/home/rsanz/git/learning/ROS2/RustROS2/install/service_msgs/share/service_msgs/hook/pythonpath.sh'
[10.874s] Level 1:colcon.colcon_core.environment:checking '/home/rsanz/git/learning/ROS2/RustROS2/install/service_msgs/bin'
[10.874s] INFO:colcon.colcon_core.shell:Creating package script '/home/rsanz/git/learning/ROS2/RustROS2/install/service_msgs/share/service_msgs/package.ps1'
[10.875s] INFO:colcon.colcon_core.shell:Creating package descriptor '/home/rsanz/git/learning/ROS2/RustROS2/install/service_msgs/share/service_msgs/package.dsv'
[10.875s] INFO:colcon.colcon_core.shell:Creating package script '/home/rsanz/git/learning/ROS2/RustROS2/install/service_msgs/share/service_msgs/package.sh'
[10.875s] INFO:colcon.colcon_core.shell:Creating package script '/home/rsanz/git/learning/ROS2/RustROS2/install/service_msgs/share/service_msgs/package.bash'
[10.875s] INFO:colcon.colcon_core.shell:Creating package script '/home/rsanz/git/learning/ROS2/RustROS2/install/service_msgs/share/service_msgs/package.zsh'
[10.876s] Level 1:colcon.colcon_core.environment:create_file_with_runtime_dependencies(/home/rsanz/git/learning/ROS2/RustROS2/install/service_msgs/share/colcon-core/packages/service_msgs)
[10.876s] Level 1:colcon.colcon_core.environment:create_environment_scripts_only(service_msgs)
[10.876s] Level 1:colcon.colcon_core.environment:checking '/home/rsanz/git/learning/ROS2/RustROS2/install/service_msgs' for CMake module files
[10.877s] Level 1:colcon.colcon_core.environment:checking '/home/rsanz/git/learning/ROS2/RustROS2/install/service_msgs' for CMake config files
[10.877s] Level 1:colcon.colcon_core.shell:create_environment_hook('service_msgs', 'cmake_prefix_path')
[10.877s] INFO:colcon.colcon_core.shell:Creating environment hook '/home/rsanz/git/learning/ROS2/RustROS2/install/service_msgs/share/service_msgs/hook/cmake_prefix_path.ps1'
[10.877s] INFO:colcon.colcon_core.shell:Creating environment descriptor '/home/rsanz/git/learning/ROS2/RustROS2/install/service_msgs/share/service_msgs/hook/cmake_prefix_path.dsv'
[10.877s] INFO:colcon.colcon_core.shell:Creating environment hook '/home/rsanz/git/learning/ROS2/RustROS2/install/service_msgs/share/service_msgs/hook/cmake_prefix_path.sh'
[10.878s] Level 1:colcon.colcon_core.environment:checking '/home/rsanz/git/learning/ROS2/RustROS2/install/service_msgs/lib'
[10.878s] Level 1:colcon.colcon_core.shell:create_environment_hook('service_msgs', 'ld_library_path_lib')
[10.878s] INFO:colcon.colcon_core.shell:Creating environment hook '/home/rsanz/git/learning/ROS2/RustROS2/install/service_msgs/share/service_msgs/hook/ld_library_path_lib.ps1'
[10.878s] INFO:colcon.colcon_core.shell:Creating environment descriptor '/home/rsanz/git/learning/ROS2/RustROS2/install/service_msgs/share/service_msgs/hook/ld_library_path_lib.dsv'
[10.879s] INFO:colcon.colcon_core.shell:Creating environment hook '/home/rsanz/git/learning/ROS2/RustROS2/install/service_msgs/share/service_msgs/hook/ld_library_path_lib.sh'
[10.879s] Level 1:colcon.colcon_core.environment:checking '/home/rsanz/git/learning/ROS2/RustROS2/install/service_msgs/bin'
[10.879s] Level 1:colcon.colcon_core.environment:checking '/home/rsanz/git/learning/ROS2/RustROS2/install/service_msgs/lib/pkgconfig/service_msgs.pc'
[10.879s] Level 1:colcon.colcon_core.environment:checking '/home/rsanz/git/learning/ROS2/RustROS2/install/service_msgs/lib/python3.12/site-packages'
[10.879s] Level 1:colcon.colcon_core.shell:create_environment_hook('service_msgs', 'pythonpath')
[10.879s] INFO:colcon.colcon_core.shell:Creating environment hook '/home/rsanz/git/learning/ROS2/RustROS2/install/service_msgs/share/service_msgs/hook/pythonpath.ps1'
[10.880s] INFO:colcon.colcon_core.shell:Creating environment descriptor '/home/rsanz/git/learning/ROS2/RustROS2/install/service_msgs/share/service_msgs/hook/pythonpath.dsv'
[10.880s] INFO:colcon.colcon_core.shell:Creating environment hook '/home/rsanz/git/learning/ROS2/RustROS2/install/service_msgs/share/service_msgs/hook/pythonpath.sh'
[10.880s] Level 1:colcon.colcon_core.environment:checking '/home/rsanz/git/learning/ROS2/RustROS2/install/service_msgs/bin'
[10.880s] INFO:colcon.colcon_core.shell:Creating package script '/home/rsanz/git/learning/ROS2/RustROS2/install/service_msgs/share/service_msgs/package.ps1'
[10.881s] INFO:colcon.colcon_core.shell:Creating package descriptor '/home/rsanz/git/learning/ROS2/RustROS2/install/service_msgs/share/service_msgs/package.dsv'
[10.881s] INFO:colcon.colcon_core.shell:Creating package script '/home/rsanz/git/learning/ROS2/RustROS2/install/service_msgs/share/service_msgs/package.sh'
[10.881s] INFO:colcon.colcon_core.shell:Creating package script '/home/rsanz/git/learning/ROS2/RustROS2/install/service_msgs/share/service_msgs/package.bash'
[10.882s] INFO:colcon.colcon_core.shell:Creating package script '/home/rsanz/git/learning/ROS2/RustROS2/install/service_msgs/share/service_msgs/package.zsh'
[10.882s] Level 1:colcon.colcon_core.environment:create_file_with_runtime_dependencies(/home/rsanz/git/learning/ROS2/RustROS2/install/service_msgs/share/colcon-core/packages/service_msgs)
[10.882s] INFO:colcon.colcon_ros.task.ament_cmake.build:Building ROS package in '/home/rsanz/git/learning/ROS2/RustROS2/src/rcl_interfaces/action_msgs' with build type 'ament_cmake'
[10.882s] INFO:colcon.colcon_cmake.task.cmake.build:Building CMake package in '/home/rsanz/git/learning/ROS2/RustROS2/src/rcl_interfaces/action_msgs'
[10.883s] INFO:colcon.colcon_core.shell:Skip shell extension 'powershell' for command environment: Not usable outside of PowerShell
[10.883s] DEBUG:colcon.colcon_core.shell:Skip shell extension 'dsv' for command environment
[10.885s] INFO:colcon.colcon_ros.task.ament_cmake.build:Building ROS package in '/home/rsanz/git/learning/ROS2/RustROS2/src/rcl_interfaces/type_description_interfaces' with build type 'ament_cmake'
[10.886s] INFO:colcon.colcon_cmake.task.cmake.build:Building CMake package in '/home/rsanz/git/learning/ROS2/RustROS2/src/rcl_interfaces/type_description_interfaces'
[10.886s] INFO:colcon.colcon_core.shell:Skip shell extension 'powershell' for command environment: Not usable outside of PowerShell
[10.886s] DEBUG:colcon.colcon_core.shell:Skip shell extension 'dsv' for command environment
[10.899s] DEBUG:colcon.colcon_core.event_handler.log_command:Invoking command in '/home/rsanz/git/learning/ROS2/RustROS2/build/type_description_interfaces': AMENT_PREFIX_PATH=/home/rsanz/git/learning/ROS2/RustROS2/install/service_msgs:/home/rsanz/git/learning/ROS2/RustROS2/install/builtin_interfaces:/home/rsanz/git/learning/ROS2/RustROS2/install/rosidl_core_runtime:/home/rsanz/git/learning/ROS2/RustROS2/install/rosidl_core_generators:/home/rsanz/git/learning/ROS2/RustROS2/install/rosidl_generator_rs:${AMENT_PREFIX_PATH} CMAKE_PREFIX_PATH=/home/rsanz/git/learning/ROS2/RustROS2/install/service_msgs:/home/rsanz/git/learning/ROS2/RustROS2/install/builtin_interfaces:/home/rsanz/git/learning/ROS2/RustROS2/install/rosidl_core_runtime:/home/rsanz/git/learning/ROS2/RustROS2/install/rosidl_core_generators:/home/rsanz/git/learning/ROS2/RustROS2/install/rosidl_generator_rs:/opt/ros/jazzy/opt/gz_math_vendor:/opt/ros/jazzy/opt/gz_utils_vendor:/opt/ros/jazzy/opt/gz_cmake_vendor:/opt/ros/jazzy DEBUGINFOD_URLS=https://debuginfod.ubuntu.com LD_LIBRARY_PATH=/home/rsanz/git/learning/ROS2/RustROS2/install/service_msgs/lib:/home/rsanz/git/learning/ROS2/RustROS2/install/builtin_interfaces/lib:${LD_LIBRARY_PATH} PYTHONPATH=/home/rsanz/git/learning/ROS2/RustROS2/install/service_msgs/lib/python3.12/site-packages:/home/rsanz/git/learning/ROS2/RustROS2/install/builtin_interfaces/lib/python3.12/site-packages:/home/rsanz/git/learning/ROS2/RustROS2/install/rosidl_generator_rs/lib/python3.12/site-packages:${PYTHONPATH} /usr/bin/cmake /home/rsanz/git/learning/ROS2/RustROS2/src/rcl_interfaces/type_description_interfaces -DCMAKE_INSTALL_PREFIX=/home/rsanz/git/learning/ROS2/RustROS2/install/type_description_interfaces
[10.900s] DEBUG:colcon.colcon_core.event_handler.log_command:Invoking command in '/home/rsanz/git/learning/ROS2/RustROS2/build/action_msgs': AMENT_PREFIX_PATH=/home/rsanz/git/learning/ROS2/RustROS2/install/service_msgs:/home/rsanz/git/learning/ROS2/RustROS2/install/unique_identifier_msgs:/home/rsanz/git/learning/ROS2/RustROS2/install/builtin_interfaces:/home/rsanz/git/learning/ROS2/RustROS2/install/rosidl_core_runtime:/home/rsanz/git/learning/ROS2/RustROS2/install/rosidl_core_generators:/home/rsanz/git/learning/ROS2/RustROS2/install/rosidl_generator_rs:${AMENT_PREFIX_PATH} CMAKE_PREFIX_PATH=/home/rsanz/git/learning/ROS2/RustROS2/install/service_msgs:/home/rsanz/git/learning/ROS2/RustROS2/install/unique_identifier_msgs:/home/rsanz/git/learning/ROS2/RustROS2/install/builtin_interfaces:/home/rsanz/git/learning/ROS2/RustROS2/install/rosidl_core_runtime:/home/rsanz/git/learning/ROS2/RustROS2/install/rosidl_core_generators:/home/rsanz/git/learning/ROS2/RustROS2/install/rosidl_generator_rs:/opt/ros/jazzy/opt/gz_math_vendor:/opt/ros/jazzy/opt/gz_utils_vendor:/opt/ros/jazzy/opt/gz_cmake_vendor:/opt/ros/jazzy DEBUGINFOD_URLS=https://debuginfod.ubuntu.com LD_LIBRARY_PATH=/home/rsanz/git/learning/ROS2/RustROS2/install/service_msgs/lib:/home/rsanz/git/learning/ROS2/RustROS2/install/unique_identifier_msgs/lib:/home/rsanz/git/learning/ROS2/RustROS2/install/builtin_interfaces/lib:${LD_LIBRARY_PATH} PYTHONPATH=/home/rsanz/git/learning/ROS2/RustROS2/install/service_msgs/lib/python3.12/site-packages:/home/rsanz/git/learning/ROS2/RustROS2/install/unique_identifier_msgs/lib/python3.12/site-packages:/home/rsanz/git/learning/ROS2/RustROS2/install/builtin_interfaces/lib/python3.12/site-packages:/home/rsanz/git/learning/ROS2/RustROS2/install/rosidl_generator_rs/lib/python3.12/site-packages:${PYTHONPATH} /usr/bin/cmake /home/rsanz/git/learning/ROS2/RustROS2/src/rcl_interfaces/action_msgs -DCMAKE_INSTALL_PREFIX=/home/rsanz/git/learning/ROS2/RustROS2/install/action_msgs
[13.556s] DEBUG:colcon.colcon_core.event_handler.log_command:Invoked command in '/home/rsanz/git/learning/ROS2/RustROS2/build/type_description_interfaces' returned '0': AMENT_PREFIX_PATH=/home/rsanz/git/learning/ROS2/RustROS2/install/service_msgs:/home/rsanz/git/learning/ROS2/RustROS2/install/builtin_interfaces:/home/rsanz/git/learning/ROS2/RustROS2/install/rosidl_core_runtime:/home/rsanz/git/learning/ROS2/RustROS2/install/rosidl_core_generators:/home/rsanz/git/learning/ROS2/RustROS2/install/rosidl_generator_rs:${AMENT_PREFIX_PATH} CMAKE_PREFIX_PATH=/home/rsanz/git/learning/ROS2/RustROS2/install/service_msgs:/home/rsanz/git/learning/ROS2/RustROS2/install/builtin_interfaces:/home/rsanz/git/learning/ROS2/RustROS2/install/rosidl_core_runtime:/home/rsanz/git/learning/ROS2/RustROS2/install/rosidl_core_generators:/home/rsanz/git/learning/ROS2/RustROS2/install/rosidl_generator_rs:/opt/ros/jazzy/opt/gz_math_vendor:/opt/ros/jazzy/opt/gz_utils_vendor:/opt/ros/jazzy/opt/gz_cmake_vendor:/opt/ros/jazzy DEBUGINFOD_URLS=https://debuginfod.ubuntu.com LD_LIBRARY_PATH=/home/rsanz/git/learning/ROS2/RustROS2/install/service_msgs/lib:/home/rsanz/git/learning/ROS2/RustROS2/install/builtin_interfaces/lib:${LD_LIBRARY_PATH} PYTHONPATH=/home/rsanz/git/learning/ROS2/RustROS2/install/service_msgs/lib/python3.12/site-packages:/home/rsanz/git/learning/ROS2/RustROS2/install/builtin_interfaces/lib/python3.12/site-packages:/home/rsanz/git/learning/ROS2/RustROS2/install/rosidl_generator_rs/lib/python3.12/site-packages:${PYTHONPATH} /usr/bin/cmake /home/rsanz/git/learning/ROS2/RustROS2/src/rcl_interfaces/type_description_interfaces -DCMAKE_INSTALL_PREFIX=/home/rsanz/git/learning/ROS2/RustROS2/install/type_description_interfaces
[13.557s] DEBUG:colcon.colcon_core.event_handler.log_command:Invoking command in '/home/rsanz/git/learning/ROS2/RustROS2/build/type_description_interfaces': AMENT_PREFIX_PATH=/home/rsanz/git/learning/ROS2/RustROS2/install/service_msgs:/home/rsanz/git/learning/ROS2/RustROS2/install/builtin_interfaces:/home/rsanz/git/learning/ROS2/RustROS2/install/rosidl_core_runtime:/home/rsanz/git/learning/ROS2/RustROS2/install/rosidl_core_generators:/home/rsanz/git/learning/ROS2/RustROS2/install/rosidl_generator_rs:${AMENT_PREFIX_PATH} CMAKE_PREFIX_PATH=/home/rsanz/git/learning/ROS2/RustROS2/install/service_msgs:/home/rsanz/git/learning/ROS2/RustROS2/install/builtin_interfaces:/home/rsanz/git/learning/ROS2/RustROS2/install/rosidl_core_runtime:/home/rsanz/git/learning/ROS2/RustROS2/install/rosidl_core_generators:/home/rsanz/git/learning/ROS2/RustROS2/install/rosidl_generator_rs:/opt/ros/jazzy/opt/gz_math_vendor:/opt/ros/jazzy/opt/gz_utils_vendor:/opt/ros/jazzy/opt/gz_cmake_vendor:/opt/ros/jazzy DEBUGINFOD_URLS=https://debuginfod.ubuntu.com LD_LIBRARY_PATH=/home/rsanz/git/learning/ROS2/RustROS2/install/service_msgs/lib:/home/rsanz/git/learning/ROS2/RustROS2/install/builtin_interfaces/lib:${LD_LIBRARY_PATH} PYTHONPATH=/home/rsanz/git/learning/ROS2/RustROS2/install/service_msgs/lib/python3.12/site-packages:/home/rsanz/git/learning/ROS2/RustROS2/install/builtin_interfaces/lib/python3.12/site-packages:/home/rsanz/git/learning/ROS2/RustROS2/install/rosidl_generator_rs/lib/python3.12/site-packages:${PYTHONPATH} /usr/bin/cmake --build /home/rsanz/git/learning/ROS2/RustROS2/build/type_description_interfaces -- -j24 -l24
[13.598s] DEBUG:colcon.colcon_core.event_handler.log_command:Invoked command in '/home/rsanz/git/learning/ROS2/RustROS2/build/action_msgs' returned '0': AMENT_PREFIX_PATH=/home/rsanz/git/learning/ROS2/RustROS2/install/service_msgs:/home/rsanz/git/learning/ROS2/RustROS2/install/unique_identifier_msgs:/home/rsanz/git/learning/ROS2/RustROS2/install/builtin_interfaces:/home/rsanz/git/learning/ROS2/RustROS2/install/rosidl_core_runtime:/home/rsanz/git/learning/ROS2/RustROS2/install/rosidl_core_generators:/home/rsanz/git/learning/ROS2/RustROS2/install/rosidl_generator_rs:${AMENT_PREFIX_PATH} CMAKE_PREFIX_PATH=/home/rsanz/git/learning/ROS2/RustROS2/install/service_msgs:/home/rsanz/git/learning/ROS2/RustROS2/install/unique_identifier_msgs:/home/rsanz/git/learning/ROS2/RustROS2/install/builtin_interfaces:/home/rsanz/git/learning/ROS2/RustROS2/install/rosidl_core_runtime:/home/rsanz/git/learning/ROS2/RustROS2/install/rosidl_core_generators:/home/rsanz/git/learning/ROS2/RustROS2/install/rosidl_generator_rs:/opt/ros/jazzy/opt/gz_math_vendor:/opt/ros/jazzy/opt/gz_utils_vendor:/opt/ros/jazzy/opt/gz_cmake_vendor:/opt/ros/jazzy DEBUGINFOD_URLS=https://debuginfod.ubuntu.com LD_LIBRARY_PATH=/home/rsanz/git/learning/ROS2/RustROS2/install/service_msgs/lib:/home/rsanz/git/learning/ROS2/RustROS2/install/unique_identifier_msgs/lib:/home/rsanz/git/learning/ROS2/RustROS2/install/builtin_interfaces/lib:${LD_LIBRARY_PATH} PYTHONPATH=/home/rsanz/git/learning/ROS2/RustROS2/install/service_msgs/lib/python3.12/site-packages:/home/rsanz/git/learning/ROS2/RustROS2/install/unique_identifier_msgs/lib/python3.12/site-packages:/home/rsanz/git/learning/ROS2/RustROS2/install/builtin_interfaces/lib/python3.12/site-packages:/home/rsanz/git/learning/ROS2/RustROS2/install/rosidl_generator_rs/lib/python3.12/site-packages:${PYTHONPATH} /usr/bin/cmake /home/rsanz/git/learning/ROS2/RustROS2/src/rcl_interfaces/action_msgs -DCMAKE_INSTALL_PREFIX=/home/rsanz/git/learning/ROS2/RustROS2/install/action_msgs
[13.599s] DEBUG:colcon.colcon_core.event_handler.log_command:Invoking command in '/home/rsanz/git/learning/ROS2/RustROS2/build/action_msgs': AMENT_PREFIX_PATH=/home/rsanz/git/learning/ROS2/RustROS2/install/service_msgs:/home/rsanz/git/learning/ROS2/RustROS2/install/unique_identifier_msgs:/home/rsanz/git/learning/ROS2/RustROS2/install/builtin_interfaces:/home/rsanz/git/learning/ROS2/RustROS2/install/rosidl_core_runtime:/home/rsanz/git/learning/ROS2/RustROS2/install/rosidl_core_generators:/home/rsanz/git/learning/ROS2/RustROS2/install/rosidl_generator_rs:${AMENT_PREFIX_PATH} CMAKE_PREFIX_PATH=/home/rsanz/git/learning/ROS2/RustROS2/install/service_msgs:/home/rsanz/git/learning/ROS2/RustROS2/install/unique_identifier_msgs:/home/rsanz/git/learning/ROS2/RustROS2/install/builtin_interfaces:/home/rsanz/git/learning/ROS2/RustROS2/install/rosidl_core_runtime:/home/rsanz/git/learning/ROS2/RustROS2/install/rosidl_core_generators:/home/rsanz/git/learning/ROS2/RustROS2/install/rosidl_generator_rs:/opt/ros/jazzy/opt/gz_math_vendor:/opt/ros/jazzy/opt/gz_utils_vendor:/opt/ros/jazzy/opt/gz_cmake_vendor:/opt/ros/jazzy DEBUGINFOD_URLS=https://debuginfod.ubuntu.com LD_LIBRARY_PATH=/home/rsanz/git/learning/ROS2/RustROS2/install/service_msgs/lib:/home/rsanz/git/learning/ROS2/RustROS2/install/unique_identifier_msgs/lib:/home/rsanz/git/learning/ROS2/RustROS2/install/builtin_interfaces/lib:${LD_LIBRARY_PATH} PYTHONPATH=/home/rsanz/git/learning/ROS2/RustROS2/install/service_msgs/lib/python3.12/site-packages:/home/rsanz/git/learning/ROS2/RustROS2/install/unique_identifier_msgs/lib/python3.12/site-packages:/home/rsanz/git/learning/ROS2/RustROS2/install/builtin_interfaces/lib/python3.12/site-packages:/home/rsanz/git/learning/ROS2/RustROS2/install/rosidl_generator_rs/lib/python3.12/site-packages:${PYTHONPATH} /usr/bin/cmake --build /home/rsanz/git/learning/ROS2/RustROS2/build/action_msgs -- -j24 -l24
[17.187s] DEBUG:colcon.colcon_core.event_handler.log_command:Invoked command in '/home/rsanz/git/learning/ROS2/RustROS2/build/action_msgs' returned '0': AMENT_PREFIX_PATH=/home/rsanz/git/learning/ROS2/RustROS2/install/service_msgs:/home/rsanz/git/learning/ROS2/RustROS2/install/unique_identifier_msgs:/home/rsanz/git/learning/ROS2/RustROS2/install/builtin_interfaces:/home/rsanz/git/learning/ROS2/RustROS2/install/rosidl_core_runtime:/home/rsanz/git/learning/ROS2/RustROS2/install/rosidl_core_generators:/home/rsanz/git/learning/ROS2/RustROS2/install/rosidl_generator_rs:${AMENT_PREFIX_PATH} CMAKE_PREFIX_PATH=/home/rsanz/git/learning/ROS2/RustROS2/install/service_msgs:/home/rsanz/git/learning/ROS2/RustROS2/install/unique_identifier_msgs:/home/rsanz/git/learning/ROS2/RustROS2/install/builtin_interfaces:/home/rsanz/git/learning/ROS2/RustROS2/install/rosidl_core_runtime:/home/rsanz/git/learning/ROS2/RustROS2/install/rosidl_core_generators:/home/rsanz/git/learning/ROS2/RustROS2/install/rosidl_generator_rs:/opt/ros/jazzy/opt/gz_math_vendor:/opt/ros/jazzy/opt/gz_utils_vendor:/opt/ros/jazzy/opt/gz_cmake_vendor:/opt/ros/jazzy DEBUGINFOD_URLS=https://debuginfod.ubuntu.com LD_LIBRARY_PATH=/home/rsanz/git/learning/ROS2/RustROS2/install/service_msgs/lib:/home/rsanz/git/learning/ROS2/RustROS2/install/unique_identifier_msgs/lib:/home/rsanz/git/learning/ROS2/RustROS2/install/builtin_interfaces/lib:${LD_LIBRARY_PATH} PYTHONPATH=/home/rsanz/git/learning/ROS2/RustROS2/install/service_msgs/lib/python3.12/site-packages:/home/rsanz/git/learning/ROS2/RustROS2/install/unique_identifier_msgs/lib/python3.12/site-packages:/home/rsanz/git/learning/ROS2/RustROS2/install/builtin_interfaces/lib/python3.12/site-packages:/home/rsanz/git/learning/ROS2/RustROS2/install/rosidl_generator_rs/lib/python3.12/site-packages:${PYTHONPATH} /usr/bin/cmake --build /home/rsanz/git/learning/ROS2/RustROS2/build/action_msgs -- -j24 -l24
[17.189s] DEBUG:colcon.colcon_core.event_handler.log_command:Invoking command in '/home/rsanz/git/learning/ROS2/RustROS2/build/action_msgs': AMENT_PREFIX_PATH=/home/rsanz/git/learning/ROS2/RustROS2/install/service_msgs:/home/rsanz/git/learning/ROS2/RustROS2/install/unique_identifier_msgs:/home/rsanz/git/learning/ROS2/RustROS2/install/builtin_interfaces:/home/rsanz/git/learning/ROS2/RustROS2/install/rosidl_core_runtime:/home/rsanz/git/learning/ROS2/RustROS2/install/rosidl_core_generators:/home/rsanz/git/learning/ROS2/RustROS2/install/rosidl_generator_rs:${AMENT_PREFIX_PATH} CMAKE_PREFIX_PATH=/home/rsanz/git/learning/ROS2/RustROS2/install/service_msgs:/home/rsanz/git/learning/ROS2/RustROS2/install/unique_identifier_msgs:/home/rsanz/git/learning/ROS2/RustROS2/install/builtin_interfaces:/home/rsanz/git/learning/ROS2/RustROS2/install/rosidl_core_runtime:/home/rsanz/git/learning/ROS2/RustROS2/install/rosidl_core_generators:/home/rsanz/git/learning/ROS2/RustROS2/install/rosidl_generator_rs:/opt/ros/jazzy/opt/gz_math_vendor:/opt/ros/jazzy/opt/gz_utils_vendor:/opt/ros/jazzy/opt/gz_cmake_vendor:/opt/ros/jazzy DEBUGINFOD_URLS=https://debuginfod.ubuntu.com LD_LIBRARY_PATH=/home/rsanz/git/learning/ROS2/RustROS2/install/service_msgs/lib:/home/rsanz/git/learning/ROS2/RustROS2/install/unique_identifier_msgs/lib:/home/rsanz/git/learning/ROS2/RustROS2/install/builtin_interfaces/lib:${LD_LIBRARY_PATH} PYTHONPATH=/home/rsanz/git/learning/ROS2/RustROS2/install/service_msgs/lib/python3.12/site-packages:/home/rsanz/git/learning/ROS2/RustROS2/install/unique_identifier_msgs/lib/python3.12/site-packages:/home/rsanz/git/learning/ROS2/RustROS2/install/builtin_interfaces/lib/python3.12/site-packages:/home/rsanz/git/learning/ROS2/RustROS2/install/rosidl_generator_rs/lib/python3.12/site-packages:${PYTHONPATH} /usr/bin/cmake --install /home/rsanz/git/learning/ROS2/RustROS2/build/action_msgs
[17.301s] Level 1:colcon.colcon_core.environment:create_environment_scripts_only(action_msgs)
[17.301s] Level 1:colcon.colcon_core.environment:checking '/home/rsanz/git/learning/ROS2/RustROS2/install/action_msgs' for CMake module files
[17.302s] DEBUG:colcon.colcon_core.event_handler.log_command:Invoked command in '/home/rsanz/git/learning/ROS2/RustROS2/build/action_msgs' returned '0': AMENT_PREFIX_PATH=/home/rsanz/git/learning/ROS2/RustROS2/install/service_msgs:/home/rsanz/git/learning/ROS2/RustROS2/install/unique_identifier_msgs:/home/rsanz/git/learning/ROS2/RustROS2/install/builtin_interfaces:/home/rsanz/git/learning/ROS2/RustROS2/install/rosidl_core_runtime:/home/rsanz/git/learning/ROS2/RustROS2/install/rosidl_core_generators:/home/rsanz/git/learning/ROS2/RustROS2/install/rosidl_generator_rs:${AMENT_PREFIX_PATH} CMAKE_PREFIX_PATH=/home/rsanz/git/learning/ROS2/RustROS2/install/service_msgs:/home/rsanz/git/learning/ROS2/RustROS2/install/unique_identifier_msgs:/home/rsanz/git/learning/ROS2/RustROS2/install/builtin_interfaces:/home/rsanz/git/learning/ROS2/RustROS2/install/rosidl_core_runtime:/home/rsanz/git/learning/ROS2/RustROS2/install/rosidl_core_generators:/home/rsanz/git/learning/ROS2/RustROS2/install/rosidl_generator_rs:/opt/ros/jazzy/opt/gz_math_vendor:/opt/ros/jazzy/opt/gz_utils_vendor:/opt/ros/jazzy/opt/gz_cmake_vendor:/opt/ros/jazzy DEBUGINFOD_URLS=https://debuginfod.ubuntu.com LD_LIBRARY_PATH=/home/rsanz/git/learning/ROS2/RustROS2/install/service_msgs/lib:/home/rsanz/git/learning/ROS2/RustROS2/install/unique_identifier_msgs/lib:/home/rsanz/git/learning/ROS2/RustROS2/install/builtin_interfaces/lib:${LD_LIBRARY_PATH} PYTHONPATH=/home/rsanz/git/learning/ROS2/RustROS2/install/service_msgs/lib/python3.12/site-packages:/home/rsanz/git/learning/ROS2/RustROS2/install/unique_identifier_msgs/lib/python3.12/site-packages:/home/rsanz/git/learning/ROS2/RustROS2/install/builtin_interfaces/lib/python3.12/site-packages:/home/rsanz/git/learning/ROS2/RustROS2/install/rosidl_generator_rs/lib/python3.12/site-packages:${PYTHONPATH} /usr/bin/cmake --install /home/rsanz/git/learning/ROS2/RustROS2/build/action_msgs
[17.303s] Level 1:colcon.colcon_core.environment:checking '/home/rsanz/git/learning/ROS2/RustROS2/install/action_msgs' for CMake config files
[17.304s] Level 1:colcon.colcon_core.shell:create_environment_hook('action_msgs', 'cmake_prefix_path')
[17.304s] INFO:colcon.colcon_core.shell:Creating environment hook '/home/rsanz/git/learning/ROS2/RustROS2/install/action_msgs/share/action_msgs/hook/cmake_prefix_path.ps1'
[17.304s] INFO:colcon.colcon_core.shell:Creating environment descriptor '/home/rsanz/git/learning/ROS2/RustROS2/install/action_msgs/share/action_msgs/hook/cmake_prefix_path.dsv'
[17.305s] INFO:colcon.colcon_core.shell:Creating environment hook '/home/rsanz/git/learning/ROS2/RustROS2/install/action_msgs/share/action_msgs/hook/cmake_prefix_path.sh'
[17.305s] Level 1:colcon.colcon_core.environment:checking '/home/rsanz/git/learning/ROS2/RustROS2/install/action_msgs/lib'
[17.306s] Level 1:colcon.colcon_core.shell:create_environment_hook('action_msgs', 'ld_library_path_lib')
[17.306s] INFO:colcon.colcon_core.shell:Creating environment hook '/home/rsanz/git/learning/ROS2/RustROS2/install/action_msgs/share/action_msgs/hook/ld_library_path_lib.ps1'
[17.306s] INFO:colcon.colcon_core.shell:Creating environment descriptor '/home/rsanz/git/learning/ROS2/RustROS2/install/action_msgs/share/action_msgs/hook/ld_library_path_lib.dsv'
[17.306s] INFO:colcon.colcon_core.shell:Creating environment hook '/home/rsanz/git/learning/ROS2/RustROS2/install/action_msgs/share/action_msgs/hook/ld_library_path_lib.sh'
[17.307s] Level 1:colcon.colcon_core.environment:checking '/home/rsanz/git/learning/ROS2/RustROS2/install/action_msgs/bin'
[17.307s] Level 1:colcon.colcon_core.environment:checking '/home/rsanz/git/learning/ROS2/RustROS2/install/action_msgs/lib/pkgconfig/action_msgs.pc'
[17.307s] Level 1:colcon.colcon_core.environment:checking '/home/rsanz/git/learning/ROS2/RustROS2/install/action_msgs/lib/python3.12/site-packages'
[17.307s] Level 1:colcon.colcon_core.shell:create_environment_hook('action_msgs', 'pythonpath')
[17.308s] INFO:colcon.colcon_core.shell:Creating environment hook '/home/rsanz/git/learning/ROS2/RustROS2/install/action_msgs/share/action_msgs/hook/pythonpath.ps1'
[17.308s] INFO:colcon.colcon_core.shell:Creating environment descriptor '/home/rsanz/git/learning/ROS2/RustROS2/install/action_msgs/share/action_msgs/hook/pythonpath.dsv'
[17.308s] INFO:colcon.colcon_core.shell:Creating environment hook '/home/rsanz/git/learning/ROS2/RustROS2/install/action_msgs/share/action_msgs/hook/pythonpath.sh'
[17.309s] Level 1:colcon.colcon_core.environment:checking '/home/rsanz/git/learning/ROS2/RustROS2/install/action_msgs/bin'
[17.309s] INFO:colcon.colcon_core.shell:Creating package script '/home/rsanz/git/learning/ROS2/RustROS2/install/action_msgs/share/action_msgs/package.ps1'
[17.310s] INFO:colcon.colcon_core.shell:Creating package descriptor '/home/rsanz/git/learning/ROS2/RustROS2/install/action_msgs/share/action_msgs/package.dsv'
[17.310s] INFO:colcon.colcon_core.shell:Creating package script '/home/rsanz/git/learning/ROS2/RustROS2/install/action_msgs/share/action_msgs/package.sh'
[17.311s] INFO:colcon.colcon_core.shell:Creating package script '/home/rsanz/git/learning/ROS2/RustROS2/install/action_msgs/share/action_msgs/package.bash'
[17.311s] INFO:colcon.colcon_core.shell:Creating package script '/home/rsanz/git/learning/ROS2/RustROS2/install/action_msgs/share/action_msgs/package.zsh'
[17.311s] Level 1:colcon.colcon_core.environment:create_file_with_runtime_dependencies(/home/rsanz/git/learning/ROS2/RustROS2/install/action_msgs/share/colcon-core/packages/action_msgs)
[17.311s] Level 1:colcon.colcon_core.environment:create_environment_scripts_only(action_msgs)
[17.312s] Level 1:colcon.colcon_core.environment:checking '/home/rsanz/git/learning/ROS2/RustROS2/install/action_msgs' for CMake module files
[17.312s] Level 1:colcon.colcon_core.environment:checking '/home/rsanz/git/learning/ROS2/RustROS2/install/action_msgs' for CMake config files
[17.313s] Level 1:colcon.colcon_core.shell:create_environment_hook('action_msgs', 'cmake_prefix_path')
[17.313s] INFO:colcon.colcon_core.shell:Creating environment hook '/home/rsanz/git/learning/ROS2/RustROS2/install/action_msgs/share/action_msgs/hook/cmake_prefix_path.ps1'
[17.313s] INFO:colcon.colcon_core.shell:Creating environment descriptor '/home/rsanz/git/learning/ROS2/RustROS2/install/action_msgs/share/action_msgs/hook/cmake_prefix_path.dsv'
[17.314s] INFO:colcon.colcon_core.shell:Creating environment hook '/home/rsanz/git/learning/ROS2/RustROS2/install/action_msgs/share/action_msgs/hook/cmake_prefix_path.sh'
[17.314s] Level 1:colcon.colcon_core.environment:checking '/home/rsanz/git/learning/ROS2/RustROS2/install/action_msgs/lib'
[17.314s] Level 1:colcon.colcon_core.shell:create_environment_hook('action_msgs', 'ld_library_path_lib')
[17.314s] INFO:colcon.colcon_core.shell:Creating environment hook '/home/rsanz/git/learning/ROS2/RustROS2/install/action_msgs/share/action_msgs/hook/ld_library_path_lib.ps1'
[17.314s] INFO:colcon.colcon_core.shell:Creating environment descriptor '/home/rsanz/git/learning/ROS2/RustROS2/install/action_msgs/share/action_msgs/hook/ld_library_path_lib.dsv'
[17.315s] INFO:colcon.colcon_core.shell:Creating environment hook '/home/rsanz/git/learning/ROS2/RustROS2/install/action_msgs/share/action_msgs/hook/ld_library_path_lib.sh'
[17.315s] Level 1:colcon.colcon_core.environment:checking '/home/rsanz/git/learning/ROS2/RustROS2/install/action_msgs/bin'
[17.315s] Level 1:colcon.colcon_core.environment:checking '/home/rsanz/git/learning/ROS2/RustROS2/install/action_msgs/lib/pkgconfig/action_msgs.pc'
[17.315s] Level 1:colcon.colcon_core.environment:checking '/home/rsanz/git/learning/ROS2/RustROS2/install/action_msgs/lib/python3.12/site-packages'
[17.315s] Level 1:colcon.colcon_core.shell:create_environment_hook('action_msgs', 'pythonpath')
[17.315s] INFO:colcon.colcon_core.shell:Creating environment hook '/home/rsanz/git/learning/ROS2/RustROS2/install/action_msgs/share/action_msgs/hook/pythonpath.ps1'
[17.316s] INFO:colcon.colcon_core.shell:Creating environment descriptor '/home/rsanz/git/learning/ROS2/RustROS2/install/action_msgs/share/action_msgs/hook/pythonpath.dsv'
[17.316s] INFO:colcon.colcon_core.shell:Creating environment hook '/home/rsanz/git/learning/ROS2/RustROS2/install/action_msgs/share/action_msgs/hook/pythonpath.sh'
[17.316s] Level 1:colcon.colcon_core.environment:checking '/home/rsanz/git/learning/ROS2/RustROS2/install/action_msgs/bin'
[17.316s] INFO:colcon.colcon_core.shell:Creating package script '/home/rsanz/git/learning/ROS2/RustROS2/install/action_msgs/share/action_msgs/package.ps1'
[17.317s] INFO:colcon.colcon_core.shell:Creating package descriptor '/home/rsanz/git/learning/ROS2/RustROS2/install/action_msgs/share/action_msgs/package.dsv'
[17.317s] INFO:colcon.colcon_core.shell:Creating package script '/home/rsanz/git/learning/ROS2/RustROS2/install/action_msgs/share/action_msgs/package.sh'
[17.318s] INFO:colcon.colcon_core.shell:Creating package script '/home/rsanz/git/learning/ROS2/RustROS2/install/action_msgs/share/action_msgs/package.bash'
[17.318s] INFO:colcon.colcon_core.shell:Creating package script '/home/rsanz/git/learning/ROS2/RustROS2/install/action_msgs/share/action_msgs/package.zsh'
[17.318s] Level 1:colcon.colcon_core.environment:create_file_with_runtime_dependencies(/home/rsanz/git/learning/ROS2/RustROS2/install/action_msgs/share/colcon-core/packages/action_msgs)
[17.319s] INFO:colcon.colcon_ros.task.ament_cmake.build:Building ROS package in '/home/rsanz/git/learning/ROS2/RustROS2/src/rosidl_defaults/rosidl_default_generators' with build type 'ament_cmake'
[17.319s] INFO:colcon.colcon_cmake.task.cmake.build:Building CMake package in '/home/rsanz/git/learning/ROS2/RustROS2/src/rosidl_defaults/rosidl_default_generators'
[17.319s] INFO:colcon.colcon_core.shell:Skip shell extension 'powershell' for command environment: Not usable outside of PowerShell
[17.319s] DEBUG:colcon.colcon_core.shell:Skip shell extension 'dsv' for command environment
[17.322s] INFO:colcon.colcon_ros.task.ament_cmake.build:Building ROS package in '/home/rsanz/git/learning/ROS2/RustROS2/src/rosidl_defaults/rosidl_default_runtime' with build type 'ament_cmake'
[17.322s] INFO:colcon.colcon_cmake.task.cmake.build:Building CMake package in '/home/rsanz/git/learning/ROS2/RustROS2/src/rosidl_defaults/rosidl_default_runtime'
[17.322s] INFO:colcon.colcon_core.shell:Skip shell extension 'powershell' for command environment: Not usable outside of PowerShell
[17.322s] DEBUG:colcon.colcon_core.shell:Skip shell extension 'dsv' for command environment
[17.340s] DEBUG:colcon.colcon_core.event_handler.log_command:Invoking command in '/home/rsanz/git/learning/ROS2/RustROS2/build/rosidl_default_generators': AMENT_PREFIX_PATH=/home/rsanz/git/learning/ROS2/RustROS2/install/action_msgs:/home/rsanz/git/learning/ROS2/RustROS2/install/service_msgs:/home/rsanz/git/learning/ROS2/RustROS2/install/unique_identifier_msgs:/home/rsanz/git/learning/ROS2/RustROS2/install/builtin_interfaces:/home/rsanz/git/learning/ROS2/RustROS2/install/rosidl_core_runtime:/home/rsanz/git/learning/ROS2/RustROS2/install/rosidl_core_generators:/home/rsanz/git/learning/ROS2/RustROS2/install/rosidl_generator_rs:${AMENT_PREFIX_PATH} CMAKE_PREFIX_PATH=/home/rsanz/git/learning/ROS2/RustROS2/install/action_msgs:/home/rsanz/git/learning/ROS2/RustROS2/install/service_msgs:/home/rsanz/git/learning/ROS2/RustROS2/install/unique_identifier_msgs:/home/rsanz/git/learning/ROS2/RustROS2/install/builtin_interfaces:/home/rsanz/git/learning/ROS2/RustROS2/install/rosidl_core_runtime:/home/rsanz/git/learning/ROS2/RustROS2/install/rosidl_core_generators:/home/rsanz/git/learning/ROS2/RustROS2/install/rosidl_generator_rs:/opt/ros/jazzy/opt/gz_math_vendor:/opt/ros/jazzy/opt/gz_utils_vendor:/opt/ros/jazzy/opt/gz_cmake_vendor:/opt/ros/jazzy DEBUGINFOD_URLS=https://debuginfod.ubuntu.com LD_LIBRARY_PATH=/home/rsanz/git/learning/ROS2/RustROS2/install/action_msgs/lib:/home/rsanz/git/learning/ROS2/RustROS2/install/service_msgs/lib:/home/rsanz/git/learning/ROS2/RustROS2/install/unique_identifier_msgs/lib:/home/rsanz/git/learning/ROS2/RustROS2/install/builtin_interfaces/lib:${LD_LIBRARY_PATH} PYTHONPATH=/home/rsanz/git/learning/ROS2/RustROS2/install/action_msgs/lib/python3.12/site-packages:/home/rsanz/git/learning/ROS2/RustROS2/install/service_msgs/lib/python3.12/site-packages:/home/rsanz/git/learning/ROS2/RustROS2/install/unique_identifier_msgs/lib/python3.12/site-packages:/home/rsanz/git/learning/ROS2/RustROS2/install/builtin_interfaces/lib/python3.12/site-packages:/home/rsanz/git/learning/ROS2/RustROS2/install/rosidl_generator_rs/lib/python3.12/site-packages:${PYTHONPATH} /usr/bin/cmake /home/rsanz/git/learning/ROS2/RustROS2/src/rosidl_defaults/rosidl_default_generators -DCMAKE_INSTALL_PREFIX=/home/rsanz/git/learning/ROS2/RustROS2/install/rosidl_default_generators
[17.343s] DEBUG:colcon.colcon_core.event_handler.log_command:Invoking command in '/home/rsanz/git/learning/ROS2/RustROS2/build/rosidl_default_runtime': AMENT_PREFIX_PATH=/home/rsanz/git/learning/ROS2/RustROS2/install/action_msgs:/home/rsanz/git/learning/ROS2/RustROS2/install/service_msgs:/home/rsanz/git/learning/ROS2/RustROS2/install/unique_identifier_msgs:/home/rsanz/git/learning/ROS2/RustROS2/install/builtin_interfaces:/home/rsanz/git/learning/ROS2/RustROS2/install/rosidl_core_runtime:/home/rsanz/git/learning/ROS2/RustROS2/install/rosidl_core_generators:/home/rsanz/git/learning/ROS2/RustROS2/install/rosidl_generator_rs:${AMENT_PREFIX_PATH} CMAKE_PREFIX_PATH=/home/rsanz/git/learning/ROS2/RustROS2/install/action_msgs:/home/rsanz/git/learning/ROS2/RustROS2/install/service_msgs:/home/rsanz/git/learning/ROS2/RustROS2/install/unique_identifier_msgs:/home/rsanz/git/learning/ROS2/RustROS2/install/builtin_interfaces:/home/rsanz/git/learning/ROS2/RustROS2/install/rosidl_core_runtime:/home/rsanz/git/learning/ROS2/RustROS2/install/rosidl_core_generators:/home/rsanz/git/learning/ROS2/RustROS2/install/rosidl_generator_rs:/opt/ros/jazzy/opt/gz_math_vendor:/opt/ros/jazzy/opt/gz_utils_vendor:/opt/ros/jazzy/opt/gz_cmake_vendor:/opt/ros/jazzy DEBUGINFOD_URLS=https://debuginfod.ubuntu.com LD_LIBRARY_PATH=/home/rsanz/git/learning/ROS2/RustROS2/install/action_msgs/lib:/home/rsanz/git/learning/ROS2/RustROS2/install/service_msgs/lib:/home/rsanz/git/learning/ROS2/RustROS2/install/unique_identifier_msgs/lib:/home/rsanz/git/learning/ROS2/RustROS2/install/builtin_interfaces/lib:${LD_LIBRARY_PATH} PYTHONPATH=/home/rsanz/git/learning/ROS2/RustROS2/install/action_msgs/lib/python3.12/site-packages:/home/rsanz/git/learning/ROS2/RustROS2/install/service_msgs/lib/python3.12/site-packages:/home/rsanz/git/learning/ROS2/RustROS2/install/unique_identifier_msgs/lib/python3.12/site-packages:/home/rsanz/git/learning/ROS2/RustROS2/install/builtin_interfaces/lib/python3.12/site-packages:/home/rsanz/git/learning/ROS2/RustROS2/install/rosidl_generator_rs/lib/python3.12/site-packages:${PYTHONPATH} /usr/bin/cmake /home/rsanz/git/learning/ROS2/RustROS2/src/rosidl_defaults/rosidl_default_runtime -DCMAKE_INSTALL_PREFIX=/home/rsanz/git/learning/ROS2/RustROS2/install/rosidl_default_runtime
[17.692s] DEBUG:colcon.colcon_core.event_handler.log_command:Invoked command in '/home/rsanz/git/learning/ROS2/RustROS2/build/rosidl_default_runtime' returned '0': AMENT_PREFIX_PATH=/home/rsanz/git/learning/ROS2/RustROS2/install/action_msgs:/home/rsanz/git/learning/ROS2/RustROS2/install/service_msgs:/home/rsanz/git/learning/ROS2/RustROS2/install/unique_identifier_msgs:/home/rsanz/git/learning/ROS2/RustROS2/install/builtin_interfaces:/home/rsanz/git/learning/ROS2/RustROS2/install/rosidl_core_runtime:/home/rsanz/git/learning/ROS2/RustROS2/install/rosidl_core_generators:/home/rsanz/git/learning/ROS2/RustROS2/install/rosidl_generator_rs:${AMENT_PREFIX_PATH} CMAKE_PREFIX_PATH=/home/rsanz/git/learning/ROS2/RustROS2/install/action_msgs:/home/rsanz/git/learning/ROS2/RustROS2/install/service_msgs:/home/rsanz/git/learning/ROS2/RustROS2/install/unique_identifier_msgs:/home/rsanz/git/learning/ROS2/RustROS2/install/builtin_interfaces:/home/rsanz/git/learning/ROS2/RustROS2/install/rosidl_core_runtime:/home/rsanz/git/learning/ROS2/RustROS2/install/rosidl_core_generators:/home/rsanz/git/learning/ROS2/RustROS2/install/rosidl_generator_rs:/opt/ros/jazzy/opt/gz_math_vendor:/opt/ros/jazzy/opt/gz_utils_vendor:/opt/ros/jazzy/opt/gz_cmake_vendor:/opt/ros/jazzy DEBUGINFOD_URLS=https://debuginfod.ubuntu.com LD_LIBRARY_PATH=/home/rsanz/git/learning/ROS2/RustROS2/install/action_msgs/lib:/home/rsanz/git/learning/ROS2/RustROS2/install/service_msgs/lib:/home/rsanz/git/learning/ROS2/RustROS2/install/unique_identifier_msgs/lib:/home/rsanz/git/learning/ROS2/RustROS2/install/builtin_interfaces/lib:${LD_LIBRARY_PATH} PYTHONPATH=/home/rsanz/git/learning/ROS2/RustROS2/install/action_msgs/lib/python3.12/site-packages:/home/rsanz/git/learning/ROS2/RustROS2/install/service_msgs/lib/python3.12/site-packages:/home/rsanz/git/learning/ROS2/RustROS2/install/unique_identifier_msgs/lib/python3.12/site-packages:/home/rsanz/git/learning/ROS2/RustROS2/install/builtin_interfaces/lib/python3.12/site-packages:/home/rsanz/git/learning/ROS2/RustROS2/install/rosidl_generator_rs/lib/python3.12/site-packages:${PYTHONPATH} /usr/bin/cmake /home/rsanz/git/learning/ROS2/RustROS2/src/rosidl_defaults/rosidl_default_runtime -DCMAKE_INSTALL_PREFIX=/home/rsanz/git/learning/ROS2/RustROS2/install/rosidl_default_runtime
[17.692s] DEBUG:colcon.colcon_core.event_handler.log_command:Invoking command in '/home/rsanz/git/learning/ROS2/RustROS2/build/rosidl_default_runtime': AMENT_PREFIX_PATH=/home/rsanz/git/learning/ROS2/RustROS2/install/action_msgs:/home/rsanz/git/learning/ROS2/RustROS2/install/service_msgs:/home/rsanz/git/learning/ROS2/RustROS2/install/unique_identifier_msgs:/home/rsanz/git/learning/ROS2/RustROS2/install/builtin_interfaces:/home/rsanz/git/learning/ROS2/RustROS2/install/rosidl_core_runtime:/home/rsanz/git/learning/ROS2/RustROS2/install/rosidl_core_generators:/home/rsanz/git/learning/ROS2/RustROS2/install/rosidl_generator_rs:${AMENT_PREFIX_PATH} CMAKE_PREFIX_PATH=/home/rsanz/git/learning/ROS2/RustROS2/install/action_msgs:/home/rsanz/git/learning/ROS2/RustROS2/install/service_msgs:/home/rsanz/git/learning/ROS2/RustROS2/install/unique_identifier_msgs:/home/rsanz/git/learning/ROS2/RustROS2/install/builtin_interfaces:/home/rsanz/git/learning/ROS2/RustROS2/install/rosidl_core_runtime:/home/rsanz/git/learning/ROS2/RustROS2/install/rosidl_core_generators:/home/rsanz/git/learning/ROS2/RustROS2/install/rosidl_generator_rs:/opt/ros/jazzy/opt/gz_math_vendor:/opt/ros/jazzy/opt/gz_utils_vendor:/opt/ros/jazzy/opt/gz_cmake_vendor:/opt/ros/jazzy DEBUGINFOD_URLS=https://debuginfod.ubuntu.com LD_LIBRARY_PATH=/home/rsanz/git/learning/ROS2/RustROS2/install/action_msgs/lib:/home/rsanz/git/learning/ROS2/RustROS2/install/service_msgs/lib:/home/rsanz/git/learning/ROS2/RustROS2/install/unique_identifier_msgs/lib:/home/rsanz/git/learning/ROS2/RustROS2/install/builtin_interfaces/lib:${LD_LIBRARY_PATH} PYTHONPATH=/home/rsanz/git/learning/ROS2/RustROS2/install/action_msgs/lib/python3.12/site-packages:/home/rsanz/git/learning/ROS2/RustROS2/install/service_msgs/lib/python3.12/site-packages:/home/rsanz/git/learning/ROS2/RustROS2/install/unique_identifier_msgs/lib/python3.12/site-packages:/home/rsanz/git/learning/ROS2/RustROS2/install/builtin_interfaces/lib/python3.12/site-packages:/home/rsanz/git/learning/ROS2/RustROS2/install/rosidl_generator_rs/lib/python3.12/site-packages:${PYTHONPATH} /usr/bin/cmake --build /home/rsanz/git/learning/ROS2/RustROS2/build/rosidl_default_runtime -- -j24 -l24
[17.699s] DEBUG:colcon.colcon_core.event_handler.log_command:Invoked command in '/home/rsanz/git/learning/ROS2/RustROS2/build/rosidl_default_generators' returned '0': AMENT_PREFIX_PATH=/home/rsanz/git/learning/ROS2/RustROS2/install/action_msgs:/home/rsanz/git/learning/ROS2/RustROS2/install/service_msgs:/home/rsanz/git/learning/ROS2/RustROS2/install/unique_identifier_msgs:/home/rsanz/git/learning/ROS2/RustROS2/install/builtin_interfaces:/home/rsanz/git/learning/ROS2/RustROS2/install/rosidl_core_runtime:/home/rsanz/git/learning/ROS2/RustROS2/install/rosidl_core_generators:/home/rsanz/git/learning/ROS2/RustROS2/install/rosidl_generator_rs:${AMENT_PREFIX_PATH} CMAKE_PREFIX_PATH=/home/rsanz/git/learning/ROS2/RustROS2/install/action_msgs:/home/rsanz/git/learning/ROS2/RustROS2/install/service_msgs:/home/rsanz/git/learning/ROS2/RustROS2/install/unique_identifier_msgs:/home/rsanz/git/learning/ROS2/RustROS2/install/builtin_interfaces:/home/rsanz/git/learning/ROS2/RustROS2/install/rosidl_core_runtime:/home/rsanz/git/learning/ROS2/RustROS2/install/rosidl_core_generators:/home/rsanz/git/learning/ROS2/RustROS2/install/rosidl_generator_rs:/opt/ros/jazzy/opt/gz_math_vendor:/opt/ros/jazzy/opt/gz_utils_vendor:/opt/ros/jazzy/opt/gz_cmake_vendor:/opt/ros/jazzy DEBUGINFOD_URLS=https://debuginfod.ubuntu.com LD_LIBRARY_PATH=/home/rsanz/git/learning/ROS2/RustROS2/install/action_msgs/lib:/home/rsanz/git/learning/ROS2/RustROS2/install/service_msgs/lib:/home/rsanz/git/learning/ROS2/RustROS2/install/unique_identifier_msgs/lib:/home/rsanz/git/learning/ROS2/RustROS2/install/builtin_interfaces/lib:${LD_LIBRARY_PATH} PYTHONPATH=/home/rsanz/git/learning/ROS2/RustROS2/install/action_msgs/lib/python3.12/site-packages:/home/rsanz/git/learning/ROS2/RustROS2/install/service_msgs/lib/python3.12/site-packages:/home/rsanz/git/learning/ROS2/RustROS2/install/unique_identifier_msgs/lib/python3.12/site-packages:/home/rsanz/git/learning/ROS2/RustROS2/install/builtin_interfaces/lib/python3.12/site-packages:/home/rsanz/git/learning/ROS2/RustROS2/install/rosidl_generator_rs/lib/python3.12/site-packages:${PYTHONPATH} /usr/bin/cmake /home/rsanz/git/learning/ROS2/RustROS2/src/rosidl_defaults/rosidl_default_generators -DCMAKE_INSTALL_PREFIX=/home/rsanz/git/learning/ROS2/RustROS2/install/rosidl_default_generators
[17.700s] DEBUG:colcon.colcon_core.event_handler.log_command:Invoking command in '/home/rsanz/git/learning/ROS2/RustROS2/build/rosidl_default_generators': AMENT_PREFIX_PATH=/home/rsanz/git/learning/ROS2/RustROS2/install/action_msgs:/home/rsanz/git/learning/ROS2/RustROS2/install/service_msgs:/home/rsanz/git/learning/ROS2/RustROS2/install/unique_identifier_msgs:/home/rsanz/git/learning/ROS2/RustROS2/install/builtin_interfaces:/home/rsanz/git/learning/ROS2/RustROS2/install/rosidl_core_runtime:/home/rsanz/git/learning/ROS2/RustROS2/install/rosidl_core_generators:/home/rsanz/git/learning/ROS2/RustROS2/install/rosidl_generator_rs:${AMENT_PREFIX_PATH} CMAKE_PREFIX_PATH=/home/rsanz/git/learning/ROS2/RustROS2/install/action_msgs:/home/rsanz/git/learning/ROS2/RustROS2/install/service_msgs:/home/rsanz/git/learning/ROS2/RustROS2/install/unique_identifier_msgs:/home/rsanz/git/learning/ROS2/RustROS2/install/builtin_interfaces:/home/rsanz/git/learning/ROS2/RustROS2/install/rosidl_core_runtime:/home/rsanz/git/learning/ROS2/RustROS2/install/rosidl_core_generators:/home/rsanz/git/learning/ROS2/RustROS2/install/rosidl_generator_rs:/opt/ros/jazzy/opt/gz_math_vendor:/opt/ros/jazzy/opt/gz_utils_vendor:/opt/ros/jazzy/opt/gz_cmake_vendor:/opt/ros/jazzy DEBUGINFOD_URLS=https://debuginfod.ubuntu.com LD_LIBRARY_PATH=/home/rsanz/git/learning/ROS2/RustROS2/install/action_msgs/lib:/home/rsanz/git/learning/ROS2/RustROS2/install/service_msgs/lib:/home/rsanz/git/learning/ROS2/RustROS2/install/unique_identifier_msgs/lib:/home/rsanz/git/learning/ROS2/RustROS2/install/builtin_interfaces/lib:${LD_LIBRARY_PATH} PYTHONPATH=/home/rsanz/git/learning/ROS2/RustROS2/install/action_msgs/lib/python3.12/site-packages:/home/rsanz/git/learning/ROS2/RustROS2/install/service_msgs/lib/python3.12/site-packages:/home/rsanz/git/learning/ROS2/RustROS2/install/unique_identifier_msgs/lib/python3.12/site-packages:/home/rsanz/git/learning/ROS2/RustROS2/install/builtin_interfaces/lib/python3.12/site-packages:/home/rsanz/git/learning/ROS2/RustROS2/install/rosidl_generator_rs/lib/python3.12/site-packages:${PYTHONPATH} /usr/bin/cmake --build /home/rsanz/git/learning/ROS2/RustROS2/build/rosidl_default_generators -- -j24 -l24
[17.726s] DEBUG:colcon.colcon_core.event_handler.log_command:Invoked command in '/home/rsanz/git/learning/ROS2/RustROS2/build/rosidl_default_runtime' returned '0': AMENT_PREFIX_PATH=/home/rsanz/git/learning/ROS2/RustROS2/install/action_msgs:/home/rsanz/git/learning/ROS2/RustROS2/install/service_msgs:/home/rsanz/git/learning/ROS2/RustROS2/install/unique_identifier_msgs:/home/rsanz/git/learning/ROS2/RustROS2/install/builtin_interfaces:/home/rsanz/git/learning/ROS2/RustROS2/install/rosidl_core_runtime:/home/rsanz/git/learning/ROS2/RustROS2/install/rosidl_core_generators:/home/rsanz/git/learning/ROS2/RustROS2/install/rosidl_generator_rs:${AMENT_PREFIX_PATH} CMAKE_PREFIX_PATH=/home/rsanz/git/learning/ROS2/RustROS2/install/action_msgs:/home/rsanz/git/learning/ROS2/RustROS2/install/service_msgs:/home/rsanz/git/learning/ROS2/RustROS2/install/unique_identifier_msgs:/home/rsanz/git/learning/ROS2/RustROS2/install/builtin_interfaces:/home/rsanz/git/learning/ROS2/RustROS2/install/rosidl_core_runtime:/home/rsanz/git/learning/ROS2/RustROS2/install/rosidl_core_generators:/home/rsanz/git/learning/ROS2/RustROS2/install/rosidl_generator_rs:/opt/ros/jazzy/opt/gz_math_vendor:/opt/ros/jazzy/opt/gz_utils_vendor:/opt/ros/jazzy/opt/gz_cmake_vendor:/opt/ros/jazzy DEBUGINFOD_URLS=https://debuginfod.ubuntu.com LD_LIBRARY_PATH=/home/rsanz/git/learning/ROS2/RustROS2/install/action_msgs/lib:/home/rsanz/git/learning/ROS2/RustROS2/install/service_msgs/lib:/home/rsanz/git/learning/ROS2/RustROS2/install/unique_identifier_msgs/lib:/home/rsanz/git/learning/ROS2/RustROS2/install/builtin_interfaces/lib:${LD_LIBRARY_PATH} PYTHONPATH=/home/rsanz/git/learning/ROS2/RustROS2/install/action_msgs/lib/python3.12/site-packages:/home/rsanz/git/learning/ROS2/RustROS2/install/service_msgs/lib/python3.12/site-packages:/home/rsanz/git/learning/ROS2/RustROS2/install/unique_identifier_msgs/lib/python3.12/site-packages:/home/rsanz/git/learning/ROS2/RustROS2/install/builtin_interfaces/lib/python3.12/site-packages:/home/rsanz/git/learning/ROS2/RustROS2/install/rosidl_generator_rs/lib/python3.12/site-packages:${PYTHONPATH} /usr/bin/cmake --build /home/rsanz/git/learning/ROS2/RustROS2/build/rosidl_default_runtime -- -j24 -l24
[17.727s] DEBUG:colcon.colcon_core.event_handler.log_command:Invoking command in '/home/rsanz/git/learning/ROS2/RustROS2/build/rosidl_default_runtime': AMENT_PREFIX_PATH=/home/rsanz/git/learning/ROS2/RustROS2/install/action_msgs:/home/rsanz/git/learning/ROS2/RustROS2/install/service_msgs:/home/rsanz/git/learning/ROS2/RustROS2/install/unique_identifier_msgs:/home/rsanz/git/learning/ROS2/RustROS2/install/builtin_interfaces:/home/rsanz/git/learning/ROS2/RustROS2/install/rosidl_core_runtime:/home/rsanz/git/learning/ROS2/RustROS2/install/rosidl_core_generators:/home/rsanz/git/learning/ROS2/RustROS2/install/rosidl_generator_rs:${AMENT_PREFIX_PATH} CMAKE_PREFIX_PATH=/home/rsanz/git/learning/ROS2/RustROS2/install/action_msgs:/home/rsanz/git/learning/ROS2/RustROS2/install/service_msgs:/home/rsanz/git/learning/ROS2/RustROS2/install/unique_identifier_msgs:/home/rsanz/git/learning/ROS2/RustROS2/install/builtin_interfaces:/home/rsanz/git/learning/ROS2/RustROS2/install/rosidl_core_runtime:/home/rsanz/git/learning/ROS2/RustROS2/install/rosidl_core_generators:/home/rsanz/git/learning/ROS2/RustROS2/install/rosidl_generator_rs:/opt/ros/jazzy/opt/gz_math_vendor:/opt/ros/jazzy/opt/gz_utils_vendor:/opt/ros/jazzy/opt/gz_cmake_vendor:/opt/ros/jazzy DEBUGINFOD_URLS=https://debuginfod.ubuntu.com LD_LIBRARY_PATH=/home/rsanz/git/learning/ROS2/RustROS2/install/action_msgs/lib:/home/rsanz/git/learning/ROS2/RustROS2/install/service_msgs/lib:/home/rsanz/git/learning/ROS2/RustROS2/install/unique_identifier_msgs/lib:/home/rsanz/git/learning/ROS2/RustROS2/install/builtin_interfaces/lib:${LD_LIBRARY_PATH} PYTHONPATH=/home/rsanz/git/learning/ROS2/RustROS2/install/action_msgs/lib/python3.12/site-packages:/home/rsanz/git/learning/ROS2/RustROS2/install/service_msgs/lib/python3.12/site-packages:/home/rsanz/git/learning/ROS2/RustROS2/install/unique_identifier_msgs/lib/python3.12/site-packages:/home/rsanz/git/learning/ROS2/RustROS2/install/builtin_interfaces/lib/python3.12/site-packages:/home/rsanz/git/learning/ROS2/RustROS2/install/rosidl_generator_rs/lib/python3.12/site-packages:${PYTHONPATH} /usr/bin/cmake --install /home/rsanz/git/learning/ROS2/RustROS2/build/rosidl_default_runtime
[17.735s] DEBUG:colcon.colcon_core.event_handler.log_command:Invoked command in '/home/rsanz/git/learning/ROS2/RustROS2/build/rosidl_default_generators' returned '0': AMENT_PREFIX_PATH=/home/rsanz/git/learning/ROS2/RustROS2/install/action_msgs:/home/rsanz/git/learning/ROS2/RustROS2/install/service_msgs:/home/rsanz/git/learning/ROS2/RustROS2/install/unique_identifier_msgs:/home/rsanz/git/learning/ROS2/RustROS2/install/builtin_interfaces:/home/rsanz/git/learning/ROS2/RustROS2/install/rosidl_core_runtime:/home/rsanz/git/learning/ROS2/RustROS2/install/rosidl_core_generators:/home/rsanz/git/learning/ROS2/RustROS2/install/rosidl_generator_rs:${AMENT_PREFIX_PATH} CMAKE_PREFIX_PATH=/home/rsanz/git/learning/ROS2/RustROS2/install/action_msgs:/home/rsanz/git/learning/ROS2/RustROS2/install/service_msgs:/home/rsanz/git/learning/ROS2/RustROS2/install/unique_identifier_msgs:/home/rsanz/git/learning/ROS2/RustROS2/install/builtin_interfaces:/home/rsanz/git/learning/ROS2/RustROS2/install/rosidl_core_runtime:/home/rsanz/git/learning/ROS2/RustROS2/install/rosidl_core_generators:/home/rsanz/git/learning/ROS2/RustROS2/install/rosidl_generator_rs:/opt/ros/jazzy/opt/gz_math_vendor:/opt/ros/jazzy/opt/gz_utils_vendor:/opt/ros/jazzy/opt/gz_cmake_vendor:/opt/ros/jazzy DEBUGINFOD_URLS=https://debuginfod.ubuntu.com LD_LIBRARY_PATH=/home/rsanz/git/learning/ROS2/RustROS2/install/action_msgs/lib:/home/rsanz/git/learning/ROS2/RustROS2/install/service_msgs/lib:/home/rsanz/git/learning/ROS2/RustROS2/install/unique_identifier_msgs/lib:/home/rsanz/git/learning/ROS2/RustROS2/install/builtin_interfaces/lib:${LD_LIBRARY_PATH} PYTHONPATH=/home/rsanz/git/learning/ROS2/RustROS2/install/action_msgs/lib/python3.12/site-packages:/home/rsanz/git/learning/ROS2/RustROS2/install/service_msgs/lib/python3.12/site-packages:/home/rsanz/git/learning/ROS2/RustROS2/install/unique_identifier_msgs/lib/python3.12/site-packages:/home/rsanz/git/learning/ROS2/RustROS2/install/builtin_interfaces/lib/python3.12/site-packages:/home/rsanz/git/learning/ROS2/RustROS2/install/rosidl_generator_rs/lib/python3.12/site-packages:${PYTHONPATH} /usr/bin/cmake --build /home/rsanz/git/learning/ROS2/RustROS2/build/rosidl_default_generators -- -j24 -l24
[17.737s] DEBUG:colcon.colcon_core.event_handler.log_command:Invoking command in '/home/rsanz/git/learning/ROS2/RustROS2/build/rosidl_default_generators': AMENT_PREFIX_PATH=/home/rsanz/git/learning/ROS2/RustROS2/install/action_msgs:/home/rsanz/git/learning/ROS2/RustROS2/install/service_msgs:/home/rsanz/git/learning/ROS2/RustROS2/install/unique_identifier_msgs:/home/rsanz/git/learning/ROS2/RustROS2/install/builtin_interfaces:/home/rsanz/git/learning/ROS2/RustROS2/install/rosidl_core_runtime:/home/rsanz/git/learning/ROS2/RustROS2/install/rosidl_core_generators:/home/rsanz/git/learning/ROS2/RustROS2/install/rosidl_generator_rs:${AMENT_PREFIX_PATH} CMAKE_PREFIX_PATH=/home/rsanz/git/learning/ROS2/RustROS2/install/action_msgs:/home/rsanz/git/learning/ROS2/RustROS2/install/service_msgs:/home/rsanz/git/learning/ROS2/RustROS2/install/unique_identifier_msgs:/home/rsanz/git/learning/ROS2/RustROS2/install/builtin_interfaces:/home/rsanz/git/learning/ROS2/RustROS2/install/rosidl_core_runtime:/home/rsanz/git/learning/ROS2/RustROS2/install/rosidl_core_generators:/home/rsanz/git/learning/ROS2/RustROS2/install/rosidl_generator_rs:/opt/ros/jazzy/opt/gz_math_vendor:/opt/ros/jazzy/opt/gz_utils_vendor:/opt/ros/jazzy/opt/gz_cmake_vendor:/opt/ros/jazzy DEBUGINFOD_URLS=https://debuginfod.ubuntu.com LD_LIBRARY_PATH=/home/rsanz/git/learning/ROS2/RustROS2/install/action_msgs/lib:/home/rsanz/git/learning/ROS2/RustROS2/install/service_msgs/lib:/home/rsanz/git/learning/ROS2/RustROS2/install/unique_identifier_msgs/lib:/home/rsanz/git/learning/ROS2/RustROS2/install/builtin_interfaces/lib:${LD_LIBRARY_PATH} PYTHONPATH=/home/rsanz/git/learning/ROS2/RustROS2/install/action_msgs/lib/python3.12/site-packages:/home/rsanz/git/learning/ROS2/RustROS2/install/service_msgs/lib/python3.12/site-packages:/home/rsanz/git/learning/ROS2/RustROS2/install/unique_identifier_msgs/lib/python3.12/site-packages:/home/rsanz/git/learning/ROS2/RustROS2/install/builtin_interfaces/lib/python3.12/site-packages:/home/rsanz/git/learning/ROS2/RustROS2/install/rosidl_generator_rs/lib/python3.12/site-packages:${PYTHONPATH} /usr/bin/cmake --install /home/rsanz/git/learning/ROS2/RustROS2/build/rosidl_default_generators
[17.738s] Level 1:colcon.colcon_core.environment:create_environment_scripts_only(rosidl_default_runtime)
[17.738s] Level 1:colcon.colcon_core.environment:checking '/home/rsanz/git/learning/ROS2/RustROS2/install/rosidl_default_runtime' for CMake module files
[17.738s] DEBUG:colcon.colcon_core.event_handler.log_command:Invoked command in '/home/rsanz/git/learning/ROS2/RustROS2/build/rosidl_default_runtime' returned '0': AMENT_PREFIX_PATH=/home/rsanz/git/learning/ROS2/RustROS2/install/action_msgs:/home/rsanz/git/learning/ROS2/RustROS2/install/service_msgs:/home/rsanz/git/learning/ROS2/RustROS2/install/unique_identifier_msgs:/home/rsanz/git/learning/ROS2/RustROS2/install/builtin_interfaces:/home/rsanz/git/learning/ROS2/RustROS2/install/rosidl_core_runtime:/home/rsanz/git/learning/ROS2/RustROS2/install/rosidl_core_generators:/home/rsanz/git/learning/ROS2/RustROS2/install/rosidl_generator_rs:${AMENT_PREFIX_PATH} CMAKE_PREFIX_PATH=/home/rsanz/git/learning/ROS2/RustROS2/install/action_msgs:/home/rsanz/git/learning/ROS2/RustROS2/install/service_msgs:/home/rsanz/git/learning/ROS2/RustROS2/install/unique_identifier_msgs:/home/rsanz/git/learning/ROS2/RustROS2/install/builtin_interfaces:/home/rsanz/git/learning/ROS2/RustROS2/install/rosidl_core_runtime:/home/rsanz/git/learning/ROS2/RustROS2/install/rosidl_core_generators:/home/rsanz/git/learning/ROS2/RustROS2/install/rosidl_generator_rs:/opt/ros/jazzy/opt/gz_math_vendor:/opt/ros/jazzy/opt/gz_utils_vendor:/opt/ros/jazzy/opt/gz_cmake_vendor:/opt/ros/jazzy DEBUGINFOD_URLS=https://debuginfod.ubuntu.com LD_LIBRARY_PATH=/home/rsanz/git/learning/ROS2/RustROS2/install/action_msgs/lib:/home/rsanz/git/learning/ROS2/RustROS2/install/service_msgs/lib:/home/rsanz/git/learning/ROS2/RustROS2/install/unique_identifier_msgs/lib:/home/rsanz/git/learning/ROS2/RustROS2/install/builtin_interfaces/lib:${LD_LIBRARY_PATH} PYTHONPATH=/home/rsanz/git/learning/ROS2/RustROS2/install/action_msgs/lib/python3.12/site-packages:/home/rsanz/git/learning/ROS2/RustROS2/install/service_msgs/lib/python3.12/site-packages:/home/rsanz/git/learning/ROS2/RustROS2/install/unique_identifier_msgs/lib/python3.12/site-packages:/home/rsanz/git/learning/ROS2/RustROS2/install/builtin_interfaces/lib/python3.12/site-packages:/home/rsanz/git/learning/ROS2/RustROS2/install/rosidl_generator_rs/lib/python3.12/site-packages:${PYTHONPATH} /usr/bin/cmake --install /home/rsanz/git/learning/ROS2/RustROS2/build/rosidl_default_runtime
[17.739s] Level 1:colcon.colcon_core.environment:checking '/home/rsanz/git/learning/ROS2/RustROS2/install/rosidl_default_runtime' for CMake config files
[17.739s] Level 1:colcon.colcon_core.shell:create_environment_hook('rosidl_default_runtime', 'cmake_prefix_path')
[17.739s] INFO:colcon.colcon_core.shell:Creating environment hook '/home/rsanz/git/learning/ROS2/RustROS2/install/rosidl_default_runtime/share/rosidl_default_runtime/hook/cmake_prefix_path.ps1'
[17.739s] INFO:colcon.colcon_core.shell:Creating environment descriptor '/home/rsanz/git/learning/ROS2/RustROS2/install/rosidl_default_runtime/share/rosidl_default_runtime/hook/cmake_prefix_path.dsv'
[17.740s] INFO:colcon.colcon_core.shell:Creating environment hook '/home/rsanz/git/learning/ROS2/RustROS2/install/rosidl_default_runtime/share/rosidl_default_runtime/hook/cmake_prefix_path.sh'
[17.740s] Level 1:colcon.colcon_core.environment:checking '/home/rsanz/git/learning/ROS2/RustROS2/install/rosidl_default_runtime/bin'
[17.740s] Level 1:colcon.colcon_core.environment:checking '/home/rsanz/git/learning/ROS2/RustROS2/install/rosidl_default_runtime/lib/pkgconfig/rosidl_default_runtime.pc'
[17.740s] Level 1:colcon.colcon_core.environment:checking '/home/rsanz/git/learning/ROS2/RustROS2/install/rosidl_default_runtime/lib/python3.12/site-packages'
[17.741s] Level 1:colcon.colcon_core.environment:checking '/home/rsanz/git/learning/ROS2/RustROS2/install/rosidl_default_runtime/bin'
[17.741s] INFO:colcon.colcon_core.shell:Creating package script '/home/rsanz/git/learning/ROS2/RustROS2/install/rosidl_default_runtime/share/rosidl_default_runtime/package.ps1'
[17.741s] INFO:colcon.colcon_core.shell:Creating package descriptor '/home/rsanz/git/learning/ROS2/RustROS2/install/rosidl_default_runtime/share/rosidl_default_runtime/package.dsv'
[17.741s] INFO:colcon.colcon_core.shell:Creating package script '/home/rsanz/git/learning/ROS2/RustROS2/install/rosidl_default_runtime/share/rosidl_default_runtime/package.sh'
[17.742s] INFO:colcon.colcon_core.shell:Creating package script '/home/rsanz/git/learning/ROS2/RustROS2/install/rosidl_default_runtime/share/rosidl_default_runtime/package.bash'
[17.742s] INFO:colcon.colcon_core.shell:Creating package script '/home/rsanz/git/learning/ROS2/RustROS2/install/rosidl_default_runtime/share/rosidl_default_runtime/package.zsh'
[17.742s] Level 1:colcon.colcon_core.environment:create_file_with_runtime_dependencies(/home/rsanz/git/learning/ROS2/RustROS2/install/rosidl_default_runtime/share/colcon-core/packages/rosidl_default_runtime)
[17.743s] Level 1:colcon.colcon_core.environment:create_environment_scripts_only(rosidl_default_runtime)
[17.743s] Level 1:colcon.colcon_core.environment:checking '/home/rsanz/git/learning/ROS2/RustROS2/install/rosidl_default_runtime' for CMake module files
[17.744s] Level 1:colcon.colcon_core.environment:checking '/home/rsanz/git/learning/ROS2/RustROS2/install/rosidl_default_runtime' for CMake config files
[17.745s] Level 1:colcon.colcon_core.shell:create_environment_hook('rosidl_default_runtime', 'cmake_prefix_path')
[17.745s] INFO:colcon.colcon_core.shell:Creating environment hook '/home/rsanz/git/learning/ROS2/RustROS2/install/rosidl_default_runtime/share/rosidl_default_runtime/hook/cmake_prefix_path.ps1'
[17.747s] INFO:colcon.colcon_core.shell:Creating environment descriptor '/home/rsanz/git/learning/ROS2/RustROS2/install/rosidl_default_runtime/share/rosidl_default_runtime/hook/cmake_prefix_path.dsv'
[17.747s] INFO:colcon.colcon_core.shell:Creating environment hook '/home/rsanz/git/learning/ROS2/RustROS2/install/rosidl_default_runtime/share/rosidl_default_runtime/hook/cmake_prefix_path.sh'
[17.748s] Level 1:colcon.colcon_core.environment:checking '/home/rsanz/git/learning/ROS2/RustROS2/install/rosidl_default_runtime/bin'
[17.748s] Level 1:colcon.colcon_core.environment:checking '/home/rsanz/git/learning/ROS2/RustROS2/install/rosidl_default_runtime/lib/pkgconfig/rosidl_default_runtime.pc'
[17.748s] Level 1:colcon.colcon_core.environment:checking '/home/rsanz/git/learning/ROS2/RustROS2/install/rosidl_default_runtime/lib/python3.12/site-packages'
[17.748s] Level 1:colcon.colcon_core.environment:checking '/home/rsanz/git/learning/ROS2/RustROS2/install/rosidl_default_runtime/bin'
[17.748s] INFO:colcon.colcon_core.shell:Creating package script '/home/rsanz/git/learning/ROS2/RustROS2/install/rosidl_default_runtime/share/rosidl_default_runtime/package.ps1'
[17.749s] INFO:colcon.colcon_core.shell:Creating package descriptor '/home/rsanz/git/learning/ROS2/RustROS2/install/rosidl_default_runtime/share/rosidl_default_runtime/package.dsv'
[17.749s] INFO:colcon.colcon_core.shell:Creating package script '/home/rsanz/git/learning/ROS2/RustROS2/install/rosidl_default_runtime/share/rosidl_default_runtime/package.sh'
[17.749s] INFO:colcon.colcon_core.shell:Creating package script '/home/rsanz/git/learning/ROS2/RustROS2/install/rosidl_default_runtime/share/rosidl_default_runtime/package.bash'
[17.750s] INFO:colcon.colcon_core.shell:Creating package script '/home/rsanz/git/learning/ROS2/RustROS2/install/rosidl_default_runtime/share/rosidl_default_runtime/package.zsh'
[17.750s] Level 1:colcon.colcon_core.environment:create_file_with_runtime_dependencies(/home/rsanz/git/learning/ROS2/RustROS2/install/rosidl_default_runtime/share/colcon-core/packages/rosidl_default_runtime)
[17.750s] Level 1:colcon.colcon_core.environment:create_environment_scripts_only(rosidl_default_generators)
[17.751s] Level 1:colcon.colcon_core.environment:checking '/home/rsanz/git/learning/ROS2/RustROS2/install/rosidl_default_generators' for CMake module files
[17.751s] DEBUG:colcon.colcon_core.event_handler.log_command:Invoked command in '/home/rsanz/git/learning/ROS2/RustROS2/build/rosidl_default_generators' returned '0': AMENT_PREFIX_PATH=/home/rsanz/git/learning/ROS2/RustROS2/install/action_msgs:/home/rsanz/git/learning/ROS2/RustROS2/install/service_msgs:/home/rsanz/git/learning/ROS2/RustROS2/install/unique_identifier_msgs:/home/rsanz/git/learning/ROS2/RustROS2/install/builtin_interfaces:/home/rsanz/git/learning/ROS2/RustROS2/install/rosidl_core_runtime:/home/rsanz/git/learning/ROS2/RustROS2/install/rosidl_core_generators:/home/rsanz/git/learning/ROS2/RustROS2/install/rosidl_generator_rs:${AMENT_PREFIX_PATH} CMAKE_PREFIX_PATH=/home/rsanz/git/learning/ROS2/RustROS2/install/action_msgs:/home/rsanz/git/learning/ROS2/RustROS2/install/service_msgs:/home/rsanz/git/learning/ROS2/RustROS2/install/unique_identifier_msgs:/home/rsanz/git/learning/ROS2/RustROS2/install/builtin_interfaces:/home/rsanz/git/learning/ROS2/RustROS2/install/rosidl_core_runtime:/home/rsanz/git/learning/ROS2/RustROS2/install/rosidl_core_generators:/home/rsanz/git/learning/ROS2/RustROS2/install/rosidl_generator_rs:/opt/ros/jazzy/opt/gz_math_vendor:/opt/ros/jazzy/opt/gz_utils_vendor:/opt/ros/jazzy/opt/gz_cmake_vendor:/opt/ros/jazzy DEBUGINFOD_URLS=https://debuginfod.ubuntu.com LD_LIBRARY_PATH=/home/rsanz/git/learning/ROS2/RustROS2/install/action_msgs/lib:/home/rsanz/git/learning/ROS2/RustROS2/install/service_msgs/lib:/home/rsanz/git/learning/ROS2/RustROS2/install/unique_identifier_msgs/lib:/home/rsanz/git/learning/ROS2/RustROS2/install/builtin_interfaces/lib:${LD_LIBRARY_PATH} PYTHONPATH=/home/rsanz/git/learning/ROS2/RustROS2/install/action_msgs/lib/python3.12/site-packages:/home/rsanz/git/learning/ROS2/RustROS2/install/service_msgs/lib/python3.12/site-packages:/home/rsanz/git/learning/ROS2/RustROS2/install/unique_identifier_msgs/lib/python3.12/site-packages:/home/rsanz/git/learning/ROS2/RustROS2/install/builtin_interfaces/lib/python3.12/site-packages:/home/rsanz/git/learning/ROS2/RustROS2/install/rosidl_generator_rs/lib/python3.12/site-packages:${PYTHONPATH} /usr/bin/cmake --install /home/rsanz/git/learning/ROS2/RustROS2/build/rosidl_default_generators
[17.751s] Level 1:colcon.colcon_core.environment:checking '/home/rsanz/git/learning/ROS2/RustROS2/install/rosidl_default_generators' for CMake config files
[17.751s] Level 1:colcon.colcon_core.shell:create_environment_hook('rosidl_default_generators', 'cmake_prefix_path')
[17.752s] INFO:colcon.colcon_core.shell:Creating environment hook '/home/rsanz/git/learning/ROS2/RustROS2/install/rosidl_default_generators/share/rosidl_default_generators/hook/cmake_prefix_path.ps1'
[17.752s] INFO:colcon.colcon_core.shell:Creating environment descriptor '/home/rsanz/git/learning/ROS2/RustROS2/install/rosidl_default_generators/share/rosidl_default_generators/hook/cmake_prefix_path.dsv'
[17.752s] INFO:colcon.colcon_core.shell:Creating environment hook '/home/rsanz/git/learning/ROS2/RustROS2/install/rosidl_default_generators/share/rosidl_default_generators/hook/cmake_prefix_path.sh'
[17.752s] Level 1:colcon.colcon_core.environment:checking '/home/rsanz/git/learning/ROS2/RustROS2/install/rosidl_default_generators/bin'
[17.752s] Level 1:colcon.colcon_core.environment:checking '/home/rsanz/git/learning/ROS2/RustROS2/install/rosidl_default_generators/lib/pkgconfig/rosidl_default_generators.pc'
[17.753s] Level 1:colcon.colcon_core.environment:checking '/home/rsanz/git/learning/ROS2/RustROS2/install/rosidl_default_generators/lib/python3.12/site-packages'
[17.753s] Level 1:colcon.colcon_core.environment:checking '/home/rsanz/git/learning/ROS2/RustROS2/install/rosidl_default_generators/bin'
[17.753s] INFO:colcon.colcon_core.shell:Creating package script '/home/rsanz/git/learning/ROS2/RustROS2/install/rosidl_default_generators/share/rosidl_default_generators/package.ps1'
[17.753s] INFO:colcon.colcon_core.shell:Creating package descriptor '/home/rsanz/git/learning/ROS2/RustROS2/install/rosidl_default_generators/share/rosidl_default_generators/package.dsv'
[17.754s] INFO:colcon.colcon_core.shell:Creating package script '/home/rsanz/git/learning/ROS2/RustROS2/install/rosidl_default_generators/share/rosidl_default_generators/package.sh'
[17.754s] INFO:colcon.colcon_core.shell:Creating package script '/home/rsanz/git/learning/ROS2/RustROS2/install/rosidl_default_generators/share/rosidl_default_generators/package.bash'
[17.754s] INFO:colcon.colcon_core.shell:Creating package script '/home/rsanz/git/learning/ROS2/RustROS2/install/rosidl_default_generators/share/rosidl_default_generators/package.zsh'
[17.754s] Level 1:colcon.colcon_core.environment:create_file_with_runtime_dependencies(/home/rsanz/git/learning/ROS2/RustROS2/install/rosidl_default_generators/share/colcon-core/packages/rosidl_default_generators)
[17.755s] Level 1:colcon.colcon_core.environment:create_environment_scripts_only(rosidl_default_generators)
[17.755s] Level 1:colcon.colcon_core.environment:checking '/home/rsanz/git/learning/ROS2/RustROS2/install/rosidl_default_generators' for CMake module files
[17.755s] Level 1:colcon.colcon_core.environment:checking '/home/rsanz/git/learning/ROS2/RustROS2/install/rosidl_default_generators' for CMake config files
[17.755s] Level 1:colcon.colcon_core.shell:create_environment_hook('rosidl_default_generators', 'cmake_prefix_path')
[17.755s] INFO:colcon.colcon_core.shell:Creating environment hook '/home/rsanz/git/learning/ROS2/RustROS2/install/rosidl_default_generators/share/rosidl_default_generators/hook/cmake_prefix_path.ps1'
[17.756s] INFO:colcon.colcon_core.shell:Creating environment descriptor '/home/rsanz/git/learning/ROS2/RustROS2/install/rosidl_default_generators/share/rosidl_default_generators/hook/cmake_prefix_path.dsv'
[17.756s] INFO:colcon.colcon_core.shell:Creating environment hook '/home/rsanz/git/learning/ROS2/RustROS2/install/rosidl_default_generators/share/rosidl_default_generators/hook/cmake_prefix_path.sh'
[17.756s] Level 1:colcon.colcon_core.environment:checking '/home/rsanz/git/learning/ROS2/RustROS2/install/rosidl_default_generators/bin'
[17.756s] Level 1:colcon.colcon_core.environment:checking '/home/rsanz/git/learning/ROS2/RustROS2/install/rosidl_default_generators/lib/pkgconfig/rosidl_default_generators.pc'
[17.756s] Level 1:colcon.colcon_core.environment:checking '/home/rsanz/git/learning/ROS2/RustROS2/install/rosidl_default_generators/lib/python3.12/site-packages'
[17.757s] Level 1:colcon.colcon_core.environment:checking '/home/rsanz/git/learning/ROS2/RustROS2/install/rosidl_default_generators/bin'
[17.757s] INFO:colcon.colcon_core.shell:Creating package script '/home/rsanz/git/learning/ROS2/RustROS2/install/rosidl_default_generators/share/rosidl_default_generators/package.ps1'
[17.757s] INFO:colcon.colcon_core.shell:Creating package descriptor '/home/rsanz/git/learning/ROS2/RustROS2/install/rosidl_default_generators/share/rosidl_default_generators/package.dsv'
[17.757s] INFO:colcon.colcon_core.shell:Creating package script '/home/rsanz/git/learning/ROS2/RustROS2/install/rosidl_default_generators/share/rosidl_default_generators/package.sh'
[17.758s] INFO:colcon.colcon_core.shell:Creating package script '/home/rsanz/git/learning/ROS2/RustROS2/install/rosidl_default_generators/share/rosidl_default_generators/package.bash'
[17.758s] INFO:colcon.colcon_core.shell:Creating package script '/home/rsanz/git/learning/ROS2/RustROS2/install/rosidl_default_generators/share/rosidl_default_generators/package.zsh'
[17.758s] Level 1:colcon.colcon_core.environment:create_file_with_runtime_dependencies(/home/rsanz/git/learning/ROS2/RustROS2/install/rosidl_default_generators/share/colcon-core/packages/rosidl_default_generators)
[17.758s] INFO:colcon.colcon_ros.task.ament_cmake.build:Building ROS package in '/home/rsanz/git/learning/ROS2/RustROS2/src/common_interfaces/std_msgs' with build type 'ament_cmake'
[17.758s] INFO:colcon.colcon_cmake.task.cmake.build:Building CMake package in '/home/rsanz/git/learning/ROS2/RustROS2/src/common_interfaces/std_msgs'
[17.759s] INFO:colcon.colcon_core.shell:Skip shell extension 'powershell' for command environment: Not usable outside of PowerShell
[17.759s] DEBUG:colcon.colcon_core.shell:Skip shell extension 'dsv' for command environment
[17.761s] INFO:colcon.colcon_ros.task.ament_cmake.build:Building ROS package in '/home/rsanz/git/learning/ROS2/RustROS2/src/rcl_interfaces/rcl_interfaces' with build type 'ament_cmake'
[17.761s] INFO:colcon.colcon_cmake.task.cmake.build:Building CMake package in '/home/rsanz/git/learning/ROS2/RustROS2/src/rcl_interfaces/rcl_interfaces'
[17.762s] INFO:colcon.colcon_core.shell:Skip shell extension 'powershell' for command environment: Not usable outside of PowerShell
[17.762s] DEBUG:colcon.colcon_core.shell:Skip shell extension 'dsv' for command environment
[17.764s] INFO:colcon.colcon_ros.task.ament_cmake.build:Building ROS package in '/home/rsanz/git/learning/ROS2/RustROS2/src/common_interfaces/std_srvs' with build type 'ament_cmake'
[17.764s] INFO:colcon.colcon_cmake.task.cmake.build:Building CMake package in '/home/rsanz/git/learning/ROS2/RustROS2/src/common_interfaces/std_srvs'
[17.764s] INFO:colcon.colcon_core.shell:Skip shell extension 'powershell' for command environment: Not usable outside of PowerShell
[17.764s] DEBUG:colcon.colcon_core.shell:Skip shell extension 'dsv' for command environment
[17.767s] INFO:colcon.colcon_ros.task.ament_cmake.build:Building ROS package in '/home/rsanz/git/learning/ROS2/RustROS2/src/rcl_interfaces/lifecycle_msgs' with build type 'ament_cmake'
[17.767s] INFO:colcon.colcon_cmake.task.cmake.build:Building CMake package in '/home/rsanz/git/learning/ROS2/RustROS2/src/rcl_interfaces/lifecycle_msgs'
[17.768s] INFO:colcon.colcon_core.shell:Skip shell extension 'powershell' for command environment: Not usable outside of PowerShell
[17.768s] DEBUG:colcon.colcon_core.shell:Skip shell extension 'dsv' for command environment
[17.770s] INFO:colcon.colcon_ros.task.ament_cmake.build:Building ROS package in '/home/rsanz/git/learning/ROS2/RustROS2/src/rcl_interfaces/statistics_msgs' with build type 'ament_cmake'
[17.770s] INFO:colcon.colcon_cmake.task.cmake.build:Building CMake package in '/home/rsanz/git/learning/ROS2/RustROS2/src/rcl_interfaces/statistics_msgs'
[17.770s] INFO:colcon.colcon_core.shell:Skip shell extension 'powershell' for command environment: Not usable outside of PowerShell
[17.770s] DEBUG:colcon.colcon_core.shell:Skip shell extension 'dsv' for command environment
[17.773s] INFO:colcon.colcon_ros.task.ament_cmake.build:Building ROS package in '/home/rsanz/git/learning/ROS2/RustROS2/src/rcl_interfaces/test_msgs' with build type 'ament_cmake'
[17.773s] INFO:colcon.colcon_cmake.task.cmake.build:Building CMake package in '/home/rsanz/git/learning/ROS2/RustROS2/src/rcl_interfaces/test_msgs'
[17.773s] INFO:colcon.colcon_core.shell:Skip shell extension 'powershell' for command environment: Not usable outside of PowerShell
[17.773s] DEBUG:colcon.colcon_core.shell:Skip shell extension 'dsv' for command environment
[17.781s] DEBUG:colcon.colcon_core.event_handler.log_command:Invoking command in '/home/rsanz/git/learning/ROS2/RustROS2/build/std_msgs': AMENT_PREFIX_PATH=/home/rsanz/git/learning/ROS2/RustROS2/install/rosidl_default_runtime:/home/rsanz/git/learning/ROS2/RustROS2/install/rosidl_default_generators:/home/rsanz/git/learning/ROS2/RustROS2/install/action_msgs:/home/rsanz/git/learning/ROS2/RustROS2/install/service_msgs:/home/rsanz/git/learning/ROS2/RustROS2/install/unique_identifier_msgs:/home/rsanz/git/learning/ROS2/RustROS2/install/builtin_interfaces:/home/rsanz/git/learning/ROS2/RustROS2/install/rosidl_core_runtime:/home/rsanz/git/learning/ROS2/RustROS2/install/rosidl_core_generators:/home/rsanz/git/learning/ROS2/RustROS2/install/rosidl_generator_rs:${AMENT_PREFIX_PATH} CMAKE_PREFIX_PATH=/home/rsanz/git/learning/ROS2/RustROS2/install/rosidl_default_runtime:/home/rsanz/git/learning/ROS2/RustROS2/install/rosidl_default_generators:/home/rsanz/git/learning/ROS2/RustROS2/install/action_msgs:/home/rsanz/git/learning/ROS2/RustROS2/install/service_msgs:/home/rsanz/git/learning/ROS2/RustROS2/install/unique_identifier_msgs:/home/rsanz/git/learning/ROS2/RustROS2/install/builtin_interfaces:/home/rsanz/git/learning/ROS2/RustROS2/install/rosidl_core_runtime:/home/rsanz/git/learning/ROS2/RustROS2/install/rosidl_core_generators:/home/rsanz/git/learning/ROS2/RustROS2/install/rosidl_generator_rs:/opt/ros/jazzy/opt/gz_math_vendor:/opt/ros/jazzy/opt/gz_utils_vendor:/opt/ros/jazzy/opt/gz_cmake_vendor:/opt/ros/jazzy DEBUGINFOD_URLS=https://debuginfod.ubuntu.com LD_LIBRARY_PATH=/home/rsanz/git/learning/ROS2/RustROS2/install/action_msgs/lib:/home/rsanz/git/learning/ROS2/RustROS2/install/service_msgs/lib:/home/rsanz/git/learning/ROS2/RustROS2/install/unique_identifier_msgs/lib:/home/rsanz/git/learning/ROS2/RustROS2/install/builtin_interfaces/lib:${LD_LIBRARY_PATH} PYTHONPATH=/home/rsanz/git/learning/ROS2/RustROS2/install/action_msgs/lib/python3.12/site-packages:/home/rsanz/git/learning/ROS2/RustROS2/install/service_msgs/lib/python3.12/site-packages:/home/rsanz/git/learning/ROS2/RustROS2/install/unique_identifier_msgs/lib/python3.12/site-packages:/home/rsanz/git/learning/ROS2/RustROS2/install/builtin_interfaces/lib/python3.12/site-packages:/home/rsanz/git/learning/ROS2/RustROS2/install/rosidl_generator_rs/lib/python3.12/site-packages:${PYTHONPATH} /usr/bin/cmake /home/rsanz/git/learning/ROS2/RustROS2/src/common_interfaces/std_msgs -DCMAKE_INSTALL_PREFIX=/home/rsanz/git/learning/ROS2/RustROS2/install/std_msgs
[17.782s] DEBUG:colcon.colcon_core.event_handler.log_command:Invoking command in '/home/rsanz/git/learning/ROS2/RustROS2/build/rcl_interfaces': AMENT_PREFIX_PATH=/home/rsanz/git/learning/ROS2/RustROS2/install/rosidl_default_runtime:/home/rsanz/git/learning/ROS2/RustROS2/install/rosidl_default_generators:/home/rsanz/git/learning/ROS2/RustROS2/install/action_msgs:/home/rsanz/git/learning/ROS2/RustROS2/install/service_msgs:/home/rsanz/git/learning/ROS2/RustROS2/install/unique_identifier_msgs:/home/rsanz/git/learning/ROS2/RustROS2/install/builtin_interfaces:/home/rsanz/git/learning/ROS2/RustROS2/install/rosidl_core_runtime:/home/rsanz/git/learning/ROS2/RustROS2/install/rosidl_core_generators:/home/rsanz/git/learning/ROS2/RustROS2/install/rosidl_generator_rs:${AMENT_PREFIX_PATH} CMAKE_PREFIX_PATH=/home/rsanz/git/learning/ROS2/RustROS2/install/rosidl_default_runtime:/home/rsanz/git/learning/ROS2/RustROS2/install/rosidl_default_generators:/home/rsanz/git/learning/ROS2/RustROS2/install/action_msgs:/home/rsanz/git/learning/ROS2/RustROS2/install/service_msgs:/home/rsanz/git/learning/ROS2/RustROS2/install/unique_identifier_msgs:/home/rsanz/git/learning/ROS2/RustROS2/install/builtin_interfaces:/home/rsanz/git/learning/ROS2/RustROS2/install/rosidl_core_runtime:/home/rsanz/git/learning/ROS2/RustROS2/install/rosidl_core_generators:/home/rsanz/git/learning/ROS2/RustROS2/install/rosidl_generator_rs:/opt/ros/jazzy/opt/gz_math_vendor:/opt/ros/jazzy/opt/gz_utils_vendor:/opt/ros/jazzy/opt/gz_cmake_vendor:/opt/ros/jazzy DEBUGINFOD_URLS=https://debuginfod.ubuntu.com LD_LIBRARY_PATH=/home/rsanz/git/learning/ROS2/RustROS2/install/action_msgs/lib:/home/rsanz/git/learning/ROS2/RustROS2/install/service_msgs/lib:/home/rsanz/git/learning/ROS2/RustROS2/install/unique_identifier_msgs/lib:/home/rsanz/git/learning/ROS2/RustROS2/install/builtin_interfaces/lib:${LD_LIBRARY_PATH} PYTHONPATH=/home/rsanz/git/learning/ROS2/RustROS2/install/action_msgs/lib/python3.12/site-packages:/home/rsanz/git/learning/ROS2/RustROS2/install/service_msgs/lib/python3.12/site-packages:/home/rsanz/git/learning/ROS2/RustROS2/install/unique_identifier_msgs/lib/python3.12/site-packages:/home/rsanz/git/learning/ROS2/RustROS2/install/builtin_interfaces/lib/python3.12/site-packages:/home/rsanz/git/learning/ROS2/RustROS2/install/rosidl_generator_rs/lib/python3.12/site-packages:${PYTHONPATH} /usr/bin/cmake /home/rsanz/git/learning/ROS2/RustROS2/src/rcl_interfaces/rcl_interfaces -DCMAKE_INSTALL_PREFIX=/home/rsanz/git/learning/ROS2/RustROS2/install/rcl_interfaces
[17.785s] DEBUG:colcon.colcon_core.event_handler.log_command:Invoking command in '/home/rsanz/git/learning/ROS2/RustROS2/build/std_srvs': AMENT_PREFIX_PATH=/home/rsanz/git/learning/ROS2/RustROS2/install/rosidl_default_runtime:/home/rsanz/git/learning/ROS2/RustROS2/install/rosidl_default_generators:/home/rsanz/git/learning/ROS2/RustROS2/install/action_msgs:/home/rsanz/git/learning/ROS2/RustROS2/install/service_msgs:/home/rsanz/git/learning/ROS2/RustROS2/install/unique_identifier_msgs:/home/rsanz/git/learning/ROS2/RustROS2/install/builtin_interfaces:/home/rsanz/git/learning/ROS2/RustROS2/install/rosidl_core_runtime:/home/rsanz/git/learning/ROS2/RustROS2/install/rosidl_core_generators:/home/rsanz/git/learning/ROS2/RustROS2/install/rosidl_generator_rs:${AMENT_PREFIX_PATH} CMAKE_PREFIX_PATH=/home/rsanz/git/learning/ROS2/RustROS2/install/rosidl_default_runtime:/home/rsanz/git/learning/ROS2/RustROS2/install/rosidl_default_generators:/home/rsanz/git/learning/ROS2/RustROS2/install/action_msgs:/home/rsanz/git/learning/ROS2/RustROS2/install/service_msgs:/home/rsanz/git/learning/ROS2/RustROS2/install/unique_identifier_msgs:/home/rsanz/git/learning/ROS2/RustROS2/install/builtin_interfaces:/home/rsanz/git/learning/ROS2/RustROS2/install/rosidl_core_runtime:/home/rsanz/git/learning/ROS2/RustROS2/install/rosidl_core_generators:/home/rsanz/git/learning/ROS2/RustROS2/install/rosidl_generator_rs:/opt/ros/jazzy/opt/gz_math_vendor:/opt/ros/jazzy/opt/gz_utils_vendor:/opt/ros/jazzy/opt/gz_cmake_vendor:/opt/ros/jazzy DEBUGINFOD_URLS=https://debuginfod.ubuntu.com LD_LIBRARY_PATH=/home/rsanz/git/learning/ROS2/RustROS2/install/action_msgs/lib:/home/rsanz/git/learning/ROS2/RustROS2/install/service_msgs/lib:/home/rsanz/git/learning/ROS2/RustROS2/install/unique_identifier_msgs/lib:/home/rsanz/git/learning/ROS2/RustROS2/install/builtin_interfaces/lib:${LD_LIBRARY_PATH} PYTHONPATH=/home/rsanz/git/learning/ROS2/RustROS2/install/action_msgs/lib/python3.12/site-packages:/home/rsanz/git/learning/ROS2/RustROS2/install/service_msgs/lib/python3.12/site-packages:/home/rsanz/git/learning/ROS2/RustROS2/install/unique_identifier_msgs/lib/python3.12/site-packages:/home/rsanz/git/learning/ROS2/RustROS2/install/builtin_interfaces/lib/python3.12/site-packages:/home/rsanz/git/learning/ROS2/RustROS2/install/rosidl_generator_rs/lib/python3.12/site-packages:${PYTHONPATH} /usr/bin/cmake /home/rsanz/git/learning/ROS2/RustROS2/src/common_interfaces/std_srvs -DCMAKE_INSTALL_PREFIX=/home/rsanz/git/learning/ROS2/RustROS2/install/std_srvs
[17.788s] DEBUG:colcon.colcon_core.event_handler.log_command:Invoking command in '/home/rsanz/git/learning/ROS2/RustROS2/build/lifecycle_msgs': AMENT_PREFIX_PATH=/home/rsanz/git/learning/ROS2/RustROS2/install/rosidl_default_runtime:/home/rsanz/git/learning/ROS2/RustROS2/install/rosidl_default_generators:/home/rsanz/git/learning/ROS2/RustROS2/install/action_msgs:/home/rsanz/git/learning/ROS2/RustROS2/install/service_msgs:/home/rsanz/git/learning/ROS2/RustROS2/install/unique_identifier_msgs:/home/rsanz/git/learning/ROS2/RustROS2/install/builtin_interfaces:/home/rsanz/git/learning/ROS2/RustROS2/install/rosidl_core_runtime:/home/rsanz/git/learning/ROS2/RustROS2/install/rosidl_core_generators:/home/rsanz/git/learning/ROS2/RustROS2/install/rosidl_generator_rs:${AMENT_PREFIX_PATH} CMAKE_PREFIX_PATH=/home/rsanz/git/learning/ROS2/RustROS2/install/rosidl_default_runtime:/home/rsanz/git/learning/ROS2/RustROS2/install/rosidl_default_generators:/home/rsanz/git/learning/ROS2/RustROS2/install/action_msgs:/home/rsanz/git/learning/ROS2/RustROS2/install/service_msgs:/home/rsanz/git/learning/ROS2/RustROS2/install/unique_identifier_msgs:/home/rsanz/git/learning/ROS2/RustROS2/install/builtin_interfaces:/home/rsanz/git/learning/ROS2/RustROS2/install/rosidl_core_runtime:/home/rsanz/git/learning/ROS2/RustROS2/install/rosidl_core_generators:/home/rsanz/git/learning/ROS2/RustROS2/install/rosidl_generator_rs:/opt/ros/jazzy/opt/gz_math_vendor:/opt/ros/jazzy/opt/gz_utils_vendor:/opt/ros/jazzy/opt/gz_cmake_vendor:/opt/ros/jazzy DEBUGINFOD_URLS=https://debuginfod.ubuntu.com LD_LIBRARY_PATH=/home/rsanz/git/learning/ROS2/RustROS2/install/action_msgs/lib:/home/rsanz/git/learning/ROS2/RustROS2/install/service_msgs/lib:/home/rsanz/git/learning/ROS2/RustROS2/install/unique_identifier_msgs/lib:/home/rsanz/git/learning/ROS2/RustROS2/install/builtin_interfaces/lib:${LD_LIBRARY_PATH} PYTHONPATH=/home/rsanz/git/learning/ROS2/RustROS2/install/action_msgs/lib/python3.12/site-packages:/home/rsanz/git/learning/ROS2/RustROS2/install/service_msgs/lib/python3.12/site-packages:/home/rsanz/git/learning/ROS2/RustROS2/install/unique_identifier_msgs/lib/python3.12/site-packages:/home/rsanz/git/learning/ROS2/RustROS2/install/builtin_interfaces/lib/python3.12/site-packages:/home/rsanz/git/learning/ROS2/RustROS2/install/rosidl_generator_rs/lib/python3.12/site-packages:${PYTHONPATH} /usr/bin/cmake /home/rsanz/git/learning/ROS2/RustROS2/src/rcl_interfaces/lifecycle_msgs -DCMAKE_INSTALL_PREFIX=/home/rsanz/git/learning/ROS2/RustROS2/install/lifecycle_msgs
[17.790s] DEBUG:colcon.colcon_core.event_handler.log_command:Invoking command in '/home/rsanz/git/learning/ROS2/RustROS2/build/statistics_msgs': AMENT_PREFIX_PATH=/home/rsanz/git/learning/ROS2/RustROS2/install/rosidl_default_runtime:/home/rsanz/git/learning/ROS2/RustROS2/install/rosidl_default_generators:/home/rsanz/git/learning/ROS2/RustROS2/install/action_msgs:/home/rsanz/git/learning/ROS2/RustROS2/install/service_msgs:/home/rsanz/git/learning/ROS2/RustROS2/install/unique_identifier_msgs:/home/rsanz/git/learning/ROS2/RustROS2/install/builtin_interfaces:/home/rsanz/git/learning/ROS2/RustROS2/install/rosidl_core_runtime:/home/rsanz/git/learning/ROS2/RustROS2/install/rosidl_core_generators:/home/rsanz/git/learning/ROS2/RustROS2/install/rosidl_generator_rs:${AMENT_PREFIX_PATH} CMAKE_PREFIX_PATH=/home/rsanz/git/learning/ROS2/RustROS2/install/rosidl_default_runtime:/home/rsanz/git/learning/ROS2/RustROS2/install/rosidl_default_generators:/home/rsanz/git/learning/ROS2/RustROS2/install/action_msgs:/home/rsanz/git/learning/ROS2/RustROS2/install/service_msgs:/home/rsanz/git/learning/ROS2/RustROS2/install/unique_identifier_msgs:/home/rsanz/git/learning/ROS2/RustROS2/install/builtin_interfaces:/home/rsanz/git/learning/ROS2/RustROS2/install/rosidl_core_runtime:/home/rsanz/git/learning/ROS2/RustROS2/install/rosidl_core_generators:/home/rsanz/git/learning/ROS2/RustROS2/install/rosidl_generator_rs:/opt/ros/jazzy/opt/gz_math_vendor:/opt/ros/jazzy/opt/gz_utils_vendor:/opt/ros/jazzy/opt/gz_cmake_vendor:/opt/ros/jazzy DEBUGINFOD_URLS=https://debuginfod.ubuntu.com LD_LIBRARY_PATH=/home/rsanz/git/learning/ROS2/RustROS2/install/action_msgs/lib:/home/rsanz/git/learning/ROS2/RustROS2/install/service_msgs/lib:/home/rsanz/git/learning/ROS2/RustROS2/install/unique_identifier_msgs/lib:/home/rsanz/git/learning/ROS2/RustROS2/install/builtin_interfaces/lib:${LD_LIBRARY_PATH} PYTHONPATH=/home/rsanz/git/learning/ROS2/RustROS2/install/action_msgs/lib/python3.12/site-packages:/home/rsanz/git/learning/ROS2/RustROS2/install/service_msgs/lib/python3.12/site-packages:/home/rsanz/git/learning/ROS2/RustROS2/install/unique_identifier_msgs/lib/python3.12/site-packages:/home/rsanz/git/learning/ROS2/RustROS2/install/builtin_interfaces/lib/python3.12/site-packages:/home/rsanz/git/learning/ROS2/RustROS2/install/rosidl_generator_rs/lib/python3.12/site-packages:${PYTHONPATH} /usr/bin/cmake /home/rsanz/git/learning/ROS2/RustROS2/src/rcl_interfaces/statistics_msgs -DCMAKE_INSTALL_PREFIX=/home/rsanz/git/learning/ROS2/RustROS2/install/statistics_msgs
[17.792s] DEBUG:colcon.colcon_core.event_handler.log_command:Invoking command in '/home/rsanz/git/learning/ROS2/RustROS2/build/test_msgs': AMENT_PREFIX_PATH=/home/rsanz/git/learning/ROS2/RustROS2/install/rosidl_default_runtime:/home/rsanz/git/learning/ROS2/RustROS2/install/rosidl_default_generators:/home/rsanz/git/learning/ROS2/RustROS2/install/action_msgs:/home/rsanz/git/learning/ROS2/RustROS2/install/service_msgs:/home/rsanz/git/learning/ROS2/RustROS2/install/unique_identifier_msgs:/home/rsanz/git/learning/ROS2/RustROS2/install/builtin_interfaces:/home/rsanz/git/learning/ROS2/RustROS2/install/rosidl_core_runtime:/home/rsanz/git/learning/ROS2/RustROS2/install/rosidl_core_generators:/home/rsanz/git/learning/ROS2/RustROS2/install/rosidl_generator_rs:${AMENT_PREFIX_PATH} CMAKE_PREFIX_PATH=/home/rsanz/git/learning/ROS2/RustROS2/install/rosidl_default_runtime:/home/rsanz/git/learning/ROS2/RustROS2/install/rosidl_default_generators:/home/rsanz/git/learning/ROS2/RustROS2/install/action_msgs:/home/rsanz/git/learning/ROS2/RustROS2/install/service_msgs:/home/rsanz/git/learning/ROS2/RustROS2/install/unique_identifier_msgs:/home/rsanz/git/learning/ROS2/RustROS2/install/builtin_interfaces:/home/rsanz/git/learning/ROS2/RustROS2/install/rosidl_core_runtime:/home/rsanz/git/learning/ROS2/RustROS2/install/rosidl_core_generators:/home/rsanz/git/learning/ROS2/RustROS2/install/rosidl_generator_rs:/opt/ros/jazzy/opt/gz_math_vendor:/opt/ros/jazzy/opt/gz_utils_vendor:/opt/ros/jazzy/opt/gz_cmake_vendor:/opt/ros/jazzy DEBUGINFOD_URLS=https://debuginfod.ubuntu.com LD_LIBRARY_PATH=/home/rsanz/git/learning/ROS2/RustROS2/install/action_msgs/lib:/home/rsanz/git/learning/ROS2/RustROS2/install/service_msgs/lib:/home/rsanz/git/learning/ROS2/RustROS2/install/unique_identifier_msgs/lib:/home/rsanz/git/learning/ROS2/RustROS2/install/builtin_interfaces/lib:${LD_LIBRARY_PATH} PYTHONPATH=/home/rsanz/git/learning/ROS2/RustROS2/install/action_msgs/lib/python3.12/site-packages:/home/rsanz/git/learning/ROS2/RustROS2/install/service_msgs/lib/python3.12/site-packages:/home/rsanz/git/learning/ROS2/RustROS2/install/unique_identifier_msgs/lib/python3.12/site-packages:/home/rsanz/git/learning/ROS2/RustROS2/install/builtin_interfaces/lib/python3.12/site-packages:/home/rsanz/git/learning/ROS2/RustROS2/install/rosidl_generator_rs/lib/python3.12/site-packages:${PYTHONPATH} /usr/bin/cmake /home/rsanz/git/learning/ROS2/RustROS2/src/rcl_interfaces/test_msgs -DCMAKE_INSTALL_PREFIX=/home/rsanz/git/learning/ROS2/RustROS2/install/test_msgs
[18.428s] DEBUG:colcon.colcon_core.event_handler.log_command:Invoked command in '/home/rsanz/git/learning/ROS2/RustROS2/build/test_msgs' returned '1': AMENT_PREFIX_PATH=/home/rsanz/git/learning/ROS2/RustROS2/install/rosidl_default_runtime:/home/rsanz/git/learning/ROS2/RustROS2/install/rosidl_default_generators:/home/rsanz/git/learning/ROS2/RustROS2/install/action_msgs:/home/rsanz/git/learning/ROS2/RustROS2/install/service_msgs:/home/rsanz/git/learning/ROS2/RustROS2/install/unique_identifier_msgs:/home/rsanz/git/learning/ROS2/RustROS2/install/builtin_interfaces:/home/rsanz/git/learning/ROS2/RustROS2/install/rosidl_core_runtime:/home/rsanz/git/learning/ROS2/RustROS2/install/rosidl_core_generators:/home/rsanz/git/learning/ROS2/RustROS2/install/rosidl_generator_rs:${AMENT_PREFIX_PATH} CMAKE_PREFIX_PATH=/home/rsanz/git/learning/ROS2/RustROS2/install/rosidl_default_runtime:/home/rsanz/git/learning/ROS2/RustROS2/install/rosidl_default_generators:/home/rsanz/git/learning/ROS2/RustROS2/install/action_msgs:/home/rsanz/git/learning/ROS2/RustROS2/install/service_msgs:/home/rsanz/git/learning/ROS2/RustROS2/install/unique_identifier_msgs:/home/rsanz/git/learning/ROS2/RustROS2/install/builtin_interfaces:/home/rsanz/git/learning/ROS2/RustROS2/install/rosidl_core_runtime:/home/rsanz/git/learning/ROS2/RustROS2/install/rosidl_core_generators:/home/rsanz/git/learning/ROS2/RustROS2/install/rosidl_generator_rs:/opt/ros/jazzy/opt/gz_math_vendor:/opt/ros/jazzy/opt/gz_utils_vendor:/opt/ros/jazzy/opt/gz_cmake_vendor:/opt/ros/jazzy DEBUGINFOD_URLS=https://debuginfod.ubuntu.com LD_LIBRARY_PATH=/home/rsanz/git/learning/ROS2/RustROS2/install/action_msgs/lib:/home/rsanz/git/learning/ROS2/RustROS2/install/service_msgs/lib:/home/rsanz/git/learning/ROS2/RustROS2/install/unique_identifier_msgs/lib:/home/rsanz/git/learning/ROS2/RustROS2/install/builtin_interfaces/lib:${LD_LIBRARY_PATH} PYTHONPATH=/home/rsanz/git/learning/ROS2/RustROS2/install/action_msgs/lib/python3.12/site-packages:/home/rsanz/git/learning/ROS2/RustROS2/install/service_msgs/lib/python3.12/site-packages:/home/rsanz/git/learning/ROS2/RustROS2/install/unique_identifier_msgs/lib/python3.12/site-packages:/home/rsanz/git/learning/ROS2/RustROS2/install/builtin_interfaces/lib/python3.12/site-packages:/home/rsanz/git/learning/ROS2/RustROS2/install/rosidl_generator_rs/lib/python3.12/site-packages:${PYTHONPATH} /usr/bin/cmake /home/rsanz/git/learning/ROS2/RustROS2/src/rcl_interfaces/test_msgs -DCMAKE_INSTALL_PREFIX=/home/rsanz/git/learning/ROS2/RustROS2/install/test_msgs
[18.439s] Level 1:colcon.colcon_core.environment:create_environment_scripts_only(test_msgs)
[18.439s] Level 1:colcon.colcon_core.environment:checking '/home/rsanz/git/learning/ROS2/RustROS2/install/test_msgs' for CMake module files
[18.439s] Level 1:colcon.colcon_core.environment:checking '/home/rsanz/git/learning/ROS2/RustROS2/install/test_msgs' for CMake config files
[18.439s] Level 1:colcon.colcon_core.environment:checking '/home/rsanz/git/learning/ROS2/RustROS2/install/test_msgs/bin'
[18.439s] Level 1:colcon.colcon_core.environment:checking '/home/rsanz/git/learning/ROS2/RustROS2/install/test_msgs/lib/pkgconfig/test_msgs.pc'
[18.440s] Level 1:colcon.colcon_core.environment:checking '/home/rsanz/git/learning/ROS2/RustROS2/install/test_msgs/lib/python3.12/site-packages'
[18.440s] Level 1:colcon.colcon_core.environment:checking '/home/rsanz/git/learning/ROS2/RustROS2/install/test_msgs/bin'
[18.440s] INFO:colcon.colcon_core.shell:Creating package script '/home/rsanz/git/learning/ROS2/RustROS2/install/test_msgs/share/test_msgs/package.ps1'
[18.441s] INFO:colcon.colcon_core.shell:Creating package descriptor '/home/rsanz/git/learning/ROS2/RustROS2/install/test_msgs/share/test_msgs/package.dsv'
[18.441s] INFO:colcon.colcon_core.shell:Creating package script '/home/rsanz/git/learning/ROS2/RustROS2/install/test_msgs/share/test_msgs/package.sh'
[18.441s] INFO:colcon.colcon_core.shell:Creating package script '/home/rsanz/git/learning/ROS2/RustROS2/install/test_msgs/share/test_msgs/package.bash'
[18.441s] INFO:colcon.colcon_core.shell:Creating package script '/home/rsanz/git/learning/ROS2/RustROS2/install/test_msgs/share/test_msgs/package.zsh'
[18.441s] Level 1:colcon.colcon_core.environment:create_file_with_runtime_dependencies(/home/rsanz/git/learning/ROS2/RustROS2/install/test_msgs/share/colcon-core/packages/test_msgs)
[20.646s] DEBUG:colcon.colcon_parallel_executor.executor.parallel:closing loop
[20.647s] DEBUG:colcon.colcon_parallel_executor.executor.parallel:loop closed
[20.647s] DEBUG:colcon.colcon_parallel_executor.executor.parallel:run_until_complete finished with '1'
[20.647s] DEBUG:colcon.colcon_core.event_reactor:joining thread
[20.652s] INFO:colcon.colcon_core.plugin_system:Skipping extension 'colcon_notification.desktop_notification.terminal_notifier': Not used on non-Darwin systems
[20.652s] INFO:colcon.colcon_core.plugin_system:Skipping extension 'colcon_notification.desktop_notification.win32': Not used on non-Windows systems
[20.653s] INFO:colcon.colcon_notification.desktop_notification:Sending desktop notification using 'notify2'
[20.663s] DEBUG:colcon.colcon_core.event_reactor:joined thread
[20.663s] INFO:colcon.colcon_core.shell:Creating prefix script '/home/rsanz/git/learning/ROS2/RustROS2/install/local_setup.ps1'
[20.664s] INFO:colcon.colcon_core.shell:Creating prefix util module '/home/rsanz/git/learning/ROS2/RustROS2/install/_local_setup_util_ps1.py'
[20.665s] INFO:colcon.colcon_core.shell:Creating prefix chain script '/home/rsanz/git/learning/ROS2/RustROS2/install/setup.ps1'
[20.665s] INFO:colcon.colcon_core.shell:Creating prefix script '/home/rsanz/git/learning/ROS2/RustROS2/install/local_setup.sh'
[20.666s] INFO:colcon.colcon_core.shell:Creating prefix util module '/home/rsanz/git/learning/ROS2/RustROS2/install/_local_setup_util_sh.py'
[20.666s] INFO:colcon.colcon_core.shell:Creating prefix chain script '/home/rsanz/git/learning/ROS2/RustROS2/install/setup.sh'
[20.667s] INFO:colcon.colcon_core.shell:Creating prefix script '/home/rsanz/git/learning/ROS2/RustROS2/install/local_setup.bash'
[20.667s] INFO:colcon.colcon_core.shell:Creating prefix chain script '/home/rsanz/git/learning/ROS2/RustROS2/install/setup.bash'
[20.668s] INFO:colcon.colcon_core.shell:Creating prefix script '/home/rsanz/git/learning/ROS2/RustROS2/install/local_setup.zsh'
[20.668s] INFO:colcon.colcon_core.shell:Creating prefix chain script '/home/rsanz/git/learning/ROS2/RustROS2/install/setup.zsh'
