[0.020s] Invoking command in '/home/rsanz/git/learning/ros2/tutorials/RustROS2/src/build/std_msgs': AMENT_PREFIX_PATH=/home/rsanz/git/learning/ros2/tutorials/RustROS2/src/install/rosidl_default_runtime:/home/rsanz/git/learning/ros2/tutorials/RustROS2/src/install/rosidl_default_generators:/home/rsanz/git/learning/ros2/tutorials/RustROS2/src/install/action_msgs:/home/rsanz/git/learning/ros2/tutorials/RustROS2/src/install/service_msgs:/home/rsanz/git/learning/ros2/tutorials/RustROS2/src/install/unique_identifier_msgs:/home/rsanz/git/learning/ros2/tutorials/RustROS2/src/install/builtin_interfaces:/home/rsanz/git/learning/ros2/tutorials/RustROS2/src/install/rosidl_core_runtime:/home/rsanz/git/learning/ros2/tutorials/RustROS2/src/install/rosidl_core_generators:/home/rsanz/git/learning/ros2/tutorials/RustROS2/src/install/rosidl_generator_rs:${AMENT_PREFIX_PATH} CMAKE_PREFIX_PATH=/home/rsanz/git/learning/ros2/tutorials/RustROS2/src/install/rosidl_default_runtime:/home/rsanz/git/learning/ros2/tutorials/RustROS2/src/install/rosidl_default_generators:/home/rsanz/git/learning/ros2/tutorials/RustROS2/src/install/action_msgs:/home/rsanz/git/learning/ros2/tutorials/RustROS2/src/install/service_msgs:/home/rsanz/git/learning/ros2/tutorials/RustROS2/src/install/unique_identifier_msgs:/home/rsanz/git/learning/ros2/tutorials/RustROS2/src/install/builtin_interfaces:/home/rsanz/git/learning/ros2/tutorials/RustROS2/src/install/rosidl_core_runtime:/home/rsanz/git/learning/ros2/tutorials/RustROS2/src/install/rosidl_core_generators:/home/rsanz/git/learning/ros2/tutorials/RustROS2/src/install/rosidl_generator_rs:/opt/ros/jazzy/opt/gz_math_vendor:/opt/ros/jazzy/opt/gz_utils_vendor:/opt/ros/jazzy/opt/gz_cmake_vendor:/opt/ros/jazzy DEBUGINFOD_URLS=https://debuginfod.ubuntu.com LD_LIBRARY_PATH=/home/rsanz/git/learning/ros2/tutorials/RustROS2/src/install/action_msgs/lib:/home/rsanz/git/learning/ros2/tutorials/RustROS2/src/install/service_msgs/lib:/home/rsanz/git/learning/ros2/tutorials/RustROS2/src/install/unique_identifier_msgs/lib:/home/rsanz/git/learning/ros2/tutorials/RustROS2/src/install/builtin_interfaces/lib:${LD_LIBRARY_PATH} PYTHONPATH=/home/rsanz/git/learning/ros2/tutorials/RustROS2/src/install/action_msgs/lib/python3.12/site-packages:/home/rsanz/git/learning/ros2/tutorials/RustROS2/src/install/service_msgs/lib/python3.12/site-packages:/home/rsanz/git/learning/ros2/tutorials/RustROS2/src/install/unique_identifier_msgs/lib/python3.12/site-packages:/home/rsanz/git/learning/ros2/tutorials/RustROS2/src/install/builtin_interfaces/lib/python3.12/site-packages:/home/rsanz/git/learning/ros2/tutorials/RustROS2/src/install/rosidl_generator_rs/lib/python3.12/site-packages:${PYTHONPATH} /usr/bin/cmake /home/rsanz/git/learning/ros2/tutorials/RustROS2/src/common_interfaces/std_msgs -DCMAKE_INSTALL_PREFIX=/home/rsanz/git/learning/ros2/tutorials/RustROS2/src/install/std_msgs
[0.065s] -- The C compiler identification is GNU 13.3.0
[0.109s] -- The CXX compiler identification is GNU 13.3.0
[0.124s] -- Detecting C compiler ABI info
[0.198s] -- Detecting C compiler ABI info - done
[0.205s] -- Check for working C compiler: /usr/bin/cc - skipped
[0.205s] -- Detecting C compile features
[0.205s] -- Detecting C compile features - done
[0.213s] -- Detecting CXX compiler ABI info
[0.292s] -- Detecting CXX compiler ABI info - done
[0.299s] -- Check for working CXX compiler: /usr/bin/c++ - skipped
[0.299s] -- Detecting CXX compile features
[0.299s] -- Detecting CXX compile features - done
[0.302s] -- Found ament_cmake: 2.5.6 (/opt/ros/jazzy/share/ament_cmake/cmake)
[0.428s] -- Found Python3: /usr/bin/python3 (found version "3.12.3") found components: Interpreter 
[0.518s] -- Found builtin_interfaces: 2.0.3 (/home/rsanz/git/learning/ros2/tutorials/RustROS2/src/install/builtin_interfaces/share/builtin_interfaces/cmake)
[0.556s] -- Found rosidl_generator_c: 4.6.7 (/opt/ros/jazzy/share/rosidl_generator_c/cmake)
[0.569s] -- Found rosidl_generator_cpp: 4.6.7 (/opt/ros/jazzy/share/rosidl_generator_cpp/cmake)
[0.583s] -- Using all available rosidl_typesupport_c: rosidl_typesupport_fastrtps_c;rosidl_typesupport_introspection_c
[0.598s] -- Using all available rosidl_typesupport_cpp: rosidl_typesupport_fastrtps_cpp;rosidl_typesupport_introspection_cpp
[0.611s] -- Found rosidl_default_generators: 1.6.0 (/home/rsanz/git/learning/ros2/tutorials/RustROS2/src/install/rosidl_default_generators/share/rosidl_default_generators/cmake)
[0.628s] -- Found rosidl_adapter: 4.6.7 (/opt/ros/jazzy/share/rosidl_adapter/cmake)
[1.171s] -- Found ament_cmake_cppcheck: 0.17.5 (/opt/ros/jazzy/share/ament_cmake_cppcheck/cmake)
[1.173s] -- Found ament_cmake_cpplint: 0.17.5 (/opt/ros/jazzy/share/ament_cmake_cpplint/cmake)
[1.176s] -- Found ament_cmake_uncrustify: 0.17.5 (/opt/ros/jazzy/share/ament_cmake_uncrustify/cmake)
[1.179s] -- Found ament_cmake_ros: 0.12.0 (/opt/ros/jazzy/share/ament_cmake_ros/cmake)
[1.772s] -- Using all available rosidl_typesupport_c: rosidl_typesupport_fastrtps_c;rosidl_typesupport_introspection_c
[2.002s] -- Using all available rosidl_typesupport_cpp: rosidl_typesupport_fastrtps_cpp;rosidl_typesupport_introspection_cpp
[2.120s] -- Found python_cmake_module: 0.11.1 (/opt/ros/jazzy/share/python_cmake_module/cmake)
[2.232s] -- Found PythonExtra: /usr/bin/python3  
[2.573s] -- Found Python3: /usr/bin/python3 (found version "3.12.3") found components: Interpreter Development NumPy Development.Module Development.Embed 
[2.608s] -- Found ament_cmake_flake8: 0.17.5 (/opt/ros/jazzy/share/ament_cmake_flake8/cmake)
[2.611s] -- Found ament_cmake_pep257: 0.17.5 (/opt/ros/jazzy/share/ament_cmake_pep257/cmake)
[2.619s] -- Configuring done (2.6s)
[2.688s] -- Generating done (0.1s)
[2.699s] -- Build files have been written to: /home/rsanz/git/learning/ros2/tutorials/RustROS2/src/build/std_msgs
[2.710s] Invoked command in '/home/rsanz/git/learning/ros2/tutorials/RustROS2/src/build/std_msgs' returned '0': AMENT_PREFIX_PATH=/home/rsanz/git/learning/ros2/tutorials/RustROS2/src/install/rosidl_default_runtime:/home/rsanz/git/learning/ros2/tutorials/RustROS2/src/install/rosidl_default_generators:/home/rsanz/git/learning/ros2/tutorials/RustROS2/src/install/action_msgs:/home/rsanz/git/learning/ros2/tutorials/RustROS2/src/install/service_msgs:/home/rsanz/git/learning/ros2/tutorials/RustROS2/src/install/unique_identifier_msgs:/home/rsanz/git/learning/ros2/tutorials/RustROS2/src/install/builtin_interfaces:/home/rsanz/git/learning/ros2/tutorials/RustROS2/src/install/rosidl_core_runtime:/home/rsanz/git/learning/ros2/tutorials/RustROS2/src/install/rosidl_core_generators:/home/rsanz/git/learning/ros2/tutorials/RustROS2/src/install/rosidl_generator_rs:${AMENT_PREFIX_PATH} CMAKE_PREFIX_PATH=/home/rsanz/git/learning/ros2/tutorials/RustROS2/src/install/rosidl_default_runtime:/home/rsanz/git/learning/ros2/tutorials/RustROS2/src/install/rosidl_default_generators:/home/rsanz/git/learning/ros2/tutorials/RustROS2/src/install/action_msgs:/home/rsanz/git/learning/ros2/tutorials/RustROS2/src/install/service_msgs:/home/rsanz/git/learning/ros2/tutorials/RustROS2/src/install/unique_identifier_msgs:/home/rsanz/git/learning/ros2/tutorials/RustROS2/src/install/builtin_interfaces:/home/rsanz/git/learning/ros2/tutorials/RustROS2/src/install/rosidl_core_runtime:/home/rsanz/git/learning/ros2/tutorials/RustROS2/src/install/rosidl_core_generators:/home/rsanz/git/learning/ros2/tutorials/RustROS2/src/install/rosidl_generator_rs:/opt/ros/jazzy/opt/gz_math_vendor:/opt/ros/jazzy/opt/gz_utils_vendor:/opt/ros/jazzy/opt/gz_cmake_vendor:/opt/ros/jazzy DEBUGINFOD_URLS=https://debuginfod.ubuntu.com LD_LIBRARY_PATH=/home/rsanz/git/learning/ros2/tutorials/RustROS2/src/install/action_msgs/lib:/home/rsanz/git/learning/ros2/tutorials/RustROS2/src/install/service_msgs/lib:/home/rsanz/git/learning/ros2/tutorials/RustROS2/src/install/unique_identifier_msgs/lib:/home/rsanz/git/learning/ros2/tutorials/RustROS2/src/install/builtin_interfaces/lib:${LD_LIBRARY_PATH} PYTHONPATH=/home/rsanz/git/learning/ros2/tutorials/RustROS2/src/install/action_msgs/lib/python3.12/site-packages:/home/rsanz/git/learning/ros2/tutorials/RustROS2/src/install/service_msgs/lib/python3.12/site-packages:/home/rsanz/git/learning/ros2/tutorials/RustROS2/src/install/unique_identifier_msgs/lib/python3.12/site-packages:/home/rsanz/git/learning/ros2/tutorials/RustROS2/src/install/builtin_interfaces/lib/python3.12/site-packages:/home/rsanz/git/learning/ros2/tutorials/RustROS2/src/install/rosidl_generator_rs/lib/python3.12/site-packages:${PYTHONPATH} /usr/bin/cmake /home/rsanz/git/learning/ros2/tutorials/RustROS2/src/common_interfaces/std_msgs -DCMAKE_INSTALL_PREFIX=/home/rsanz/git/learning/ros2/tutorials/RustROS2/src/install/std_msgs
[2.710s] Invoking command in '/home/rsanz/git/learning/ros2/tutorials/RustROS2/src/build/std_msgs': AMENT_PREFIX_PATH=/home/rsanz/git/learning/ros2/tutorials/RustROS2/src/install/rosidl_default_runtime:/home/rsanz/git/learning/ros2/tutorials/RustROS2/src/install/rosidl_default_generators:/home/rsanz/git/learning/ros2/tutorials/RustROS2/src/install/action_msgs:/home/rsanz/git/learning/ros2/tutorials/RustROS2/src/install/service_msgs:/home/rsanz/git/learning/ros2/tutorials/RustROS2/src/install/unique_identifier_msgs:/home/rsanz/git/learning/ros2/tutorials/RustROS2/src/install/builtin_interfaces:/home/rsanz/git/learning/ros2/tutorials/RustROS2/src/install/rosidl_core_runtime:/home/rsanz/git/learning/ros2/tutorials/RustROS2/src/install/rosidl_core_generators:/home/rsanz/git/learning/ros2/tutorials/RustROS2/src/install/rosidl_generator_rs:${AMENT_PREFIX_PATH} CMAKE_PREFIX_PATH=/home/rsanz/git/learning/ros2/tutorials/RustROS2/src/install/rosidl_default_runtime:/home/rsanz/git/learning/ros2/tutorials/RustROS2/src/install/rosidl_default_generators:/home/rsanz/git/learning/ros2/tutorials/RustROS2/src/install/action_msgs:/home/rsanz/git/learning/ros2/tutorials/RustROS2/src/install/service_msgs:/home/rsanz/git/learning/ros2/tutorials/RustROS2/src/install/unique_identifier_msgs:/home/rsanz/git/learning/ros2/tutorials/RustROS2/src/install/builtin_interfaces:/home/rsanz/git/learning/ros2/tutorials/RustROS2/src/install/rosidl_core_runtime:/home/rsanz/git/learning/ros2/tutorials/RustROS2/src/install/rosidl_core_generators:/home/rsanz/git/learning/ros2/tutorials/RustROS2/src/install/rosidl_generator_rs:/opt/ros/jazzy/opt/gz_math_vendor:/opt/ros/jazzy/opt/gz_utils_vendor:/opt/ros/jazzy/opt/gz_cmake_vendor:/opt/ros/jazzy DEBUGINFOD_URLS=https://debuginfod.ubuntu.com LD_LIBRARY_PATH=/home/rsanz/git/learning/ros2/tutorials/RustROS2/src/install/action_msgs/lib:/home/rsanz/git/learning/ros2/tutorials/RustROS2/src/install/service_msgs/lib:/home/rsanz/git/learning/ros2/tutorials/RustROS2/src/install/unique_identifier_msgs/lib:/home/rsanz/git/learning/ros2/tutorials/RustROS2/src/install/builtin_interfaces/lib:${LD_LIBRARY_PATH} PYTHONPATH=/home/rsanz/git/learning/ros2/tutorials/RustROS2/src/install/action_msgs/lib/python3.12/site-packages:/home/rsanz/git/learning/ros2/tutorials/RustROS2/src/install/service_msgs/lib/python3.12/site-packages:/home/rsanz/git/learning/ros2/tutorials/RustROS2/src/install/unique_identifier_msgs/lib/python3.12/site-packages:/home/rsanz/git/learning/ros2/tutorials/RustROS2/src/install/builtin_interfaces/lib/python3.12/site-packages:/home/rsanz/git/learning/ros2/tutorials/RustROS2/src/install/rosidl_generator_rs/lib/python3.12/site-packages:${PYTHONPATH} /usr/bin/cmake --build /home/rsanz/git/learning/ros2/tutorials/RustROS2/src/build/std_msgs -- -j24 -l24
[2.766s] [  1%] [34m[1mGenerating Rust code for ROS interfaces[0m
[2.767s] [  1%] [34m[1mGenerating type hashes for ROS interfaces[0m
[2.773s] [  1%] Built target ament_cmake_python_copy_std_msgs
[2.963s] running egg_info
[2.964s] creating std_msgs.egg-info
[2.985s] writing std_msgs.egg-info/PKG-INFO
[2.985s] writing dependency_links to std_msgs.egg-info/dependency_links.txt
[2.985s] writing top-level names to std_msgs.egg-info/top_level.txt
[2.985s] writing manifest file 'std_msgs.egg-info/SOURCES.txt'
[3.047s] reading manifest file 'std_msgs.egg-info/SOURCES.txt'
[3.048s] writing manifest file 'std_msgs.egg-info/SOURCES.txt'
[3.071s] [  1%] Built target ament_cmake_python_build_std_msgs_egg
[3.418s] [  1%] Built target std_msgs__rosidl_generator_type_description
[3.429s] [  1%] [34m[1mGenerating C code for ROS interfaces[0m
[3.440s] [  1%] [34m[1mGenerating C++ code for ROS interfaces[0m
[3.445s] [  1%] Built target std_msgs__rs
[4.616s] [  1%] Built target std_msgs__cpp
[4.973s] [  2%] [32mBuilding C object CMakeFiles/std_msgs__rosidl_generator_c.dir/rosidl_generator_c/std_msgs/msg/detail/bool__description.c.o[0m
[4.973s] [  2%] [32mBuilding C object CMakeFiles/std_msgs__rosidl_generator_c.dir/rosidl_generator_c/std_msgs/msg/detail/bool__type_support.c.o[0m
[4.973s] [  2%] [32mBuilding C object CMakeFiles/std_msgs__rosidl_generator_c.dir/rosidl_generator_c/std_msgs/msg/detail/byte__functions.c.o[0m
[4.973s] [  2%] [32mBuilding C object CMakeFiles/std_msgs__rosidl_generator_c.dir/rosidl_generator_c/std_msgs/msg/detail/bool__functions.c.o[0m
[4.973s] [  4%] [32mBuilding C object CMakeFiles/std_msgs__rosidl_generator_c.dir/rosidl_generator_c/std_msgs/msg/detail/byte_multi_array__description.c.o[0m
[4.973s] [  4%] [32mBuilding C object CMakeFiles/std_msgs__rosidl_generator_c.dir/rosidl_generator_c/std_msgs/msg/detail/byte_multi_array__type_support.c.o[0m
[4.973s] [  4%] [32mBuilding C object CMakeFiles/std_msgs__rosidl_generator_c.dir/rosidl_generator_c/std_msgs/msg/detail/byte_multi_array__functions.c.o[0m
[4.974s] [  4%] [32mBuilding C object CMakeFiles/std_msgs__rosidl_generator_c.dir/rosidl_generator_c/std_msgs/msg/detail/byte__type_support.c.o[0m
[4.974s] [  4%] [32mBuilding C object CMakeFiles/std_msgs__rosidl_generator_c.dir/rosidl_generator_c/std_msgs/msg/detail/byte__description.c.o[0m
[4.974s] [  4%] [32mBuilding C object CMakeFiles/std_msgs__rosidl_generator_c.dir/rosidl_generator_c/std_msgs/msg/detail/char__functions.c.o[0m
[4.974s] [  5%] [32mBuilding C object CMakeFiles/std_msgs__rosidl_generator_c.dir/rosidl_generator_c/std_msgs/msg/detail/color_rgba__type_support.c.o[0m
[4.975s] [  5%] [32mBuilding C object CMakeFiles/std_msgs__rosidl_generator_c.dir/rosidl_generator_c/std_msgs/msg/detail/char__description.c.o[0m
[4.975s] [  5%] [32mBuilding C object CMakeFiles/std_msgs__rosidl_generator_c.dir/rosidl_generator_c/std_msgs/msg/detail/char__type_support.c.o[0m
[4.975s] [  6%] [32mBuilding C object CMakeFiles/std_msgs__rosidl_generator_c.dir/rosidl_generator_c/std_msgs/msg/detail/color_rgba__description.c.o[0m
[4.975s] [  6%] [32mBuilding C object CMakeFiles/std_msgs__rosidl_generator_c.dir/rosidl_generator_c/std_msgs/msg/detail/color_rgba__functions.c.o[0m
[4.975s] [  6%] [32mBuilding C object CMakeFiles/std_msgs__rosidl_generator_c.dir/rosidl_generator_c/std_msgs/msg/detail/empty__description.c.o[0m
[4.975s] [  6%] [32mBuilding C object CMakeFiles/std_msgs__rosidl_generator_c.dir/rosidl_generator_c/std_msgs/msg/detail/empty__type_support.c.o[0m
[4.976s] [  8%] [32mBuilding C object CMakeFiles/std_msgs__rosidl_generator_c.dir/rosidl_generator_c/std_msgs/msg/detail/float32__functions.c.o[0m
[4.976s] [  8%] [32mBuilding C object CMakeFiles/std_msgs__rosidl_generator_c.dir/rosidl_generator_c/std_msgs/msg/detail/empty__functions.c.o[0m
[4.976s] [  8%] [32mBuilding C object CMakeFiles/std_msgs__rosidl_generator_c.dir/rosidl_generator_c/std_msgs/msg/detail/float32__description.c.o[0m
[4.976s] [  8%] [32mBuilding C object CMakeFiles/std_msgs__rosidl_generator_c.dir/rosidl_generator_c/std_msgs/msg/detail/float32__type_support.c.o[0m
[4.976s] [  8%] [32mBuilding C object CMakeFiles/std_msgs__rosidl_generator_c.dir/rosidl_generator_c/std_msgs/msg/detail/float32_multi_array__description.c.o[0m
[4.977s] [  9%] [32mBuilding C object CMakeFiles/std_msgs__rosidl_generator_c.dir/rosidl_generator_c/std_msgs/msg/detail/float32_multi_array__functions.c.o[0m
[4.977s] [  9%] [32mBuilding C object CMakeFiles/std_msgs__rosidl_generator_c.dir/rosidl_generator_c/std_msgs/msg/detail/float32_multi_array__type_support.c.o[0m
[5.013s] [  9%] [32mBuilding C object CMakeFiles/std_msgs__rosidl_generator_c.dir/rosidl_generator_c/std_msgs/msg/detail/float64__description.c.o[0m
[5.014s] [ 10%] [32mBuilding C object CMakeFiles/std_msgs__rosidl_generator_c.dir/rosidl_generator_c/std_msgs/msg/detail/float64__type_support.c.o[0m
[5.014s] [ 10%] [32mBuilding C object CMakeFiles/std_msgs__rosidl_generator_c.dir/rosidl_generator_c/std_msgs/msg/detail/header__description.c.o[0m
[5.014s] [ 10%] [32mBuilding C object CMakeFiles/std_msgs__rosidl_generator_c.dir/rosidl_generator_c/std_msgs/msg/detail/header__functions.c.o[0m
[5.014s] [ 10%] [32mBuilding C object CMakeFiles/std_msgs__rosidl_generator_c.dir/rosidl_generator_c/std_msgs/msg/detail/float64_multi_array__description.c.o[0m
[5.014s] [ 10%] [32mBuilding C object CMakeFiles/std_msgs__rosidl_generator_c.dir/rosidl_generator_c/std_msgs/msg/detail/float64__functions.c.o[0m
[5.015s] [ 11%] [32mBuilding C object CMakeFiles/std_msgs__rosidl_generator_c.dir/rosidl_generator_c/std_msgs/msg/detail/float64_multi_array__type_support.c.o[0m
[5.015s] [ 11%] [32mBuilding C object CMakeFiles/std_msgs__rosidl_generator_c.dir/rosidl_generator_c/std_msgs/msg/detail/float64_multi_array__functions.c.o[0m
[5.020s] [ 12%] [32mBuilding C object CMakeFiles/std_msgs__rosidl_generator_c.dir/rosidl_generator_c/std_msgs/msg/detail/header__type_support.c.o[0m
[5.021s] [ 13%] [32mBuilding C object CMakeFiles/std_msgs__rosidl_generator_c.dir/rosidl_generator_c/std_msgs/msg/detail/int16__functions.c.o[0m
[5.021s] [ 13%] [32mBuilding C object CMakeFiles/std_msgs__rosidl_generator_c.dir/rosidl_generator_c/std_msgs/msg/detail/int16__description.c.o[0m
[5.021s] [ 13%] [32mBuilding C object CMakeFiles/std_msgs__rosidl_generator_c.dir/rosidl_generator_c/std_msgs/msg/detail/int16__type_support.c.o[0m
[5.021s] [ 13%] [32mBuilding C object CMakeFiles/std_msgs__rosidl_generator_c.dir/rosidl_generator_c/std_msgs/msg/detail/int16_multi_array__description.c.o[0m
[5.021s] [ 13%] [32mBuilding C object CMakeFiles/std_msgs__rosidl_generator_c.dir/rosidl_generator_c/std_msgs/msg/detail/int16_multi_array__functions.c.o[0m
[5.022s] [ 14%] [32mBuilding C object CMakeFiles/std_msgs__rosidl_generator_c.dir/rosidl_generator_c/std_msgs/msg/detail/int16_multi_array__type_support.c.o[0m
[5.023s] [ 14%] [32mBuilding C object CMakeFiles/std_msgs__rosidl_generator_c.dir/rosidl_generator_c/std_msgs/msg/detail/int32__description.c.o[0m
[5.026s] [ 14%] [32mBuilding C object CMakeFiles/std_msgs__rosidl_generator_c.dir/rosidl_generator_c/std_msgs/msg/detail/int32__functions.c.o[0m
[5.028s] [ 14%] [32mBuilding C object CMakeFiles/std_msgs__rosidl_generator_c.dir/rosidl_generator_c/std_msgs/msg/detail/int32__type_support.c.o[0m
[5.029s] [ 15%] [32mBuilding C object CMakeFiles/std_msgs__rosidl_generator_c.dir/rosidl_generator_c/std_msgs/msg/detail/int32_multi_array__description.c.o[0m
[5.029s] [ 15%] [32mBuilding C object CMakeFiles/std_msgs__rosidl_generator_c.dir/rosidl_generator_c/std_msgs/msg/detail/int32_multi_array__functions.c.o[0m
[5.030s] [ 15%] [32mBuilding C object CMakeFiles/std_msgs__rosidl_generator_c.dir/rosidl_generator_c/std_msgs/msg/detail/int32_multi_array__type_support.c.o[0m
[5.031s] [ 16%] [32mBuilding C object CMakeFiles/std_msgs__rosidl_generator_c.dir/rosidl_generator_c/std_msgs/msg/detail/int64__description.c.o[0m
[5.032s] [ 16%] [32mBuilding C object CMakeFiles/std_msgs__rosidl_generator_c.dir/rosidl_generator_c/std_msgs/msg/detail/int64__functions.c.o[0m
[5.035s] [ 16%] [32mBuilding C object CMakeFiles/std_msgs__rosidl_generator_c.dir/rosidl_generator_c/std_msgs/msg/detail/int64__type_support.c.o[0m
[5.052s] [ 17%] [32mBuilding C object CMakeFiles/std_msgs__rosidl_generator_c.dir/rosidl_generator_c/std_msgs/msg/detail/int64_multi_array__functions.c.o[0m
[5.052s] [ 17%] [32mBuilding C object CMakeFiles/std_msgs__rosidl_generator_c.dir/rosidl_generator_c/std_msgs/msg/detail/int64_multi_array__description.c.o[0m
[5.053s] [ 17%] [32mBuilding C object CMakeFiles/std_msgs__rosidl_generator_c.dir/rosidl_generator_c/std_msgs/msg/detail/int64_multi_array__type_support.c.o[0m
[5.054s] [ 17%] [32mBuilding C object CMakeFiles/std_msgs__rosidl_generator_c.dir/rosidl_generator_c/std_msgs/msg/detail/int8__description.c.o[0m
[5.057s] [ 17%] [32mBuilding C object CMakeFiles/std_msgs__rosidl_generator_c.dir/rosidl_generator_c/std_msgs/msg/detail/int8__type_support.c.o[0m
[5.057s] [ 17%] [32mBuilding C object CMakeFiles/std_msgs__rosidl_generator_c.dir/rosidl_generator_c/std_msgs/msg/detail/int8_multi_array__description.c.o[0m
[5.057s] [ 18%] [32mBuilding C object CMakeFiles/std_msgs__rosidl_generator_c.dir/rosidl_generator_c/std_msgs/msg/detail/int8__functions.c.o[0m
[5.058s] [ 19%] [32mBuilding C object CMakeFiles/std_msgs__rosidl_generator_c.dir/rosidl_generator_c/std_msgs/msg/detail/int8_multi_array__functions.c.o[0m
[5.066s] [ 19%] [32mBuilding C object CMakeFiles/std_msgs__rosidl_generator_c.dir/rosidl_generator_c/std_msgs/msg/detail/int8_multi_array__type_support.c.o[0m
[5.067s] [ 19%] [32mBuilding C object CMakeFiles/std_msgs__rosidl_generator_c.dir/rosidl_generator_c/std_msgs/msg/detail/multi_array_layout__description.c.o[0m
[5.067s] [ 19%] [32mBuilding C object CMakeFiles/std_msgs__rosidl_generator_c.dir/rosidl_generator_c/std_msgs/msg/detail/multi_array_dimension__type_support.c.o[0m
[5.067s] [ 20%] [32mBuilding C object CMakeFiles/std_msgs__rosidl_generator_c.dir/rosidl_generator_c/std_msgs/msg/detail/multi_array_dimension__functions.c.o[0m
[5.068s] [ 21%] [32mBuilding C object CMakeFiles/std_msgs__rosidl_generator_c.dir/rosidl_generator_c/std_msgs/msg/detail/multi_array_layout__functions.c.o[0m
[5.068s] [ 21%] [32mBuilding C object CMakeFiles/std_msgs__rosidl_generator_c.dir/rosidl_generator_c/std_msgs/msg/detail/multi_array_dimension__description.c.o[0m
[5.071s] [ 21%] [32mBuilding C object CMakeFiles/std_msgs__rosidl_generator_c.dir/rosidl_generator_c/std_msgs/msg/detail/multi_array_layout__type_support.c.o[0m
[5.071s] [ 21%] [32mBuilding C object CMakeFiles/std_msgs__rosidl_generator_c.dir/rosidl_generator_c/std_msgs/msg/detail/string__description.c.o[0m
[5.075s] [ 21%] [32mBuilding C object CMakeFiles/std_msgs__rosidl_generator_c.dir/rosidl_generator_c/std_msgs/msg/detail/string__functions.c.o[0m
[5.075s] [ 22%] [32mBuilding C object CMakeFiles/std_msgs__rosidl_generator_c.dir/rosidl_generator_c/std_msgs/msg/detail/string__type_support.c.o[0m
[5.076s] [ 22%] [32mBuilding C object CMakeFiles/std_msgs__rosidl_generator_c.dir/rosidl_generator_c/std_msgs/msg/detail/u_int16__description.c.o[0m
[5.076s] [ 22%] [32mBuilding C object CMakeFiles/std_msgs__rosidl_generator_c.dir/rosidl_generator_c/std_msgs/msg/detail/u_int16__functions.c.o[0m
[5.078s] [ 23%] [32mBuilding C object CMakeFiles/std_msgs__rosidl_generator_c.dir/rosidl_generator_c/std_msgs/msg/detail/u_int16__type_support.c.o[0m
[5.078s] [ 23%] [32mBuilding C object CMakeFiles/std_msgs__rosidl_generator_c.dir/rosidl_generator_c/std_msgs/msg/detail/u_int16_multi_array__description.c.o[0m
[5.087s] [ 24%] [32mBuilding C object CMakeFiles/std_msgs__rosidl_generator_c.dir/rosidl_generator_c/std_msgs/msg/detail/u_int16_multi_array__functions.c.o[0m
[5.088s] [ 24%] [32mBuilding C object CMakeFiles/std_msgs__rosidl_generator_c.dir/rosidl_generator_c/std_msgs/msg/detail/u_int16_multi_array__type_support.c.o[0m
[5.092s] [ 24%] [32mBuilding C object CMakeFiles/std_msgs__rosidl_generator_c.dir/rosidl_generator_c/std_msgs/msg/detail/u_int32__description.c.o[0m
[5.093s] [ 24%] [32mBuilding C object CMakeFiles/std_msgs__rosidl_generator_c.dir/rosidl_generator_c/std_msgs/msg/detail/u_int32__functions.c.o[0m
[5.100s] [ 25%] [32mBuilding C object CMakeFiles/std_msgs__rosidl_generator_c.dir/rosidl_generator_c/std_msgs/msg/detail/u_int32_multi_array__description.c.o[0m
[5.100s] [ 25%] [32mBuilding C object CMakeFiles/std_msgs__rosidl_generator_c.dir/rosidl_generator_c/std_msgs/msg/detail/u_int32__type_support.c.o[0m
[5.107s] [ 25%] [32mBuilding C object CMakeFiles/std_msgs__rosidl_generator_c.dir/rosidl_generator_c/std_msgs/msg/detail/u_int32_multi_array__functions.c.o[0m
[5.107s] [ 25%] [32mBuilding C object CMakeFiles/std_msgs__rosidl_generator_c.dir/rosidl_generator_c/std_msgs/msg/detail/u_int32_multi_array__type_support.c.o[0m
[5.108s] [ 25%] [32mBuilding C object CMakeFiles/std_msgs__rosidl_generator_c.dir/rosidl_generator_c/std_msgs/msg/detail/u_int64__functions.c.o[0m
[5.108s] [ 26%] [32mBuilding C object CMakeFiles/std_msgs__rosidl_generator_c.dir/rosidl_generator_c/std_msgs/msg/detail/u_int64__description.c.o[0m
[5.109s] [ 27%] [32mBuilding C object CMakeFiles/std_msgs__rosidl_generator_c.dir/rosidl_generator_c/std_msgs/msg/detail/u_int64__type_support.c.o[0m
[5.109s] [ 27%] [32mBuilding C object CMakeFiles/std_msgs__rosidl_generator_c.dir/rosidl_generator_c/std_msgs/msg/detail/u_int64_multi_array__description.c.o[0m
[5.111s] [ 27%] [32mBuilding C object CMakeFiles/std_msgs__rosidl_generator_c.dir/rosidl_generator_c/std_msgs/msg/detail/u_int64_multi_array__functions.c.o[0m
[5.113s] [ 27%] [32mBuilding C object CMakeFiles/std_msgs__rosidl_generator_c.dir/rosidl_generator_c/std_msgs/msg/detail/u_int64_multi_array__type_support.c.o[0m
[5.113s] [ 28%] [32mBuilding C object CMakeFiles/std_msgs__rosidl_generator_c.dir/rosidl_generator_c/std_msgs/msg/detail/u_int8__description.c.o[0m
[5.115s] [ 28%] [32mBuilding C object CMakeFiles/std_msgs__rosidl_generator_c.dir/rosidl_generator_c/std_msgs/msg/detail/u_int8__type_support.c.o[0m
[5.115s] [ 29%] [32mBuilding C object CMakeFiles/std_msgs__rosidl_generator_c.dir/rosidl_generator_c/std_msgs/msg/detail/u_int8__functions.c.o[0m
[5.115s] [ 29%] [32mBuilding C object CMakeFiles/std_msgs__rosidl_generator_c.dir/rosidl_generator_c/std_msgs/msg/detail/u_int8_multi_array__description.c.o[0m
[5.119s] [ 29%] [32mBuilding C object CMakeFiles/std_msgs__rosidl_generator_c.dir/rosidl_generator_c/std_msgs/msg/detail/u_int8_multi_array__functions.c.o[0m
[5.121s] [ 29%] [32mBuilding C object CMakeFiles/std_msgs__rosidl_generator_c.dir/rosidl_generator_c/std_msgs/msg/detail/u_int8_multi_array__type_support.c.o[0m
[5.161s] [ 29%] [32m[1mLinking C shared library libstd_msgs__rosidl_generator_c.so[0m
[5.203s] [ 29%] Built target std_msgs__rosidl_generator_c
[5.213s] [ 29%] [34m[1mGenerating C introspection for ROS interfaces[0m
[5.213s] [ 29%] [34m[1mGenerating C++ type support for eProsima Fast-RTPS[0m
[5.213s] [ 29%] [34m[1mGenerating C type support for eProsima Fast-RTPS[0m
[5.213s] [ 29%] [34m[1mGenerating C++ type support dispatch for ROS interfaces[0m
[5.213s] [ 30%] [34m[1mGenerating C type support dispatch for ROS interfaces[0m
[5.213s] [ 30%] [34m[1mGenerating C++ introspection for ROS interfaces[0m
[6.007s] [ 30%] [32mBuilding CXX object CMakeFiles/std_msgs__rosidl_typesupport_c.dir/rosidl_typesupport_c/std_msgs/msg/bool__type_support.cpp.o[0m
[6.008s] [ 31%] [32mBuilding CXX object CMakeFiles/std_msgs__rosidl_typesupport_c.dir/rosidl_typesupport_c/std_msgs/msg/byte__type_support.cpp.o[0m
[6.009s] [ 31%] [32mBuilding CXX object CMakeFiles/std_msgs__rosidl_typesupport_c.dir/rosidl_typesupport_c/std_msgs/msg/byte_multi_array__type_support.cpp.o[0m
[6.009s] [ 31%] [32mBuilding CXX object CMakeFiles/std_msgs__rosidl_typesupport_c.dir/rosidl_typesupport_c/std_msgs/msg/color_rgba__type_support.cpp.o[0m
[6.010s] [ 31%] [32mBuilding CXX object CMakeFiles/std_msgs__rosidl_typesupport_c.dir/rosidl_typesupport_c/std_msgs/msg/char__type_support.cpp.o[0m
[6.011s] [ 31%] [32mBuilding CXX object CMakeFiles/std_msgs__rosidl_typesupport_c.dir/rosidl_typesupport_c/std_msgs/msg/empty__type_support.cpp.o[0m
[6.011s] [ 32%] [32mBuilding CXX object CMakeFiles/std_msgs__rosidl_typesupport_c.dir/rosidl_typesupport_c/std_msgs/msg/float32__type_support.cpp.o[0m
[6.013s] [ 32%] [32mBuilding CXX object CMakeFiles/std_msgs__rosidl_typesupport_c.dir/rosidl_typesupport_c/std_msgs/msg/float32_multi_array__type_support.cpp.o[0m
[6.014s] [ 32%] [32mBuilding CXX object CMakeFiles/std_msgs__rosidl_typesupport_c.dir/rosidl_typesupport_c/std_msgs/msg/float64__type_support.cpp.o[0m
[6.015s] [ 33%] [32mBuilding CXX object CMakeFiles/std_msgs__rosidl_typesupport_c.dir/rosidl_typesupport_c/std_msgs/msg/float64_multi_array__type_support.cpp.o[0m
[6.016s] [ 34%] [32mBuilding CXX object CMakeFiles/std_msgs__rosidl_typesupport_c.dir/rosidl_typesupport_c/std_msgs/msg/int16__type_support.cpp.o[0m
[6.016s] [ 34%] [32mBuilding CXX object CMakeFiles/std_msgs__rosidl_typesupport_c.dir/rosidl_typesupport_c/std_msgs/msg/int16_multi_array__type_support.cpp.o[0m
[6.016s] [ 34%] [32mBuilding CXX object CMakeFiles/std_msgs__rosidl_typesupport_c.dir/rosidl_typesupport_c/std_msgs/msg/header__type_support.cpp.o[0m
[6.018s] [ 34%] [32mBuilding CXX object CMakeFiles/std_msgs__rosidl_typesupport_c.dir/rosidl_typesupport_c/std_msgs/msg/int32__type_support.cpp.o[0m
[6.018s] [ 34%] [32mBuilding CXX object CMakeFiles/std_msgs__rosidl_typesupport_c.dir/rosidl_typesupport_c/std_msgs/msg/int32_multi_array__type_support.cpp.o[0m
[6.018s] [ 35%] [32mBuilding CXX object CMakeFiles/std_msgs__rosidl_typesupport_c.dir/rosidl_typesupport_c/std_msgs/msg/int64__type_support.cpp.o[0m
[6.018s] [ 35%] [32mBuilding CXX object CMakeFiles/std_msgs__rosidl_typesupport_c.dir/rosidl_typesupport_c/std_msgs/msg/int8__type_support.cpp.o[0m
[6.018s] [ 35%] [32mBuilding CXX object CMakeFiles/std_msgs__rosidl_typesupport_c.dir/rosidl_typesupport_c/std_msgs/msg/int64_multi_array__type_support.cpp.o[0m
[6.020s] [ 35%] [32mBuilding CXX object CMakeFiles/std_msgs__rosidl_typesupport_c.dir/rosidl_typesupport_c/std_msgs/msg/int8_multi_array__type_support.cpp.o[0m
[6.046s] [ 36%] [32mBuilding CXX object CMakeFiles/std_msgs__rosidl_typesupport_cpp.dir/rosidl_typesupport_cpp/std_msgs/msg/bool__type_support.cpp.o[0m
[6.057s] [ 36%] [32mBuilding CXX object CMakeFiles/std_msgs__rosidl_typesupport_cpp.dir/rosidl_typesupport_cpp/std_msgs/msg/byte_multi_array__type_support.cpp.o[0m
[6.058s] [ 36%] [32mBuilding CXX object CMakeFiles/std_msgs__rosidl_typesupport_cpp.dir/rosidl_typesupport_cpp/std_msgs/msg/byte__type_support.cpp.o[0m
[6.059s] [ 37%] [32mBuilding CXX object CMakeFiles/std_msgs__rosidl_typesupport_cpp.dir/rosidl_typesupport_cpp/std_msgs/msg/char__type_support.cpp.o[0m
[6.060s] [ 38%] [32mBuilding CXX object CMakeFiles/std_msgs__rosidl_typesupport_c.dir/rosidl_typesupport_c/std_msgs/msg/multi_array_dimension__type_support.cpp.o[0m
[6.063s] [ 38%] [32mBuilding CXX object CMakeFiles/std_msgs__rosidl_typesupport_cpp.dir/rosidl_typesupport_cpp/std_msgs/msg/color_rgba__type_support.cpp.o[0m
[6.066s] [ 38%] [32mBuilding CXX object CMakeFiles/std_msgs__rosidl_typesupport_cpp.dir/rosidl_typesupport_cpp/std_msgs/msg/empty__type_support.cpp.o[0m
[6.066s] [ 38%] [32mBuilding CXX object CMakeFiles/std_msgs__rosidl_typesupport_cpp.dir/rosidl_typesupport_cpp/std_msgs/msg/float32_multi_array__type_support.cpp.o[0m
[6.066s] [ 40%] [32mBuilding CXX object CMakeFiles/std_msgs__rosidl_typesupport_c.dir/rosidl_typesupport_c/std_msgs/msg/string__type_support.cpp.o[0m
[6.067s] [ 40%] [32mBuilding CXX object CMakeFiles/std_msgs__rosidl_typesupport_c.dir/rosidl_typesupport_c/std_msgs/msg/u_int16__type_support.cpp.o[0m
[6.067s] [ 40%] [32mBuilding CXX object CMakeFiles/std_msgs__rosidl_typesupport_c.dir/rosidl_typesupport_c/std_msgs/msg/multi_array_layout__type_support.cpp.o[0m
[6.067s] [ 40%] [32mBuilding CXX object CMakeFiles/std_msgs__rosidl_typesupport_cpp.dir/rosidl_typesupport_cpp/std_msgs/msg/float32__type_support.cpp.o[0m
[6.068s] [ 41%] [32mBuilding CXX object CMakeFiles/std_msgs__rosidl_typesupport_cpp.dir/rosidl_typesupport_cpp/std_msgs/msg/float64_multi_array__type_support.cpp.o[0m
[6.069s] [ 41%] [32mBuilding CXX object CMakeFiles/std_msgs__rosidl_typesupport_cpp.dir/rosidl_typesupport_cpp/std_msgs/msg/header__type_support.cpp.o[0m
[6.070s] [ 41%] [32mBuilding CXX object CMakeFiles/std_msgs__rosidl_typesupport_c.dir/rosidl_typesupport_c/std_msgs/msg/u_int32__type_support.cpp.o[0m
[6.073s] [ 41%] [32mBuilding CXX object CMakeFiles/std_msgs__rosidl_typesupport_cpp.dir/rosidl_typesupport_cpp/std_msgs/msg/float64__type_support.cpp.o[0m
[6.073s] [ 41%] [32mBuilding CXX object CMakeFiles/std_msgs__rosidl_typesupport_cpp.dir/rosidl_typesupport_cpp/std_msgs/msg/int16__type_support.cpp.o[0m
[6.074s] [ 41%] [32mBuilding CXX object CMakeFiles/std_msgs__rosidl_typesupport_c.dir/rosidl_typesupport_c/std_msgs/msg/u_int64__type_support.cpp.o[0m
[6.075s] [ 41%] [32mBuilding CXX object CMakeFiles/std_msgs__rosidl_typesupport_c.dir/rosidl_typesupport_c/std_msgs/msg/u_int16_multi_array__type_support.cpp.o[0m
[6.075s] [ 42%] [32mBuilding CXX object CMakeFiles/std_msgs__rosidl_typesupport_c.dir/rosidl_typesupport_c/std_msgs/msg/u_int32_multi_array__type_support.cpp.o[0m
[6.122s] [ 44%] [32mBuilding CXX object CMakeFiles/std_msgs__rosidl_typesupport_c.dir/rosidl_typesupport_c/std_msgs/msg/u_int8__type_support.cpp.o[0m
[6.125s] [ 44%] [32mBuilding CXX object CMakeFiles/std_msgs__rosidl_typesupport_cpp.dir/rosidl_typesupport_cpp/std_msgs/msg/int32__type_support.cpp.o[0m
[6.125s] [ 44%] [32mBuilding CXX object CMakeFiles/std_msgs__rosidl_typesupport_c.dir/rosidl_typesupport_c/std_msgs/msg/u_int64_multi_array__type_support.cpp.o[0m
[6.125s] [ 44%] [32mBuilding CXX object CMakeFiles/std_msgs__rosidl_typesupport_cpp.dir/rosidl_typesupport_cpp/std_msgs/msg/int16_multi_array__type_support.cpp.o[0m
[6.125s] [ 44%] [32mBuilding CXX object CMakeFiles/std_msgs__rosidl_typesupport_cpp.dir/rosidl_typesupport_cpp/std_msgs/msg/int32_multi_array__type_support.cpp.o[0m
[6.131s] [ 44%] [32mBuilding CXX object CMakeFiles/std_msgs__rosidl_typesupport_c.dir/rosidl_typesupport_c/std_msgs/msg/u_int8_multi_array__type_support.cpp.o[0m
[6.140s] [ 44%] [32mBuilding CXX object CMakeFiles/std_msgs__rosidl_typesupport_cpp.dir/rosidl_typesupport_cpp/std_msgs/msg/int64__type_support.cpp.o[0m
[6.170s] [ 45%] [32mBuilding CXX object CMakeFiles/std_msgs__rosidl_typesupport_cpp.dir/rosidl_typesupport_cpp/std_msgs/msg/int64_multi_array__type_support.cpp.o[0m
[6.180s] [ 45%] [32mBuilding CXX object CMakeFiles/std_msgs__rosidl_typesupport_cpp.dir/rosidl_typesupport_cpp/std_msgs/msg/int8__type_support.cpp.o[0m
[6.180s] [ 45%] [32mBuilding CXX object CMakeFiles/std_msgs__rosidl_typesupport_cpp.dir/rosidl_typesupport_cpp/std_msgs/msg/int8_multi_array__type_support.cpp.o[0m
[6.195s] [ 45%] [32m[1mLinking CXX shared library libstd_msgs__rosidl_typesupport_c.so[0m
[6.276s] [ 45%] Built target std_msgs__rosidl_typesupport_c
[6.307s] [ 46%] [32mBuilding CXX object CMakeFiles/std_msgs__rosidl_typesupport_cpp.dir/rosidl_typesupport_cpp/std_msgs/msg/multi_array_dimension__type_support.cpp.o[0m
[6.404s] [ 46%] [32mBuilding CXX object CMakeFiles/std_msgs__rosidl_typesupport_cpp.dir/rosidl_typesupport_cpp/std_msgs/msg/multi_array_layout__type_support.cpp.o[0m
[6.413s] [ 46%] [32mBuilding CXX object CMakeFiles/std_msgs__rosidl_typesupport_cpp.dir/rosidl_typesupport_cpp/std_msgs/msg/string__type_support.cpp.o[0m
[6.415s] [ 47%] [32mBuilding CXX object CMakeFiles/std_msgs__rosidl_typesupport_cpp.dir/rosidl_typesupport_cpp/std_msgs/msg/u_int16__type_support.cpp.o[0m
[6.421s] [ 47%] [32mBuilding CXX object CMakeFiles/std_msgs__rosidl_typesupport_cpp.dir/rosidl_typesupport_cpp/std_msgs/msg/u_int16_multi_array__type_support.cpp.o[0m
[6.421s] [ 47%] [32mBuilding CXX object CMakeFiles/std_msgs__rosidl_typesupport_cpp.dir/rosidl_typesupport_cpp/std_msgs/msg/u_int32__type_support.cpp.o[0m
[6.432s] [ 47%] [32mBuilding CXX object CMakeFiles/std_msgs__rosidl_typesupport_cpp.dir/rosidl_typesupport_cpp/std_msgs/msg/u_int32_multi_array__type_support.cpp.o[0m
[6.438s] [ 48%] [32mBuilding CXX object CMakeFiles/std_msgs__rosidl_typesupport_cpp.dir/rosidl_typesupport_cpp/std_msgs/msg/u_int64__type_support.cpp.o[0m
[6.442s] [ 48%] [32mBuilding CXX object CMakeFiles/std_msgs__rosidl_typesupport_cpp.dir/rosidl_typesupport_cpp/std_msgs/msg/u_int8__type_support.cpp.o[0m
[6.442s] [ 48%] [32mBuilding CXX object CMakeFiles/std_msgs__rosidl_typesupport_cpp.dir/rosidl_typesupport_cpp/std_msgs/msg/u_int64_multi_array__type_support.cpp.o[0m
[6.444s] [ 49%] [32mBuilding CXX object CMakeFiles/std_msgs__rosidl_typesupport_cpp.dir/rosidl_typesupport_cpp/std_msgs/msg/u_int8_multi_array__type_support.cpp.o[0m
[6.576s] [ 50%] [32mBuilding CXX object CMakeFiles/std_msgs__rosidl_typesupport_introspection_cpp.dir/rosidl_typesupport_introspection_cpp/std_msgs/msg/detail/bool__type_support.cpp.o[0m
[6.576s] [ 50%] [32mBuilding CXX object CMakeFiles/std_msgs__rosidl_typesupport_introspection_cpp.dir/rosidl_typesupport_introspection_cpp/std_msgs/msg/detail/byte_multi_array__type_support.cpp.o[0m
[6.578s] [ 50%] [32mBuilding CXX object CMakeFiles/std_msgs__rosidl_typesupport_introspection_cpp.dir/rosidl_typesupport_introspection_cpp/std_msgs/msg/detail/byte__type_support.cpp.o[0m
[6.578s] [ 50%] [32mBuilding CXX object CMakeFiles/std_msgs__rosidl_typesupport_introspection_cpp.dir/rosidl_typesupport_introspection_cpp/std_msgs/msg/detail/float32_multi_array__type_support.cpp.o[0m
[6.578s] [ 50%] [32mBuilding CXX object CMakeFiles/std_msgs__rosidl_typesupport_introspection_cpp.dir/rosidl_typesupport_introspection_cpp/std_msgs/msg/detail/char__type_support.cpp.o[0m
[6.578s] [ 51%] [32mBuilding CXX object CMakeFiles/std_msgs__rosidl_typesupport_introspection_cpp.dir/rosidl_typesupport_introspection_cpp/std_msgs/msg/detail/empty__type_support.cpp.o[0m
[6.579s] [ 51%] [32mBuilding CXX object CMakeFiles/std_msgs__rosidl_typesupport_introspection_cpp.dir/rosidl_typesupport_introspection_cpp/std_msgs/msg/detail/color_rgba__type_support.cpp.o[0m
[6.579s] [ 52%] [32mBuilding CXX object CMakeFiles/std_msgs__rosidl_typesupport_introspection_cpp.dir/rosidl_typesupport_introspection_cpp/std_msgs/msg/detail/float64__type_support.cpp.o[0m
[6.579s] [ 52%] [32mBuilding CXX object CMakeFiles/std_msgs__rosidl_typesupport_introspection_cpp.dir/rosidl_typesupport_introspection_cpp/std_msgs/msg/detail/float32__type_support.cpp.o[0m
[6.579s] [ 52%] [32mBuilding CXX object CMakeFiles/std_msgs__rosidl_typesupport_introspection_cpp.dir/rosidl_typesupport_introspection_cpp/std_msgs/msg/detail/float64_multi_array__type_support.cpp.o[0m
[6.604s] [ 52%] [32mBuilding C object CMakeFiles/std_msgs__rosidl_typesupport_introspection_c.dir/rosidl_typesupport_introspection_c/std_msgs/msg/detail/bool__type_support.c.o[0m
[6.658s] [ 53%] [32mBuilding C object CMakeFiles/std_msgs__rosidl_typesupport_introspection_c.dir/rosidl_typesupport_introspection_c/std_msgs/msg/detail/byte__type_support.c.o[0m
[6.690s] [ 53%] [32mBuilding CXX object CMakeFiles/std_msgs__rosidl_typesupport_introspection_cpp.dir/rosidl_typesupport_introspection_cpp/std_msgs/msg/detail/header__type_support.cpp.o[0m
[6.726s] [ 53%] [32mBuilding C object CMakeFiles/std_msgs__rosidl_typesupport_introspection_c.dir/rosidl_typesupport_introspection_c/std_msgs/msg/detail/byte_multi_array__type_support.c.o[0m
[6.746s] [ 53%] [32mBuilding C object CMakeFiles/std_msgs__rosidl_typesupport_introspection_c.dir/rosidl_typesupport_introspection_c/std_msgs/msg/detail/char__type_support.c.o[0m
[6.768s] [ 54%] [32mBuilding CXX object CMakeFiles/std_msgs__rosidl_typesupport_introspection_cpp.dir/rosidl_typesupport_introspection_cpp/std_msgs/msg/detail/int16__type_support.cpp.o[0m
[6.773s] [ 55%] [32mBuilding C object CMakeFiles/std_msgs__rosidl_typesupport_introspection_c.dir/rosidl_typesupport_introspection_c/std_msgs/msg/detail/color_rgba__type_support.c.o[0m
[6.778s] [ 55%] [32mBuilding C object CMakeFiles/std_msgs__rosidl_typesupport_introspection_c.dir/rosidl_typesupport_introspection_c/std_msgs/msg/detail/float32__type_support.c.o[0m
[6.781s] [ 55%] [32mBuilding CXX object CMakeFiles/std_msgs__rosidl_typesupport_introspection_cpp.dir/rosidl_typesupport_introspection_cpp/std_msgs/msg/detail/int16_multi_array__type_support.cpp.o[0m
[6.783s] [ 55%] [32mBuilding C object CMakeFiles/std_msgs__rosidl_typesupport_introspection_c.dir/rosidl_typesupport_introspection_c/std_msgs/msg/detail/empty__type_support.c.o[0m
[6.788s] [ 55%] [32mBuilding C object CMakeFiles/std_msgs__rosidl_typesupport_introspection_c.dir/rosidl_typesupport_introspection_c/std_msgs/msg/detail/float32_multi_array__type_support.c.o[0m
[6.792s] [ 55%] [32mBuilding CXX object CMakeFiles/std_msgs__rosidl_typesupport_introspection_cpp.dir/rosidl_typesupport_introspection_cpp/std_msgs/msg/detail/int32__type_support.cpp.o[0m
[6.793s] [ 55%] [32mBuilding CXX object CMakeFiles/std_msgs__rosidl_typesupport_introspection_cpp.dir/rosidl_typesupport_introspection_cpp/std_msgs/msg/detail/int32_multi_array__type_support.cpp.o[0m
[6.816s] [ 56%] [32mBuilding C object CMakeFiles/std_msgs__rosidl_typesupport_introspection_c.dir/rosidl_typesupport_introspection_c/std_msgs/msg/detail/float64__type_support.c.o[0m
[6.835s] [ 56%] [32mBuilding C object CMakeFiles/std_msgs__rosidl_typesupport_introspection_c.dir/rosidl_typesupport_introspection_c/std_msgs/msg/detail/float64_multi_array__type_support.c.o[0m
[6.854s] [ 57%] [32mBuilding CXX object CMakeFiles/std_msgs__rosidl_typesupport_introspection_cpp.dir/rosidl_typesupport_introspection_cpp/std_msgs/msg/detail/int64__type_support.cpp.o[0m
[6.857s] [ 57%] [32mBuilding C object CMakeFiles/std_msgs__rosidl_typesupport_introspection_c.dir/rosidl_typesupport_introspection_c/std_msgs/msg/detail/header__type_support.c.o[0m
[6.861s] [ 57%] [32mBuilding CXX object CMakeFiles/std_msgs__rosidl_typesupport_introspection_cpp.dir/rosidl_typesupport_introspection_cpp/std_msgs/msg/detail/int64_multi_array__type_support.cpp.o[0m
[6.867s] [ 58%] [32mBuilding C object CMakeFiles/std_msgs__rosidl_typesupport_introspection_c.dir/rosidl_typesupport_introspection_c/std_msgs/msg/detail/int16__type_support.c.o[0m
[6.875s] [ 58%] [32mBuilding C object CMakeFiles/std_msgs__rosidl_typesupport_introspection_c.dir/rosidl_typesupport_introspection_c/std_msgs/msg/detail/int16_multi_array__type_support.c.o[0m
[6.879s] [ 58%] [32m[1mLinking CXX shared library libstd_msgs__rosidl_typesupport_cpp.so[0m
[6.903s] [ 58%] [32mBuilding CXX object CMakeFiles/std_msgs__rosidl_typesupport_introspection_cpp.dir/rosidl_typesupport_introspection_cpp/std_msgs/msg/detail/int8__type_support.cpp.o[0m
[6.915s] [ 59%] [32mBuilding CXX object CMakeFiles/std_msgs__rosidl_typesupport_introspection_cpp.dir/rosidl_typesupport_introspection_cpp/std_msgs/msg/detail/int8_multi_array__type_support.cpp.o[0m
[6.923s] [ 59%] [32mBuilding CXX object CMakeFiles/std_msgs__rosidl_typesupport_introspection_cpp.dir/rosidl_typesupport_introspection_cpp/std_msgs/msg/detail/multi_array_dimension__type_support.cpp.o[0m
[6.931s] [ 59%] [32mBuilding C object CMakeFiles/std_msgs__rosidl_typesupport_introspection_c.dir/rosidl_typesupport_introspection_c/std_msgs/msg/detail/int32__type_support.c.o[0m
[6.934s] [ 60%] [32mBuilding C object CMakeFiles/std_msgs__rosidl_typesupport_introspection_c.dir/rosidl_typesupport_introspection_c/std_msgs/msg/detail/int32_multi_array__type_support.c.o[0m
[6.937s] [ 60%] [32mBuilding CXX object CMakeFiles/std_msgs__rosidl_typesupport_introspection_cpp.dir/rosidl_typesupport_introspection_cpp/std_msgs/msg/detail/multi_array_layout__type_support.cpp.o[0m
[6.947s] [ 61%] [32mBuilding CXX object CMakeFiles/std_msgs__rosidl_typesupport_introspection_cpp.dir/rosidl_typesupport_introspection_cpp/std_msgs/msg/detail/string__type_support.cpp.o[0m
[6.949s] [ 61%] [32mBuilding C object CMakeFiles/std_msgs__rosidl_typesupport_introspection_c.dir/rosidl_typesupport_introspection_c/std_msgs/msg/detail/int64__type_support.c.o[0m
[6.950s] [ 61%] Built target std_msgs__rosidl_typesupport_cpp
[6.959s] [ 61%] [32mBuilding C object CMakeFiles/std_msgs__rosidl_typesupport_introspection_c.dir/rosidl_typesupport_introspection_c/std_msgs/msg/detail/int64_multi_array__type_support.c.o[0m
[6.969s] [ 61%] [32mBuilding CXX object CMakeFiles/std_msgs__rosidl_typesupport_introspection_cpp.dir/rosidl_typesupport_introspection_cpp/std_msgs/msg/detail/u_int16__type_support.cpp.o[0m
[6.969s] [ 61%] [32mBuilding CXX object CMakeFiles/std_msgs__rosidl_typesupport_introspection_cpp.dir/rosidl_typesupport_introspection_cpp/std_msgs/msg/detail/u_int16_multi_array__type_support.cpp.o[0m
[6.978s] [ 62%] [32mBuilding C object CMakeFiles/std_msgs__rosidl_typesupport_introspection_c.dir/rosidl_typesupport_introspection_c/std_msgs/msg/detail/int8__type_support.c.o[0m
[6.985s] [ 62%] [32mBuilding C object CMakeFiles/std_msgs__rosidl_typesupport_introspection_c.dir/rosidl_typesupport_introspection_c/std_msgs/msg/detail/int8_multi_array__type_support.c.o[0m
[6.987s] [ 62%] [32mBuilding C object CMakeFiles/std_msgs__rosidl_typesupport_introspection_c.dir/rosidl_typesupport_introspection_c/std_msgs/msg/detail/multi_array_dimension__type_support.c.o[0m
[6.989s] [ 62%] [32mBuilding C object CMakeFiles/std_msgs__rosidl_typesupport_introspection_c.dir/rosidl_typesupport_introspection_c/std_msgs/msg/detail/multi_array_layout__type_support.c.o[0m
[6.999s] [ 63%] [32mBuilding CXX object CMakeFiles/std_msgs__rosidl_typesupport_introspection_cpp.dir/rosidl_typesupport_introspection_cpp/std_msgs/msg/detail/u_int32__type_support.cpp.o[0m
[7.003s] [ 63%] [32mBuilding CXX object CMakeFiles/std_msgs__rosidl_typesupport_introspection_cpp.dir/rosidl_typesupport_introspection_cpp/std_msgs/msg/detail/u_int32_multi_array__type_support.cpp.o[0m
[7.007s] [ 63%] [32mBuilding CXX object CMakeFiles/std_msgs__rosidl_typesupport_introspection_cpp.dir/rosidl_typesupport_introspection_cpp/std_msgs/msg/detail/u_int64__type_support.cpp.o[0m
[7.023s] [ 63%] [32mBuilding CXX object CMakeFiles/std_msgs__rosidl_typesupport_introspection_cpp.dir/rosidl_typesupport_introspection_cpp/std_msgs/msg/detail/u_int64_multi_array__type_support.cpp.o[0m
[7.028s] [ 64%] [32mBuilding C object CMakeFiles/std_msgs__rosidl_typesupport_introspection_c.dir/rosidl_typesupport_introspection_c/std_msgs/msg/detail/string__type_support.c.o[0m
[7.047s] [ 65%] [32mBuilding CXX object CMakeFiles/std_msgs__rosidl_typesupport_introspection_cpp.dir/rosidl_typesupport_introspection_cpp/std_msgs/msg/detail/u_int8__type_support.cpp.o[0m
[7.068s] [ 65%] [32mBuilding C object CMakeFiles/std_msgs__rosidl_typesupport_introspection_c.dir/rosidl_typesupport_introspection_c/std_msgs/msg/detail/u_int16__type_support.c.o[0m
[7.076s] [ 65%] [32mBuilding CXX object CMakeFiles/std_msgs__rosidl_typesupport_introspection_cpp.dir/rosidl_typesupport_introspection_cpp/std_msgs/msg/detail/u_int8_multi_array__type_support.cpp.o[0m
[7.086s] [ 65%] [32mBuilding C object CMakeFiles/std_msgs__rosidl_typesupport_introspection_c.dir/rosidl_typesupport_introspection_c/std_msgs/msg/detail/u_int16_multi_array__type_support.c.o[0m
[7.104s] [ 66%] [32mBuilding C object CMakeFiles/std_msgs__rosidl_typesupport_introspection_c.dir/rosidl_typesupport_introspection_c/std_msgs/msg/detail/u_int32__type_support.c.o[0m
[7.153s] [ 66%] [32mBuilding C object CMakeFiles/std_msgs__rosidl_typesupport_introspection_c.dir/rosidl_typesupport_introspection_c/std_msgs/msg/detail/u_int32_multi_array__type_support.c.o[0m
[7.163s] [ 66%] [32mBuilding C object CMakeFiles/std_msgs__rosidl_typesupport_introspection_c.dir/rosidl_typesupport_introspection_c/std_msgs/msg/detail/u_int64__type_support.c.o[0m
[7.170s] [ 67%] [32mBuilding C object CMakeFiles/std_msgs__rosidl_typesupport_introspection_c.dir/rosidl_typesupport_introspection_c/std_msgs/msg/detail/u_int64_multi_array__type_support.c.o[0m
[7.171s] [ 67%] [32mBuilding C object CMakeFiles/std_msgs__rosidl_typesupport_introspection_c.dir/rosidl_typesupport_introspection_c/std_msgs/msg/detail/u_int8__type_support.c.o[0m
[7.189s] [ 67%] [32mBuilding C object CMakeFiles/std_msgs__rosidl_typesupport_introspection_c.dir/rosidl_typesupport_introspection_c/std_msgs/msg/detail/u_int8_multi_array__type_support.c.o[0m
[7.197s] [ 67%] [32mBuilding CXX object CMakeFiles/std_msgs__rosidl_typesupport_fastrtps_cpp.dir/rosidl_typesupport_fastrtps_cpp/std_msgs/msg/detail/dds_fastrtps/bool__type_support.cpp.o[0m
[7.207s] [ 68%] [32mBuilding CXX object CMakeFiles/std_msgs__rosidl_typesupport_fastrtps_cpp.dir/rosidl_typesupport_fastrtps_cpp/std_msgs/msg/detail/dds_fastrtps/byte__type_support.cpp.o[0m
[7.211s] [ 68%] [32mBuilding CXX object CMakeFiles/std_msgs__rosidl_typesupport_fastrtps_cpp.dir/rosidl_typesupport_fastrtps_cpp/std_msgs/msg/detail/dds_fastrtps/byte_multi_array__type_support.cpp.o[0m
[7.212s] [ 68%] [32mBuilding CXX object CMakeFiles/std_msgs__rosidl_typesupport_fastrtps_cpp.dir/rosidl_typesupport_fastrtps_cpp/std_msgs/msg/detail/dds_fastrtps/char__type_support.cpp.o[0m
[7.220s] [ 69%] [32mBuilding CXX object CMakeFiles/std_msgs__rosidl_typesupport_fastrtps_cpp.dir/rosidl_typesupport_fastrtps_cpp/std_msgs/msg/detail/dds_fastrtps/color_rgba__type_support.cpp.o[0m
[7.223s] [ 69%] [32mBuilding CXX object CMakeFiles/std_msgs__rosidl_typesupport_fastrtps_cpp.dir/rosidl_typesupport_fastrtps_cpp/std_msgs/msg/detail/dds_fastrtps/empty__type_support.cpp.o[0m
[7.241s] [ 70%] [32m[1mLinking C shared library libstd_msgs__rosidl_typesupport_introspection_c.so[0m
[7.243s] [ 70%] [32mBuilding CXX object CMakeFiles/std_msgs__rosidl_typesupport_fastrtps_cpp.dir/rosidl_typesupport_fastrtps_cpp/std_msgs/msg/detail/dds_fastrtps/float32__type_support.cpp.o[0m
[7.256s] [ 71%] [32mBuilding CXX object CMakeFiles/std_msgs__rosidl_typesupport_fastrtps_cpp.dir/rosidl_typesupport_fastrtps_cpp/std_msgs/msg/detail/dds_fastrtps/float32_multi_array__type_support.cpp.o[0m
[7.283s] [ 72%] [32mBuilding CXX object CMakeFiles/std_msgs__rosidl_typesupport_fastrtps_cpp.dir/rosidl_typesupport_fastrtps_cpp/std_msgs/msg/detail/dds_fastrtps/float64__type_support.cpp.o[0m
[7.283s] [ 72%] [32mBuilding CXX object CMakeFiles/std_msgs__rosidl_typesupport_fastrtps_cpp.dir/rosidl_typesupport_fastrtps_cpp/std_msgs/msg/detail/dds_fastrtps/header__type_support.cpp.o[0m
[7.283s] [ 72%] [32mBuilding CXX object CMakeFiles/std_msgs__rosidl_typesupport_fastrtps_cpp.dir/rosidl_typesupport_fastrtps_cpp/std_msgs/msg/detail/dds_fastrtps/float64_multi_array__type_support.cpp.o[0m
[7.293s] [ 72%] Built target std_msgs__rosidl_typesupport_introspection_c
[7.304s] [ 72%] [32mBuilding CXX object CMakeFiles/std_msgs__rosidl_typesupport_fastrtps_cpp.dir/rosidl_typesupport_fastrtps_cpp/std_msgs/msg/detail/dds_fastrtps/int16__type_support.cpp.o[0m
[7.337s] [ 72%] [32mBuilding CXX object CMakeFiles/std_msgs__rosidl_typesupport_fastrtps_cpp.dir/rosidl_typesupport_fastrtps_cpp/std_msgs/msg/detail/dds_fastrtps/int16_multi_array__type_support.cpp.o[0m
[7.340s] [ 72%] [32mBuilding CXX object CMakeFiles/std_msgs__rosidl_typesupport_fastrtps_cpp.dir/rosidl_typesupport_fastrtps_cpp/std_msgs/msg/detail/dds_fastrtps/int32__type_support.cpp.o[0m
[7.341s] [ 73%] [32mBuilding CXX object CMakeFiles/std_msgs__rosidl_typesupport_fastrtps_cpp.dir/rosidl_typesupport_fastrtps_cpp/std_msgs/msg/detail/dds_fastrtps/int32_multi_array__type_support.cpp.o[0m
[7.343s] [ 73%] [32mBuilding CXX object CMakeFiles/std_msgs__rosidl_typesupport_fastrtps_cpp.dir/rosidl_typesupport_fastrtps_cpp/std_msgs/msg/detail/dds_fastrtps/int64__type_support.cpp.o[0m
[7.359s] [ 74%] [32mBuilding CXX object CMakeFiles/std_msgs__rosidl_typesupport_fastrtps_cpp.dir/rosidl_typesupport_fastrtps_cpp/std_msgs/msg/detail/dds_fastrtps/int64_multi_array__type_support.cpp.o[0m
[7.359s] [ 74%] [32mBuilding CXX object CMakeFiles/std_msgs__rosidl_typesupport_fastrtps_c.dir/rosidl_typesupport_fastrtps_c/std_msgs/msg/detail/bool__type_support_c.cpp.o[0m
[7.362s] [ 75%] [32mBuilding CXX object CMakeFiles/std_msgs__rosidl_typesupport_fastrtps_cpp.dir/rosidl_typesupport_fastrtps_cpp/std_msgs/msg/detail/dds_fastrtps/int8__type_support.cpp.o[0m
[7.375s] [ 75%] [32mBuilding CXX object CMakeFiles/std_msgs__rosidl_typesupport_fastrtps_c.dir/rosidl_typesupport_fastrtps_c/std_msgs/msg/detail/byte__type_support_c.cpp.o[0m
[7.403s] [ 75%] [32mBuilding CXX object CMakeFiles/std_msgs__rosidl_typesupport_fastrtps_c.dir/rosidl_typesupport_fastrtps_c/std_msgs/msg/detail/byte_multi_array__type_support_c.cpp.o[0m
[7.420s] [ 75%] [32mBuilding CXX object CMakeFiles/std_msgs__rosidl_typesupport_fastrtps_cpp.dir/rosidl_typesupport_fastrtps_cpp/std_msgs/msg/detail/dds_fastrtps/int8_multi_array__type_support.cpp.o[0m
[7.440s] [ 76%] [32mBuilding CXX object CMakeFiles/std_msgs__rosidl_typesupport_fastrtps_c.dir/rosidl_typesupport_fastrtps_c/std_msgs/msg/detail/char__type_support_c.cpp.o[0m
[7.495s] [ 76%] [32m[1mLinking CXX shared library libstd_msgs__rosidl_typesupport_introspection_cpp.so[0m
[7.640s] [ 76%] Built target std_msgs__rosidl_typesupport_introspection_cpp
[7.654s] [ 76%] [32mBuilding CXX object CMakeFiles/std_msgs__rosidl_typesupport_fastrtps_c.dir/rosidl_typesupport_fastrtps_c/std_msgs/msg/detail/color_rgba__type_support_c.cpp.o[0m
[7.743s] [ 76%] [32mBuilding CXX object CMakeFiles/std_msgs__rosidl_typesupport_fastrtps_c.dir/rosidl_typesupport_fastrtps_c/std_msgs/msg/detail/empty__type_support_c.cpp.o[0m
[7.743s] [ 76%] [32mBuilding CXX object CMakeFiles/std_msgs__rosidl_typesupport_fastrtps_cpp.dir/rosidl_typesupport_fastrtps_cpp/std_msgs/msg/detail/dds_fastrtps/multi_array_dimension__type_support.cpp.o[0m
[7.757s] [ 77%] [32mBuilding CXX object CMakeFiles/std_msgs__rosidl_typesupport_fastrtps_c.dir/rosidl_typesupport_fastrtps_c/std_msgs/msg/detail/float32__type_support_c.cpp.o[0m
[7.757s] [ 77%] [32mBuilding CXX object CMakeFiles/std_msgs__rosidl_typesupport_fastrtps_c.dir/rosidl_typesupport_fastrtps_c/std_msgs/msg/detail/float32_multi_array__type_support_c.cpp.o[0m
[7.765s] [ 77%] [32mBuilding CXX object CMakeFiles/std_msgs__rosidl_typesupport_fastrtps_c.dir/rosidl_typesupport_fastrtps_c/std_msgs/msg/detail/float64__type_support_c.cpp.o[0m
[7.778s] [ 77%] [32mBuilding CXX object CMakeFiles/std_msgs__rosidl_typesupport_fastrtps_c.dir/rosidl_typesupport_fastrtps_c/std_msgs/msg/detail/float64_multi_array__type_support_c.cpp.o[0m
[7.806s] [ 78%] [32mBuilding CXX object CMakeFiles/std_msgs__rosidl_typesupport_fastrtps_c.dir/rosidl_typesupport_fastrtps_c/std_msgs/msg/detail/header__type_support_c.cpp.o[0m
[7.830s] [ 79%] [32mBuilding CXX object CMakeFiles/std_msgs__rosidl_typesupport_fastrtps_cpp.dir/rosidl_typesupport_fastrtps_cpp/std_msgs/msg/detail/dds_fastrtps/multi_array_layout__type_support.cpp.o[0m
[7.835s] [ 79%] [32mBuilding CXX object CMakeFiles/std_msgs__rosidl_typesupport_fastrtps_c.dir/rosidl_typesupport_fastrtps_c/std_msgs/msg/detail/int16__type_support_c.cpp.o[0m
[7.846s] [ 80%] [32mBuilding CXX object CMakeFiles/std_msgs__rosidl_typesupport_fastrtps_c.dir/rosidl_typesupport_fastrtps_c/std_msgs/msg/detail/int16_multi_array__type_support_c.cpp.o[0m
[7.846s] [ 80%] [32mBuilding CXX object CMakeFiles/std_msgs__rosidl_typesupport_fastrtps_c.dir/rosidl_typesupport_fastrtps_c/std_msgs/msg/detail/int32__type_support_c.cpp.o[0m
[7.868s] [ 80%] [32mBuilding CXX object CMakeFiles/std_msgs__rosidl_typesupport_fastrtps_c.dir/rosidl_typesupport_fastrtps_c/std_msgs/msg/detail/int32_multi_array__type_support_c.cpp.o[0m
[7.870s] [ 80%] [32mBuilding CXX object CMakeFiles/std_msgs__rosidl_typesupport_fastrtps_cpp.dir/rosidl_typesupport_fastrtps_cpp/std_msgs/msg/detail/dds_fastrtps/u_int16__type_support.cpp.o[0m
[7.870s] [ 80%] [32mBuilding CXX object CMakeFiles/std_msgs__rosidl_typesupport_fastrtps_cpp.dir/rosidl_typesupport_fastrtps_cpp/std_msgs/msg/detail/dds_fastrtps/string__type_support.cpp.o[0m
[7.887s] [ 80%] [32mBuilding CXX object CMakeFiles/std_msgs__rosidl_typesupport_fastrtps_c.dir/rosidl_typesupport_fastrtps_c/std_msgs/msg/detail/int64__type_support_c.cpp.o[0m
[7.901s] [ 81%] [32mBuilding CXX object CMakeFiles/std_msgs__rosidl_typesupport_fastrtps_cpp.dir/rosidl_typesupport_fastrtps_cpp/std_msgs/msg/detail/dds_fastrtps/u_int16_multi_array__type_support.cpp.o[0m
[7.915s] [ 82%] [32mBuilding CXX object CMakeFiles/std_msgs__rosidl_typesupport_fastrtps_c.dir/rosidl_typesupport_fastrtps_c/std_msgs/msg/detail/int64_multi_array__type_support_c.cpp.o[0m
[7.922s] [ 82%] [32mBuilding CXX object CMakeFiles/std_msgs__rosidl_typesupport_fastrtps_c.dir/rosidl_typesupport_fastrtps_c/std_msgs/msg/detail/int8__type_support_c.cpp.o[0m
[7.939s] [ 82%] [32mBuilding CXX object CMakeFiles/std_msgs__rosidl_typesupport_fastrtps_cpp.dir/rosidl_typesupport_fastrtps_cpp/std_msgs/msg/detail/dds_fastrtps/u_int32__type_support.cpp.o[0m
[7.956s] [ 82%] [32mBuilding CXX object CMakeFiles/std_msgs__rosidl_typesupport_fastrtps_c.dir/rosidl_typesupport_fastrtps_c/std_msgs/msg/detail/int8_multi_array__type_support_c.cpp.o[0m
[7.961s] [ 82%] [32mBuilding CXX object CMakeFiles/std_msgs__rosidl_typesupport_fastrtps_c.dir/rosidl_typesupport_fastrtps_c/std_msgs/msg/detail/multi_array_dimension__type_support_c.cpp.o[0m
[7.976s] [ 83%] [32mBuilding CXX object CMakeFiles/std_msgs__rosidl_typesupport_fastrtps_c.dir/rosidl_typesupport_fastrtps_c/std_msgs/msg/detail/multi_array_layout__type_support_c.cpp.o[0m
[8.020s] [ 83%] [32mBuilding CXX object CMakeFiles/std_msgs__rosidl_typesupport_fastrtps_c.dir/rosidl_typesupport_fastrtps_c/std_msgs/msg/detail/string__type_support_c.cpp.o[0m
[8.218s] [ 83%] [32mBuilding CXX object CMakeFiles/std_msgs__rosidl_typesupport_fastrtps_c.dir/rosidl_typesupport_fastrtps_c/std_msgs/msg/detail/u_int16__type_support_c.cpp.o[0m
[8.268s] [ 83%] [32mBuilding CXX object CMakeFiles/std_msgs__rosidl_typesupport_fastrtps_cpp.dir/rosidl_typesupport_fastrtps_cpp/std_msgs/msg/detail/dds_fastrtps/u_int32_multi_array__type_support.cpp.o[0m
[8.294s] [ 83%] [32mBuilding CXX object CMakeFiles/std_msgs__rosidl_typesupport_fastrtps_cpp.dir/rosidl_typesupport_fastrtps_cpp/std_msgs/msg/detail/dds_fastrtps/u_int64__type_support.cpp.o[0m
[8.299s] [ 84%] [32mBuilding CXX object CMakeFiles/std_msgs__rosidl_typesupport_fastrtps_cpp.dir/rosidl_typesupport_fastrtps_cpp/std_msgs/msg/detail/dds_fastrtps/u_int64_multi_array__type_support.cpp.o[0m
[8.318s] [ 84%] [32mBuilding CXX object CMakeFiles/std_msgs__rosidl_typesupport_fastrtps_cpp.dir/rosidl_typesupport_fastrtps_cpp/std_msgs/msg/detail/dds_fastrtps/u_int8__type_support.cpp.o[0m
[8.322s] [ 85%] [32mBuilding CXX object CMakeFiles/std_msgs__rosidl_typesupport_fastrtps_c.dir/rosidl_typesupport_fastrtps_c/std_msgs/msg/detail/u_int16_multi_array__type_support_c.cpp.o[0m
[8.336s] [ 85%] [32mBuilding CXX object CMakeFiles/std_msgs__rosidl_typesupport_fastrtps_cpp.dir/rosidl_typesupport_fastrtps_cpp/std_msgs/msg/detail/dds_fastrtps/u_int8_multi_array__type_support.cpp.o[0m
[8.372s] [ 85%] [32mBuilding CXX object CMakeFiles/std_msgs__rosidl_typesupport_fastrtps_c.dir/rosidl_typesupport_fastrtps_c/std_msgs/msg/detail/u_int32__type_support_c.cpp.o[0m
[8.378s] [ 85%] [32mBuilding CXX object CMakeFiles/std_msgs__rosidl_typesupport_fastrtps_c.dir/rosidl_typesupport_fastrtps_c/std_msgs/msg/detail/u_int32_multi_array__type_support_c.cpp.o[0m
[8.409s] [ 85%] [32mBuilding CXX object CMakeFiles/std_msgs__rosidl_typesupport_fastrtps_c.dir/rosidl_typesupport_fastrtps_c/std_msgs/msg/detail/u_int64_multi_array__type_support_c.cpp.o[0m
[8.410s] [ 86%] [32mBuilding CXX object CMakeFiles/std_msgs__rosidl_typesupport_fastrtps_c.dir/rosidl_typesupport_fastrtps_c/std_msgs/msg/detail/u_int64__type_support_c.cpp.o[0m
[8.411s] [ 86%] [32mBuilding CXX object CMakeFiles/std_msgs__rosidl_typesupport_fastrtps_c.dir/rosidl_typesupport_fastrtps_c/std_msgs/msg/detail/u_int8__type_support_c.cpp.o[0m
[8.416s] [ 87%] [32mBuilding CXX object CMakeFiles/std_msgs__rosidl_typesupport_fastrtps_c.dir/rosidl_typesupport_fastrtps_c/std_msgs/msg/detail/u_int8_multi_array__type_support_c.cpp.o[0m
[8.805s] [ 88%] [32m[1mLinking CXX shared library libstd_msgs__rosidl_typesupport_fastrtps_cpp.so[0m
[8.815s] [ 88%] [32m[1mLinking CXX shared library libstd_msgs__rosidl_typesupport_fastrtps_c.so[0m
[8.871s] [ 88%] Built target std_msgs__rosidl_typesupport_fastrtps_cpp
[8.874s] [ 88%] Built target std_msgs__rosidl_typesupport_fastrtps_c
[8.892s] [ 88%] Built target std_msgs
[8.910s] [ 88%] [34m[1mGenerating Python code for ROS interfaces[0m
[10.861s] [ 88%] Built target std_msgs__py
[10.882s] [ 89%] [32mBuilding C object CMakeFiles/std_msgs__rosidl_generator_py.dir/rosidl_generator_py/std_msgs/msg/_bool_s.c.o[0m
[10.882s] [ 89%] [32mBuilding C object CMakeFiles/std_msgs__rosidl_generator_py.dir/rosidl_generator_py/std_msgs/msg/_byte_multi_array_s.c.o[0m
[10.883s] [ 89%] [32mBuilding C object CMakeFiles/std_msgs__rosidl_generator_py.dir/rosidl_generator_py/std_msgs/msg/_byte_s.c.o[0m
[10.883s] [ 90%] [32mBuilding C object CMakeFiles/std_msgs__rosidl_generator_py.dir/rosidl_generator_py/std_msgs/msg/_color_rgba_s.c.o[0m
[10.883s] [ 90%] [32mBuilding C object CMakeFiles/std_msgs__rosidl_generator_py.dir/rosidl_generator_py/std_msgs/msg/_float32_s.c.o[0m
[10.883s] [ 91%] [32mBuilding C object CMakeFiles/std_msgs__rosidl_generator_py.dir/rosidl_generator_py/std_msgs/msg/_float32_multi_array_s.c.o[0m
[10.883s] [ 91%] [32mBuilding C object CMakeFiles/std_msgs__rosidl_generator_py.dir/rosidl_generator_py/std_msgs/msg/_float64_s.c.o[0m
[10.884s] [ 91%] [32mBuilding C object CMakeFiles/std_msgs__rosidl_generator_py.dir/rosidl_generator_py/std_msgs/msg/_empty_s.c.o[0m
[10.884s] [ 91%] [32mBuilding C object CMakeFiles/std_msgs__rosidl_generator_py.dir/rosidl_generator_py/std_msgs/msg/_char_s.c.o[0m
[10.884s] [ 92%] [32mBuilding C object CMakeFiles/std_msgs__rosidl_generator_py.dir/rosidl_generator_py/std_msgs/msg/_header_s.c.o[0m
[10.884s] [ 92%] [32mBuilding C object CMakeFiles/std_msgs__rosidl_generator_py.dir/rosidl_generator_py/std_msgs/msg/_float64_multi_array_s.c.o[0m
[10.885s] [ 92%] [32mBuilding C object CMakeFiles/std_msgs__rosidl_generator_py.dir/rosidl_generator_py/std_msgs/msg/_int16_s.c.o[0m
[10.885s] [ 92%] [32mBuilding C object CMakeFiles/std_msgs__rosidl_generator_py.dir/rosidl_generator_py/std_msgs/msg/_int16_multi_array_s.c.o[0m
[10.885s] [ 93%] [32mBuilding C object CMakeFiles/std_msgs__rosidl_generator_py.dir/rosidl_generator_py/std_msgs/msg/_int32_s.c.o[0m
[10.885s] [ 93%] [32mBuilding C object CMakeFiles/std_msgs__rosidl_generator_py.dir/rosidl_generator_py/std_msgs/msg/_int32_multi_array_s.c.o[0m
[10.885s] [ 93%] [32mBuilding C object CMakeFiles/std_msgs__rosidl_generator_py.dir/rosidl_generator_py/std_msgs/msg/_int8_s.c.o[0m
[10.885s] [ 94%] [32mBuilding C object CMakeFiles/std_msgs__rosidl_generator_py.dir/rosidl_generator_py/std_msgs/msg/_int64_s.c.o[0m
[10.885s] [ 94%] [32mBuilding C object CMakeFiles/std_msgs__rosidl_generator_py.dir/rosidl_generator_py/std_msgs/msg/_int64_multi_array_s.c.o[0m
[10.885s] [ 94%] [32mBuilding C object CMakeFiles/std_msgs__rosidl_generator_py.dir/rosidl_generator_py/std_msgs/msg/_multi_array_layout_s.c.o[0m
[10.885s] [ 94%] [32mBuilding C object CMakeFiles/std_msgs__rosidl_generator_py.dir/rosidl_generator_py/std_msgs/msg/_int8_multi_array_s.c.o[0m
[10.886s] [ 94%] [32mBuilding C object CMakeFiles/std_msgs__rosidl_generator_py.dir/rosidl_generator_py/std_msgs/msg/_string_s.c.o[0m
[10.886s] [ 95%] [32mBuilding C object CMakeFiles/std_msgs__rosidl_generator_py.dir/rosidl_generator_py/std_msgs/msg/_multi_array_dimension_s.c.o[0m
[10.886s] [ 95%] [32mBuilding C object CMakeFiles/std_msgs__rosidl_generator_py.dir/rosidl_generator_py/std_msgs/msg/_u_int16_multi_array_s.c.o[0m
[10.886s] [ 96%] [32mBuilding C object CMakeFiles/std_msgs__rosidl_generator_py.dir/rosidl_generator_py/std_msgs/msg/_u_int16_s.c.o[0m
[11.022s] [ 97%] [32mBuilding C object CMakeFiles/std_msgs__rosidl_generator_py.dir/rosidl_generator_py/std_msgs/msg/_u_int64_s.c.o[0m
[11.022s] [ 97%] [32mBuilding C object CMakeFiles/std_msgs__rosidl_generator_py.dir/rosidl_generator_py/std_msgs/msg/_u_int32_multi_array_s.c.o[0m
[11.022s] [ 97%] [32mBuilding C object CMakeFiles/std_msgs__rosidl_generator_py.dir/rosidl_generator_py/std_msgs/msg/_u_int32_s.c.o[0m
[11.023s] [ 97%] [32mBuilding C object CMakeFiles/std_msgs__rosidl_generator_py.dir/rosidl_generator_py/std_msgs/msg/_u_int8_s.c.o[0m
[11.023s] [ 97%] [32mBuilding C object CMakeFiles/std_msgs__rosidl_generator_py.dir/rosidl_generator_py/std_msgs/msg/_u_int64_multi_array_s.c.o[0m
[11.025s] [ 98%] [32mBuilding C object CMakeFiles/std_msgs__rosidl_generator_py.dir/rosidl_generator_py/std_msgs/msg/_u_int8_multi_array_s.c.o[0m
[11.123s] [ 98%] [32m[1mLinking C shared library libstd_msgs__rosidl_generator_py.so[0m
[11.161s] [ 98%] Built target std_msgs__rosidl_generator_py
[11.178s] [ 98%] [32mBuilding C object CMakeFiles/std_msgs_s__rosidl_typesupport_c.dir/rosidl_generator_py/std_msgs/_std_msgs_s.ep.rosidl_typesupport_c.c.o[0m
[11.179s] [ 98%] [32mBuilding C object CMakeFiles/std_msgs_s__rosidl_typesupport_introspection_c.dir/rosidl_generator_py/std_msgs/_std_msgs_s.ep.rosidl_typesupport_introspection_c.c.o[0m
[11.179s] [ 99%] [32mBuilding C object CMakeFiles/std_msgs_s__rosidl_typesupport_fastrtps_c.dir/rosidl_generator_py/std_msgs/_std_msgs_s.ep.rosidl_typesupport_fastrtps_c.c.o[0m
[11.305s] [ 99%] [32m[1mLinking C shared module rosidl_generator_py/std_msgs/std_msgs_s__rosidl_typesupport_c.so[0m
[11.306s] [100%] [32m[1mLinking C shared module rosidl_generator_py/std_msgs/std_msgs_s__rosidl_typesupport_introspection_c.so[0m
[11.311s] [100%] [32m[1mLinking C shared module rosidl_generator_py/std_msgs/std_msgs_s__rosidl_typesupport_fastrtps_c.so[0m
[11.332s] [100%] Built target std_msgs_s__rosidl_typesupport_c
[11.332s] [100%] Built target std_msgs_s__rosidl_typesupport_introspection_c
[11.339s] [100%] Built target std_msgs_s__rosidl_typesupport_fastrtps_c
[11.351s] Invoked command in '/home/rsanz/git/learning/ros2/tutorials/RustROS2/src/build/std_msgs' returned '0': AMENT_PREFIX_PATH=/home/rsanz/git/learning/ros2/tutorials/RustROS2/src/install/rosidl_default_runtime:/home/rsanz/git/learning/ros2/tutorials/RustROS2/src/install/rosidl_default_generators:/home/rsanz/git/learning/ros2/tutorials/RustROS2/src/install/action_msgs:/home/rsanz/git/learning/ros2/tutorials/RustROS2/src/install/service_msgs:/home/rsanz/git/learning/ros2/tutorials/RustROS2/src/install/unique_identifier_msgs:/home/rsanz/git/learning/ros2/tutorials/RustROS2/src/install/builtin_interfaces:/home/rsanz/git/learning/ros2/tutorials/RustROS2/src/install/rosidl_core_runtime:/home/rsanz/git/learning/ros2/tutorials/RustROS2/src/install/rosidl_core_generators:/home/rsanz/git/learning/ros2/tutorials/RustROS2/src/install/rosidl_generator_rs:${AMENT_PREFIX_PATH} CMAKE_PREFIX_PATH=/home/rsanz/git/learning/ros2/tutorials/RustROS2/src/install/rosidl_default_runtime:/home/rsanz/git/learning/ros2/tutorials/RustROS2/src/install/rosidl_default_generators:/home/rsanz/git/learning/ros2/tutorials/RustROS2/src/install/action_msgs:/home/rsanz/git/learning/ros2/tutorials/RustROS2/src/install/service_msgs:/home/rsanz/git/learning/ros2/tutorials/RustROS2/src/install/unique_identifier_msgs:/home/rsanz/git/learning/ros2/tutorials/RustROS2/src/install/builtin_interfaces:/home/rsanz/git/learning/ros2/tutorials/RustROS2/src/install/rosidl_core_runtime:/home/rsanz/git/learning/ros2/tutorials/RustROS2/src/install/rosidl_core_generators:/home/rsanz/git/learning/ros2/tutorials/RustROS2/src/install/rosidl_generator_rs:/opt/ros/jazzy/opt/gz_math_vendor:/opt/ros/jazzy/opt/gz_utils_vendor:/opt/ros/jazzy/opt/gz_cmake_vendor:/opt/ros/jazzy DEBUGINFOD_URLS=https://debuginfod.ubuntu.com LD_LIBRARY_PATH=/home/rsanz/git/learning/ros2/tutorials/RustROS2/src/install/action_msgs/lib:/home/rsanz/git/learning/ros2/tutorials/RustROS2/src/install/service_msgs/lib:/home/rsanz/git/learning/ros2/tutorials/RustROS2/src/install/unique_identifier_msgs/lib:/home/rsanz/git/learning/ros2/tutorials/RustROS2/src/install/builtin_interfaces/lib:${LD_LIBRARY_PATH} PYTHONPATH=/home/rsanz/git/learning/ros2/tutorials/RustROS2/src/install/action_msgs/lib/python3.12/site-packages:/home/rsanz/git/learning/ros2/tutorials/RustROS2/src/install/service_msgs/lib/python3.12/site-packages:/home/rsanz/git/learning/ros2/tutorials/RustROS2/src/install/unique_identifier_msgs/lib/python3.12/site-packages:/home/rsanz/git/learning/ros2/tutorials/RustROS2/src/install/builtin_interfaces/lib/python3.12/site-packages:/home/rsanz/git/learning/ros2/tutorials/RustROS2/src/install/rosidl_generator_rs/lib/python3.12/site-packages:${PYTHONPATH} /usr/bin/cmake --build /home/rsanz/git/learning/ros2/tutorials/RustROS2/src/build/std_msgs -- -j24 -l24
[11.352s] Invoking command in '/home/rsanz/git/learning/ros2/tutorials/RustROS2/src/build/std_msgs': AMENT_PREFIX_PATH=/home/rsanz/git/learning/ros2/tutorials/RustROS2/src/install/rosidl_default_runtime:/home/rsanz/git/learning/ros2/tutorials/RustROS2/src/install/rosidl_default_generators:/home/rsanz/git/learning/ros2/tutorials/RustROS2/src/install/action_msgs:/home/rsanz/git/learning/ros2/tutorials/RustROS2/src/install/service_msgs:/home/rsanz/git/learning/ros2/tutorials/RustROS2/src/install/unique_identifier_msgs:/home/rsanz/git/learning/ros2/tutorials/RustROS2/src/install/builtin_interfaces:/home/rsanz/git/learning/ros2/tutorials/RustROS2/src/install/rosidl_core_runtime:/home/rsanz/git/learning/ros2/tutorials/RustROS2/src/install/rosidl_core_generators:/home/rsanz/git/learning/ros2/tutorials/RustROS2/src/install/rosidl_generator_rs:${AMENT_PREFIX_PATH} CMAKE_PREFIX_PATH=/home/rsanz/git/learning/ros2/tutorials/RustROS2/src/install/rosidl_default_runtime:/home/rsanz/git/learning/ros2/tutorials/RustROS2/src/install/rosidl_default_generators:/home/rsanz/git/learning/ros2/tutorials/RustROS2/src/install/action_msgs:/home/rsanz/git/learning/ros2/tutorials/RustROS2/src/install/service_msgs:/home/rsanz/git/learning/ros2/tutorials/RustROS2/src/install/unique_identifier_msgs:/home/rsanz/git/learning/ros2/tutorials/RustROS2/src/install/builtin_interfaces:/home/rsanz/git/learning/ros2/tutorials/RustROS2/src/install/rosidl_core_runtime:/home/rsanz/git/learning/ros2/tutorials/RustROS2/src/install/rosidl_core_generators:/home/rsanz/git/learning/ros2/tutorials/RustROS2/src/install/rosidl_generator_rs:/opt/ros/jazzy/opt/gz_math_vendor:/opt/ros/jazzy/opt/gz_utils_vendor:/opt/ros/jazzy/opt/gz_cmake_vendor:/opt/ros/jazzy DEBUGINFOD_URLS=https://debuginfod.ubuntu.com LD_LIBRARY_PATH=/home/rsanz/git/learning/ros2/tutorials/RustROS2/src/install/action_msgs/lib:/home/rsanz/git/learning/ros2/tutorials/RustROS2/src/install/service_msgs/lib:/home/rsanz/git/learning/ros2/tutorials/RustROS2/src/install/unique_identifier_msgs/lib:/home/rsanz/git/learning/ros2/tutorials/RustROS2/src/install/builtin_interfaces/lib:${LD_LIBRARY_PATH} PYTHONPATH=/home/rsanz/git/learning/ros2/tutorials/RustROS2/src/install/action_msgs/lib/python3.12/site-packages:/home/rsanz/git/learning/ros2/tutorials/RustROS2/src/install/service_msgs/lib/python3.12/site-packages:/home/rsanz/git/learning/ros2/tutorials/RustROS2/src/install/unique_identifier_msgs/lib/python3.12/site-packages:/home/rsanz/git/learning/ros2/tutorials/RustROS2/src/install/builtin_interfaces/lib/python3.12/site-packages:/home/rsanz/git/learning/ros2/tutorials/RustROS2/src/install/rosidl_generator_rs/lib/python3.12/site-packages:${PYTHONPATH} /usr/bin/cmake --install /home/rsanz/git/learning/ros2/tutorials/RustROS2/src/build/std_msgs
[11.360s] -- Install configuration: ""
[11.360s] -- Installing: /home/rsanz/git/learning/ros2/tutorials/RustROS2/src/install/std_msgs/share/ament_index/resource_index/rosidl_interfaces/std_msgs
[11.360s] -- Installing: /home/rsanz/git/learning/ros2/tutorials/RustROS2/src/install/std_msgs/share/std_msgs/msg/Bool.json
[11.360s] -- Installing: /home/rsanz/git/learning/ros2/tutorials/RustROS2/src/install/std_msgs/share/std_msgs/msg/Byte.json
[11.361s] -- Installing: /home/rsanz/git/learning/ros2/tutorials/RustROS2/src/install/std_msgs/share/std_msgs/msg/ByteMultiArray.json
[11.361s] -- Installing: /home/rsanz/git/learning/ros2/tutorials/RustROS2/src/install/std_msgs/share/std_msgs/msg/Char.json
[11.361s] -- Installing: /home/rsanz/git/learning/ros2/tutorials/RustROS2/src/install/std_msgs/share/std_msgs/msg/ColorRGBA.json
[11.361s] -- Installing: /home/rsanz/git/learning/ros2/tutorials/RustROS2/src/install/std_msgs/share/std_msgs/msg/Empty.json
[11.361s] -- Installing: /home/rsanz/git/learning/ros2/tutorials/RustROS2/src/install/std_msgs/share/std_msgs/msg/Float32.json
[11.361s] -- Installing: /home/rsanz/git/learning/ros2/tutorials/RustROS2/src/install/std_msgs/share/std_msgs/msg/Float32MultiArray.json
[11.362s] -- Installing: /home/rsanz/git/learning/ros2/tutorials/RustROS2/src/install/std_msgs/share/std_msgs/msg/Float64.json
[11.362s] -- Installing: /home/rsanz/git/learning/ros2/tutorials/RustROS2/src/install/std_msgs/share/std_msgs/msg/Float64MultiArray.json
[11.362s] -- Installing: /home/rsanz/git/learning/ros2/tutorials/RustROS2/src/install/std_msgs/share/std_msgs/msg/Header.json
[11.362s] -- Installing: /home/rsanz/git/learning/ros2/tutorials/RustROS2/src/install/std_msgs/share/std_msgs/msg/Int16.json
[11.362s] -- Installing: /home/rsanz/git/learning/ros2/tutorials/RustROS2/src/install/std_msgs/share/std_msgs/msg/Int16MultiArray.json
[11.362s] -- Installing: /home/rsanz/git/learning/ros2/tutorials/RustROS2/src/install/std_msgs/share/std_msgs/msg/Int32.json
[11.363s] -- Installing: /home/rsanz/git/learning/ros2/tutorials/RustROS2/src/install/std_msgs/share/std_msgs/msg/Int32MultiArray.json
[11.363s] -- Installing: /home/rsanz/git/learning/ros2/tutorials/RustROS2/src/install/std_msgs/share/std_msgs/msg/Int64.json
[11.363s] -- Installing: /home/rsanz/git/learning/ros2/tutorials/RustROS2/src/install/std_msgs/share/std_msgs/msg/Int64MultiArray.json
[11.363s] -- Installing: /home/rsanz/git/learning/ros2/tutorials/RustROS2/src/install/std_msgs/share/std_msgs/msg/Int8.json
[11.363s] -- Installing: /home/rsanz/git/learning/ros2/tutorials/RustROS2/src/install/std_msgs/share/std_msgs/msg/Int8MultiArray.json
[11.363s] -- Installing: /home/rsanz/git/learning/ros2/tutorials/RustROS2/src/install/std_msgs/share/std_msgs/msg/MultiArrayDimension.json
[11.364s] -- Installing: /home/rsanz/git/learning/ros2/tutorials/RustROS2/src/install/std_msgs/share/std_msgs/msg/MultiArrayLayout.json
[11.364s] -- Installing: /home/rsanz/git/learning/ros2/tutorials/RustROS2/src/install/std_msgs/share/std_msgs/msg/String.json
[11.364s] -- Installing: /home/rsanz/git/learning/ros2/tutorials/RustROS2/src/install/std_msgs/share/std_msgs/msg/UInt16.json
[11.364s] -- Installing: /home/rsanz/git/learning/ros2/tutorials/RustROS2/src/install/std_msgs/share/std_msgs/msg/UInt16MultiArray.json
[11.364s] -- Installing: /home/rsanz/git/learning/ros2/tutorials/RustROS2/src/install/std_msgs/share/std_msgs/msg/UInt32.json
[11.364s] -- Installing: /home/rsanz/git/learning/ros2/tutorials/RustROS2/src/install/std_msgs/share/std_msgs/msg/UInt32MultiArray.json
[11.365s] -- Installing: /home/rsanz/git/learning/ros2/tutorials/RustROS2/src/install/std_msgs/share/std_msgs/msg/UInt64.json
[11.365s] -- Installing: /home/rsanz/git/learning/ros2/tutorials/RustROS2/src/install/std_msgs/share/std_msgs/msg/UInt64MultiArray.json
[11.365s] -- Installing: /home/rsanz/git/learning/ros2/tutorials/RustROS2/src/install/std_msgs/share/std_msgs/msg/UInt8.json
[11.365s] -- Installing: /home/rsanz/git/learning/ros2/tutorials/RustROS2/src/install/std_msgs/share/std_msgs/msg/UInt8MultiArray.json
[11.365s] -- Installing: /home/rsanz/git/learning/ros2/tutorials/RustROS2/src/install/std_msgs/include/std_msgs/std_msgs
[11.366s] -- Installing: /home/rsanz/git/learning/ros2/tutorials/RustROS2/src/install/std_msgs/include/std_msgs/std_msgs/msg
[11.366s] -- Installing: /home/rsanz/git/learning/ros2/tutorials/RustROS2/src/install/std_msgs/include/std_msgs/std_msgs/msg/bool.h
[11.366s] -- Installing: /home/rsanz/git/learning/ros2/tutorials/RustROS2/src/install/std_msgs/include/std_msgs/std_msgs/msg/rosidl_generator_c__visibility_control.h
[11.366s] -- Installing: /home/rsanz/git/learning/ros2/tutorials/RustROS2/src/install/std_msgs/include/std_msgs/std_msgs/msg/u_int32.h
[11.366s] -- Installing: /home/rsanz/git/learning/ros2/tutorials/RustROS2/src/install/std_msgs/include/std_msgs/std_msgs/msg/int64_multi_array.h
[11.366s] -- Installing: /home/rsanz/git/learning/ros2/tutorials/RustROS2/src/install/std_msgs/include/std_msgs/std_msgs/msg/u_int8.h
[11.366s] -- Installing: /home/rsanz/git/learning/ros2/tutorials/RustROS2/src/install/std_msgs/include/std_msgs/std_msgs/msg/int64.h
[11.367s] -- Installing: /home/rsanz/git/learning/ros2/tutorials/RustROS2/src/install/std_msgs/include/std_msgs/std_msgs/msg/u_int16_multi_array.h
[11.367s] -- Installing: /home/rsanz/git/learning/ros2/tutorials/RustROS2/src/install/std_msgs/include/std_msgs/std_msgs/msg/int32_multi_array.h
[11.367s] -- Installing: /home/rsanz/git/learning/ros2/tutorials/RustROS2/src/install/std_msgs/include/std_msgs/std_msgs/msg/int32.h
[11.367s] -- Installing: /home/rsanz/git/learning/ros2/tutorials/RustROS2/src/install/std_msgs/include/std_msgs/std_msgs/msg/header.h
[11.367s] -- Installing: /home/rsanz/git/learning/ros2/tutorials/RustROS2/src/install/std_msgs/include/std_msgs/std_msgs/msg/char.h
[11.367s] -- Installing: /home/rsanz/git/learning/ros2/tutorials/RustROS2/src/install/std_msgs/include/std_msgs/std_msgs/msg/byte_multi_array.h
[11.367s] -- Installing: /home/rsanz/git/learning/ros2/tutorials/RustROS2/src/install/std_msgs/include/std_msgs/std_msgs/msg/int16_multi_array.h
[11.368s] -- Installing: /home/rsanz/git/learning/ros2/tutorials/RustROS2/src/install/std_msgs/include/std_msgs/std_msgs/msg/int8.h
[11.368s] -- Installing: /home/rsanz/git/learning/ros2/tutorials/RustROS2/src/install/std_msgs/include/std_msgs/std_msgs/msg/u_int64.h
[11.368s] -- Installing: /home/rsanz/git/learning/ros2/tutorials/RustROS2/src/install/std_msgs/include/std_msgs/std_msgs/msg/multi_array_dimension.h
[11.368s] -- Installing: /home/rsanz/git/learning/ros2/tutorials/RustROS2/src/install/std_msgs/include/std_msgs/std_msgs/msg/float32_multi_array.h
[11.368s] -- Installing: /home/rsanz/git/learning/ros2/tutorials/RustROS2/src/install/std_msgs/include/std_msgs/std_msgs/msg/u_int32_multi_array.h
[11.368s] -- Installing: /home/rsanz/git/learning/ros2/tutorials/RustROS2/src/install/std_msgs/include/std_msgs/std_msgs/msg/empty.h
[11.368s] -- Installing: /home/rsanz/git/learning/ros2/tutorials/RustROS2/src/install/std_msgs/include/std_msgs/std_msgs/msg/float64.h
[11.369s] -- Installing: /home/rsanz/git/learning/ros2/tutorials/RustROS2/src/install/std_msgs/include/std_msgs/std_msgs/msg/byte.h
[11.369s] -- Installing: /home/rsanz/git/learning/ros2/tutorials/RustROS2/src/install/std_msgs/include/std_msgs/std_msgs/msg/u_int16.h
[11.369s] -- Installing: /home/rsanz/git/learning/ros2/tutorials/RustROS2/src/install/std_msgs/include/std_msgs/std_msgs/msg/detail
[11.369s] -- Installing: /home/rsanz/git/learning/ros2/tutorials/RustROS2/src/install/std_msgs/include/std_msgs/std_msgs/msg/detail/float64_multi_array__struct.h
[11.369s] -- Installing: /home/rsanz/git/learning/ros2/tutorials/RustROS2/src/install/std_msgs/include/std_msgs/std_msgs/msg/detail/int32__type_support.h
[11.369s] -- Installing: /home/rsanz/git/learning/ros2/tutorials/RustROS2/src/install/std_msgs/include/std_msgs/std_msgs/msg/detail/u_int64__struct.h
[11.369s] -- Installing: /home/rsanz/git/learning/ros2/tutorials/RustROS2/src/install/std_msgs/include/std_msgs/std_msgs/msg/detail/float64_multi_array__description.c
[11.370s] -- Installing: /home/rsanz/git/learning/ros2/tutorials/RustROS2/src/install/std_msgs/include/std_msgs/std_msgs/msg/detail/u_int8__functions.c
[11.370s] -- Installing: /home/rsanz/git/learning/ros2/tutorials/RustROS2/src/install/std_msgs/include/std_msgs/std_msgs/msg/detail/char__functions.h
[11.370s] -- Installing: /home/rsanz/git/learning/ros2/tutorials/RustROS2/src/install/std_msgs/include/std_msgs/std_msgs/msg/detail/float64__type_support.h
[11.370s] -- Installing: /home/rsanz/git/learning/ros2/tutorials/RustROS2/src/install/std_msgs/include/std_msgs/std_msgs/msg/detail/u_int16__type_support.h
[11.370s] -- Installing: /home/rsanz/git/learning/ros2/tutorials/RustROS2/src/install/std_msgs/include/std_msgs/std_msgs/msg/detail/int64_multi_array__type_support.h
[11.370s] -- Installing: /home/rsanz/git/learning/ros2/tutorials/RustROS2/src/install/std_msgs/include/std_msgs/std_msgs/msg/detail/u_int16__description.c
[11.370s] -- Installing: /home/rsanz/git/learning/ros2/tutorials/RustROS2/src/install/std_msgs/include/std_msgs/std_msgs/msg/detail/u_int32__struct.h
[11.370s] -- Installing: /home/rsanz/git/learning/ros2/tutorials/RustROS2/src/install/std_msgs/include/std_msgs/std_msgs/msg/detail/u_int8_multi_array__type_support.h
[11.371s] -- Installing: /home/rsanz/git/learning/ros2/tutorials/RustROS2/src/install/std_msgs/include/std_msgs/std_msgs/msg/detail/header__type_support.c
[11.371s] -- Installing: /home/rsanz/git/learning/ros2/tutorials/RustROS2/src/install/std_msgs/include/std_msgs/std_msgs/msg/detail/int16_multi_array__type_support.c
[11.371s] -- Installing: /home/rsanz/git/learning/ros2/tutorials/RustROS2/src/install/std_msgs/include/std_msgs/std_msgs/msg/detail/int8__struct.h
[11.371s] -- Installing: /home/rsanz/git/learning/ros2/tutorials/RustROS2/src/install/std_msgs/include/std_msgs/std_msgs/msg/detail/u_int32_multi_array__functions.h
[11.371s] -- Installing: /home/rsanz/git/learning/ros2/tutorials/RustROS2/src/install/std_msgs/include/std_msgs/std_msgs/msg/detail/multi_array_layout__functions.h
[11.371s] -- Installing: /home/rsanz/git/learning/ros2/tutorials/RustROS2/src/install/std_msgs/include/std_msgs/std_msgs/msg/detail/header__type_support.h
[11.371s] -- Installing: /home/rsanz/git/learning/ros2/tutorials/RustROS2/src/install/std_msgs/include/std_msgs/std_msgs/msg/detail/int8__description.c
[11.371s] -- Installing: /home/rsanz/git/learning/ros2/tutorials/RustROS2/src/install/std_msgs/include/std_msgs/std_msgs/msg/detail/float32_multi_array__functions.c
[11.372s] -- Installing: /home/rsanz/git/learning/ros2/tutorials/RustROS2/src/install/std_msgs/include/std_msgs/std_msgs/msg/detail/float32__struct.h
[11.372s] -- Installing: /home/rsanz/git/learning/ros2/tutorials/RustROS2/src/install/std_msgs/include/std_msgs/std_msgs/msg/detail/char__description.c
[11.372s] -- Installing: /home/rsanz/git/learning/ros2/tutorials/RustROS2/src/install/std_msgs/include/std_msgs/std_msgs/msg/detail/u_int16__functions.c
[11.372s] -- Installing: /home/rsanz/git/learning/ros2/tutorials/RustROS2/src/install/std_msgs/include/std_msgs/std_msgs/msg/detail/float32_multi_array__functions.h
[11.372s] -- Installing: /home/rsanz/git/learning/ros2/tutorials/RustROS2/src/install/std_msgs/include/std_msgs/std_msgs/msg/detail/int8__functions.c
[11.372s] -- Installing: /home/rsanz/git/learning/ros2/tutorials/RustROS2/src/install/std_msgs/include/std_msgs/std_msgs/msg/detail/byte_multi_array__description.c
[11.372s] -- Installing: /home/rsanz/git/learning/ros2/tutorials/RustROS2/src/install/std_msgs/include/std_msgs/std_msgs/msg/detail/u_int16__functions.h
[11.372s] -- Installing: /home/rsanz/git/learning/ros2/tutorials/RustROS2/src/install/std_msgs/include/std_msgs/std_msgs/msg/detail/color_rgba__description.c
[11.373s] -- Installing: /home/rsanz/git/learning/ros2/tutorials/RustROS2/src/install/std_msgs/include/std_msgs/std_msgs/msg/detail/int64__type_support.c
[11.373s] -- Installing: /home/rsanz/git/learning/ros2/tutorials/RustROS2/src/install/std_msgs/include/std_msgs/std_msgs/msg/detail/int64__functions.c
[11.373s] -- Installing: /home/rsanz/git/learning/ros2/tutorials/RustROS2/src/install/std_msgs/include/std_msgs/std_msgs/msg/detail/bool__description.c
[11.373s] -- Installing: /home/rsanz/git/learning/ros2/tutorials/RustROS2/src/install/std_msgs/include/std_msgs/std_msgs/msg/detail/byte__type_support.c
[11.373s] -- Installing: /home/rsanz/git/learning/ros2/tutorials/RustROS2/src/install/std_msgs/include/std_msgs/std_msgs/msg/detail/byte_multi_array__functions.c
[11.373s] -- Installing: /home/rsanz/git/learning/ros2/tutorials/RustROS2/src/install/std_msgs/include/std_msgs/std_msgs/msg/detail/float64_multi_array__functions.h
[11.373s] -- Installing: /home/rsanz/git/learning/ros2/tutorials/RustROS2/src/install/std_msgs/include/std_msgs/std_msgs/msg/detail/color_rgba__functions.h
[11.374s] -- Installing: /home/rsanz/git/learning/ros2/tutorials/RustROS2/src/install/std_msgs/include/std_msgs/std_msgs/msg/detail/u_int64__type_support.h
[11.374s] -- Installing: /home/rsanz/git/learning/ros2/tutorials/RustROS2/src/install/std_msgs/include/std_msgs/std_msgs/msg/detail/string__functions.h
[11.374s] -- Installing: /home/rsanz/git/learning/ros2/tutorials/RustROS2/src/install/std_msgs/include/std_msgs/std_msgs/msg/detail/int16__functions.c
[11.374s] -- Installing: /home/rsanz/git/learning/ros2/tutorials/RustROS2/src/install/std_msgs/include/std_msgs/std_msgs/msg/detail/u_int8__type_support.h
[11.374s] -- Installing: /home/rsanz/git/learning/ros2/tutorials/RustROS2/src/install/std_msgs/include/std_msgs/std_msgs/msg/detail/empty__struct.h
[11.374s] -- Installing: /home/rsanz/git/learning/ros2/tutorials/RustROS2/src/install/std_msgs/include/std_msgs/std_msgs/msg/detail/float64__description.c
[11.374s] -- Installing: /home/rsanz/git/learning/ros2/tutorials/RustROS2/src/install/std_msgs/include/std_msgs/std_msgs/msg/detail/int16_multi_array__functions.c
[11.375s] -- Installing: /home/rsanz/git/learning/ros2/tutorials/RustROS2/src/install/std_msgs/include/std_msgs/std_msgs/msg/detail/byte_multi_array__type_support.h
[11.375s] -- Installing: /home/rsanz/git/learning/ros2/tutorials/RustROS2/src/install/std_msgs/include/std_msgs/std_msgs/msg/detail/float32_multi_array__struct.h
[11.375s] -- Installing: /home/rsanz/git/learning/ros2/tutorials/RustROS2/src/install/std_msgs/include/std_msgs/std_msgs/msg/detail/int64__functions.h
[11.375s] -- Installing: /home/rsanz/git/learning/ros2/tutorials/RustROS2/src/install/std_msgs/include/std_msgs/std_msgs/msg/detail/int64__description.c
[11.375s] -- Installing: /home/rsanz/git/learning/ros2/tutorials/RustROS2/src/install/std_msgs/include/std_msgs/std_msgs/msg/detail/header__description.c
[11.375s] -- Installing: /home/rsanz/git/learning/ros2/tutorials/RustROS2/src/install/std_msgs/include/std_msgs/std_msgs/msg/detail/int32__struct.h
[11.375s] -- Installing: /home/rsanz/git/learning/ros2/tutorials/RustROS2/src/install/std_msgs/include/std_msgs/std_msgs/msg/detail/int16__type_support.c
[11.375s] -- Installing: /home/rsanz/git/learning/ros2/tutorials/RustROS2/src/install/std_msgs/include/std_msgs/std_msgs/msg/detail/int8_multi_array__functions.c
[11.376s] -- Installing: /home/rsanz/git/learning/ros2/tutorials/RustROS2/src/install/std_msgs/include/std_msgs/std_msgs/msg/detail/float64__functions.h
[11.376s] -- Installing: /home/rsanz/git/learning/ros2/tutorials/RustROS2/src/install/std_msgs/include/std_msgs/std_msgs/msg/detail/float32_multi_array__description.c
[11.376s] -- Installing: /home/rsanz/git/learning/ros2/tutorials/RustROS2/src/install/std_msgs/include/std_msgs/std_msgs/msg/detail/byte_multi_array__functions.h
[11.376s] -- Installing: /home/rsanz/git/learning/ros2/tutorials/RustROS2/src/install/std_msgs/include/std_msgs/std_msgs/msg/detail/u_int64_multi_array__description.c
[11.376s] -- Installing: /home/rsanz/git/learning/ros2/tutorials/RustROS2/src/install/std_msgs/include/std_msgs/std_msgs/msg/detail/int16__description.c
[11.376s] -- Installing: /home/rsanz/git/learning/ros2/tutorials/RustROS2/src/install/std_msgs/include/std_msgs/std_msgs/msg/detail/string__description.c
[11.376s] -- Installing: /home/rsanz/git/learning/ros2/tutorials/RustROS2/src/install/std_msgs/include/std_msgs/std_msgs/msg/detail/empty__functions.h
[11.377s] -- Installing: /home/rsanz/git/learning/ros2/tutorials/RustROS2/src/install/std_msgs/include/std_msgs/std_msgs/msg/detail/u_int32_multi_array__type_support.c
[11.377s] -- Installing: /home/rsanz/git/learning/ros2/tutorials/RustROS2/src/install/std_msgs/include/std_msgs/std_msgs/msg/detail/multi_array_layout__description.c
[11.377s] -- Installing: /home/rsanz/git/learning/ros2/tutorials/RustROS2/src/install/std_msgs/include/std_msgs/std_msgs/msg/detail/u_int64_multi_array__functions.h
[11.377s] -- Installing: /home/rsanz/git/learning/ros2/tutorials/RustROS2/src/install/std_msgs/include/std_msgs/std_msgs/msg/detail/byte__functions.c
[11.377s] -- Installing: /home/rsanz/git/learning/ros2/tutorials/RustROS2/src/install/std_msgs/include/std_msgs/std_msgs/msg/detail/int64_multi_array__struct.h
[11.377s] -- Installing: /home/rsanz/git/learning/ros2/tutorials/RustROS2/src/install/std_msgs/include/std_msgs/std_msgs/msg/detail/u_int32_multi_array__type_support.h
[11.377s] -- Installing: /home/rsanz/git/learning/ros2/tutorials/RustROS2/src/install/std_msgs/include/std_msgs/std_msgs/msg/detail/u_int16_multi_array__functions.h
[11.378s] -- Installing: /home/rsanz/git/learning/ros2/tutorials/RustROS2/src/install/std_msgs/include/std_msgs/std_msgs/msg/detail/u_int8_multi_array__description.c
[11.378s] -- Installing: /home/rsanz/git/learning/ros2/tutorials/RustROS2/src/install/std_msgs/include/std_msgs/std_msgs/msg/detail/int8__type_support.c
[11.378s] -- Installing: /home/rsanz/git/learning/ros2/tutorials/RustROS2/src/install/std_msgs/include/std_msgs/std_msgs/msg/detail/header__functions.c
[11.378s] -- Installing: /home/rsanz/git/learning/ros2/tutorials/RustROS2/src/install/std_msgs/include/std_msgs/std_msgs/msg/detail/string__struct.h
[11.378s] -- Installing: /home/rsanz/git/learning/ros2/tutorials/RustROS2/src/install/std_msgs/include/std_msgs/std_msgs/msg/detail/u_int64_multi_array__struct.h
[11.378s] -- Installing: /home/rsanz/git/learning/ros2/tutorials/RustROS2/src/install/std_msgs/include/std_msgs/std_msgs/msg/detail/multi_array_dimension__struct.h
[11.379s] -- Installing: /home/rsanz/git/learning/ros2/tutorials/RustROS2/src/install/std_msgs/include/std_msgs/std_msgs/msg/detail/float32__functions.c
[11.379s] -- Installing: /home/rsanz/git/learning/ros2/tutorials/RustROS2/src/install/std_msgs/include/std_msgs/std_msgs/msg/detail/u_int16__type_support.c
[11.379s] -- Installing: /home/rsanz/git/learning/ros2/tutorials/RustROS2/src/install/std_msgs/include/std_msgs/std_msgs/msg/detail/float32__description.c
[11.379s] -- Installing: /home/rsanz/git/learning/ros2/tutorials/RustROS2/src/install/std_msgs/include/std_msgs/std_msgs/msg/detail/empty__type_support.h
[11.379s] -- Installing: /home/rsanz/git/learning/ros2/tutorials/RustROS2/src/install/std_msgs/include/std_msgs/std_msgs/msg/detail/u_int16_multi_array__description.c
[11.379s] -- Installing: /home/rsanz/git/learning/ros2/tutorials/RustROS2/src/install/std_msgs/include/std_msgs/std_msgs/msg/detail/char__type_support.h
[11.379s] -- Installing: /home/rsanz/git/learning/ros2/tutorials/RustROS2/src/install/std_msgs/include/std_msgs/std_msgs/msg/detail/int16_multi_array__type_support.h
[11.380s] -- Installing: /home/rsanz/git/learning/ros2/tutorials/RustROS2/src/install/std_msgs/include/std_msgs/std_msgs/msg/detail/u_int8_multi_array__type_support.c
[11.380s] -- Installing: /home/rsanz/git/learning/ros2/tutorials/RustROS2/src/install/std_msgs/include/std_msgs/std_msgs/msg/detail/int32__functions.h
[11.380s] -- Installing: /home/rsanz/git/learning/ros2/tutorials/RustROS2/src/install/std_msgs/include/std_msgs/std_msgs/msg/detail/u_int16_multi_array__struct.h
[11.380s] -- Installing: /home/rsanz/git/learning/ros2/tutorials/RustROS2/src/install/std_msgs/include/std_msgs/std_msgs/msg/detail/bool__functions.c
[11.380s] -- Installing: /home/rsanz/git/learning/ros2/tutorials/RustROS2/src/install/std_msgs/include/std_msgs/std_msgs/msg/detail/u_int32__type_support.c
[11.380s] -- Installing: /home/rsanz/git/learning/ros2/tutorials/RustROS2/src/install/std_msgs/include/std_msgs/std_msgs/msg/detail/int64__struct.h
[11.381s] -- Installing: /home/rsanz/git/learning/ros2/tutorials/RustROS2/src/install/std_msgs/include/std_msgs/std_msgs/msg/detail/u_int32_multi_array__struct.h
[11.381s] -- Installing: /home/rsanz/git/learning/ros2/tutorials/RustROS2/src/install/std_msgs/include/std_msgs/std_msgs/msg/detail/u_int64__functions.c
[11.381s] -- Installing: /home/rsanz/git/learning/ros2/tutorials/RustROS2/src/install/std_msgs/include/std_msgs/std_msgs/msg/detail/u_int8_multi_array__struct.h
[11.381s] -- Installing: /home/rsanz/git/learning/ros2/tutorials/RustROS2/src/install/std_msgs/include/std_msgs/std_msgs/msg/detail/int16__type_support.h
[11.381s] -- Installing: /home/rsanz/git/learning/ros2/tutorials/RustROS2/src/install/std_msgs/include/std_msgs/std_msgs/msg/detail/byte__type_support.h
[11.381s] -- Installing: /home/rsanz/git/learning/ros2/tutorials/RustROS2/src/install/std_msgs/include/std_msgs/std_msgs/msg/detail/float32_multi_array__type_support.c
[11.381s] -- Installing: /home/rsanz/git/learning/ros2/tutorials/RustROS2/src/install/std_msgs/include/std_msgs/std_msgs/msg/detail/int16__functions.h
[11.382s] -- Installing: /home/rsanz/git/learning/ros2/tutorials/RustROS2/src/install/std_msgs/include/std_msgs/std_msgs/msg/detail/bool__type_support.c
[11.382s] -- Installing: /home/rsanz/git/learning/ros2/tutorials/RustROS2/src/install/std_msgs/include/std_msgs/std_msgs/msg/detail/u_int32__description.c
[11.382s] -- Installing: /home/rsanz/git/learning/ros2/tutorials/RustROS2/src/install/std_msgs/include/std_msgs/std_msgs/msg/detail/float32_multi_array__type_support.h
[11.382s] -- Installing: /home/rsanz/git/learning/ros2/tutorials/RustROS2/src/install/std_msgs/include/std_msgs/std_msgs/msg/detail/int8_multi_array__description.c
[11.382s] -- Installing: /home/rsanz/git/learning/ros2/tutorials/RustROS2/src/install/std_msgs/include/std_msgs/std_msgs/msg/detail/int8_multi_array__type_support.h
[11.382s] -- Installing: /home/rsanz/git/learning/ros2/tutorials/RustROS2/src/install/std_msgs/include/std_msgs/std_msgs/msg/detail/int8__functions.h
[11.383s] -- Installing: /home/rsanz/git/learning/ros2/tutorials/RustROS2/src/install/std_msgs/include/std_msgs/std_msgs/msg/detail/u_int16__struct.h
[11.383s] -- Installing: /home/rsanz/git/learning/ros2/tutorials/RustROS2/src/install/std_msgs/include/std_msgs/std_msgs/msg/detail/int64__type_support.h
[11.383s] -- Installing: /home/rsanz/git/learning/ros2/tutorials/RustROS2/src/install/std_msgs/include/std_msgs/std_msgs/msg/detail/int32_multi_array__struct.h
[11.383s] -- Installing: /home/rsanz/git/learning/ros2/tutorials/RustROS2/src/install/std_msgs/include/std_msgs/std_msgs/msg/detail/u_int64__description.c
[11.383s] -- Installing: /home/rsanz/git/learning/ros2/tutorials/RustROS2/src/install/std_msgs/include/std_msgs/std_msgs/msg/detail/char__type_support.c
[11.383s] -- Installing: /home/rsanz/git/learning/ros2/tutorials/RustROS2/src/install/std_msgs/include/std_msgs/std_msgs/msg/detail/int64_multi_array__type_support.c
[11.383s] -- Installing: /home/rsanz/git/learning/ros2/tutorials/RustROS2/src/install/std_msgs/include/std_msgs/std_msgs/msg/detail/int16__struct.h
[11.384s] -- Installing: /home/rsanz/git/learning/ros2/tutorials/RustROS2/src/install/std_msgs/include/std_msgs/std_msgs/msg/detail/int64_multi_array__description.c
[11.384s] -- Installing: /home/rsanz/git/learning/ros2/tutorials/RustROS2/src/install/std_msgs/include/std_msgs/std_msgs/msg/detail/u_int8__description.c
[11.384s] -- Installing: /home/rsanz/git/learning/ros2/tutorials/RustROS2/src/install/std_msgs/include/std_msgs/std_msgs/msg/detail/empty__functions.c
[11.384s] -- Installing: /home/rsanz/git/learning/ros2/tutorials/RustROS2/src/install/std_msgs/include/std_msgs/std_msgs/msg/detail/color_rgba__type_support.h
[11.384s] -- Installing: /home/rsanz/git/learning/ros2/tutorials/RustROS2/src/install/std_msgs/include/std_msgs/std_msgs/msg/detail/u_int8__type_support.c
[11.384s] -- Installing: /home/rsanz/git/learning/ros2/tutorials/RustROS2/src/install/std_msgs/include/std_msgs/std_msgs/msg/detail/int64_multi_array__functions.c
[11.384s] -- Installing: /home/rsanz/git/learning/ros2/tutorials/RustROS2/src/install/std_msgs/include/std_msgs/std_msgs/msg/detail/header__functions.h
[11.385s] -- Installing: /home/rsanz/git/learning/ros2/tutorials/RustROS2/src/install/std_msgs/include/std_msgs/std_msgs/msg/detail/int32_multi_array__functions.c
[11.385s] -- Installing: /home/rsanz/git/learning/ros2/tutorials/RustROS2/src/install/std_msgs/include/std_msgs/std_msgs/msg/detail/char__struct.h
[11.385s] -- Installing: /home/rsanz/git/learning/ros2/tutorials/RustROS2/src/install/std_msgs/include/std_msgs/std_msgs/msg/detail/float32__type_support.h
[11.385s] -- Installing: /home/rsanz/git/learning/ros2/tutorials/RustROS2/src/install/std_msgs/include/std_msgs/std_msgs/msg/detail/u_int64_multi_array__type_support.h
[11.385s] -- Installing: /home/rsanz/git/learning/ros2/tutorials/RustROS2/src/install/std_msgs/include/std_msgs/std_msgs/msg/detail/float64__struct.h
[11.385s] -- Installing: /home/rsanz/git/learning/ros2/tutorials/RustROS2/src/install/std_msgs/include/std_msgs/std_msgs/msg/detail/u_int8_multi_array__functions.c
[11.385s] -- Installing: /home/rsanz/git/learning/ros2/tutorials/RustROS2/src/install/std_msgs/include/std_msgs/std_msgs/msg/detail/int16_multi_array__description.c
[11.385s] -- Installing: /home/rsanz/git/learning/ros2/tutorials/RustROS2/src/install/std_msgs/include/std_msgs/std_msgs/msg/detail/u_int16_multi_array__type_support.h
[11.386s] -- Installing: /home/rsanz/git/learning/ros2/tutorials/RustROS2/src/install/std_msgs/include/std_msgs/std_msgs/msg/detail/u_int8__functions.h
[11.386s] -- Installing: /home/rsanz/git/learning/ros2/tutorials/RustROS2/src/install/std_msgs/include/std_msgs/std_msgs/msg/detail/int32__description.c
[11.386s] -- Installing: /home/rsanz/git/learning/ros2/tutorials/RustROS2/src/install/std_msgs/include/std_msgs/std_msgs/msg/detail/float32__functions.h
[11.386s] -- Installing: /home/rsanz/git/learning/ros2/tutorials/RustROS2/src/install/std_msgs/include/std_msgs/std_msgs/msg/detail/u_int8_multi_array__functions.h
[11.386s] -- Installing: /home/rsanz/git/learning/ros2/tutorials/RustROS2/src/install/std_msgs/include/std_msgs/std_msgs/msg/detail/header__struct.h
[11.386s] -- Installing: /home/rsanz/git/learning/ros2/tutorials/RustROS2/src/install/std_msgs/include/std_msgs/std_msgs/msg/detail/int16_multi_array__functions.h
[11.386s] -- Installing: /home/rsanz/git/learning/ros2/tutorials/RustROS2/src/install/std_msgs/include/std_msgs/std_msgs/msg/detail/multi_array_dimension__type_support.h
[11.387s] -- Installing: /home/rsanz/git/learning/ros2/tutorials/RustROS2/src/install/std_msgs/include/std_msgs/std_msgs/msg/detail/multi_array_dimension__description.c
[11.387s] -- Installing: /home/rsanz/git/learning/ros2/tutorials/RustROS2/src/install/std_msgs/include/std_msgs/std_msgs/msg/detail/u_int64_multi_array__functions.c
[11.387s] -- Installing: /home/rsanz/git/learning/ros2/tutorials/RustROS2/src/install/std_msgs/include/std_msgs/std_msgs/msg/detail/multi_array_layout__struct.h
[11.387s] -- Installing: /home/rsanz/git/learning/ros2/tutorials/RustROS2/src/install/std_msgs/include/std_msgs/std_msgs/msg/detail/float64_multi_array__type_support.c
[11.387s] -- Installing: /home/rsanz/git/learning/ros2/tutorials/RustROS2/src/install/std_msgs/include/std_msgs/std_msgs/msg/detail/byte__description.c
[11.387s] -- Installing: /home/rsanz/git/learning/ros2/tutorials/RustROS2/src/install/std_msgs/include/std_msgs/std_msgs/msg/detail/u_int16_multi_array__type_support.c
[11.387s] -- Installing: /home/rsanz/git/learning/ros2/tutorials/RustROS2/src/install/std_msgs/include/std_msgs/std_msgs/msg/detail/u_int32_multi_array__description.c
[11.388s] -- Installing: /home/rsanz/git/learning/ros2/tutorials/RustROS2/src/install/std_msgs/include/std_msgs/std_msgs/msg/detail/u_int32__type_support.h
[11.388s] -- Installing: /home/rsanz/git/learning/ros2/tutorials/RustROS2/src/install/std_msgs/include/std_msgs/std_msgs/msg/detail/u_int64_multi_array__type_support.c
[11.388s] -- Installing: /home/rsanz/git/learning/ros2/tutorials/RustROS2/src/install/std_msgs/include/std_msgs/std_msgs/msg/detail/u_int32__functions.h
[11.388s] -- Installing: /home/rsanz/git/learning/ros2/tutorials/RustROS2/src/install/std_msgs/include/std_msgs/std_msgs/msg/detail/int32_multi_array__type_support.h
[11.388s] -- Installing: /home/rsanz/git/learning/ros2/tutorials/RustROS2/src/install/std_msgs/include/std_msgs/std_msgs/msg/detail/multi_array_dimension__functions.c
[11.388s] -- Installing: /home/rsanz/git/learning/ros2/tutorials/RustROS2/src/install/std_msgs/include/std_msgs/std_msgs/msg/detail/color_rgba__functions.c
[11.388s] -- Installing: /home/rsanz/git/learning/ros2/tutorials/RustROS2/src/install/std_msgs/include/std_msgs/std_msgs/msg/detail/byte_multi_array__type_support.c
[11.388s] -- Installing: /home/rsanz/git/learning/ros2/tutorials/RustROS2/src/install/std_msgs/include/std_msgs/std_msgs/msg/detail/color_rgba__struct.h
[11.389s] -- Installing: /home/rsanz/git/learning/ros2/tutorials/RustROS2/src/install/std_msgs/include/std_msgs/std_msgs/msg/detail/bool__struct.h
[11.389s] -- Installing: /home/rsanz/git/learning/ros2/tutorials/RustROS2/src/install/std_msgs/include/std_msgs/std_msgs/msg/detail/int32__type_support.c
[11.389s] -- Installing: /home/rsanz/git/learning/ros2/tutorials/RustROS2/src/install/std_msgs/include/std_msgs/std_msgs/msg/detail/byte__struct.h
[11.389s] -- Installing: /home/rsanz/git/learning/ros2/tutorials/RustROS2/src/install/std_msgs/include/std_msgs/std_msgs/msg/detail/u_int32_multi_array__functions.c
[11.389s] -- Installing: /home/rsanz/git/learning/ros2/tutorials/RustROS2/src/install/std_msgs/include/std_msgs/std_msgs/msg/detail/int8_multi_array__type_support.c
[11.389s] -- Installing: /home/rsanz/git/learning/ros2/tutorials/RustROS2/src/install/std_msgs/include/std_msgs/std_msgs/msg/detail/multi_array_layout__type_support.c
[11.389s] -- Installing: /home/rsanz/git/learning/ros2/tutorials/RustROS2/src/install/std_msgs/include/std_msgs/std_msgs/msg/detail/u_int8__struct.h
[11.390s] -- Installing: /home/rsanz/git/learning/ros2/tutorials/RustROS2/src/install/std_msgs/include/std_msgs/std_msgs/msg/detail/char__functions.c
[11.390s] -- Installing: /home/rsanz/git/learning/ros2/tutorials/RustROS2/src/install/std_msgs/include/std_msgs/std_msgs/msg/detail/multi_array_dimension__type_support.c
[11.390s] -- Installing: /home/rsanz/git/learning/ros2/tutorials/RustROS2/src/install/std_msgs/include/std_msgs/std_msgs/msg/detail/color_rgba__type_support.c
[11.390s] -- Installing: /home/rsanz/git/learning/ros2/tutorials/RustROS2/src/install/std_msgs/include/std_msgs/std_msgs/msg/detail/float32__type_support.c
[11.390s] -- Installing: /home/rsanz/git/learning/ros2/tutorials/RustROS2/src/install/std_msgs/include/std_msgs/std_msgs/msg/detail/int32_multi_array__type_support.c
[11.390s] -- Installing: /home/rsanz/git/learning/ros2/tutorials/RustROS2/src/install/std_msgs/include/std_msgs/std_msgs/msg/detail/int8__type_support.h
[11.390s] -- Installing: /home/rsanz/git/learning/ros2/tutorials/RustROS2/src/install/std_msgs/include/std_msgs/std_msgs/msg/detail/string__type_support.h
[11.390s] -- Installing: /home/rsanz/git/learning/ros2/tutorials/RustROS2/src/install/std_msgs/include/std_msgs/std_msgs/msg/detail/int64_multi_array__functions.h
[11.391s] -- Installing: /home/rsanz/git/learning/ros2/tutorials/RustROS2/src/install/std_msgs/include/std_msgs/std_msgs/msg/detail/float64_multi_array__functions.c
[11.391s] -- Installing: /home/rsanz/git/learning/ros2/tutorials/RustROS2/src/install/std_msgs/include/std_msgs/std_msgs/msg/detail/byte_multi_array__struct.h
[11.391s] -- Installing: /home/rsanz/git/learning/ros2/tutorials/RustROS2/src/install/std_msgs/include/std_msgs/std_msgs/msg/detail/float64__functions.c
[11.391s] -- Installing: /home/rsanz/git/learning/ros2/tutorials/RustROS2/src/install/std_msgs/include/std_msgs/std_msgs/msg/detail/int8_multi_array__functions.h
[11.391s] -- Installing: /home/rsanz/git/learning/ros2/tutorials/RustROS2/src/install/std_msgs/include/std_msgs/std_msgs/msg/detail/int8_multi_array__struct.h
[11.391s] -- Installing: /home/rsanz/git/learning/ros2/tutorials/RustROS2/src/install/std_msgs/include/std_msgs/std_msgs/msg/detail/empty__type_support.c
[11.391s] -- Installing: /home/rsanz/git/learning/ros2/tutorials/RustROS2/src/install/std_msgs/include/std_msgs/std_msgs/msg/detail/multi_array_layout__functions.c
[11.392s] -- Installing: /home/rsanz/git/learning/ros2/tutorials/RustROS2/src/install/std_msgs/include/std_msgs/std_msgs/msg/detail/u_int16_multi_array__functions.c
[11.392s] -- Installing: /home/rsanz/git/learning/ros2/tutorials/RustROS2/src/install/std_msgs/include/std_msgs/std_msgs/msg/detail/u_int64__type_support.c
[11.392s] -- Installing: /home/rsanz/git/learning/ros2/tutorials/RustROS2/src/install/std_msgs/include/std_msgs/std_msgs/msg/detail/int16_multi_array__struct.h
[11.392s] -- Installing: /home/rsanz/git/learning/ros2/tutorials/RustROS2/src/install/std_msgs/include/std_msgs/std_msgs/msg/detail/u_int64__functions.h
[11.392s] -- Installing: /home/rsanz/git/learning/ros2/tutorials/RustROS2/src/install/std_msgs/include/std_msgs/std_msgs/msg/detail/byte__functions.h
[11.392s] -- Installing: /home/rsanz/git/learning/ros2/tutorials/RustROS2/src/install/std_msgs/include/std_msgs/std_msgs/msg/detail/float64__type_support.c
[11.392s] -- Installing: /home/rsanz/git/learning/ros2/tutorials/RustROS2/src/install/std_msgs/include/std_msgs/std_msgs/msg/detail/int32__functions.c
[11.393s] -- Installing: /home/rsanz/git/learning/ros2/tutorials/RustROS2/src/install/std_msgs/include/std_msgs/std_msgs/msg/detail/string__functions.c
[11.393s] -- Installing: /home/rsanz/git/learning/ros2/tutorials/RustROS2/src/install/std_msgs/include/std_msgs/std_msgs/msg/detail/int32_multi_array__description.c
[11.393s] -- Installing: /home/rsanz/git/learning/ros2/tutorials/RustROS2/src/install/std_msgs/include/std_msgs/std_msgs/msg/detail/multi_array_dimension__functions.h
[11.393s] -- Installing: /home/rsanz/git/learning/ros2/tutorials/RustROS2/src/install/std_msgs/include/std_msgs/std_msgs/msg/detail/empty__description.c
[11.393s] -- Installing: /home/rsanz/git/learning/ros2/tutorials/RustROS2/src/install/std_msgs/include/std_msgs/std_msgs/msg/detail/bool__functions.h
[11.393s] -- Installing: /home/rsanz/git/learning/ros2/tutorials/RustROS2/src/install/std_msgs/include/std_msgs/std_msgs/msg/detail/multi_array_layout__type_support.h
[11.393s] -- Installing: /home/rsanz/git/learning/ros2/tutorials/RustROS2/src/install/std_msgs/include/std_msgs/std_msgs/msg/detail/u_int32__functions.c
[11.394s] -- Installing: /home/rsanz/git/learning/ros2/tutorials/RustROS2/src/install/std_msgs/include/std_msgs/std_msgs/msg/detail/string__type_support.c
[11.394s] -- Installing: /home/rsanz/git/learning/ros2/tutorials/RustROS2/src/install/std_msgs/include/std_msgs/std_msgs/msg/detail/bool__type_support.h
[11.394s] -- Installing: /home/rsanz/git/learning/ros2/tutorials/RustROS2/src/install/std_msgs/include/std_msgs/std_msgs/msg/detail/int32_multi_array__functions.h
[11.394s] -- Installing: /home/rsanz/git/learning/ros2/tutorials/RustROS2/src/install/std_msgs/include/std_msgs/std_msgs/msg/detail/float64_multi_array__type_support.h
[11.394s] -- Installing: /home/rsanz/git/learning/ros2/tutorials/RustROS2/src/install/std_msgs/include/std_msgs/std_msgs/msg/u_int64_multi_array.h
[11.394s] -- Installing: /home/rsanz/git/learning/ros2/tutorials/RustROS2/src/install/std_msgs/include/std_msgs/std_msgs/msg/multi_array_layout.h
[11.394s] -- Installing: /home/rsanz/git/learning/ros2/tutorials/RustROS2/src/install/std_msgs/include/std_msgs/std_msgs/msg/int16.h
[11.395s] -- Installing: /home/rsanz/git/learning/ros2/tutorials/RustROS2/src/install/std_msgs/include/std_msgs/std_msgs/msg/float32.h
[11.395s] -- Installing: /home/rsanz/git/learning/ros2/tutorials/RustROS2/src/install/std_msgs/include/std_msgs/std_msgs/msg/float64_multi_array.h
[11.395s] -- Installing: /home/rsanz/git/learning/ros2/tutorials/RustROS2/src/install/std_msgs/include/std_msgs/std_msgs/msg/string.h
[11.395s] -- Installing: /home/rsanz/git/learning/ros2/tutorials/RustROS2/src/install/std_msgs/include/std_msgs/std_msgs/msg/color_rgba.h
[11.395s] -- Installing: /home/rsanz/git/learning/ros2/tutorials/RustROS2/src/install/std_msgs/include/std_msgs/std_msgs/msg/u_int8_multi_array.h
[11.395s] -- Installing: /home/rsanz/git/learning/ros2/tutorials/RustROS2/src/install/std_msgs/include/std_msgs/std_msgs/msg/int8_multi_array.h
[11.395s] -- Installing: /home/rsanz/git/learning/ros2/tutorials/RustROS2/src/install/std_msgs/share/std_msgs/environment/library_path.sh
[11.395s] -- Installing: /home/rsanz/git/learning/ros2/tutorials/RustROS2/src/install/std_msgs/share/std_msgs/environment/library_path.dsv
[11.396s] -- Installing: /home/rsanz/git/learning/ros2/tutorials/RustROS2/src/install/std_msgs/lib/libstd_msgs__rosidl_generator_c.so
[11.396s] -- Set non-toolchain portion of runtime path of "/home/rsanz/git/learning/ros2/tutorials/RustROS2/src/install/std_msgs/lib/libstd_msgs__rosidl_generator_c.so" to ""
[11.396s] -- Up-to-date: /home/rsanz/git/learning/ros2/tutorials/RustROS2/src/install/std_msgs/include/std_msgs/std_msgs
[11.396s] -- Up-to-date: /home/rsanz/git/learning/ros2/tutorials/RustROS2/src/install/std_msgs/include/std_msgs/std_msgs/msg
[11.396s] -- Installing: /home/rsanz/git/learning/ros2/tutorials/RustROS2/src/install/std_msgs/include/std_msgs/std_msgs/msg/rosidl_typesupport_fastrtps_c__visibility_control.h
[11.396s] -- Up-to-date: /home/rsanz/git/learning/ros2/tutorials/RustROS2/src/install/std_msgs/include/std_msgs/std_msgs/msg/detail
[11.397s] -- Installing: /home/rsanz/git/learning/ros2/tutorials/RustROS2/src/install/std_msgs/include/std_msgs/std_msgs/msg/detail/int64__rosidl_typesupport_fastrtps_c.h
[11.397s] -- Installing: /home/rsanz/git/learning/ros2/tutorials/RustROS2/src/install/std_msgs/include/std_msgs/std_msgs/msg/detail/u_int64_multi_array__rosidl_typesupport_fastrtps_c.h
[11.397s] -- Installing: /home/rsanz/git/learning/ros2/tutorials/RustROS2/src/install/std_msgs/include/std_msgs/std_msgs/msg/detail/u_int8_multi_array__rosidl_typesupport_fastrtps_c.h
[11.397s] -- Installing: /home/rsanz/git/learning/ros2/tutorials/RustROS2/src/install/std_msgs/include/std_msgs/std_msgs/msg/detail/int64_multi_array__rosidl_typesupport_fastrtps_c.h
[11.397s] -- Installing: /home/rsanz/git/learning/ros2/tutorials/RustROS2/src/install/std_msgs/include/std_msgs/std_msgs/msg/detail/int16__rosidl_typesupport_fastrtps_c.h
[11.397s] -- Installing: /home/rsanz/git/learning/ros2/tutorials/RustROS2/src/install/std_msgs/include/std_msgs/std_msgs/msg/detail/float32__rosidl_typesupport_fastrtps_c.h
[11.397s] -- Installing: /home/rsanz/git/learning/ros2/tutorials/RustROS2/src/install/std_msgs/include/std_msgs/std_msgs/msg/detail/multi_array_dimension__rosidl_typesupport_fastrtps_c.h
[11.397s] -- Installing: /home/rsanz/git/learning/ros2/tutorials/RustROS2/src/install/std_msgs/include/std_msgs/std_msgs/msg/detail/u_int16_multi_array__rosidl_typesupport_fastrtps_c.h
[11.398s] -- Installing: /home/rsanz/git/learning/ros2/tutorials/RustROS2/src/install/std_msgs/include/std_msgs/std_msgs/msg/detail/color_rgba__rosidl_typesupport_fastrtps_c.h
[11.398s] -- Installing: /home/rsanz/git/learning/ros2/tutorials/RustROS2/src/install/std_msgs/include/std_msgs/std_msgs/msg/detail/header__rosidl_typesupport_fastrtps_c.h
[11.398s] -- Installing: /home/rsanz/git/learning/ros2/tutorials/RustROS2/src/install/std_msgs/include/std_msgs/std_msgs/msg/detail/string__rosidl_typesupport_fastrtps_c.h
[11.398s] -- Installing: /home/rsanz/git/learning/ros2/tutorials/RustROS2/src/install/std_msgs/include/std_msgs/std_msgs/msg/detail/byte_multi_array__rosidl_typesupport_fastrtps_c.h
[11.398s] -- Installing: /home/rsanz/git/learning/ros2/tutorials/RustROS2/src/install/std_msgs/include/std_msgs/std_msgs/msg/detail/int16_multi_array__rosidl_typesupport_fastrtps_c.h
[11.398s] -- Installing: /home/rsanz/git/learning/ros2/tutorials/RustROS2/src/install/std_msgs/include/std_msgs/std_msgs/msg/detail/bool__rosidl_typesupport_fastrtps_c.h
[11.398s] -- Installing: /home/rsanz/git/learning/ros2/tutorials/RustROS2/src/install/std_msgs/include/std_msgs/std_msgs/msg/detail/empty__rosidl_typesupport_fastrtps_c.h
[11.399s] -- Installing: /home/rsanz/git/learning/ros2/tutorials/RustROS2/src/install/std_msgs/include/std_msgs/std_msgs/msg/detail/char__rosidl_typesupport_fastrtps_c.h
[11.399s] -- Installing: /home/rsanz/git/learning/ros2/tutorials/RustROS2/src/install/std_msgs/include/std_msgs/std_msgs/msg/detail/u_int8__rosidl_typesupport_fastrtps_c.h
[11.399s] -- Installing: /home/rsanz/git/learning/ros2/tutorials/RustROS2/src/install/std_msgs/include/std_msgs/std_msgs/msg/detail/float64__rosidl_typesupport_fastrtps_c.h
[11.399s] -- Installing: /home/rsanz/git/learning/ros2/tutorials/RustROS2/src/install/std_msgs/include/std_msgs/std_msgs/msg/detail/u_int16__rosidl_typesupport_fastrtps_c.h
[11.399s] -- Installing: /home/rsanz/git/learning/ros2/tutorials/RustROS2/src/install/std_msgs/include/std_msgs/std_msgs/msg/detail/int32__rosidl_typesupport_fastrtps_c.h
[11.399s] -- Installing: /home/rsanz/git/learning/ros2/tutorials/RustROS2/src/install/std_msgs/include/std_msgs/std_msgs/msg/detail/u_int32__rosidl_typesupport_fastrtps_c.h
[11.400s] -- Installing: /home/rsanz/git/learning/ros2/tutorials/RustROS2/src/install/std_msgs/include/std_msgs/std_msgs/msg/detail/byte__rosidl_typesupport_fastrtps_c.h
[11.400s] -- Installing: /home/rsanz/git/learning/ros2/tutorials/RustROS2/src/install/std_msgs/include/std_msgs/std_msgs/msg/detail/int32_multi_array__rosidl_typesupport_fastrtps_c.h
[11.400s] -- Installing: /home/rsanz/git/learning/ros2/tutorials/RustROS2/src/install/std_msgs/include/std_msgs/std_msgs/msg/detail/float32_multi_array__rosidl_typesupport_fastrtps_c.h
[11.400s] -- Installing: /home/rsanz/git/learning/ros2/tutorials/RustROS2/src/install/std_msgs/include/std_msgs/std_msgs/msg/detail/float64_multi_array__rosidl_typesupport_fastrtps_c.h
[11.400s] -- Installing: /home/rsanz/git/learning/ros2/tutorials/RustROS2/src/install/std_msgs/include/std_msgs/std_msgs/msg/detail/u_int64__rosidl_typesupport_fastrtps_c.h
[11.400s] -- Installing: /home/rsanz/git/learning/ros2/tutorials/RustROS2/src/install/std_msgs/include/std_msgs/std_msgs/msg/detail/u_int32_multi_array__rosidl_typesupport_fastrtps_c.h
[11.400s] -- Installing: /home/rsanz/git/learning/ros2/tutorials/RustROS2/src/install/std_msgs/include/std_msgs/std_msgs/msg/detail/int8__rosidl_typesupport_fastrtps_c.h
[11.400s] -- Installing: /home/rsanz/git/learning/ros2/tutorials/RustROS2/src/install/std_msgs/include/std_msgs/std_msgs/msg/detail/multi_array_layout__rosidl_typesupport_fastrtps_c.h
[11.401s] -- Installing: /home/rsanz/git/learning/ros2/tutorials/RustROS2/src/install/std_msgs/include/std_msgs/std_msgs/msg/detail/int8_multi_array__rosidl_typesupport_fastrtps_c.h
[11.401s] -- Installing: /home/rsanz/git/learning/ros2/tutorials/RustROS2/src/install/std_msgs/lib/libstd_msgs__rosidl_typesupport_fastrtps_c.so
[11.401s] -- Set non-toolchain portion of runtime path of "/home/rsanz/git/learning/ros2/tutorials/RustROS2/src/install/std_msgs/lib/libstd_msgs__rosidl_typesupport_fastrtps_c.so" to ""
[11.401s] -- Up-to-date: /home/rsanz/git/learning/ros2/tutorials/RustROS2/src/install/std_msgs/include/std_msgs/std_msgs
[11.401s] -- Up-to-date: /home/rsanz/git/learning/ros2/tutorials/RustROS2/src/install/std_msgs/include/std_msgs/std_msgs/msg
[11.401s] -- Installing: /home/rsanz/git/learning/ros2/tutorials/RustROS2/src/install/std_msgs/include/std_msgs/std_msgs/msg/multi_array_dimension.hpp
[11.402s] -- Installing: /home/rsanz/git/learning/ros2/tutorials/RustROS2/src/install/std_msgs/include/std_msgs/std_msgs/msg/float64_multi_array.hpp
[11.402s] -- Installing: /home/rsanz/git/learning/ros2/tutorials/RustROS2/src/install/std_msgs/include/std_msgs/std_msgs/msg/empty.hpp
[11.402s] -- Installing: /home/rsanz/git/learning/ros2/tutorials/RustROS2/src/install/std_msgs/include/std_msgs/std_msgs/msg/byte.hpp
[11.402s] -- Installing: /home/rsanz/git/learning/ros2/tutorials/RustROS2/src/install/std_msgs/include/std_msgs/std_msgs/msg/string.hpp
[11.402s] -- Installing: /home/rsanz/git/learning/ros2/tutorials/RustROS2/src/install/std_msgs/include/std_msgs/std_msgs/msg/u_int8_multi_array.hpp
[11.402s] -- Installing: /home/rsanz/git/learning/ros2/tutorials/RustROS2/src/install/std_msgs/include/std_msgs/std_msgs/msg/bool.hpp
[11.402s] -- Installing: /home/rsanz/git/learning/ros2/tutorials/RustROS2/src/install/std_msgs/include/std_msgs/std_msgs/msg/int32_multi_array.hpp
[11.402s] -- Installing: /home/rsanz/git/learning/ros2/tutorials/RustROS2/src/install/std_msgs/include/std_msgs/std_msgs/msg/u_int32.hpp
[11.403s] -- Installing: /home/rsanz/git/learning/ros2/tutorials/RustROS2/src/install/std_msgs/include/std_msgs/std_msgs/msg/int8.hpp
[11.403s] -- Installing: /home/rsanz/git/learning/ros2/tutorials/RustROS2/src/install/std_msgs/include/std_msgs/std_msgs/msg/color_rgba.hpp
[11.403s] -- Installing: /home/rsanz/git/learning/ros2/tutorials/RustROS2/src/install/std_msgs/include/std_msgs/std_msgs/msg/float32.hpp
[11.403s] -- Installing: /home/rsanz/git/learning/ros2/tutorials/RustROS2/src/install/std_msgs/include/std_msgs/std_msgs/msg/int16.hpp
[11.403s] -- Installing: /home/rsanz/git/learning/ros2/tutorials/RustROS2/src/install/std_msgs/include/std_msgs/std_msgs/msg/int64.hpp
[11.403s] -- Installing: /home/rsanz/git/learning/ros2/tutorials/RustROS2/src/install/std_msgs/include/std_msgs/std_msgs/msg/u_int8.hpp
[11.403s] -- Installing: /home/rsanz/git/learning/ros2/tutorials/RustROS2/src/install/std_msgs/include/std_msgs/std_msgs/msg/multi_array_layout.hpp
[11.403s] -- Installing: /home/rsanz/git/learning/ros2/tutorials/RustROS2/src/install/std_msgs/include/std_msgs/std_msgs/msg/u_int64_multi_array.hpp
[11.404s] -- Installing: /home/rsanz/git/learning/ros2/tutorials/RustROS2/src/install/std_msgs/include/std_msgs/std_msgs/msg/int16_multi_array.hpp
[11.404s] -- Installing: /home/rsanz/git/learning/ros2/tutorials/RustROS2/src/install/std_msgs/include/std_msgs/std_msgs/msg/byte_multi_array.hpp
[11.404s] -- Installing: /home/rsanz/git/learning/ros2/tutorials/RustROS2/src/install/std_msgs/include/std_msgs/std_msgs/msg/u_int32_multi_array.hpp
[11.404s] -- Installing: /home/rsanz/git/learning/ros2/tutorials/RustROS2/src/install/std_msgs/include/std_msgs/std_msgs/msg/u_int16_multi_array.hpp
[11.404s] -- Installing: /home/rsanz/git/learning/ros2/tutorials/RustROS2/src/install/std_msgs/include/std_msgs/std_msgs/msg/int64_multi_array.hpp
[11.404s] -- Installing: /home/rsanz/git/learning/ros2/tutorials/RustROS2/src/install/std_msgs/include/std_msgs/std_msgs/msg/int32.hpp
[11.404s] -- Up-to-date: /home/rsanz/git/learning/ros2/tutorials/RustROS2/src/install/std_msgs/include/std_msgs/std_msgs/msg/detail
[11.404s] -- Installing: /home/rsanz/git/learning/ros2/tutorials/RustROS2/src/install/std_msgs/include/std_msgs/std_msgs/msg/detail/u_int8_multi_array__traits.hpp
[11.405s] -- Installing: /home/rsanz/git/learning/ros2/tutorials/RustROS2/src/install/std_msgs/include/std_msgs/std_msgs/msg/detail/u_int8__type_support.hpp
[11.405s] -- Installing: /home/rsanz/git/learning/ros2/tutorials/RustROS2/src/install/std_msgs/include/std_msgs/std_msgs/msg/detail/u_int16_multi_array__builder.hpp
[11.405s] -- Installing: /home/rsanz/git/learning/ros2/tutorials/RustROS2/src/install/std_msgs/include/std_msgs/std_msgs/msg/detail/byte__builder.hpp
[11.405s] -- Installing: /home/rsanz/git/learning/ros2/tutorials/RustROS2/src/install/std_msgs/include/std_msgs/std_msgs/msg/detail/multi_array_dimension__struct.hpp
[11.405s] -- Installing: /home/rsanz/git/learning/ros2/tutorials/RustROS2/src/install/std_msgs/include/std_msgs/std_msgs/msg/detail/int32_multi_array__builder.hpp
[11.405s] -- Installing: /home/rsanz/git/learning/ros2/tutorials/RustROS2/src/install/std_msgs/include/std_msgs/std_msgs/msg/detail/int32_multi_array__traits.hpp
[11.405s] -- Installing: /home/rsanz/git/learning/ros2/tutorials/RustROS2/src/install/std_msgs/include/std_msgs/std_msgs/msg/detail/int64__struct.hpp
[11.406s] -- Installing: /home/rsanz/git/learning/ros2/tutorials/RustROS2/src/install/std_msgs/include/std_msgs/std_msgs/msg/detail/header__builder.hpp
[11.406s] -- Installing: /home/rsanz/git/learning/ros2/tutorials/RustROS2/src/install/std_msgs/include/std_msgs/std_msgs/msg/detail/int32_multi_array__struct.hpp
[11.406s] -- Installing: /home/rsanz/git/learning/ros2/tutorials/RustROS2/src/install/std_msgs/include/std_msgs/std_msgs/msg/detail/byte_multi_array__struct.hpp
[11.406s] -- Installing: /home/rsanz/git/learning/ros2/tutorials/RustROS2/src/install/std_msgs/include/std_msgs/std_msgs/msg/detail/float64__struct.hpp
[11.406s] -- Installing: /home/rsanz/git/learning/ros2/tutorials/RustROS2/src/install/std_msgs/include/std_msgs/std_msgs/msg/detail/int64_multi_array__type_support.hpp
[11.406s] -- Installing: /home/rsanz/git/learning/ros2/tutorials/RustROS2/src/install/std_msgs/include/std_msgs/std_msgs/msg/detail/int64__traits.hpp
[11.406s] -- Installing: /home/rsanz/git/learning/ros2/tutorials/RustROS2/src/install/std_msgs/include/std_msgs/std_msgs/msg/detail/u_int64_multi_array__traits.hpp
[11.407s] -- Installing: /home/rsanz/git/learning/ros2/tutorials/RustROS2/src/install/std_msgs/include/std_msgs/std_msgs/msg/detail/float64_multi_array__type_support.hpp
[11.407s] -- Installing: /home/rsanz/git/learning/ros2/tutorials/RustROS2/src/install/std_msgs/include/std_msgs/std_msgs/msg/detail/u_int32_multi_array__type_support.hpp
[11.407s] -- Installing: /home/rsanz/git/learning/ros2/tutorials/RustROS2/src/install/std_msgs/include/std_msgs/std_msgs/msg/detail/int8_multi_array__struct.hpp
[11.407s] -- Installing: /home/rsanz/git/learning/ros2/tutorials/RustROS2/src/install/std_msgs/include/std_msgs/std_msgs/msg/detail/float32_multi_array__type_support.hpp
[11.407s] -- Installing: /home/rsanz/git/learning/ros2/tutorials/RustROS2/src/install/std_msgs/include/std_msgs/std_msgs/msg/detail/u_int32_multi_array__builder.hpp
[11.407s] -- Installing: /home/rsanz/git/learning/ros2/tutorials/RustROS2/src/install/std_msgs/include/std_msgs/std_msgs/msg/detail/u_int16_multi_array__traits.hpp
[11.407s] -- Installing: /home/rsanz/git/learning/ros2/tutorials/RustROS2/src/install/std_msgs/include/std_msgs/std_msgs/msg/detail/int16_multi_array__builder.hpp
[11.408s] -- Installing: /home/rsanz/git/learning/ros2/tutorials/RustROS2/src/install/std_msgs/include/std_msgs/std_msgs/msg/detail/u_int32__traits.hpp
[11.408s] -- Installing: /home/rsanz/git/learning/ros2/tutorials/RustROS2/src/install/std_msgs/include/std_msgs/std_msgs/msg/detail/int16_multi_array__traits.hpp
[11.408s] -- Installing: /home/rsanz/git/learning/ros2/tutorials/RustROS2/src/install/std_msgs/include/std_msgs/std_msgs/msg/detail/float64_multi_array__traits.hpp
[11.408s] -- Installing: /home/rsanz/git/learning/ros2/tutorials/RustROS2/src/install/std_msgs/include/std_msgs/std_msgs/msg/detail/byte__type_support.hpp
[11.408s] -- Installing: /home/rsanz/git/learning/ros2/tutorials/RustROS2/src/install/std_msgs/include/std_msgs/std_msgs/msg/detail/u_int8__struct.hpp
[11.408s] -- Installing: /home/rsanz/git/learning/ros2/tutorials/RustROS2/src/install/std_msgs/include/std_msgs/std_msgs/msg/detail/u_int64__struct.hpp
[11.408s] -- Installing: /home/rsanz/git/learning/ros2/tutorials/RustROS2/src/install/std_msgs/include/std_msgs/std_msgs/msg/detail/multi_array_dimension__builder.hpp
[11.409s] -- Installing: /home/rsanz/git/learning/ros2/tutorials/RustROS2/src/install/std_msgs/include/std_msgs/std_msgs/msg/detail/int8_multi_array__traits.hpp
[11.409s] -- Installing: /home/rsanz/git/learning/ros2/tutorials/RustROS2/src/install/std_msgs/include/std_msgs/std_msgs/msg/detail/char__struct.hpp
[11.409s] -- Installing: /home/rsanz/git/learning/ros2/tutorials/RustROS2/src/install/std_msgs/include/std_msgs/std_msgs/msg/detail/bool__traits.hpp
[11.409s] -- Installing: /home/rsanz/git/learning/ros2/tutorials/RustROS2/src/install/std_msgs/include/std_msgs/std_msgs/msg/detail/u_int16_multi_array__type_support.hpp
[11.409s] -- Installing: /home/rsanz/git/learning/ros2/tutorials/RustROS2/src/install/std_msgs/include/std_msgs/std_msgs/msg/detail/byte__struct.hpp
[11.409s] -- Installing: /home/rsanz/git/learning/ros2/tutorials/RustROS2/src/install/std_msgs/include/std_msgs/std_msgs/msg/detail/u_int16__struct.hpp
[11.409s] -- Installing: /home/rsanz/git/learning/ros2/tutorials/RustROS2/src/install/std_msgs/include/std_msgs/std_msgs/msg/detail/char__type_support.hpp
[11.410s] -- Installing: /home/rsanz/git/learning/ros2/tutorials/RustROS2/src/install/std_msgs/include/std_msgs/std_msgs/msg/detail/int8__struct.hpp
[11.410s] -- Installing: /home/rsanz/git/learning/ros2/tutorials/RustROS2/src/install/std_msgs/include/std_msgs/std_msgs/msg/detail/float64_multi_array__builder.hpp
[11.410s] -- Installing: /home/rsanz/git/learning/ros2/tutorials/RustROS2/src/install/std_msgs/include/std_msgs/std_msgs/msg/detail/int16_multi_array__struct.hpp
[11.410s] -- Installing: /home/rsanz/git/learning/ros2/tutorials/RustROS2/src/install/std_msgs/include/std_msgs/std_msgs/msg/detail/float32_multi_array__struct.hpp
[11.410s] -- Installing: /home/rsanz/git/learning/ros2/tutorials/RustROS2/src/install/std_msgs/include/std_msgs/std_msgs/msg/detail/color_rgba__traits.hpp
[11.410s] -- Installing: /home/rsanz/git/learning/ros2/tutorials/RustROS2/src/install/std_msgs/include/std_msgs/std_msgs/msg/detail/int8_multi_array__builder.hpp
[11.410s] -- Installing: /home/rsanz/git/learning/ros2/tutorials/RustROS2/src/install/std_msgs/include/std_msgs/std_msgs/msg/detail/empty__traits.hpp
[11.410s] -- Installing: /home/rsanz/git/learning/ros2/tutorials/RustROS2/src/install/std_msgs/include/std_msgs/std_msgs/msg/detail/bool__struct.hpp
[11.411s] -- Installing: /home/rsanz/git/learning/ros2/tutorials/RustROS2/src/install/std_msgs/include/std_msgs/std_msgs/msg/detail/u_int8_multi_array__builder.hpp
[11.411s] -- Installing: /home/rsanz/git/learning/ros2/tutorials/RustROS2/src/install/std_msgs/include/std_msgs/std_msgs/msg/detail/int16__type_support.hpp
[11.411s] -- Installing: /home/rsanz/git/learning/ros2/tutorials/RustROS2/src/install/std_msgs/include/std_msgs/std_msgs/msg/detail/multi_array_layout__traits.hpp
[11.411s] -- Installing: /home/rsanz/git/learning/ros2/tutorials/RustROS2/src/install/std_msgs/include/std_msgs/std_msgs/msg/detail/float32_multi_array__builder.hpp
[11.411s] -- Installing: /home/rsanz/git/learning/ros2/tutorials/RustROS2/src/install/std_msgs/include/std_msgs/std_msgs/msg/detail/int32__struct.hpp
[11.411s] -- Installing: /home/rsanz/git/learning/ros2/tutorials/RustROS2/src/install/std_msgs/include/std_msgs/std_msgs/msg/detail/float32__struct.hpp
[11.411s] -- Installing: /home/rsanz/git/learning/ros2/tutorials/RustROS2/src/install/std_msgs/include/std_msgs/std_msgs/msg/detail/int64_multi_array__builder.hpp
[11.412s] -- Installing: /home/rsanz/git/learning/ros2/tutorials/RustROS2/src/install/std_msgs/include/std_msgs/std_msgs/msg/detail/int32__traits.hpp
[11.412s] -- Installing: /home/rsanz/git/learning/ros2/tutorials/RustROS2/src/install/std_msgs/include/std_msgs/std_msgs/msg/detail/color_rgba__struct.hpp
[11.412s] -- Installing: /home/rsanz/git/learning/ros2/tutorials/RustROS2/src/install/std_msgs/include/std_msgs/std_msgs/msg/detail/header__traits.hpp
[11.412s] -- Installing: /home/rsanz/git/learning/ros2/tutorials/RustROS2/src/install/std_msgs/include/std_msgs/std_msgs/msg/detail/byte_multi_array__builder.hpp
[11.412s] -- Installing: /home/rsanz/git/learning/ros2/tutorials/RustROS2/src/install/std_msgs/include/std_msgs/std_msgs/msg/detail/u_int32__struct.hpp
[11.412s] -- Installing: /home/rsanz/git/learning/ros2/tutorials/RustROS2/src/install/std_msgs/include/std_msgs/std_msgs/msg/detail/int32__type_support.hpp
[11.412s] -- Installing: /home/rsanz/git/learning/ros2/tutorials/RustROS2/src/install/std_msgs/include/std_msgs/std_msgs/msg/detail/float32__type_support.hpp
[11.413s] -- Installing: /home/rsanz/git/learning/ros2/tutorials/RustROS2/src/install/std_msgs/include/std_msgs/std_msgs/msg/detail/int64__builder.hpp
[11.413s] -- Installing: /home/rsanz/git/learning/ros2/tutorials/RustROS2/src/install/std_msgs/include/std_msgs/std_msgs/msg/detail/u_int64_multi_array__struct.hpp
[11.413s] -- Installing: /home/rsanz/git/learning/ros2/tutorials/RustROS2/src/install/std_msgs/include/std_msgs/std_msgs/msg/detail/u_int16__type_support.hpp
[11.413s] -- Installing: /home/rsanz/git/learning/ros2/tutorials/RustROS2/src/install/std_msgs/include/std_msgs/std_msgs/msg/detail/byte_multi_array__type_support.hpp
[11.413s] -- Installing: /home/rsanz/git/learning/ros2/tutorials/RustROS2/src/install/std_msgs/include/std_msgs/std_msgs/msg/detail/u_int16_multi_array__struct.hpp
[11.413s] -- Installing: /home/rsanz/git/learning/ros2/tutorials/RustROS2/src/install/std_msgs/include/std_msgs/std_msgs/msg/detail/float32__builder.hpp
[11.413s] -- Installing: /home/rsanz/git/learning/ros2/tutorials/RustROS2/src/install/std_msgs/include/std_msgs/std_msgs/msg/detail/bool__builder.hpp
[11.414s] -- Installing: /home/rsanz/git/learning/ros2/tutorials/RustROS2/src/install/std_msgs/include/std_msgs/std_msgs/msg/detail/byte_multi_array__traits.hpp
[11.414s] -- Installing: /home/rsanz/git/learning/ros2/tutorials/RustROS2/src/install/std_msgs/include/std_msgs/std_msgs/msg/detail/u_int8_multi_array__type_support.hpp
[11.414s] -- Installing: /home/rsanz/git/learning/ros2/tutorials/RustROS2/src/install/std_msgs/include/std_msgs/std_msgs/msg/detail/multi_array_dimension__traits.hpp
[11.414s] -- Installing: /home/rsanz/git/learning/ros2/tutorials/RustROS2/src/install/std_msgs/include/std_msgs/std_msgs/msg/detail/u_int32_multi_array__struct.hpp
[11.414s] -- Installing: /home/rsanz/git/learning/ros2/tutorials/RustROS2/src/install/std_msgs/include/std_msgs/std_msgs/msg/detail/float64__type_support.hpp
[11.414s] -- Installing: /home/rsanz/git/learning/ros2/tutorials/RustROS2/src/install/std_msgs/include/std_msgs/std_msgs/msg/detail/int8__traits.hpp
[11.414s] -- Installing: /home/rsanz/git/learning/ros2/tutorials/RustROS2/src/install/std_msgs/include/std_msgs/std_msgs/msg/detail/multi_array_layout__type_support.hpp
[11.415s] -- Installing: /home/rsanz/git/learning/ros2/tutorials/RustROS2/src/install/std_msgs/include/std_msgs/std_msgs/msg/detail/empty__struct.hpp
[11.415s] -- Installing: /home/rsanz/git/learning/ros2/tutorials/RustROS2/src/install/std_msgs/include/std_msgs/std_msgs/msg/detail/u_int8__traits.hpp
[11.415s] -- Installing: /home/rsanz/git/learning/ros2/tutorials/RustROS2/src/install/std_msgs/include/std_msgs/std_msgs/msg/detail/int32_multi_array__type_support.hpp
[11.415s] -- Installing: /home/rsanz/git/learning/ros2/tutorials/RustROS2/src/install/std_msgs/include/std_msgs/std_msgs/msg/detail/u_int8__builder.hpp
[11.415s] -- Installing: /home/rsanz/git/learning/ros2/tutorials/RustROS2/src/install/std_msgs/include/std_msgs/std_msgs/msg/detail/u_int64__builder.hpp
[11.415s] -- Installing: /home/rsanz/git/learning/ros2/tutorials/RustROS2/src/install/std_msgs/include/std_msgs/std_msgs/msg/detail/multi_array_layout__struct.hpp
[11.415s] -- Installing: /home/rsanz/git/learning/ros2/tutorials/RustROS2/src/install/std_msgs/include/std_msgs/std_msgs/msg/detail/string__type_support.hpp
[11.415s] -- Installing: /home/rsanz/git/learning/ros2/tutorials/RustROS2/src/install/std_msgs/include/std_msgs/std_msgs/msg/detail/u_int64_multi_array__builder.hpp
[11.416s] -- Installing: /home/rsanz/git/learning/ros2/tutorials/RustROS2/src/install/std_msgs/include/std_msgs/std_msgs/msg/detail/empty__type_support.hpp
[11.416s] -- Installing: /home/rsanz/git/learning/ros2/tutorials/RustROS2/src/install/std_msgs/include/std_msgs/std_msgs/msg/detail/empty__builder.hpp
[11.416s] -- Installing: /home/rsanz/git/learning/ros2/tutorials/RustROS2/src/install/std_msgs/include/std_msgs/std_msgs/msg/detail/byte__traits.hpp
[11.416s] -- Installing: /home/rsanz/git/learning/ros2/tutorials/RustROS2/src/install/std_msgs/include/std_msgs/std_msgs/msg/detail/int16__traits.hpp
[11.416s] -- Installing: /home/rsanz/git/learning/ros2/tutorials/RustROS2/src/install/std_msgs/include/std_msgs/std_msgs/msg/detail/u_int8_multi_array__struct.hpp
[11.416s] -- Installing: /home/rsanz/git/learning/ros2/tutorials/RustROS2/src/install/std_msgs/include/std_msgs/std_msgs/msg/detail/color_rgba__type_support.hpp
[11.416s] -- Installing: /home/rsanz/git/learning/ros2/tutorials/RustROS2/src/install/std_msgs/include/std_msgs/std_msgs/msg/detail/u_int64_multi_array__type_support.hpp
[11.417s] -- Installing: /home/rsanz/git/learning/ros2/tutorials/RustROS2/src/install/std_msgs/include/std_msgs/std_msgs/msg/detail/int64_multi_array__traits.hpp
[11.417s] -- Installing: /home/rsanz/git/learning/ros2/tutorials/RustROS2/src/install/std_msgs/include/std_msgs/std_msgs/msg/detail/multi_array_layout__builder.hpp
[11.417s] -- Installing: /home/rsanz/git/learning/ros2/tutorials/RustROS2/src/install/std_msgs/include/std_msgs/std_msgs/msg/detail/char__builder.hpp
[11.417s] -- Installing: /home/rsanz/git/learning/ros2/tutorials/RustROS2/src/install/std_msgs/include/std_msgs/std_msgs/msg/detail/string__traits.hpp
[11.417s] -- Installing: /home/rsanz/git/learning/ros2/tutorials/RustROS2/src/install/std_msgs/include/std_msgs/std_msgs/msg/detail/string__struct.hpp
[11.417s] -- Installing: /home/rsanz/git/learning/ros2/tutorials/RustROS2/src/install/std_msgs/include/std_msgs/std_msgs/msg/detail/u_int16__traits.hpp
[11.417s] -- Installing: /home/rsanz/git/learning/ros2/tutorials/RustROS2/src/install/std_msgs/include/std_msgs/std_msgs/msg/detail/multi_array_dimension__type_support.hpp
[11.418s] -- Installing: /home/rsanz/git/learning/ros2/tutorials/RustROS2/src/install/std_msgs/include/std_msgs/std_msgs/msg/detail/int32__builder.hpp
[11.418s] -- Installing: /home/rsanz/git/learning/ros2/tutorials/RustROS2/src/install/std_msgs/include/std_msgs/std_msgs/msg/detail/u_int64__type_support.hpp
[11.418s] -- Installing: /home/rsanz/git/learning/ros2/tutorials/RustROS2/src/install/std_msgs/include/std_msgs/std_msgs/msg/detail/int16__struct.hpp
[11.418s] -- Installing: /home/rsanz/git/learning/ros2/tutorials/RustROS2/src/install/std_msgs/include/std_msgs/std_msgs/msg/detail/int8__builder.hpp
[11.418s] -- Installing: /home/rsanz/git/learning/ros2/tutorials/RustROS2/src/install/std_msgs/include/std_msgs/std_msgs/msg/detail/color_rgba__builder.hpp
[11.418s] -- Installing: /home/rsanz/git/learning/ros2/tutorials/RustROS2/src/install/std_msgs/include/std_msgs/std_msgs/msg/detail/float64__builder.hpp
[11.418s] -- Installing: /home/rsanz/git/learning/ros2/tutorials/RustROS2/src/install/std_msgs/include/std_msgs/std_msgs/msg/detail/header__struct.hpp
[11.419s] -- Installing: /home/rsanz/git/learning/ros2/tutorials/RustROS2/src/install/std_msgs/include/std_msgs/std_msgs/msg/detail/int64_multi_array__struct.hpp
[11.419s] -- Installing: /home/rsanz/git/learning/ros2/tutorials/RustROS2/src/install/std_msgs/include/std_msgs/std_msgs/msg/detail/int8__type_support.hpp
[11.419s] -- Installing: /home/rsanz/git/learning/ros2/tutorials/RustROS2/src/install/std_msgs/include/std_msgs/std_msgs/msg/detail/int64__type_support.hpp
[11.419s] -- Installing: /home/rsanz/git/learning/ros2/tutorials/RustROS2/src/install/std_msgs/include/std_msgs/std_msgs/msg/detail/int16_multi_array__type_support.hpp
[11.419s] -- Installing: /home/rsanz/git/learning/ros2/tutorials/RustROS2/src/install/std_msgs/include/std_msgs/std_msgs/msg/detail/u_int32__type_support.hpp
[11.419s] -- Installing: /home/rsanz/git/learning/ros2/tutorials/RustROS2/src/install/std_msgs/include/std_msgs/std_msgs/msg/detail/string__builder.hpp
[11.419s] -- Installing: /home/rsanz/git/learning/ros2/tutorials/RustROS2/src/install/std_msgs/include/std_msgs/std_msgs/msg/detail/u_int32_multi_array__traits.hpp
[11.420s] -- Installing: /home/rsanz/git/learning/ros2/tutorials/RustROS2/src/install/std_msgs/include/std_msgs/std_msgs/msg/detail/u_int16__builder.hpp
[11.420s] -- Installing: /home/rsanz/git/learning/ros2/tutorials/RustROS2/src/install/std_msgs/include/std_msgs/std_msgs/msg/detail/u_int32__builder.hpp
[11.420s] -- Installing: /home/rsanz/git/learning/ros2/tutorials/RustROS2/src/install/std_msgs/include/std_msgs/std_msgs/msg/detail/int8_multi_array__type_support.hpp
[11.420s] -- Installing: /home/rsanz/git/learning/ros2/tutorials/RustROS2/src/install/std_msgs/include/std_msgs/std_msgs/msg/detail/header__type_support.hpp
[11.420s] -- Installing: /home/rsanz/git/learning/ros2/tutorials/RustROS2/src/install/std_msgs/include/std_msgs/std_msgs/msg/detail/u_int64__traits.hpp
[11.420s] -- Installing: /home/rsanz/git/learning/ros2/tutorials/RustROS2/src/install/std_msgs/include/std_msgs/std_msgs/msg/detail/float64_multi_array__struct.hpp
[11.420s] -- Installing: /home/rsanz/git/learning/ros2/tutorials/RustROS2/src/install/std_msgs/include/std_msgs/std_msgs/msg/detail/float32_multi_array__traits.hpp
[11.420s] -- Installing: /home/rsanz/git/learning/ros2/tutorials/RustROS2/src/install/std_msgs/include/std_msgs/std_msgs/msg/detail/int16__builder.hpp
[11.421s] -- Installing: /home/rsanz/git/learning/ros2/tutorials/RustROS2/src/install/std_msgs/include/std_msgs/std_msgs/msg/detail/char__traits.hpp
[11.421s] -- Installing: /home/rsanz/git/learning/ros2/tutorials/RustROS2/src/install/std_msgs/include/std_msgs/std_msgs/msg/detail/float64__traits.hpp
[11.421s] -- Installing: /home/rsanz/git/learning/ros2/tutorials/RustROS2/src/install/std_msgs/include/std_msgs/std_msgs/msg/detail/float32__traits.hpp
[11.421s] -- Installing: /home/rsanz/git/learning/ros2/tutorials/RustROS2/src/install/std_msgs/include/std_msgs/std_msgs/msg/detail/bool__type_support.hpp
[11.421s] -- Installing: /home/rsanz/git/learning/ros2/tutorials/RustROS2/src/install/std_msgs/include/std_msgs/std_msgs/msg/header.hpp
[11.421s] -- Installing: /home/rsanz/git/learning/ros2/tutorials/RustROS2/src/install/std_msgs/include/std_msgs/std_msgs/msg/char.hpp
[11.421s] -- Installing: /home/rsanz/git/learning/ros2/tutorials/RustROS2/src/install/std_msgs/include/std_msgs/std_msgs/msg/u_int64.hpp
[11.422s] -- Installing: /home/rsanz/git/learning/ros2/tutorials/RustROS2/src/install/std_msgs/include/std_msgs/std_msgs/msg/float64.hpp
[11.422s] -- Installing: /home/rsanz/git/learning/ros2/tutorials/RustROS2/src/install/std_msgs/include/std_msgs/std_msgs/msg/float32_multi_array.hpp
[11.422s] -- Installing: /home/rsanz/git/learning/ros2/tutorials/RustROS2/src/install/std_msgs/include/std_msgs/std_msgs/msg/int8_multi_array.hpp
[11.422s] -- Installing: /home/rsanz/git/learning/ros2/tutorials/RustROS2/src/install/std_msgs/include/std_msgs/std_msgs/msg/u_int16.hpp
[11.422s] -- Installing: /home/rsanz/git/learning/ros2/tutorials/RustROS2/src/install/std_msgs/include/std_msgs/std_msgs/msg/rosidl_generator_cpp__visibility_control.hpp
[11.422s] -- Up-to-date: /home/rsanz/git/learning/ros2/tutorials/RustROS2/src/install/std_msgs/include/std_msgs/std_msgs
[11.422s] -- Up-to-date: /home/rsanz/git/learning/ros2/tutorials/RustROS2/src/install/std_msgs/include/std_msgs/std_msgs/msg
[11.422s] -- Installing: /home/rsanz/git/learning/ros2/tutorials/RustROS2/src/install/std_msgs/include/std_msgs/std_msgs/msg/rosidl_typesupport_fastrtps_cpp__visibility_control.h
[11.423s] -- Up-to-date: /home/rsanz/git/learning/ros2/tutorials/RustROS2/src/install/std_msgs/include/std_msgs/std_msgs/msg/detail
[11.423s] -- Installing: /home/rsanz/git/learning/ros2/tutorials/RustROS2/src/install/std_msgs/include/std_msgs/std_msgs/msg/detail/float32__rosidl_typesupport_fastrtps_cpp.hpp
[11.423s] -- Installing: /home/rsanz/git/learning/ros2/tutorials/RustROS2/src/install/std_msgs/include/std_msgs/std_msgs/msg/detail/int16__rosidl_typesupport_fastrtps_cpp.hpp
[11.423s] -- Installing: /home/rsanz/git/learning/ros2/tutorials/RustROS2/src/install/std_msgs/include/std_msgs/std_msgs/msg/detail/int16_multi_array__rosidl_typesupport_fastrtps_cpp.hpp
[11.423s] -- Installing: /home/rsanz/git/learning/ros2/tutorials/RustROS2/src/install/std_msgs/include/std_msgs/std_msgs/msg/detail/u_int16_multi_array__rosidl_typesupport_fastrtps_cpp.hpp
[11.423s] -- Installing: /home/rsanz/git/learning/ros2/tutorials/RustROS2/src/install/std_msgs/include/std_msgs/std_msgs/msg/detail/multi_array_layout__rosidl_typesupport_fastrtps_cpp.hpp
[11.423s] -- Installing: /home/rsanz/git/learning/ros2/tutorials/RustROS2/src/install/std_msgs/include/std_msgs/std_msgs/msg/detail/float64__rosidl_typesupport_fastrtps_cpp.hpp
[11.424s] -- Installing: /home/rsanz/git/learning/ros2/tutorials/RustROS2/src/install/std_msgs/include/std_msgs/std_msgs/msg/detail/float64_multi_array__rosidl_typesupport_fastrtps_cpp.hpp
[11.424s] -- Installing: /home/rsanz/git/learning/ros2/tutorials/RustROS2/src/install/std_msgs/include/std_msgs/std_msgs/msg/detail/u_int8_multi_array__rosidl_typesupport_fastrtps_cpp.hpp
[11.424s] -- Installing: /home/rsanz/git/learning/ros2/tutorials/RustROS2/src/install/std_msgs/include/std_msgs/std_msgs/msg/detail/multi_array_dimension__rosidl_typesupport_fastrtps_cpp.hpp
[11.424s] -- Installing: /home/rsanz/git/learning/ros2/tutorials/RustROS2/src/install/std_msgs/include/std_msgs/std_msgs/msg/detail/int32_multi_array__rosidl_typesupport_fastrtps_cpp.hpp
[11.424s] -- Installing: /home/rsanz/git/learning/ros2/tutorials/RustROS2/src/install/std_msgs/include/std_msgs/std_msgs/msg/detail/u_int8__rosidl_typesupport_fastrtps_cpp.hpp
[11.424s] -- Installing: /home/rsanz/git/learning/ros2/tutorials/RustROS2/src/install/std_msgs/include/std_msgs/std_msgs/msg/detail/empty__rosidl_typesupport_fastrtps_cpp.hpp
[11.424s] -- Installing: /home/rsanz/git/learning/ros2/tutorials/RustROS2/src/install/std_msgs/include/std_msgs/std_msgs/msg/detail/u_int32_multi_array__rosidl_typesupport_fastrtps_cpp.hpp
[11.424s] -- Installing: /home/rsanz/git/learning/ros2/tutorials/RustROS2/src/install/std_msgs/include/std_msgs/std_msgs/msg/detail/bool__rosidl_typesupport_fastrtps_cpp.hpp
[11.425s] -- Installing: /home/rsanz/git/learning/ros2/tutorials/RustROS2/src/install/std_msgs/include/std_msgs/std_msgs/msg/detail/int64_multi_array__rosidl_typesupport_fastrtps_cpp.hpp
[11.425s] -- Installing: /home/rsanz/git/learning/ros2/tutorials/RustROS2/src/install/std_msgs/include/std_msgs/std_msgs/msg/detail/float32_multi_array__rosidl_typesupport_fastrtps_cpp.hpp
[11.425s] -- Installing: /home/rsanz/git/learning/ros2/tutorials/RustROS2/src/install/std_msgs/include/std_msgs/std_msgs/msg/detail/color_rgba__rosidl_typesupport_fastrtps_cpp.hpp
[11.425s] -- Installing: /home/rsanz/git/learning/ros2/tutorials/RustROS2/src/install/std_msgs/include/std_msgs/std_msgs/msg/detail/u_int16__rosidl_typesupport_fastrtps_cpp.hpp
[11.425s] -- Installing: /home/rsanz/git/learning/ros2/tutorials/RustROS2/src/install/std_msgs/include/std_msgs/std_msgs/msg/detail/byte_multi_array__rosidl_typesupport_fastrtps_cpp.hpp
[11.425s] -- Installing: /home/rsanz/git/learning/ros2/tutorials/RustROS2/src/install/std_msgs/include/std_msgs/std_msgs/msg/detail/byte__rosidl_typesupport_fastrtps_cpp.hpp
[11.425s] -- Installing: /home/rsanz/git/learning/ros2/tutorials/RustROS2/src/install/std_msgs/include/std_msgs/std_msgs/msg/detail/int64__rosidl_typesupport_fastrtps_cpp.hpp
[11.426s] -- Installing: /home/rsanz/git/learning/ros2/tutorials/RustROS2/src/install/std_msgs/include/std_msgs/std_msgs/msg/detail/int8_multi_array__rosidl_typesupport_fastrtps_cpp.hpp
[11.426s] -- Installing: /home/rsanz/git/learning/ros2/tutorials/RustROS2/src/install/std_msgs/include/std_msgs/std_msgs/msg/detail/u_int64__rosidl_typesupport_fastrtps_cpp.hpp
[11.426s] -- Installing: /home/rsanz/git/learning/ros2/tutorials/RustROS2/src/install/std_msgs/include/std_msgs/std_msgs/msg/detail/string__rosidl_typesupport_fastrtps_cpp.hpp
[11.426s] -- Installing: /home/rsanz/git/learning/ros2/tutorials/RustROS2/src/install/std_msgs/include/std_msgs/std_msgs/msg/detail/char__rosidl_typesupport_fastrtps_cpp.hpp
[11.426s] -- Installing: /home/rsanz/git/learning/ros2/tutorials/RustROS2/src/install/std_msgs/include/std_msgs/std_msgs/msg/detail/u_int64_multi_array__rosidl_typesupport_fastrtps_cpp.hpp
[11.426s] -- Installing: /home/rsanz/git/learning/ros2/tutorials/RustROS2/src/install/std_msgs/include/std_msgs/std_msgs/msg/detail/int8__rosidl_typesupport_fastrtps_cpp.hpp
[11.426s] -- Installing: /home/rsanz/git/learning/ros2/tutorials/RustROS2/src/install/std_msgs/include/std_msgs/std_msgs/msg/detail/header__rosidl_typesupport_fastrtps_cpp.hpp
[11.427s] -- Installing: /home/rsanz/git/learning/ros2/tutorials/RustROS2/src/install/std_msgs/include/std_msgs/std_msgs/msg/detail/dds_fastrtps
[11.427s] -- Installing: /home/rsanz/git/learning/ros2/tutorials/RustROS2/src/install/std_msgs/include/std_msgs/std_msgs/msg/detail/int32__rosidl_typesupport_fastrtps_cpp.hpp
[11.427s] -- Installing: /home/rsanz/git/learning/ros2/tutorials/RustROS2/src/install/std_msgs/include/std_msgs/std_msgs/msg/detail/u_int32__rosidl_typesupport_fastrtps_cpp.hpp
[11.427s] -- Installing: /home/rsanz/git/learning/ros2/tutorials/RustROS2/src/install/std_msgs/lib/libstd_msgs__rosidl_typesupport_fastrtps_cpp.so
[11.428s] -- Set non-toolchain portion of runtime path of "/home/rsanz/git/learning/ros2/tutorials/RustROS2/src/install/std_msgs/lib/libstd_msgs__rosidl_typesupport_fastrtps_cpp.so" to ""
[11.428s] -- Up-to-date: /home/rsanz/git/learning/ros2/tutorials/RustROS2/src/install/std_msgs/include/std_msgs/std_msgs
[11.428s] -- Up-to-date: /home/rsanz/git/learning/ros2/tutorials/RustROS2/src/install/std_msgs/include/std_msgs/std_msgs/msg
[11.428s] -- Installing: /home/rsanz/git/learning/ros2/tutorials/RustROS2/src/install/std_msgs/include/std_msgs/std_msgs/msg/rosidl_typesupport_introspection_c__visibility_control.h
[11.428s] -- Up-to-date: /home/rsanz/git/learning/ros2/tutorials/RustROS2/src/install/std_msgs/include/std_msgs/std_msgs/msg/detail
[11.428s] -- Installing: /home/rsanz/git/learning/ros2/tutorials/RustROS2/src/install/std_msgs/include/std_msgs/std_msgs/msg/detail/empty__rosidl_typesupport_introspection_c.h
[11.428s] -- Installing: /home/rsanz/git/learning/ros2/tutorials/RustROS2/src/install/std_msgs/include/std_msgs/std_msgs/msg/detail/bool__rosidl_typesupport_introspection_c.h
[11.428s] -- Installing: /home/rsanz/git/learning/ros2/tutorials/RustROS2/src/install/std_msgs/include/std_msgs/std_msgs/msg/detail/u_int16__rosidl_typesupport_introspection_c.h
[11.428s] -- Installing: /home/rsanz/git/learning/ros2/tutorials/RustROS2/src/install/std_msgs/include/std_msgs/std_msgs/msg/detail/u_int32__rosidl_typesupport_introspection_c.h
[11.428s] -- Installing: /home/rsanz/git/learning/ros2/tutorials/RustROS2/src/install/std_msgs/include/std_msgs/std_msgs/msg/detail/header__type_support.c
[11.429s] -- Installing: /home/rsanz/git/learning/ros2/tutorials/RustROS2/src/install/std_msgs/include/std_msgs/std_msgs/msg/detail/int16_multi_array__type_support.c
[11.429s] -- Installing: /home/rsanz/git/learning/ros2/tutorials/RustROS2/src/install/std_msgs/include/std_msgs/std_msgs/msg/detail/u_int64_multi_array__rosidl_typesupport_introspection_c.h
[11.429s] -- Installing: /home/rsanz/git/learning/ros2/tutorials/RustROS2/src/install/std_msgs/include/std_msgs/std_msgs/msg/detail/u_int64__rosidl_typesupport_introspection_c.h
[11.429s] -- Installing: /home/rsanz/git/learning/ros2/tutorials/RustROS2/src/install/std_msgs/include/std_msgs/std_msgs/msg/detail/int8__rosidl_typesupport_introspection_c.h
[11.429s] -- Installing: /home/rsanz/git/learning/ros2/tutorials/RustROS2/src/install/std_msgs/include/std_msgs/std_msgs/msg/detail/int64__type_support.c
[11.429s] -- Installing: /home/rsanz/git/learning/ros2/tutorials/RustROS2/src/install/std_msgs/include/std_msgs/std_msgs/msg/detail/byte__type_support.c
[11.429s] -- Installing: /home/rsanz/git/learning/ros2/tutorials/RustROS2/src/install/std_msgs/include/std_msgs/std_msgs/msg/detail/int64_multi_array__rosidl_typesupport_introspection_c.h
[11.430s] -- Installing: /home/rsanz/git/learning/ros2/tutorials/RustROS2/src/install/std_msgs/include/std_msgs/std_msgs/msg/detail/int64__rosidl_typesupport_introspection_c.h
[11.430s] -- Installing: /home/rsanz/git/learning/ros2/tutorials/RustROS2/src/install/std_msgs/include/std_msgs/std_msgs/msg/detail/u_int32_multi_array__rosidl_typesupport_introspection_c.h
[11.430s] -- Installing: /home/rsanz/git/learning/ros2/tutorials/RustROS2/src/install/std_msgs/include/std_msgs/std_msgs/msg/detail/char__rosidl_typesupport_introspection_c.h
[11.430s] -- Installing: /home/rsanz/git/learning/ros2/tutorials/RustROS2/src/install/std_msgs/include/std_msgs/std_msgs/msg/detail/int16__rosidl_typesupport_introspection_c.h
[11.430s] -- Installing: /home/rsanz/git/learning/ros2/tutorials/RustROS2/src/install/std_msgs/include/std_msgs/std_msgs/msg/detail/string__rosidl_typesupport_introspection_c.h
[11.430s] -- Installing: /home/rsanz/git/learning/ros2/tutorials/RustROS2/src/install/std_msgs/include/std_msgs/std_msgs/msg/detail/int16__type_support.c
[11.430s] -- Installing: /home/rsanz/git/learning/ros2/tutorials/RustROS2/src/install/std_msgs/include/std_msgs/std_msgs/msg/detail/int16_multi_array__rosidl_typesupport_introspection_c.h
[11.431s] -- Installing: /home/rsanz/git/learning/ros2/tutorials/RustROS2/src/install/std_msgs/include/std_msgs/std_msgs/msg/detail/multi_array_dimension__rosidl_typesupport_introspection_c.h
[11.431s] -- Installing: /home/rsanz/git/learning/ros2/tutorials/RustROS2/src/install/std_msgs/include/std_msgs/std_msgs/msg/detail/u_int32_multi_array__type_support.c
[11.431s] -- Installing: /home/rsanz/git/learning/ros2/tutorials/RustROS2/src/install/std_msgs/include/std_msgs/std_msgs/msg/detail/int8__type_support.c
[11.431s] -- Installing: /home/rsanz/git/learning/ros2/tutorials/RustROS2/src/install/std_msgs/include/std_msgs/std_msgs/msg/detail/float64__rosidl_typesupport_introspection_c.h
[11.431s] -- Installing: /home/rsanz/git/learning/ros2/tutorials/RustROS2/src/install/std_msgs/include/std_msgs/std_msgs/msg/detail/u_int16__type_support.c
[11.431s] -- Installing: /home/rsanz/git/learning/ros2/tutorials/RustROS2/src/install/std_msgs/include/std_msgs/std_msgs/msg/detail/int8_multi_array__rosidl_typesupport_introspection_c.h
[11.431s] -- Installing: /home/rsanz/git/learning/ros2/tutorials/RustROS2/src/install/std_msgs/include/std_msgs/std_msgs/msg/detail/u_int8_multi_array__type_support.c
[11.432s] -- Installing: /home/rsanz/git/learning/ros2/tutorials/RustROS2/src/install/std_msgs/include/std_msgs/std_msgs/msg/detail/u_int32__type_support.c
[11.432s] -- Installing: /home/rsanz/git/learning/ros2/tutorials/RustROS2/src/install/std_msgs/include/std_msgs/std_msgs/msg/detail/float32_multi_array__type_support.c
[11.432s] -- Installing: /home/rsanz/git/learning/ros2/tutorials/RustROS2/src/install/std_msgs/include/std_msgs/std_msgs/msg/detail/bool__type_support.c
[11.432s] -- Installing: /home/rsanz/git/learning/ros2/tutorials/RustROS2/src/install/std_msgs/include/std_msgs/std_msgs/msg/detail/int32_multi_array__rosidl_typesupport_introspection_c.h
[11.432s] -- Installing: /home/rsanz/git/learning/ros2/tutorials/RustROS2/src/install/std_msgs/include/std_msgs/std_msgs/msg/detail/int32__rosidl_typesupport_introspection_c.h
[11.432s] -- Installing: /home/rsanz/git/learning/ros2/tutorials/RustROS2/src/install/std_msgs/include/std_msgs/std_msgs/msg/detail/char__type_support.c
[11.432s] -- Installing: /home/rsanz/git/learning/ros2/tutorials/RustROS2/src/install/std_msgs/include/std_msgs/std_msgs/msg/detail/int64_multi_array__type_support.c
[11.433s] -- Installing: /home/rsanz/git/learning/ros2/tutorials/RustROS2/src/install/std_msgs/include/std_msgs/std_msgs/msg/detail/u_int8__type_support.c
[11.433s] -- Installing: /home/rsanz/git/learning/ros2/tutorials/RustROS2/src/install/std_msgs/include/std_msgs/std_msgs/msg/detail/color_rgba__rosidl_typesupport_introspection_c.h
[11.433s] -- Installing: /home/rsanz/git/learning/ros2/tutorials/RustROS2/src/install/std_msgs/include/std_msgs/std_msgs/msg/detail/float64_multi_array__type_support.c
[11.433s] -- Installing: /home/rsanz/git/learning/ros2/tutorials/RustROS2/src/install/std_msgs/include/std_msgs/std_msgs/msg/detail/u_int16_multi_array__type_support.c
[11.433s] -- Installing: /home/rsanz/git/learning/ros2/tutorials/RustROS2/src/install/std_msgs/include/std_msgs/std_msgs/msg/detail/u_int64_multi_array__type_support.c
[11.433s] -- Installing: /home/rsanz/git/learning/ros2/tutorials/RustROS2/src/install/std_msgs/include/std_msgs/std_msgs/msg/detail/header__rosidl_typesupport_introspection_c.h
[11.434s] -- Installing: /home/rsanz/git/learning/ros2/tutorials/RustROS2/src/install/std_msgs/include/std_msgs/std_msgs/msg/detail/byte_multi_array__type_support.c
[11.434s] -- Installing: /home/rsanz/git/learning/ros2/tutorials/RustROS2/src/install/std_msgs/include/std_msgs/std_msgs/msg/detail/int32__type_support.c
[11.434s] -- Installing: /home/rsanz/git/learning/ros2/tutorials/RustROS2/src/install/std_msgs/include/std_msgs/std_msgs/msg/detail/int8_multi_array__type_support.c
[11.434s] -- Installing: /home/rsanz/git/learning/ros2/tutorials/RustROS2/src/install/std_msgs/include/std_msgs/std_msgs/msg/detail/multi_array_layout__type_support.c
[11.434s] -- Installing: /home/rsanz/git/learning/ros2/tutorials/RustROS2/src/install/std_msgs/include/std_msgs/std_msgs/msg/detail/float32_multi_array__rosidl_typesupport_introspection_c.h
[11.434s] -- Installing: /home/rsanz/git/learning/ros2/tutorials/RustROS2/src/install/std_msgs/include/std_msgs/std_msgs/msg/detail/u_int16_multi_array__rosidl_typesupport_introspection_c.h
[11.434s] -- Installing: /home/rsanz/git/learning/ros2/tutorials/RustROS2/src/install/std_msgs/include/std_msgs/std_msgs/msg/detail/u_int8_multi_array__rosidl_typesupport_introspection_c.h
[11.435s] -- Installing: /home/rsanz/git/learning/ros2/tutorials/RustROS2/src/install/std_msgs/include/std_msgs/std_msgs/msg/detail/multi_array_dimension__type_support.c
[11.435s] -- Installing: /home/rsanz/git/learning/ros2/tutorials/RustROS2/src/install/std_msgs/include/std_msgs/std_msgs/msg/detail/color_rgba__type_support.c
[11.435s] -- Installing: /home/rsanz/git/learning/ros2/tutorials/RustROS2/src/install/std_msgs/include/std_msgs/std_msgs/msg/detail/float32__type_support.c
[11.435s] -- Installing: /home/rsanz/git/learning/ros2/tutorials/RustROS2/src/install/std_msgs/include/std_msgs/std_msgs/msg/detail/int32_multi_array__type_support.c
[11.435s] -- Installing: /home/rsanz/git/learning/ros2/tutorials/RustROS2/src/install/std_msgs/include/std_msgs/std_msgs/msg/detail/byte_multi_array__rosidl_typesupport_introspection_c.h
[11.435s] -- Installing: /home/rsanz/git/learning/ros2/tutorials/RustROS2/src/install/std_msgs/include/std_msgs/std_msgs/msg/detail/byte__rosidl_typesupport_introspection_c.h
[11.436s] -- Installing: /home/rsanz/git/learning/ros2/tutorials/RustROS2/src/install/std_msgs/include/std_msgs/std_msgs/msg/detail/multi_array_layout__rosidl_typesupport_introspection_c.h
[11.436s] -- Installing: /home/rsanz/git/learning/ros2/tutorials/RustROS2/src/install/std_msgs/include/std_msgs/std_msgs/msg/detail/float32__rosidl_typesupport_introspection_c.h
[11.436s] -- Installing: /home/rsanz/git/learning/ros2/tutorials/RustROS2/src/install/std_msgs/include/std_msgs/std_msgs/msg/detail/empty__type_support.c
[11.436s] -- Installing: /home/rsanz/git/learning/ros2/tutorials/RustROS2/src/install/std_msgs/include/std_msgs/std_msgs/msg/detail/u_int64__type_support.c
[11.436s] -- Installing: /home/rsanz/git/learning/ros2/tutorials/RustROS2/src/install/std_msgs/include/std_msgs/std_msgs/msg/detail/float64_multi_array__rosidl_typesupport_introspection_c.h
[11.436s] -- Installing: /home/rsanz/git/learning/ros2/tutorials/RustROS2/src/install/std_msgs/include/std_msgs/std_msgs/msg/detail/float64__type_support.c
[11.436s] -- Installing: /home/rsanz/git/learning/ros2/tutorials/RustROS2/src/install/std_msgs/include/std_msgs/std_msgs/msg/detail/u_int8__rosidl_typesupport_introspection_c.h
[11.436s] -- Installing: /home/rsanz/git/learning/ros2/tutorials/RustROS2/src/install/std_msgs/include/std_msgs/std_msgs/msg/detail/string__type_support.c
[11.437s] -- Installing: /home/rsanz/git/learning/ros2/tutorials/RustROS2/src/install/std_msgs/lib/libstd_msgs__rosidl_typesupport_introspection_c.so
[11.437s] -- Set non-toolchain portion of runtime path of "/home/rsanz/git/learning/ros2/tutorials/RustROS2/src/install/std_msgs/lib/libstd_msgs__rosidl_typesupport_introspection_c.so" to ""
[11.437s] -- Installing: /home/rsanz/git/learning/ros2/tutorials/RustROS2/src/install/std_msgs/lib/libstd_msgs__rosidl_typesupport_c.so
[11.437s] -- Set non-toolchain portion of runtime path of "/home/rsanz/git/learning/ros2/tutorials/RustROS2/src/install/std_msgs/lib/libstd_msgs__rosidl_typesupport_c.so" to ""
[11.438s] -- Up-to-date: /home/rsanz/git/learning/ros2/tutorials/RustROS2/src/install/std_msgs/include/std_msgs/std_msgs
[11.438s] -- Up-to-date: /home/rsanz/git/learning/ros2/tutorials/RustROS2/src/install/std_msgs/include/std_msgs/std_msgs/msg
[11.438s] -- Up-to-date: /home/rsanz/git/learning/ros2/tutorials/RustROS2/src/install/std_msgs/include/std_msgs/std_msgs/msg/detail
[11.438s] -- Installing: /home/rsanz/git/learning/ros2/tutorials/RustROS2/src/install/std_msgs/include/std_msgs/std_msgs/msg/detail/int64_multi_array__rosidl_typesupport_introspection_cpp.hpp
[11.438s] -- Installing: /home/rsanz/git/learning/ros2/tutorials/RustROS2/src/install/std_msgs/include/std_msgs/std_msgs/msg/detail/int8__rosidl_typesupport_introspection_cpp.hpp
[11.438s] -- Installing: /home/rsanz/git/learning/ros2/tutorials/RustROS2/src/install/std_msgs/include/std_msgs/std_msgs/msg/detail/int32_multi_array__type_support.cpp
[11.438s] -- Installing: /home/rsanz/git/learning/ros2/tutorials/RustROS2/src/install/std_msgs/include/std_msgs/std_msgs/msg/detail/u_int32__rosidl_typesupport_introspection_cpp.hpp
[11.438s] -- Installing: /home/rsanz/git/learning/ros2/tutorials/RustROS2/src/install/std_msgs/include/std_msgs/std_msgs/msg/detail/color_rgba__rosidl_typesupport_introspection_cpp.hpp
[11.438s] -- Installing: /home/rsanz/git/learning/ros2/tutorials/RustROS2/src/install/std_msgs/include/std_msgs/std_msgs/msg/detail/float64__rosidl_typesupport_introspection_cpp.hpp
[11.439s] -- Installing: /home/rsanz/git/learning/ros2/tutorials/RustROS2/src/install/std_msgs/include/std_msgs/std_msgs/msg/detail/bool__rosidl_typesupport_introspection_cpp.hpp
[11.439s] -- Installing: /home/rsanz/git/learning/ros2/tutorials/RustROS2/src/install/std_msgs/include/std_msgs/std_msgs/msg/detail/float64_multi_array__rosidl_typesupport_introspection_cpp.hpp
[11.439s] -- Installing: /home/rsanz/git/learning/ros2/tutorials/RustROS2/src/install/std_msgs/include/std_msgs/std_msgs/msg/detail/float32_multi_array__rosidl_typesupport_introspection_cpp.hpp
[11.439s] -- Installing: /home/rsanz/git/learning/ros2/tutorials/RustROS2/src/install/std_msgs/include/std_msgs/std_msgs/msg/detail/int16__type_support.cpp
[11.439s] -- Installing: /home/rsanz/git/learning/ros2/tutorials/RustROS2/src/install/std_msgs/include/std_msgs/std_msgs/msg/detail/bool__type_support.cpp
[11.439s] -- Installing: /home/rsanz/git/learning/ros2/tutorials/RustROS2/src/install/std_msgs/include/std_msgs/std_msgs/msg/detail/u_int8_multi_array__type_support.cpp
[11.439s] -- Installing: /home/rsanz/git/learning/ros2/tutorials/RustROS2/src/install/std_msgs/include/std_msgs/std_msgs/msg/detail/float64_multi_array__type_support.cpp
[11.440s] -- Installing: /home/rsanz/git/learning/ros2/tutorials/RustROS2/src/install/std_msgs/include/std_msgs/std_msgs/msg/detail/u_int32_multi_array__type_support.cpp
[11.440s] -- Installing: /home/rsanz/git/learning/ros2/tutorials/RustROS2/src/install/std_msgs/include/std_msgs/std_msgs/msg/detail/byte__type_support.cpp
[11.440s] -- Installing: /home/rsanz/git/learning/ros2/tutorials/RustROS2/src/install/std_msgs/include/std_msgs/std_msgs/msg/detail/u_int64__type_support.cpp
[11.440s] -- Installing: /home/rsanz/git/learning/ros2/tutorials/RustROS2/src/install/std_msgs/include/std_msgs/std_msgs/msg/detail/header__type_support.cpp
[11.440s] -- Installing: /home/rsanz/git/learning/ros2/tutorials/RustROS2/src/install/std_msgs/include/std_msgs/std_msgs/msg/detail/u_int8_multi_array__rosidl_typesupport_introspection_cpp.hpp
[11.440s] -- Installing: /home/rsanz/git/learning/ros2/tutorials/RustROS2/src/install/std_msgs/include/std_msgs/std_msgs/msg/detail/int32__type_support.cpp
[11.440s] -- Installing: /home/rsanz/git/learning/ros2/tutorials/RustROS2/src/install/std_msgs/include/std_msgs/std_msgs/msg/detail/int16__rosidl_typesupport_introspection_cpp.hpp
[11.440s] -- Installing: /home/rsanz/git/learning/ros2/tutorials/RustROS2/src/install/std_msgs/include/std_msgs/std_msgs/msg/detail/byte_multi_array__type_support.cpp
[11.441s] -- Installing: /home/rsanz/git/learning/ros2/tutorials/RustROS2/src/install/std_msgs/include/std_msgs/std_msgs/msg/detail/int16_multi_array__type_support.cpp
[11.441s] -- Installing: /home/rsanz/git/learning/ros2/tutorials/RustROS2/src/install/std_msgs/include/std_msgs/std_msgs/msg/detail/float32_multi_array__type_support.cpp
[11.441s] -- Installing: /home/rsanz/git/learning/ros2/tutorials/RustROS2/src/install/std_msgs/include/std_msgs/std_msgs/msg/detail/multi_array_dimension__type_support.cpp
[11.441s] -- Installing: /home/rsanz/git/learning/ros2/tutorials/RustROS2/src/install/std_msgs/include/std_msgs/std_msgs/msg/detail/multi_array_layout__rosidl_typesupport_introspection_cpp.hpp
[11.441s] -- Installing: /home/rsanz/git/learning/ros2/tutorials/RustROS2/src/install/std_msgs/include/std_msgs/std_msgs/msg/detail/int8__type_support.cpp
[11.441s] -- Installing: /home/rsanz/git/learning/ros2/tutorials/RustROS2/src/install/std_msgs/include/std_msgs/std_msgs/msg/detail/int16_multi_array__rosidl_typesupport_introspection_cpp.hpp
[11.441s] -- Installing: /home/rsanz/git/learning/ros2/tutorials/RustROS2/src/install/std_msgs/include/std_msgs/std_msgs/msg/detail/u_int16_multi_array__type_support.cpp
[11.442s] -- Installing: /home/rsanz/git/learning/ros2/tutorials/RustROS2/src/install/std_msgs/include/std_msgs/std_msgs/msg/detail/u_int64__rosidl_typesupport_introspection_cpp.hpp
[11.442s] -- Installing: /home/rsanz/git/learning/ros2/tutorials/RustROS2/src/install/std_msgs/include/std_msgs/std_msgs/msg/detail/header__rosidl_typesupport_introspection_cpp.hpp
[11.442s] -- Installing: /home/rsanz/git/learning/ros2/tutorials/RustROS2/src/install/std_msgs/include/std_msgs/std_msgs/msg/detail/u_int64_multi_array__rosidl_typesupport_introspection_cpp.hpp
[11.442s] -- Installing: /home/rsanz/git/learning/ros2/tutorials/RustROS2/src/install/std_msgs/include/std_msgs/std_msgs/msg/detail/int64__type_support.cpp
[11.442s] -- Installing: /home/rsanz/git/learning/ros2/tutorials/RustROS2/src/install/std_msgs/include/std_msgs/std_msgs/msg/detail/u_int16__type_support.cpp
[11.442s] -- Installing: /home/rsanz/git/learning/ros2/tutorials/RustROS2/src/install/std_msgs/include/std_msgs/std_msgs/msg/detail/char__type_support.cpp
[11.442s] -- Installing: /home/rsanz/git/learning/ros2/tutorials/RustROS2/src/install/std_msgs/include/std_msgs/std_msgs/msg/detail/color_rgba__type_support.cpp
[11.443s] -- Installing: /home/rsanz/git/learning/ros2/tutorials/RustROS2/src/install/std_msgs/include/std_msgs/std_msgs/msg/detail/float32__rosidl_typesupport_introspection_cpp.hpp
[11.443s] -- Installing: /home/rsanz/git/learning/ros2/tutorials/RustROS2/src/install/std_msgs/include/std_msgs/std_msgs/msg/detail/int32_multi_array__rosidl_typesupport_introspection_cpp.hpp
[11.443s] -- Installing: /home/rsanz/git/learning/ros2/tutorials/RustROS2/src/install/std_msgs/include/std_msgs/std_msgs/msg/detail/byte_multi_array__rosidl_typesupport_introspection_cpp.hpp
[11.443s] -- Installing: /home/rsanz/git/learning/ros2/tutorials/RustROS2/src/install/std_msgs/include/std_msgs/std_msgs/msg/detail/int64__rosidl_typesupport_introspection_cpp.hpp
[11.443s] -- Installing: /home/rsanz/git/learning/ros2/tutorials/RustROS2/src/install/std_msgs/include/std_msgs/std_msgs/msg/detail/u_int16__rosidl_typesupport_introspection_cpp.hpp
[11.443s] -- Installing: /home/rsanz/git/learning/ros2/tutorials/RustROS2/src/install/std_msgs/include/std_msgs/std_msgs/msg/detail/empty__rosidl_typesupport_introspection_cpp.hpp
[11.443s] -- Installing: /home/rsanz/git/learning/ros2/tutorials/RustROS2/src/install/std_msgs/include/std_msgs/std_msgs/msg/detail/byte__rosidl_typesupport_introspection_cpp.hpp
[11.444s] -- Installing: /home/rsanz/git/learning/ros2/tutorials/RustROS2/src/install/std_msgs/include/std_msgs/std_msgs/msg/detail/string__type_support.cpp
[11.444s] -- Installing: /home/rsanz/git/learning/ros2/tutorials/RustROS2/src/install/std_msgs/include/std_msgs/std_msgs/msg/detail/string__rosidl_typesupport_introspection_cpp.hpp
[11.444s] -- Installing: /home/rsanz/git/learning/ros2/tutorials/RustROS2/src/install/std_msgs/include/std_msgs/std_msgs/msg/detail/u_int8__rosidl_typesupport_introspection_cpp.hpp
[11.444s] -- Installing: /home/rsanz/git/learning/ros2/tutorials/RustROS2/src/install/std_msgs/include/std_msgs/std_msgs/msg/detail/u_int64_multi_array__type_support.cpp
[11.444s] -- Installing: /home/rsanz/git/learning/ros2/tutorials/RustROS2/src/install/std_msgs/include/std_msgs/std_msgs/msg/detail/int8_multi_array__rosidl_typesupport_introspection_cpp.hpp
[11.444s] -- Installing: /home/rsanz/git/learning/ros2/tutorials/RustROS2/src/install/std_msgs/include/std_msgs/std_msgs/msg/detail/u_int32_multi_array__rosidl_typesupport_introspection_cpp.hpp
[11.444s] -- Installing: /home/rsanz/git/learning/ros2/tutorials/RustROS2/src/install/std_msgs/include/std_msgs/std_msgs/msg/detail/int8_multi_array__type_support.cpp
[11.445s] -- Installing: /home/rsanz/git/learning/ros2/tutorials/RustROS2/src/install/std_msgs/include/std_msgs/std_msgs/msg/detail/int32__rosidl_typesupport_introspection_cpp.hpp
[11.445s] -- Installing: /home/rsanz/git/learning/ros2/tutorials/RustROS2/src/install/std_msgs/include/std_msgs/std_msgs/msg/detail/int64_multi_array__type_support.cpp
[11.445s] -- Installing: /home/rsanz/git/learning/ros2/tutorials/RustROS2/src/install/std_msgs/include/std_msgs/std_msgs/msg/detail/float32__type_support.cpp
[11.445s] -- Installing: /home/rsanz/git/learning/ros2/tutorials/RustROS2/src/install/std_msgs/include/std_msgs/std_msgs/msg/detail/u_int16_multi_array__rosidl_typesupport_introspection_cpp.hpp
[11.445s] -- Installing: /home/rsanz/git/learning/ros2/tutorials/RustROS2/src/install/std_msgs/include/std_msgs/std_msgs/msg/detail/u_int32__type_support.cpp
[11.445s] -- Installing: /home/rsanz/git/learning/ros2/tutorials/RustROS2/src/install/std_msgs/include/std_msgs/std_msgs/msg/detail/char__rosidl_typesupport_introspection_cpp.hpp
[11.445s] -- Installing: /home/rsanz/git/learning/ros2/tutorials/RustROS2/src/install/std_msgs/include/std_msgs/std_msgs/msg/detail/multi_array_dimension__rosidl_typesupport_introspection_cpp.hpp
[11.445s] -- Installing: /home/rsanz/git/learning/ros2/tutorials/RustROS2/src/install/std_msgs/include/std_msgs/std_msgs/msg/detail/float64__type_support.cpp
[11.446s] -- Installing: /home/rsanz/git/learning/ros2/tutorials/RustROS2/src/install/std_msgs/include/std_msgs/std_msgs/msg/detail/multi_array_layout__type_support.cpp
[11.446s] -- Installing: /home/rsanz/git/learning/ros2/tutorials/RustROS2/src/install/std_msgs/include/std_msgs/std_msgs/msg/detail/empty__type_support.cpp
[11.446s] -- Installing: /home/rsanz/git/learning/ros2/tutorials/RustROS2/src/install/std_msgs/include/std_msgs/std_msgs/msg/detail/u_int8__type_support.cpp
[11.446s] -- Installing: /home/rsanz/git/learning/ros2/tutorials/RustROS2/src/install/std_msgs/lib/libstd_msgs__rosidl_typesupport_introspection_cpp.so
[11.447s] -- Set non-toolchain portion of runtime path of "/home/rsanz/git/learning/ros2/tutorials/RustROS2/src/install/std_msgs/lib/libstd_msgs__rosidl_typesupport_introspection_cpp.so" to ""
[11.447s] -- Installing: /home/rsanz/git/learning/ros2/tutorials/RustROS2/src/install/std_msgs/lib/libstd_msgs__rosidl_typesupport_cpp.so
[11.447s] -- Set non-toolchain portion of runtime path of "/home/rsanz/git/learning/ros2/tutorials/RustROS2/src/install/std_msgs/lib/libstd_msgs__rosidl_typesupport_cpp.so" to ""
[11.447s] -- Installing: /home/rsanz/git/learning/ros2/tutorials/RustROS2/src/install/std_msgs/share/ament_index/resource_index/rust_packages/std_msgs
[11.447s] -- Installing: /home/rsanz/git/learning/ros2/tutorials/RustROS2/src/install/std_msgs/share/std_msgs/rust
[11.447s] -- Installing: /home/rsanz/git/learning/ros2/tutorials/RustROS2/src/install/std_msgs/share/std_msgs/rust/src
[11.448s] -- Installing: /home/rsanz/git/learning/ros2/tutorials/RustROS2/src/install/std_msgs/share/std_msgs/rust/src/msg.rs
[11.448s] -- Installing: /home/rsanz/git/learning/ros2/tutorials/RustROS2/src/install/std_msgs/share/std_msgs/rust/src/msg
[11.448s] -- Installing: /home/rsanz/git/learning/ros2/tutorials/RustROS2/src/install/std_msgs/share/std_msgs/rust/src/msg/rmw.rs
[11.448s] -- Installing: /home/rsanz/git/learning/ros2/tutorials/RustROS2/src/install/std_msgs/share/std_msgs/rust/src/lib.rs
[11.448s] -- Installing: /home/rsanz/git/learning/ros2/tutorials/RustROS2/src/install/std_msgs/share/std_msgs/rust/build.rs
[11.448s] -- Installing: /home/rsanz/git/learning/ros2/tutorials/RustROS2/src/install/std_msgs/share/std_msgs/rust/Cargo.toml
[11.448s] -- Installing: /home/rsanz/git/learning/ros2/tutorials/RustROS2/src/install/std_msgs/share/std_msgs/environment/pythonpath.sh
[11.449s] -- Installing: /home/rsanz/git/learning/ros2/tutorials/RustROS2/src/install/std_msgs/share/std_msgs/environment/pythonpath.dsv
[11.449s] -- Installing: /home/rsanz/git/learning/ros2/tutorials/RustROS2/src/install/std_msgs/lib/python3.12/site-packages/std_msgs-5.3.7-py3.12.egg-info
[11.449s] -- Installing: /home/rsanz/git/learning/ros2/tutorials/RustROS2/src/install/std_msgs/lib/python3.12/site-packages/std_msgs-5.3.7-py3.12.egg-info/dependency_links.txt
[11.449s] -- Installing: /home/rsanz/git/learning/ros2/tutorials/RustROS2/src/install/std_msgs/lib/python3.12/site-packages/std_msgs-5.3.7-py3.12.egg-info/PKG-INFO
[11.449s] -- Installing: /home/rsanz/git/learning/ros2/tutorials/RustROS2/src/install/std_msgs/lib/python3.12/site-packages/std_msgs-5.3.7-py3.12.egg-info/top_level.txt
[11.449s] -- Installing: /home/rsanz/git/learning/ros2/tutorials/RustROS2/src/install/std_msgs/lib/python3.12/site-packages/std_msgs-5.3.7-py3.12.egg-info/SOURCES.txt
[11.449s] -- Installing: /home/rsanz/git/learning/ros2/tutorials/RustROS2/src/install/std_msgs/lib/python3.12/site-packages/std_msgs
[11.450s] -- Installing: /home/rsanz/git/learning/ros2/tutorials/RustROS2/src/install/std_msgs/lib/python3.12/site-packages/std_msgs/_std_msgs_s.ep.rosidl_typesupport_fastrtps_c.c
[11.450s] -- Installing: /home/rsanz/git/learning/ros2/tutorials/RustROS2/src/install/std_msgs/lib/python3.12/site-packages/std_msgs/std_msgs_s__rosidl_typesupport_fastrtps_c.so
[11.450s] -- Installing: /home/rsanz/git/learning/ros2/tutorials/RustROS2/src/install/std_msgs/lib/python3.12/site-packages/std_msgs/std_msgs_s__rosidl_typesupport_introspection_c.so
[11.450s] -- Installing: /home/rsanz/git/learning/ros2/tutorials/RustROS2/src/install/std_msgs/lib/python3.12/site-packages/std_msgs/msg
[11.450s] -- Installing: /home/rsanz/git/learning/ros2/tutorials/RustROS2/src/install/std_msgs/lib/python3.12/site-packages/std_msgs/msg/_float32_multi_array.py
[11.450s] -- Installing: /home/rsanz/git/learning/ros2/tutorials/RustROS2/src/install/std_msgs/lib/python3.12/site-packages/std_msgs/msg/_int8_s.c
[11.450s] -- Installing: /home/rsanz/git/learning/ros2/tutorials/RustROS2/src/install/std_msgs/lib/python3.12/site-packages/std_msgs/msg/_header_s.c
[11.451s] -- Installing: /home/rsanz/git/learning/ros2/tutorials/RustROS2/src/install/std_msgs/lib/python3.12/site-packages/std_msgs/msg/_byte.py
[11.451s] -- Installing: /home/rsanz/git/learning/ros2/tutorials/RustROS2/src/install/std_msgs/lib/python3.12/site-packages/std_msgs/msg/_empty_s.c
[11.451s] -- Installing: /home/rsanz/git/learning/ros2/tutorials/RustROS2/src/install/std_msgs/lib/python3.12/site-packages/std_msgs/msg/_float32_multi_array_s.c
[11.451s] -- Installing: /home/rsanz/git/learning/ros2/tutorials/RustROS2/src/install/std_msgs/lib/python3.12/site-packages/std_msgs/msg/_u_int64_s.c
[11.451s] -- Installing: /home/rsanz/git/learning/ros2/tutorials/RustROS2/src/install/std_msgs/lib/python3.12/site-packages/std_msgs/msg/_int16_s.c
[11.451s] -- Installing: /home/rsanz/git/learning/ros2/tutorials/RustROS2/src/install/std_msgs/lib/python3.12/site-packages/std_msgs/msg/_u_int32_multi_array_s.c
[11.451s] -- Installing: /home/rsanz/git/learning/ros2/tutorials/RustROS2/src/install/std_msgs/lib/python3.12/site-packages/std_msgs/msg/_bool_s.c
[11.451s] -- Installing: /home/rsanz/git/learning/ros2/tutorials/RustROS2/src/install/std_msgs/lib/python3.12/site-packages/std_msgs/msg/_u_int32_multi_array.py
[11.452s] -- Installing: /home/rsanz/git/learning/ros2/tutorials/RustROS2/src/install/std_msgs/lib/python3.12/site-packages/std_msgs/msg/_u_int32.py
[11.452s] -- Installing: /home/rsanz/git/learning/ros2/tutorials/RustROS2/src/install/std_msgs/lib/python3.12/site-packages/std_msgs/msg/_header.py
[11.452s] -- Installing: /home/rsanz/git/learning/ros2/tutorials/RustROS2/src/install/std_msgs/lib/python3.12/site-packages/std_msgs/msg/_empty.py
[11.452s] -- Installing: /home/rsanz/git/learning/ros2/tutorials/RustROS2/src/install/std_msgs/lib/python3.12/site-packages/std_msgs/msg/_multi_array_dimension.py
[11.452s] -- Installing: /home/rsanz/git/learning/ros2/tutorials/RustROS2/src/install/std_msgs/lib/python3.12/site-packages/std_msgs/msg/_bool.py
[11.452s] -- Installing: /home/rsanz/git/learning/ros2/tutorials/RustROS2/src/install/std_msgs/lib/python3.12/site-packages/std_msgs/msg/_u_int8_multi_array_s.c
[11.452s] -- Installing: /home/rsanz/git/learning/ros2/tutorials/RustROS2/src/install/std_msgs/lib/python3.12/site-packages/std_msgs/msg/_int16_multi_array_s.c
[11.452s] -- Installing: /home/rsanz/git/learning/ros2/tutorials/RustROS2/src/install/std_msgs/lib/python3.12/site-packages/std_msgs/msg/_int64_multi_array.py
[11.453s] -- Installing: /home/rsanz/git/learning/ros2/tutorials/RustROS2/src/install/std_msgs/lib/python3.12/site-packages/std_msgs/msg/_int8.py
[11.453s] -- Installing: /home/rsanz/git/learning/ros2/tutorials/RustROS2/src/install/std_msgs/lib/python3.12/site-packages/std_msgs/msg/_int64.py
[11.453s] -- Installing: /home/rsanz/git/learning/ros2/tutorials/RustROS2/src/install/std_msgs/lib/python3.12/site-packages/std_msgs/msg/_multi_array_layout.py
[11.453s] -- Installing: /home/rsanz/git/learning/ros2/tutorials/RustROS2/src/install/std_msgs/lib/python3.12/site-packages/std_msgs/msg/_char.py
[11.453s] -- Installing: /home/rsanz/git/learning/ros2/tutorials/RustROS2/src/install/std_msgs/lib/python3.12/site-packages/std_msgs/msg/_u_int8_multi_array.py
[11.453s] -- Installing: /home/rsanz/git/learning/ros2/tutorials/RustROS2/src/install/std_msgs/lib/python3.12/site-packages/std_msgs/msg/_byte_multi_array_s.c
[11.453s] -- Installing: /home/rsanz/git/learning/ros2/tutorials/RustROS2/src/install/std_msgs/lib/python3.12/site-packages/std_msgs/msg/_string.py
[11.454s] -- Installing: /home/rsanz/git/learning/ros2/tutorials/RustROS2/src/install/std_msgs/lib/python3.12/site-packages/std_msgs/msg/_u_int8_s.c
[11.454s] -- Installing: /home/rsanz/git/learning/ros2/tutorials/RustROS2/src/install/std_msgs/lib/python3.12/site-packages/std_msgs/msg/_multi_array_dimension_s.c
[11.454s] -- Installing: /home/rsanz/git/learning/ros2/tutorials/RustROS2/src/install/std_msgs/lib/python3.12/site-packages/std_msgs/msg/_int16_multi_array.py
[11.454s] -- Installing: /home/rsanz/git/learning/ros2/tutorials/RustROS2/src/install/std_msgs/lib/python3.12/site-packages/std_msgs/msg/_u_int16_s.c
[11.454s] -- Installing: /home/rsanz/git/learning/ros2/tutorials/RustROS2/src/install/std_msgs/lib/python3.12/site-packages/std_msgs/msg/_int8_multi_array_s.c
[11.454s] -- Installing: /home/rsanz/git/learning/ros2/tutorials/RustROS2/src/install/std_msgs/lib/python3.12/site-packages/std_msgs/msg/_string_s.c
[11.454s] -- Installing: /home/rsanz/git/learning/ros2/tutorials/RustROS2/src/install/std_msgs/lib/python3.12/site-packages/std_msgs/msg/_color_rgba.py
[11.454s] -- Installing: /home/rsanz/git/learning/ros2/tutorials/RustROS2/src/install/std_msgs/lib/python3.12/site-packages/std_msgs/msg/__init__.py
[11.455s] -- Installing: /home/rsanz/git/learning/ros2/tutorials/RustROS2/src/install/std_msgs/lib/python3.12/site-packages/std_msgs/msg/_u_int16_multi_array.py
[11.455s] -- Installing: /home/rsanz/git/learning/ros2/tutorials/RustROS2/src/install/std_msgs/lib/python3.12/site-packages/std_msgs/msg/_float64_s.c
[11.455s] -- Installing: /home/rsanz/git/learning/ros2/tutorials/RustROS2/src/install/std_msgs/lib/python3.12/site-packages/std_msgs/msg/_float32.py
[11.455s] -- Installing: /home/rsanz/git/learning/ros2/tutorials/RustROS2/src/install/std_msgs/lib/python3.12/site-packages/std_msgs/msg/_float32_s.c
[11.455s] -- Installing: /home/rsanz/git/learning/ros2/tutorials/RustROS2/src/install/std_msgs/lib/python3.12/site-packages/std_msgs/msg/_u_int64.py
[11.455s] -- Installing: /home/rsanz/git/learning/ros2/tutorials/RustROS2/src/install/std_msgs/lib/python3.12/site-packages/std_msgs/msg/_int32_s.c
[11.455s] -- Installing: /home/rsanz/git/learning/ros2/tutorials/RustROS2/src/install/std_msgs/lib/python3.12/site-packages/std_msgs/msg/_int64_s.c
[11.455s] -- Installing: /home/rsanz/git/learning/ros2/tutorials/RustROS2/src/install/std_msgs/lib/python3.12/site-packages/std_msgs/msg/_int8_multi_array.py
[11.456s] -- Installing: /home/rsanz/git/learning/ros2/tutorials/RustROS2/src/install/std_msgs/lib/python3.12/site-packages/std_msgs/msg/_int64_multi_array_s.c
[11.456s] -- Installing: /home/rsanz/git/learning/ros2/tutorials/RustROS2/src/install/std_msgs/lib/python3.12/site-packages/std_msgs/msg/_u_int16_multi_array_s.c
[11.456s] -- Installing: /home/rsanz/git/learning/ros2/tutorials/RustROS2/src/install/std_msgs/lib/python3.12/site-packages/std_msgs/msg/_color_rgba_s.c
[11.456s] -- Installing: /home/rsanz/git/learning/ros2/tutorials/RustROS2/src/install/std_msgs/lib/python3.12/site-packages/std_msgs/msg/_u_int16.py
[11.456s] -- Installing: /home/rsanz/git/learning/ros2/tutorials/RustROS2/src/install/std_msgs/lib/python3.12/site-packages/std_msgs/msg/_int32.py
[11.456s] -- Installing: /home/rsanz/git/learning/ros2/tutorials/RustROS2/src/install/std_msgs/lib/python3.12/site-packages/std_msgs/msg/_u_int64_multi_array.py
[11.456s] -- Installing: /home/rsanz/git/learning/ros2/tutorials/RustROS2/src/install/std_msgs/lib/python3.12/site-packages/std_msgs/msg/_float64_multi_array_s.c
[11.457s] -- Installing: /home/rsanz/git/learning/ros2/tutorials/RustROS2/src/install/std_msgs/lib/python3.12/site-packages/std_msgs/msg/_u_int64_multi_array_s.c
[11.457s] -- Installing: /home/rsanz/git/learning/ros2/tutorials/RustROS2/src/install/std_msgs/lib/python3.12/site-packages/std_msgs/msg/_int32_multi_array_s.c
[11.457s] -- Installing: /home/rsanz/git/learning/ros2/tutorials/RustROS2/src/install/std_msgs/lib/python3.12/site-packages/std_msgs/msg/_int16.py
[11.457s] -- Installing: /home/rsanz/git/learning/ros2/tutorials/RustROS2/src/install/std_msgs/lib/python3.12/site-packages/std_msgs/msg/_byte_multi_array.py
[11.457s] -- Installing: /home/rsanz/git/learning/ros2/tutorials/RustROS2/src/install/std_msgs/lib/python3.12/site-packages/std_msgs/msg/_char_s.c
[11.457s] -- Installing: /home/rsanz/git/learning/ros2/tutorials/RustROS2/src/install/std_msgs/lib/python3.12/site-packages/std_msgs/msg/_byte_s.c
[11.457s] -- Installing: /home/rsanz/git/learning/ros2/tutorials/RustROS2/src/install/std_msgs/lib/python3.12/site-packages/std_msgs/msg/_float64.py
[11.457s] -- Installing: /home/rsanz/git/learning/ros2/tutorials/RustROS2/src/install/std_msgs/lib/python3.12/site-packages/std_msgs/msg/_u_int8.py
[11.458s] -- Installing: /home/rsanz/git/learning/ros2/tutorials/RustROS2/src/install/std_msgs/lib/python3.12/site-packages/std_msgs/msg/_multi_array_layout_s.c
[11.458s] -- Installing: /home/rsanz/git/learning/ros2/tutorials/RustROS2/src/install/std_msgs/lib/python3.12/site-packages/std_msgs/msg/_float64_multi_array.py
[11.458s] -- Installing: /home/rsanz/git/learning/ros2/tutorials/RustROS2/src/install/std_msgs/lib/python3.12/site-packages/std_msgs/msg/_u_int32_s.c
[11.458s] -- Installing: /home/rsanz/git/learning/ros2/tutorials/RustROS2/src/install/std_msgs/lib/python3.12/site-packages/std_msgs/msg/_int32_multi_array.py
[11.458s] -- Installing: /home/rsanz/git/learning/ros2/tutorials/RustROS2/src/install/std_msgs/lib/python3.12/site-packages/std_msgs/__init__.py
[11.458s] -- Installing: /home/rsanz/git/learning/ros2/tutorials/RustROS2/src/install/std_msgs/lib/python3.12/site-packages/std_msgs/std_msgs_s__rosidl_typesupport_c.so
[11.458s] -- Installing: /home/rsanz/git/learning/ros2/tutorials/RustROS2/src/install/std_msgs/lib/python3.12/site-packages/std_msgs/_std_msgs_s.ep.rosidl_typesupport_introspection_c.c
[11.459s] -- Installing: /home/rsanz/git/learning/ros2/tutorials/RustROS2/src/install/std_msgs/lib/python3.12/site-packages/std_msgs/_std_msgs_s.ep.rosidl_typesupport_c.c
[11.512s] Listing '/home/rsanz/git/learning/ros2/tutorials/RustROS2/src/install/std_msgs/lib/python3.12/site-packages/std_msgs'...
[11.512s] Compiling '/home/rsanz/git/learning/ros2/tutorials/RustROS2/src/install/std_msgs/lib/python3.12/site-packages/std_msgs/__init__.py'...
[11.512s] Listing '/home/rsanz/git/learning/ros2/tutorials/RustROS2/src/install/std_msgs/lib/python3.12/site-packages/std_msgs/msg'...
[11.512s] Compiling '/home/rsanz/git/learning/ros2/tutorials/RustROS2/src/install/std_msgs/lib/python3.12/site-packages/std_msgs/msg/__init__.py'...
[11.513s] Compiling '/home/rsanz/git/learning/ros2/tutorials/RustROS2/src/install/std_msgs/lib/python3.12/site-packages/std_msgs/msg/_bool.py'...
[11.513s] Compiling '/home/rsanz/git/learning/ros2/tutorials/RustROS2/src/install/std_msgs/lib/python3.12/site-packages/std_msgs/msg/_byte.py'...
[11.513s] Compiling '/home/rsanz/git/learning/ros2/tutorials/RustROS2/src/install/std_msgs/lib/python3.12/site-packages/std_msgs/msg/_byte_multi_array.py'...
[11.513s] Compiling '/home/rsanz/git/learning/ros2/tutorials/RustROS2/src/install/std_msgs/lib/python3.12/site-packages/std_msgs/msg/_char.py'...
[11.513s] Compiling '/home/rsanz/git/learning/ros2/tutorials/RustROS2/src/install/std_msgs/lib/python3.12/site-packages/std_msgs/msg/_color_rgba.py'...
[11.513s] Compiling '/home/rsanz/git/learning/ros2/tutorials/RustROS2/src/install/std_msgs/lib/python3.12/site-packages/std_msgs/msg/_empty.py'...
[11.513s] Compiling '/home/rsanz/git/learning/ros2/tutorials/RustROS2/src/install/std_msgs/lib/python3.12/site-packages/std_msgs/msg/_float32.py'...
[11.513s] Compiling '/home/rsanz/git/learning/ros2/tutorials/RustROS2/src/install/std_msgs/lib/python3.12/site-packages/std_msgs/msg/_float32_multi_array.py'...
[11.513s] Compiling '/home/rsanz/git/learning/ros2/tutorials/RustROS2/src/install/std_msgs/lib/python3.12/site-packages/std_msgs/msg/_float64.py'...
[11.513s] Compiling '/home/rsanz/git/learning/ros2/tutorials/RustROS2/src/install/std_msgs/lib/python3.12/site-packages/std_msgs/msg/_float64_multi_array.py'...
[11.513s] Compiling '/home/rsanz/git/learning/ros2/tutorials/RustROS2/src/install/std_msgs/lib/python3.12/site-packages/std_msgs/msg/_header.py'...
[11.513s] Compiling '/home/rsanz/git/learning/ros2/tutorials/RustROS2/src/install/std_msgs/lib/python3.12/site-packages/std_msgs/msg/_int16.py'...
[11.513s] Compiling '/home/rsanz/git/learning/ros2/tutorials/RustROS2/src/install/std_msgs/lib/python3.12/site-packages/std_msgs/msg/_int16_multi_array.py'...
[11.513s] Compiling '/home/rsanz/git/learning/ros2/tutorials/RustROS2/src/install/std_msgs/lib/python3.12/site-packages/std_msgs/msg/_int32.py'...
[11.513s] Compiling '/home/rsanz/git/learning/ros2/tutorials/RustROS2/src/install/std_msgs/lib/python3.12/site-packages/std_msgs/msg/_int32_multi_array.py'...
[11.513s] Compiling '/home/rsanz/git/learning/ros2/tutorials/RustROS2/src/install/std_msgs/lib/python3.12/site-packages/std_msgs/msg/_int64.py'...
[11.513s] Compiling '/home/rsanz/git/learning/ros2/tutorials/RustROS2/src/install/std_msgs/lib/python3.12/site-packages/std_msgs/msg/_int64_multi_array.py'...
[11.513s] Compiling '/home/rsanz/git/learning/ros2/tutorials/RustROS2/src/install/std_msgs/lib/python3.12/site-packages/std_msgs/msg/_int8.py'...
[11.513s] Compiling '/home/rsanz/git/learning/ros2/tutorials/RustROS2/src/install/std_msgs/lib/python3.12/site-packages/std_msgs/msg/_int8_multi_array.py'...
[11.513s] Compiling '/home/rsanz/git/learning/ros2/tutorials/RustROS2/src/install/std_msgs/lib/python3.12/site-packages/std_msgs/msg/_multi_array_dimension.py'...
[11.514s] Compiling '/home/rsanz/git/learning/ros2/tutorials/RustROS2/src/install/std_msgs/lib/python3.12/site-packages/std_msgs/msg/_multi_array_layout.py'...
[11.514s] Compiling '/home/rsanz/git/learning/ros2/tutorials/RustROS2/src/install/std_msgs/lib/python3.12/site-packages/std_msgs/msg/_string.py'...
[11.514s] Compiling '/home/rsanz/git/learning/ros2/tutorials/RustROS2/src/install/std_msgs/lib/python3.12/site-packages/std_msgs/msg/_u_int16.py'...
[11.514s] Compiling '/home/rsanz/git/learning/ros2/tutorials/RustROS2/src/install/std_msgs/lib/python3.12/site-packages/std_msgs/msg/_u_int16_multi_array.py'...
[11.514s] Compiling '/home/rsanz/git/learning/ros2/tutorials/RustROS2/src/install/std_msgs/lib/python3.12/site-packages/std_msgs/msg/_u_int32.py'...
[11.514s] Compiling '/home/rsanz/git/learning/ros2/tutorials/RustROS2/src/install/std_msgs/lib/python3.12/site-packages/std_msgs/msg/_u_int32_multi_array.py'...
[11.514s] Compiling '/home/rsanz/git/learning/ros2/tutorials/RustROS2/src/install/std_msgs/lib/python3.12/site-packages/std_msgs/msg/_u_int64.py'...
[11.514s] Compiling '/home/rsanz/git/learning/ros2/tutorials/RustROS2/src/install/std_msgs/lib/python3.12/site-packages/std_msgs/msg/_u_int64_multi_array.py'...
[11.514s] Compiling '/home/rsanz/git/learning/ros2/tutorials/RustROS2/src/install/std_msgs/lib/python3.12/site-packages/std_msgs/msg/_u_int8.py'...
[11.514s] Compiling '/home/rsanz/git/learning/ros2/tutorials/RustROS2/src/install/std_msgs/lib/python3.12/site-packages/std_msgs/msg/_u_int8_multi_array.py'...
[11.517s] -- Installing: /home/rsanz/git/learning/ros2/tutorials/RustROS2/src/install/std_msgs/lib/python3.12/site-packages/std_msgs/std_msgs_s__rosidl_typesupport_fastrtps_c.so
[11.518s] -- Set non-toolchain portion of runtime path of "/home/rsanz/git/learning/ros2/tutorials/RustROS2/src/install/std_msgs/lib/python3.12/site-packages/std_msgs/std_msgs_s__rosidl_typesupport_fastrtps_c.so" to ""
[11.518s] -- Installing: /home/rsanz/git/learning/ros2/tutorials/RustROS2/src/install/std_msgs/lib/python3.12/site-packages/std_msgs/std_msgs_s__rosidl_typesupport_introspection_c.so
[11.519s] -- Set non-toolchain portion of runtime path of "/home/rsanz/git/learning/ros2/tutorials/RustROS2/src/install/std_msgs/lib/python3.12/site-packages/std_msgs/std_msgs_s__rosidl_typesupport_introspection_c.so" to ""
[11.519s] -- Installing: /home/rsanz/git/learning/ros2/tutorials/RustROS2/src/install/std_msgs/lib/python3.12/site-packages/std_msgs/std_msgs_s__rosidl_typesupport_c.so
[11.520s] -- Set non-toolchain portion of runtime path of "/home/rsanz/git/learning/ros2/tutorials/RustROS2/src/install/std_msgs/lib/python3.12/site-packages/std_msgs/std_msgs_s__rosidl_typesupport_c.so" to ""
[11.520s] -- Installing: /home/rsanz/git/learning/ros2/tutorials/RustROS2/src/install/std_msgs/lib/libstd_msgs__rosidl_generator_py.so
[11.520s] -- Set non-toolchain portion of runtime path of "/home/rsanz/git/learning/ros2/tutorials/RustROS2/src/install/std_msgs/lib/libstd_msgs__rosidl_generator_py.so" to ""
[11.520s] -- Installing: /home/rsanz/git/learning/ros2/tutorials/RustROS2/src/install/std_msgs/share/std_msgs/msg/Bool.idl
[11.521s] -- Installing: /home/rsanz/git/learning/ros2/tutorials/RustROS2/src/install/std_msgs/share/std_msgs/msg/Byte.idl
[11.521s] -- Installing: /home/rsanz/git/learning/ros2/tutorials/RustROS2/src/install/std_msgs/share/std_msgs/msg/ByteMultiArray.idl
[11.521s] -- Installing: /home/rsanz/git/learning/ros2/tutorials/RustROS2/src/install/std_msgs/share/std_msgs/msg/Char.idl
[11.522s] -- Installing: /home/rsanz/git/learning/ros2/tutorials/RustROS2/src/install/std_msgs/share/std_msgs/msg/ColorRGBA.idl
[11.522s] -- Installing: /home/rsanz/git/learning/ros2/tutorials/RustROS2/src/install/std_msgs/share/std_msgs/msg/Empty.idl
[11.522s] -- Installing: /home/rsanz/git/learning/ros2/tutorials/RustROS2/src/install/std_msgs/share/std_msgs/msg/Float32.idl
[11.522s] -- Installing: /home/rsanz/git/learning/ros2/tutorials/RustROS2/src/install/std_msgs/share/std_msgs/msg/Float32MultiArray.idl
[11.523s] -- Installing: /home/rsanz/git/learning/ros2/tutorials/RustROS2/src/install/std_msgs/share/std_msgs/msg/Float64.idl
[11.523s] -- Installing: /home/rsanz/git/learning/ros2/tutorials/RustROS2/src/install/std_msgs/share/std_msgs/msg/Float64MultiArray.idl
[11.523s] -- Installing: /home/rsanz/git/learning/ros2/tutorials/RustROS2/src/install/std_msgs/share/std_msgs/msg/Header.idl
[11.524s] -- Installing: /home/rsanz/git/learning/ros2/tutorials/RustROS2/src/install/std_msgs/share/std_msgs/msg/Int16.idl
[11.524s] -- Installing: /home/rsanz/git/learning/ros2/tutorials/RustROS2/src/install/std_msgs/share/std_msgs/msg/Int16MultiArray.idl
[11.524s] -- Installing: /home/rsanz/git/learning/ros2/tutorials/RustROS2/src/install/std_msgs/share/std_msgs/msg/Int32.idl
[11.524s] -- Installing: /home/rsanz/git/learning/ros2/tutorials/RustROS2/src/install/std_msgs/share/std_msgs/msg/Int32MultiArray.idl
[11.524s] -- Installing: /home/rsanz/git/learning/ros2/tutorials/RustROS2/src/install/std_msgs/share/std_msgs/msg/Int64.idl
[11.524s] -- Installing: /home/rsanz/git/learning/ros2/tutorials/RustROS2/src/install/std_msgs/share/std_msgs/msg/Int64MultiArray.idl
[11.525s] -- Installing: /home/rsanz/git/learning/ros2/tutorials/RustROS2/src/install/std_msgs/share/std_msgs/msg/Int8.idl
[11.525s] -- Installing: /home/rsanz/git/learning/ros2/tutorials/RustROS2/src/install/std_msgs/share/std_msgs/msg/Int8MultiArray.idl
[11.525s] -- Installing: /home/rsanz/git/learning/ros2/tutorials/RustROS2/src/install/std_msgs/share/std_msgs/msg/MultiArrayDimension.idl
[11.525s] -- Installing: /home/rsanz/git/learning/ros2/tutorials/RustROS2/src/install/std_msgs/share/std_msgs/msg/MultiArrayLayout.idl
[11.525s] -- Installing: /home/rsanz/git/learning/ros2/tutorials/RustROS2/src/install/std_msgs/share/std_msgs/msg/String.idl
[11.526s] -- Installing: /home/rsanz/git/learning/ros2/tutorials/RustROS2/src/install/std_msgs/share/std_msgs/msg/UInt16.idl
[11.526s] -- Installing: /home/rsanz/git/learning/ros2/tutorials/RustROS2/src/install/std_msgs/share/std_msgs/msg/UInt16MultiArray.idl
[11.526s] -- Installing: /home/rsanz/git/learning/ros2/tutorials/RustROS2/src/install/std_msgs/share/std_msgs/msg/UInt32.idl
[11.526s] -- Installing: /home/rsanz/git/learning/ros2/tutorials/RustROS2/src/install/std_msgs/share/std_msgs/msg/UInt32MultiArray.idl
[11.526s] -- Installing: /home/rsanz/git/learning/ros2/tutorials/RustROS2/src/install/std_msgs/share/std_msgs/msg/UInt64.idl
[11.527s] -- Installing: /home/rsanz/git/learning/ros2/tutorials/RustROS2/src/install/std_msgs/share/std_msgs/msg/UInt64MultiArray.idl
[11.527s] -- Installing: /home/rsanz/git/learning/ros2/tutorials/RustROS2/src/install/std_msgs/share/std_msgs/msg/UInt8.idl
[11.527s] -- Installing: /home/rsanz/git/learning/ros2/tutorials/RustROS2/src/install/std_msgs/share/std_msgs/msg/UInt8MultiArray.idl
[11.527s] -- Installing: /home/rsanz/git/learning/ros2/tutorials/RustROS2/src/install/std_msgs/share/std_msgs/msg/Bool.msg
[11.527s] -- Installing: /home/rsanz/git/learning/ros2/tutorials/RustROS2/src/install/std_msgs/share/std_msgs/msg/Byte.msg
[11.527s] -- Installing: /home/rsanz/git/learning/ros2/tutorials/RustROS2/src/install/std_msgs/share/std_msgs/msg/ByteMultiArray.msg
[11.528s] -- Installing: /home/rsanz/git/learning/ros2/tutorials/RustROS2/src/install/std_msgs/share/std_msgs/msg/Char.msg
[11.528s] -- Installing: /home/rsanz/git/learning/ros2/tutorials/RustROS2/src/install/std_msgs/share/std_msgs/msg/ColorRGBA.msg
[11.528s] -- Installing: /home/rsanz/git/learning/ros2/tutorials/RustROS2/src/install/std_msgs/share/std_msgs/msg/Empty.msg
[11.528s] -- Installing: /home/rsanz/git/learning/ros2/tutorials/RustROS2/src/install/std_msgs/share/std_msgs/msg/Float32.msg
[11.528s] -- Installing: /home/rsanz/git/learning/ros2/tutorials/RustROS2/src/install/std_msgs/share/std_msgs/msg/Float32MultiArray.msg
[11.529s] -- Installing: /home/rsanz/git/learning/ros2/tutorials/RustROS2/src/install/std_msgs/share/std_msgs/msg/Float64.msg
[11.529s] -- Installing: /home/rsanz/git/learning/ros2/tutorials/RustROS2/src/install/std_msgs/share/std_msgs/msg/Float64MultiArray.msg
[11.529s] -- Installing: /home/rsanz/git/learning/ros2/tutorials/RustROS2/src/install/std_msgs/share/std_msgs/msg/Header.msg
[11.529s] -- Installing: /home/rsanz/git/learning/ros2/tutorials/RustROS2/src/install/std_msgs/share/std_msgs/msg/Int16.msg
[11.529s] -- Installing: /home/rsanz/git/learning/ros2/tutorials/RustROS2/src/install/std_msgs/share/std_msgs/msg/Int16MultiArray.msg
[11.530s] -- Installing: /home/rsanz/git/learning/ros2/tutorials/RustROS2/src/install/std_msgs/share/std_msgs/msg/Int32.msg
[11.530s] -- Installing: /home/rsanz/git/learning/ros2/tutorials/RustROS2/src/install/std_msgs/share/std_msgs/msg/Int32MultiArray.msg
[11.530s] -- Installing: /home/rsanz/git/learning/ros2/tutorials/RustROS2/src/install/std_msgs/share/std_msgs/msg/Int64.msg
[11.530s] -- Installing: /home/rsanz/git/learning/ros2/tutorials/RustROS2/src/install/std_msgs/share/std_msgs/msg/Int64MultiArray.msg
[11.530s] -- Installing: /home/rsanz/git/learning/ros2/tutorials/RustROS2/src/install/std_msgs/share/std_msgs/msg/Int8.msg
[11.531s] -- Installing: /home/rsanz/git/learning/ros2/tutorials/RustROS2/src/install/std_msgs/share/std_msgs/msg/Int8MultiArray.msg
[11.531s] -- Installing: /home/rsanz/git/learning/ros2/tutorials/RustROS2/src/install/std_msgs/share/std_msgs/msg/MultiArrayDimension.msg
[11.531s] -- Installing: /home/rsanz/git/learning/ros2/tutorials/RustROS2/src/install/std_msgs/share/std_msgs/msg/MultiArrayLayout.msg
[11.531s] -- Installing: /home/rsanz/git/learning/ros2/tutorials/RustROS2/src/install/std_msgs/share/std_msgs/msg/String.msg
[11.531s] -- Installing: /home/rsanz/git/learning/ros2/tutorials/RustROS2/src/install/std_msgs/share/std_msgs/msg/UInt16.msg
[11.531s] -- Installing: /home/rsanz/git/learning/ros2/tutorials/RustROS2/src/install/std_msgs/share/std_msgs/msg/UInt16MultiArray.msg
[11.532s] -- Installing: /home/rsanz/git/learning/ros2/tutorials/RustROS2/src/install/std_msgs/share/std_msgs/msg/UInt32.msg
[11.532s] -- Installing: /home/rsanz/git/learning/ros2/tutorials/RustROS2/src/install/std_msgs/share/std_msgs/msg/UInt32MultiArray.msg
[11.532s] -- Installing: /home/rsanz/git/learning/ros2/tutorials/RustROS2/src/install/std_msgs/share/std_msgs/msg/UInt64.msg
[11.532s] -- Installing: /home/rsanz/git/learning/ros2/tutorials/RustROS2/src/install/std_msgs/share/std_msgs/msg/UInt64MultiArray.msg
[11.532s] -- Installing: /home/rsanz/git/learning/ros2/tutorials/RustROS2/src/install/std_msgs/share/std_msgs/msg/UInt8.msg
[11.533s] -- Installing: /home/rsanz/git/learning/ros2/tutorials/RustROS2/src/install/std_msgs/share/std_msgs/msg/UInt8MultiArray.msg
[11.533s] -- Installing: /home/rsanz/git/learning/ros2/tutorials/RustROS2/src/install/std_msgs/share/ament_index/resource_index/package_run_dependencies/std_msgs
[11.533s] -- Installing: /home/rsanz/git/learning/ros2/tutorials/RustROS2/src/install/std_msgs/share/ament_index/resource_index/parent_prefix_path/std_msgs
[11.534s] -- Installing: /home/rsanz/git/learning/ros2/tutorials/RustROS2/src/install/std_msgs/share/std_msgs/environment/ament_prefix_path.sh
[11.534s] -- Installing: /home/rsanz/git/learning/ros2/tutorials/RustROS2/src/install/std_msgs/share/std_msgs/environment/ament_prefix_path.dsv
[11.534s] -- Installing: /home/rsanz/git/learning/ros2/tutorials/RustROS2/src/install/std_msgs/share/std_msgs/environment/path.sh
[11.534s] -- Installing: /home/rsanz/git/learning/ros2/tutorials/RustROS2/src/install/std_msgs/share/std_msgs/environment/path.dsv
[11.534s] -- Installing: /home/rsanz/git/learning/ros2/tutorials/RustROS2/src/install/std_msgs/share/std_msgs/local_setup.bash
[11.535s] -- Installing: /home/rsanz/git/learning/ros2/tutorials/RustROS2/src/install/std_msgs/share/std_msgs/local_setup.sh
[11.535s] -- Installing: /home/rsanz/git/learning/ros2/tutorials/RustROS2/src/install/std_msgs/share/std_msgs/local_setup.zsh
[11.535s] -- Installing: /home/rsanz/git/learning/ros2/tutorials/RustROS2/src/install/std_msgs/share/std_msgs/local_setup.dsv
[11.535s] -- Installing: /home/rsanz/git/learning/ros2/tutorials/RustROS2/src/install/std_msgs/share/std_msgs/package.dsv
[11.535s] -- Installing: /home/rsanz/git/learning/ros2/tutorials/RustROS2/src/install/std_msgs/share/ament_index/resource_index/packages/std_msgs
[11.536s] -- Installing: /home/rsanz/git/learning/ros2/tutorials/RustROS2/src/install/std_msgs/share/std_msgs/cmake/export_std_msgs__rosidl_generator_cExport.cmake
[11.536s] -- Installing: /home/rsanz/git/learning/ros2/tutorials/RustROS2/src/install/std_msgs/share/std_msgs/cmake/export_std_msgs__rosidl_generator_cExport-noconfig.cmake
[11.536s] -- Installing: /home/rsanz/git/learning/ros2/tutorials/RustROS2/src/install/std_msgs/share/std_msgs/cmake/export_std_msgs__rosidl_typesupport_fastrtps_cExport.cmake
[11.536s] -- Installing: /home/rsanz/git/learning/ros2/tutorials/RustROS2/src/install/std_msgs/share/std_msgs/cmake/export_std_msgs__rosidl_typesupport_fastrtps_cExport-noconfig.cmake
[11.536s] -- Installing: /home/rsanz/git/learning/ros2/tutorials/RustROS2/src/install/std_msgs/share/std_msgs/cmake/export_std_msgs__rosidl_generator_cppExport.cmake
[11.537s] -- Installing: /home/rsanz/git/learning/ros2/tutorials/RustROS2/src/install/std_msgs/share/std_msgs/cmake/export_std_msgs__rosidl_typesupport_fastrtps_cppExport.cmake
[11.537s] -- Installing: /home/rsanz/git/learning/ros2/tutorials/RustROS2/src/install/std_msgs/share/std_msgs/cmake/export_std_msgs__rosidl_typesupport_fastrtps_cppExport-noconfig.cmake
[11.537s] -- Installing: /home/rsanz/git/learning/ros2/tutorials/RustROS2/src/install/std_msgs/share/std_msgs/cmake/std_msgs__rosidl_typesupport_introspection_cExport.cmake
[11.537s] -- Installing: /home/rsanz/git/learning/ros2/tutorials/RustROS2/src/install/std_msgs/share/std_msgs/cmake/std_msgs__rosidl_typesupport_introspection_cExport-noconfig.cmake
[11.537s] -- Installing: /home/rsanz/git/learning/ros2/tutorials/RustROS2/src/install/std_msgs/share/std_msgs/cmake/std_msgs__rosidl_typesupport_cExport.cmake
[11.538s] -- Installing: /home/rsanz/git/learning/ros2/tutorials/RustROS2/src/install/std_msgs/share/std_msgs/cmake/std_msgs__rosidl_typesupport_cExport-noconfig.cmake
[11.538s] -- Installing: /home/rsanz/git/learning/ros2/tutorials/RustROS2/src/install/std_msgs/share/std_msgs/cmake/std_msgs__rosidl_typesupport_introspection_cppExport.cmake
[11.538s] -- Installing: /home/rsanz/git/learning/ros2/tutorials/RustROS2/src/install/std_msgs/share/std_msgs/cmake/std_msgs__rosidl_typesupport_introspection_cppExport-noconfig.cmake
[11.538s] -- Installing: /home/rsanz/git/learning/ros2/tutorials/RustROS2/src/install/std_msgs/share/std_msgs/cmake/std_msgs__rosidl_typesupport_cppExport.cmake
[11.539s] -- Installing: /home/rsanz/git/learning/ros2/tutorials/RustROS2/src/install/std_msgs/share/std_msgs/cmake/std_msgs__rosidl_typesupport_cppExport-noconfig.cmake
[11.539s] -- Installing: /home/rsanz/git/learning/ros2/tutorials/RustROS2/src/install/std_msgs/share/std_msgs/cmake/export_std_msgs__rosidl_generator_pyExport.cmake
[11.539s] -- Installing: /home/rsanz/git/learning/ros2/tutorials/RustROS2/src/install/std_msgs/share/std_msgs/cmake/export_std_msgs__rosidl_generator_pyExport-noconfig.cmake
[11.539s] -- Installing: /home/rsanz/git/learning/ros2/tutorials/RustROS2/src/install/std_msgs/share/std_msgs/cmake/rosidl_cmake-extras.cmake
[11.539s] -- Installing: /home/rsanz/git/learning/ros2/tutorials/RustROS2/src/install/std_msgs/share/std_msgs/cmake/ament_cmake_export_dependencies-extras.cmake
[11.539s] -- Installing: /home/rsanz/git/learning/ros2/tutorials/RustROS2/src/install/std_msgs/share/std_msgs/cmake/ament_cmake_export_include_directories-extras.cmake
[11.540s] -- Installing: /home/rsanz/git/learning/ros2/tutorials/RustROS2/src/install/std_msgs/share/std_msgs/cmake/ament_cmake_export_libraries-extras.cmake
[11.540s] -- Installing: /home/rsanz/git/learning/ros2/tutorials/RustROS2/src/install/std_msgs/share/std_msgs/cmake/ament_cmake_export_targets-extras.cmake
[11.540s] -- Installing: /home/rsanz/git/learning/ros2/tutorials/RustROS2/src/install/std_msgs/share/std_msgs/cmake/rosidl_cmake_export_typesupport_targets-extras.cmake
[11.540s] -- Installing: /home/rsanz/git/learning/ros2/tutorials/RustROS2/src/install/std_msgs/share/std_msgs/cmake/rosidl_cmake_export_typesupport_libraries-extras.cmake
[11.541s] -- Installing: /home/rsanz/git/learning/ros2/tutorials/RustROS2/src/install/std_msgs/share/std_msgs/cmake/std_msgsConfig.cmake
[11.541s] -- Installing: /home/rsanz/git/learning/ros2/tutorials/RustROS2/src/install/std_msgs/share/std_msgs/cmake/std_msgsConfig-version.cmake
[11.541s] -- Installing: /home/rsanz/git/learning/ros2/tutorials/RustROS2/src/install/std_msgs/share/std_msgs/package.xml
[11.543s] Invoked command in '/home/rsanz/git/learning/ros2/tutorials/RustROS2/src/build/std_msgs' returned '0': AMENT_PREFIX_PATH=/home/rsanz/git/learning/ros2/tutorials/RustROS2/src/install/rosidl_default_runtime:/home/rsanz/git/learning/ros2/tutorials/RustROS2/src/install/rosidl_default_generators:/home/rsanz/git/learning/ros2/tutorials/RustROS2/src/install/action_msgs:/home/rsanz/git/learning/ros2/tutorials/RustROS2/src/install/service_msgs:/home/rsanz/git/learning/ros2/tutorials/RustROS2/src/install/unique_identifier_msgs:/home/rsanz/git/learning/ros2/tutorials/RustROS2/src/install/builtin_interfaces:/home/rsanz/git/learning/ros2/tutorials/RustROS2/src/install/rosidl_core_runtime:/home/rsanz/git/learning/ros2/tutorials/RustROS2/src/install/rosidl_core_generators:/home/rsanz/git/learning/ros2/tutorials/RustROS2/src/install/rosidl_generator_rs:${AMENT_PREFIX_PATH} CMAKE_PREFIX_PATH=/home/rsanz/git/learning/ros2/tutorials/RustROS2/src/install/rosidl_default_runtime:/home/rsanz/git/learning/ros2/tutorials/RustROS2/src/install/rosidl_default_generators:/home/rsanz/git/learning/ros2/tutorials/RustROS2/src/install/action_msgs:/home/rsanz/git/learning/ros2/tutorials/RustROS2/src/install/service_msgs:/home/rsanz/git/learning/ros2/tutorials/RustROS2/src/install/unique_identifier_msgs:/home/rsanz/git/learning/ros2/tutorials/RustROS2/src/install/builtin_interfaces:/home/rsanz/git/learning/ros2/tutorials/RustROS2/src/install/rosidl_core_runtime:/home/rsanz/git/learning/ros2/tutorials/RustROS2/src/install/rosidl_core_generators:/home/rsanz/git/learning/ros2/tutorials/RustROS2/src/install/rosidl_generator_rs:/opt/ros/jazzy/opt/gz_math_vendor:/opt/ros/jazzy/opt/gz_utils_vendor:/opt/ros/jazzy/opt/gz_cmake_vendor:/opt/ros/jazzy DEBUGINFOD_URLS=https://debuginfod.ubuntu.com LD_LIBRARY_PATH=/home/rsanz/git/learning/ros2/tutorials/RustROS2/src/install/action_msgs/lib:/home/rsanz/git/learning/ros2/tutorials/RustROS2/src/install/service_msgs/lib:/home/rsanz/git/learning/ros2/tutorials/RustROS2/src/install/unique_identifier_msgs/lib:/home/rsanz/git/learning/ros2/tutorials/RustROS2/src/install/builtin_interfaces/lib:${LD_LIBRARY_PATH} PYTHONPATH=/home/rsanz/git/learning/ros2/tutorials/RustROS2/src/install/action_msgs/lib/python3.12/site-packages:/home/rsanz/git/learning/ros2/tutorials/RustROS2/src/install/service_msgs/lib/python3.12/site-packages:/home/rsanz/git/learning/ros2/tutorials/RustROS2/src/install/unique_identifier_msgs/lib/python3.12/site-packages:/home/rsanz/git/learning/ros2/tutorials/RustROS2/src/install/builtin_interfaces/lib/python3.12/site-packages:/home/rsanz/git/learning/ros2/tutorials/RustROS2/src/install/rosidl_generator_rs/lib/python3.12/site-packages:${PYTHONPATH} /usr/bin/cmake --install /home/rsanz/git/learning/ros2/tutorials/RustROS2/src/build/std_msgs
