[0.092s] DEBUG:colcon:Command line arguments: ['/usr/bin/colcon', 'build', '--packages-up-to', 'rust_pubsub']
[0.093s] DEBUG:colcon:Parsed command line arguments: Namespace(log_base=None, log_level=None, verb_name='build', build_base='build', install_base='install', merge_install=False, symlink_install=False, test_result_base=None, continue_on_error=False, executor='parallel', parallel_workers=24, event_handlers=None, ignore_user_meta=False, metas=['./colcon.meta'], base_paths=['.'], packages_ignore=None, packages_ignore_regex=None, paths=None, packages_up_to=['rust_pubsub'], packages_up_to_regex=None, packages_above=None, packages_above_and_dependencies=None, packages_above_depth=None, packages_select_by_dep=None, packages_skip_by_dep=None, packages_skip_up_to=None, packages_select_build_failed=False, packages_skip_build_finished=False, packages_select_test_failures=False, packages_skip_test_passed=False, packages_select=None, packages_skip=None, packages_select_regex=None, packages_skip_regex=None, packages_start=None, packages_end=None, allow_overriding=[], lookup_in_workspace=False, cargo_args=None, clean_build=False, cmake_args=None, cmake_target=None, cmake_target_skip_unavailable=False, cmake_clean_cache=False, cmake_clean_first=False, cmake_force_configure=False, ament_cmake_args=None, catkin_cmake_args=None, catkin_skip_building_tests=False, mixin_files=None, mixin=None, verb_parser=<colcon_mixin.mixin.mixin_argument.MixinArgumentDecorator object at 0x7da1ccac3f20>, verb_extension=<colcon_core.verb.build.BuildVerb object at 0x7da1ccac3c80>, main=<bound method BuildVerb.main of <colcon_core.verb.build.BuildVerb object at 0x7da1ccac3c80>>, mixin_verb=('build',))
[0.139s] Level 1:colcon.colcon_core.package_discovery:discover_packages(colcon_meta) check parameters
[0.139s] Level 1:colcon.colcon_core.package_discovery:discover_packages(recursive) check parameters
[0.139s] Level 1:colcon.colcon_core.package_discovery:discover_packages(ignore) check parameters
[0.139s] Level 1:colcon.colcon_core.package_discovery:discover_packages(path) check parameters
[0.139s] Level 1:colcon.colcon_core.package_discovery:discover_packages(cargo_workspace) check parameters
[0.139s] Level 1:colcon.colcon_core.package_discovery:discover_packages(colcon_meta) discover
[0.139s] Level 1:colcon.colcon_core.package_discovery:discover_packages(recursive) discover
[0.139s] INFO:colcon.colcon_core.package_discovery:Crawling recursively for packages in '/home/rsanz/git/learning/ROS2/RustROS2'
[0.140s] Level 1:colcon.colcon_core.package_identification:_identify(.) by extensions ['ignore', 'ignore_ament_install']
[0.140s] Level 1:colcon.colcon_core.package_identification:_identify(.) by extension 'ignore'
[0.140s] Level 1:colcon.colcon_core.package_identification:_identify(.) by extension 'ignore_ament_install'
[0.140s] Level 1:colcon.colcon_core.package_identification:_identify(.) by extensions ['cargo_workspace']
[0.140s] Level 1:colcon.colcon_core.package_identification:_identify(.) by extension 'cargo_workspace'
[0.140s] Level 1:colcon.colcon_core.package_identification:_identify(.) by extensions ['colcon_pkg']
[0.140s] Level 1:colcon.colcon_core.package_identification:_identify(.) by extension 'colcon_pkg'
[0.140s] Level 1:colcon.colcon_core.package_identification:_identify(.) by extensions ['colcon_meta']
[0.140s] Level 1:colcon.colcon_core.package_identification:_identify(.) by extension 'colcon_meta'
[0.140s] Level 1:colcon.colcon_core.package_identification:_identify(.) by extensions ['ament_cargo']
[0.140s] Level 1:colcon.colcon_core.package_identification:_identify(.) by extension 'ament_cargo'
[0.140s] Level 1:colcon.colcon_core.package_identification:_identify(.) by extensions ['ros']
[0.140s] Level 1:colcon.colcon_core.package_identification:_identify(.) by extension 'ros'
[0.140s] Level 1:colcon.colcon_core.package_identification:_identify(.) by extensions ['cargo', 'cmake', 'python']
[0.140s] Level 1:colcon.colcon_core.package_identification:_identify(.) by extension 'cargo'
[0.140s] Level 1:colcon.colcon_core.package_identification:_identify(.) by extension 'cmake'
[0.140s] Level 1:colcon.colcon_core.package_identification:_identify(.) by extension 'python'
[0.140s] Level 1:colcon.colcon_core.package_identification:_identify(.) by extensions ['python_setup_py']
[0.140s] Level 1:colcon.colcon_core.package_identification:_identify(.) by extension 'python_setup_py'
[0.140s] Level 1:colcon.colcon_core.package_identification:_identify(build) by extensions ['ignore', 'ignore_ament_install']
[0.140s] Level 1:colcon.colcon_core.package_identification:_identify(build) by extension 'ignore'
[0.140s] Level 1:colcon.colcon_core.package_identification:_identify(build) ignored
[0.140s] Level 1:colcon.colcon_core.package_identification:_identify(install) by extensions ['ignore', 'ignore_ament_install']
[0.140s] Level 1:colcon.colcon_core.package_identification:_identify(install) by extension 'ignore'
[0.140s] Level 1:colcon.colcon_core.package_identification:_identify(install) ignored
[0.141s] Level 1:colcon.colcon_core.package_identification:_identify(log) by extensions ['ignore', 'ignore_ament_install']
[0.141s] Level 1:colcon.colcon_core.package_identification:_identify(log) by extension 'ignore'
[0.141s] Level 1:colcon.colcon_core.package_identification:_identify(log) ignored
[0.141s] Level 1:colcon.colcon_core.package_identification:_identify(src) by extensions ['ignore', 'ignore_ament_install']
[0.141s] Level 1:colcon.colcon_core.package_identification:_identify(src) by extension 'ignore'
[0.141s] Level 1:colcon.colcon_core.package_identification:_identify(src) by extension 'ignore_ament_install'
[0.141s] Level 1:colcon.colcon_core.package_identification:_identify(src) by extensions ['cargo_workspace']
[0.141s] Level 1:colcon.colcon_core.package_identification:_identify(src) by extension 'cargo_workspace'
[0.141s] Level 1:colcon.colcon_core.package_identification:_identify(src) by extensions ['colcon_pkg']
[0.141s] Level 1:colcon.colcon_core.package_identification:_identify(src) by extension 'colcon_pkg'
[0.141s] Level 1:colcon.colcon_core.package_identification:_identify(src) by extensions ['colcon_meta']
[0.141s] Level 1:colcon.colcon_core.package_identification:_identify(src) by extension 'colcon_meta'
[0.141s] Level 1:colcon.colcon_core.package_identification:_identify(src) by extensions ['ament_cargo']
[0.141s] Level 1:colcon.colcon_core.package_identification:_identify(src) by extension 'ament_cargo'
[0.141s] Level 1:colcon.colcon_core.package_identification:_identify(src) by extensions ['ros']
[0.141s] Level 1:colcon.colcon_core.package_identification:_identify(src) by extension 'ros'
[0.141s] Level 1:colcon.colcon_core.package_identification:_identify(src) by extensions ['cargo', 'cmake', 'python']
[0.141s] Level 1:colcon.colcon_core.package_identification:_identify(src) by extension 'cargo'
[0.141s] Level 1:colcon.colcon_core.package_identification:_identify(src) by extension 'cmake'
[0.141s] Level 1:colcon.colcon_core.package_identification:_identify(src) by extension 'python'
[0.141s] Level 1:colcon.colcon_core.package_identification:_identify(src) by extensions ['python_setup_py']
[0.141s] Level 1:colcon.colcon_core.package_identification:_identify(src) by extension 'python_setup_py'
[0.141s] Level 1:colcon.colcon_core.package_identification:_identify(src/common_interfaces) by extensions ['ignore', 'ignore_ament_install']
[0.141s] Level 1:colcon.colcon_core.package_identification:_identify(src/common_interfaces) by extension 'ignore'
[0.142s] Level 1:colcon.colcon_core.package_identification:_identify(src/common_interfaces) by extension 'ignore_ament_install'
[0.142s] Level 1:colcon.colcon_core.package_identification:_identify(src/common_interfaces) by extensions ['cargo_workspace']
[0.142s] Level 1:colcon.colcon_core.package_identification:_identify(src/common_interfaces) by extension 'cargo_workspace'
[0.142s] Level 1:colcon.colcon_core.package_identification:_identify(src/common_interfaces) by extensions ['colcon_pkg']
[0.142s] Level 1:colcon.colcon_core.package_identification:_identify(src/common_interfaces) by extension 'colcon_pkg'
[0.142s] Level 1:colcon.colcon_core.package_identification:_identify(src/common_interfaces) by extensions ['colcon_meta']
[0.142s] Level 1:colcon.colcon_core.package_identification:_identify(src/common_interfaces) by extension 'colcon_meta'
[0.142s] Level 1:colcon.colcon_core.package_identification:_identify(src/common_interfaces) by extensions ['ament_cargo']
[0.142s] Level 1:colcon.colcon_core.package_identification:_identify(src/common_interfaces) by extension 'ament_cargo'
[0.142s] Level 1:colcon.colcon_core.package_identification:_identify(src/common_interfaces) by extensions ['ros']
[0.142s] Level 1:colcon.colcon_core.package_identification:_identify(src/common_interfaces) by extension 'ros'
[0.142s] Level 1:colcon.colcon_core.package_identification:_identify(src/common_interfaces) by extensions ['cargo', 'cmake', 'python']
[0.142s] Level 1:colcon.colcon_core.package_identification:_identify(src/common_interfaces) by extension 'cargo'
[0.142s] Level 1:colcon.colcon_core.package_identification:_identify(src/common_interfaces) by extension 'cmake'
[0.142s] Level 1:colcon.colcon_core.package_identification:_identify(src/common_interfaces) by extension 'python'
[0.142s] Level 1:colcon.colcon_core.package_identification:_identify(src/common_interfaces) by extensions ['python_setup_py']
[0.142s] Level 1:colcon.colcon_core.package_identification:_identify(src/common_interfaces) by extension 'python_setup_py'
[0.142s] Level 1:colcon.colcon_core.package_identification:_identify(src/common_interfaces/actionlib_msgs) by extensions ['ignore', 'ignore_ament_install']
[0.142s] Level 1:colcon.colcon_core.package_identification:_identify(src/common_interfaces/actionlib_msgs) by extension 'ignore'
[0.142s] Level 1:colcon.colcon_core.package_identification:_identify(src/common_interfaces/actionlib_msgs) by extension 'ignore_ament_install'
[0.142s] Level 1:colcon.colcon_core.package_identification:_identify(src/common_interfaces/actionlib_msgs) by extensions ['cargo_workspace']
[0.142s] Level 1:colcon.colcon_core.package_identification:_identify(src/common_interfaces/actionlib_msgs) by extension 'cargo_workspace'
[0.142s] Level 1:colcon.colcon_core.package_identification:_identify(src/common_interfaces/actionlib_msgs) by extensions ['colcon_pkg']
[0.142s] Level 1:colcon.colcon_core.package_identification:_identify(src/common_interfaces/actionlib_msgs) by extension 'colcon_pkg'
[0.142s] Level 1:colcon.colcon_core.package_identification:_identify(src/common_interfaces/actionlib_msgs) by extensions ['colcon_meta']
[0.142s] Level 1:colcon.colcon_core.package_identification:_identify(src/common_interfaces/actionlib_msgs) by extension 'colcon_meta'
[0.142s] Level 1:colcon.colcon_core.package_identification:_identify(src/common_interfaces/actionlib_msgs) by extensions ['ament_cargo']
[0.142s] Level 1:colcon.colcon_core.package_identification:_identify(src/common_interfaces/actionlib_msgs) by extension 'ament_cargo'
[0.144s] Level 1:colcon.colcon_core.package_identification:_identify(src/common_interfaces/actionlib_msgs) by extensions ['ros']
[0.144s] Level 1:colcon.colcon_core.package_identification:_identify(src/common_interfaces/actionlib_msgs) by extension 'ros'
[0.144s] DEBUG:colcon.colcon_core.package_identification:Package 'src/common_interfaces/actionlib_msgs' with type 'ros.ament_cmake' and name 'actionlib_msgs'
[0.145s] Level 1:colcon.colcon_core.package_identification:_identify(src/common_interfaces/common_interfaces) by extensions ['ignore', 'ignore_ament_install']
[0.145s] Level 1:colcon.colcon_core.package_identification:_identify(src/common_interfaces/common_interfaces) by extension 'ignore'
[0.145s] Level 1:colcon.colcon_core.package_identification:_identify(src/common_interfaces/common_interfaces) by extension 'ignore_ament_install'
[0.145s] Level 1:colcon.colcon_core.package_identification:_identify(src/common_interfaces/common_interfaces) by extensions ['cargo_workspace']
[0.145s] Level 1:colcon.colcon_core.package_identification:_identify(src/common_interfaces/common_interfaces) by extension 'cargo_workspace'
[0.145s] Level 1:colcon.colcon_core.package_identification:_identify(src/common_interfaces/common_interfaces) by extensions ['colcon_pkg']
[0.145s] Level 1:colcon.colcon_core.package_identification:_identify(src/common_interfaces/common_interfaces) by extension 'colcon_pkg'
[0.145s] Level 1:colcon.colcon_core.package_identification:_identify(src/common_interfaces/common_interfaces) by extensions ['colcon_meta']
[0.145s] Level 1:colcon.colcon_core.package_identification:_identify(src/common_interfaces/common_interfaces) by extension 'colcon_meta'
[0.145s] Level 1:colcon.colcon_core.package_identification:_identify(src/common_interfaces/common_interfaces) by extensions ['ament_cargo']
[0.145s] Level 1:colcon.colcon_core.package_identification:_identify(src/common_interfaces/common_interfaces) by extension 'ament_cargo'
[0.145s] Level 1:colcon.colcon_core.package_identification:_identify(src/common_interfaces/common_interfaces) by extensions ['ros']
[0.145s] Level 1:colcon.colcon_core.package_identification:_identify(src/common_interfaces/common_interfaces) by extension 'ros'
[0.146s] DEBUG:colcon.colcon_core.package_identification:Package 'src/common_interfaces/common_interfaces' with type 'ros.ament_cmake' and name 'common_interfaces'
[0.146s] Level 1:colcon.colcon_core.package_identification:_identify(src/common_interfaces/diagnostic_msgs) by extensions ['ignore', 'ignore_ament_install']
[0.146s] Level 1:colcon.colcon_core.package_identification:_identify(src/common_interfaces/diagnostic_msgs) by extension 'ignore'
[0.146s] Level 1:colcon.colcon_core.package_identification:_identify(src/common_interfaces/diagnostic_msgs) by extension 'ignore_ament_install'
[0.146s] Level 1:colcon.colcon_core.package_identification:_identify(src/common_interfaces/diagnostic_msgs) by extensions ['cargo_workspace']
[0.146s] Level 1:colcon.colcon_core.package_identification:_identify(src/common_interfaces/diagnostic_msgs) by extension 'cargo_workspace'
[0.146s] Level 1:colcon.colcon_core.package_identification:_identify(src/common_interfaces/diagnostic_msgs) by extensions ['colcon_pkg']
[0.146s] Level 1:colcon.colcon_core.package_identification:_identify(src/common_interfaces/diagnostic_msgs) by extension 'colcon_pkg'
[0.146s] Level 1:colcon.colcon_core.package_identification:_identify(src/common_interfaces/diagnostic_msgs) by extensions ['colcon_meta']
[0.146s] Level 1:colcon.colcon_core.package_identification:_identify(src/common_interfaces/diagnostic_msgs) by extension 'colcon_meta'
[0.146s] Level 1:colcon.colcon_core.package_identification:_identify(src/common_interfaces/diagnostic_msgs) by extensions ['ament_cargo']
[0.146s] Level 1:colcon.colcon_core.package_identification:_identify(src/common_interfaces/diagnostic_msgs) by extension 'ament_cargo'
[0.147s] Level 1:colcon.colcon_core.package_identification:_identify(src/common_interfaces/diagnostic_msgs) by extensions ['ros']
[0.147s] Level 1:colcon.colcon_core.package_identification:_identify(src/common_interfaces/diagnostic_msgs) by extension 'ros'
[0.147s] DEBUG:colcon.colcon_core.package_identification:Package 'src/common_interfaces/diagnostic_msgs' with type 'ros.ament_cmake' and name 'diagnostic_msgs'
[0.147s] Level 1:colcon.colcon_core.package_identification:_identify(src/common_interfaces/docs) by extensions ['ignore', 'ignore_ament_install']
[0.147s] Level 1:colcon.colcon_core.package_identification:_identify(src/common_interfaces/docs) by extension 'ignore'
[0.147s] Level 1:colcon.colcon_core.package_identification:_identify(src/common_interfaces/docs) by extension 'ignore_ament_install'
[0.147s] Level 1:colcon.colcon_core.package_identification:_identify(src/common_interfaces/docs) by extensions ['cargo_workspace']
[0.147s] Level 1:colcon.colcon_core.package_identification:_identify(src/common_interfaces/docs) by extension 'cargo_workspace'
[0.148s] Level 1:colcon.colcon_core.package_identification:_identify(src/common_interfaces/docs) by extensions ['colcon_pkg']
[0.148s] Level 1:colcon.colcon_core.package_identification:_identify(src/common_interfaces/docs) by extension 'colcon_pkg'
[0.148s] Level 1:colcon.colcon_core.package_identification:_identify(src/common_interfaces/docs) by extensions ['colcon_meta']
[0.148s] Level 1:colcon.colcon_core.package_identification:_identify(src/common_interfaces/docs) by extension 'colcon_meta'
[0.148s] Level 1:colcon.colcon_core.package_identification:_identify(src/common_interfaces/docs) by extensions ['ament_cargo']
[0.148s] Level 1:colcon.colcon_core.package_identification:_identify(src/common_interfaces/docs) by extension 'ament_cargo'
[0.148s] Level 1:colcon.colcon_core.package_identification:_identify(src/common_interfaces/docs) by extensions ['ros']
[0.148s] Level 1:colcon.colcon_core.package_identification:_identify(src/common_interfaces/docs) by extension 'ros'
[0.148s] Level 1:colcon.colcon_core.package_identification:_identify(src/common_interfaces/docs) by extensions ['cargo', 'cmake', 'python']
[0.148s] Level 1:colcon.colcon_core.package_identification:_identify(src/common_interfaces/docs) by extension 'cargo'
[0.148s] Level 1:colcon.colcon_core.package_identification:_identify(src/common_interfaces/docs) by extension 'cmake'
[0.148s] Level 1:colcon.colcon_core.package_identification:_identify(src/common_interfaces/docs) by extension 'python'
[0.148s] Level 1:colcon.colcon_core.package_identification:_identify(src/common_interfaces/docs) by extensions ['python_setup_py']
[0.148s] Level 1:colcon.colcon_core.package_identification:_identify(src/common_interfaces/docs) by extension 'python_setup_py'
[0.148s] Level 1:colcon.colcon_core.package_identification:_identify(src/common_interfaces/geometry_msgs) by extensions ['ignore', 'ignore_ament_install']
[0.148s] Level 1:colcon.colcon_core.package_identification:_identify(src/common_interfaces/geometry_msgs) by extension 'ignore'
[0.148s] Level 1:colcon.colcon_core.package_identification:_identify(src/common_interfaces/geometry_msgs) by extension 'ignore_ament_install'
[0.148s] Level 1:colcon.colcon_core.package_identification:_identify(src/common_interfaces/geometry_msgs) by extensions ['cargo_workspace']
[0.148s] Level 1:colcon.colcon_core.package_identification:_identify(src/common_interfaces/geometry_msgs) by extension 'cargo_workspace'
[0.148s] Level 1:colcon.colcon_core.package_identification:_identify(src/common_interfaces/geometry_msgs) by extensions ['colcon_pkg']
[0.148s] Level 1:colcon.colcon_core.package_identification:_identify(src/common_interfaces/geometry_msgs) by extension 'colcon_pkg'
[0.148s] Level 1:colcon.colcon_core.package_identification:_identify(src/common_interfaces/geometry_msgs) by extensions ['colcon_meta']
[0.148s] Level 1:colcon.colcon_core.package_identification:_identify(src/common_interfaces/geometry_msgs) by extension 'colcon_meta'
[0.148s] Level 1:colcon.colcon_core.package_identification:_identify(src/common_interfaces/geometry_msgs) by extensions ['ament_cargo']
[0.148s] Level 1:colcon.colcon_core.package_identification:_identify(src/common_interfaces/geometry_msgs) by extension 'ament_cargo'
[0.149s] Level 1:colcon.colcon_core.package_identification:_identify(src/common_interfaces/geometry_msgs) by extensions ['ros']
[0.149s] Level 1:colcon.colcon_core.package_identification:_identify(src/common_interfaces/geometry_msgs) by extension 'ros'
[0.149s] DEBUG:colcon.colcon_core.package_identification:Package 'src/common_interfaces/geometry_msgs' with type 'ros.ament_cmake' and name 'geometry_msgs'
[0.149s] Level 1:colcon.colcon_core.package_identification:_identify(src/common_interfaces/nav_msgs) by extensions ['ignore', 'ignore_ament_install']
[0.149s] Level 1:colcon.colcon_core.package_identification:_identify(src/common_interfaces/nav_msgs) by extension 'ignore'
[0.149s] Level 1:colcon.colcon_core.package_identification:_identify(src/common_interfaces/nav_msgs) by extension 'ignore_ament_install'
[0.149s] Level 1:colcon.colcon_core.package_identification:_identify(src/common_interfaces/nav_msgs) by extensions ['cargo_workspace']
[0.149s] Level 1:colcon.colcon_core.package_identification:_identify(src/common_interfaces/nav_msgs) by extension 'cargo_workspace'
[0.149s] Level 1:colcon.colcon_core.package_identification:_identify(src/common_interfaces/nav_msgs) by extensions ['colcon_pkg']
[0.149s] Level 1:colcon.colcon_core.package_identification:_identify(src/common_interfaces/nav_msgs) by extension 'colcon_pkg'
[0.149s] Level 1:colcon.colcon_core.package_identification:_identify(src/common_interfaces/nav_msgs) by extensions ['colcon_meta']
[0.149s] Level 1:colcon.colcon_core.package_identification:_identify(src/common_interfaces/nav_msgs) by extension 'colcon_meta'
[0.149s] Level 1:colcon.colcon_core.package_identification:_identify(src/common_interfaces/nav_msgs) by extensions ['ament_cargo']
[0.149s] Level 1:colcon.colcon_core.package_identification:_identify(src/common_interfaces/nav_msgs) by extension 'ament_cargo'
[0.150s] Level 1:colcon.colcon_core.package_identification:_identify(src/common_interfaces/nav_msgs) by extensions ['ros']
[0.150s] Level 1:colcon.colcon_core.package_identification:_identify(src/common_interfaces/nav_msgs) by extension 'ros'
[0.150s] DEBUG:colcon.colcon_core.package_identification:Package 'src/common_interfaces/nav_msgs' with type 'ros.ament_cmake' and name 'nav_msgs'
[0.150s] Level 1:colcon.colcon_core.package_identification:_identify(src/common_interfaces/sensor_msgs) by extensions ['ignore', 'ignore_ament_install']
[0.150s] Level 1:colcon.colcon_core.package_identification:_identify(src/common_interfaces/sensor_msgs) by extension 'ignore'
[0.150s] Level 1:colcon.colcon_core.package_identification:_identify(src/common_interfaces/sensor_msgs) by extension 'ignore_ament_install'
[0.150s] Level 1:colcon.colcon_core.package_identification:_identify(src/common_interfaces/sensor_msgs) by extensions ['cargo_workspace']
[0.150s] Level 1:colcon.colcon_core.package_identification:_identify(src/common_interfaces/sensor_msgs) by extension 'cargo_workspace'
[0.150s] Level 1:colcon.colcon_core.package_identification:_identify(src/common_interfaces/sensor_msgs) by extensions ['colcon_pkg']
[0.150s] Level 1:colcon.colcon_core.package_identification:_identify(src/common_interfaces/sensor_msgs) by extension 'colcon_pkg'
[0.150s] Level 1:colcon.colcon_core.package_identification:_identify(src/common_interfaces/sensor_msgs) by extensions ['colcon_meta']
[0.150s] Level 1:colcon.colcon_core.package_identification:_identify(src/common_interfaces/sensor_msgs) by extension 'colcon_meta'
[0.150s] Level 1:colcon.colcon_core.package_identification:_identify(src/common_interfaces/sensor_msgs) by extensions ['ament_cargo']
[0.150s] Level 1:colcon.colcon_core.package_identification:_identify(src/common_interfaces/sensor_msgs) by extension 'ament_cargo'
[0.151s] Level 1:colcon.colcon_core.package_identification:_identify(src/common_interfaces/sensor_msgs) by extensions ['ros']
[0.151s] Level 1:colcon.colcon_core.package_identification:_identify(src/common_interfaces/sensor_msgs) by extension 'ros'
[0.151s] DEBUG:colcon.colcon_core.package_identification:Package 'src/common_interfaces/sensor_msgs' with type 'ros.ament_cmake' and name 'sensor_msgs'
[0.151s] Level 1:colcon.colcon_core.package_identification:_identify(src/common_interfaces/sensor_msgs_py) by extensions ['ignore', 'ignore_ament_install']
[0.151s] Level 1:colcon.colcon_core.package_identification:_identify(src/common_interfaces/sensor_msgs_py) by extension 'ignore'
[0.151s] Level 1:colcon.colcon_core.package_identification:_identify(src/common_interfaces/sensor_msgs_py) by extension 'ignore_ament_install'
[0.151s] Level 1:colcon.colcon_core.package_identification:_identify(src/common_interfaces/sensor_msgs_py) by extensions ['cargo_workspace']
[0.151s] Level 1:colcon.colcon_core.package_identification:_identify(src/common_interfaces/sensor_msgs_py) by extension 'cargo_workspace'
[0.152s] Level 1:colcon.colcon_core.package_identification:_identify(src/common_interfaces/sensor_msgs_py) by extensions ['colcon_pkg']
[0.152s] Level 1:colcon.colcon_core.package_identification:_identify(src/common_interfaces/sensor_msgs_py) by extension 'colcon_pkg'
[0.152s] Level 1:colcon.colcon_core.package_identification:_identify(src/common_interfaces/sensor_msgs_py) by extensions ['colcon_meta']
[0.152s] Level 1:colcon.colcon_core.package_identification:_identify(src/common_interfaces/sensor_msgs_py) by extension 'colcon_meta'
[0.152s] Level 1:colcon.colcon_core.package_identification:_identify(src/common_interfaces/sensor_msgs_py) by extensions ['ament_cargo']
[0.152s] Level 1:colcon.colcon_core.package_identification:_identify(src/common_interfaces/sensor_msgs_py) by extension 'ament_cargo'
[0.152s] Level 1:colcon.colcon_core.package_identification:_identify(src/common_interfaces/sensor_msgs_py) by extensions ['ros']
[0.152s] Level 1:colcon.colcon_core.package_identification:_identify(src/common_interfaces/sensor_msgs_py) by extension 'ros'
[0.152s] DEBUG:colcon.colcon_core.package_identification:Package 'src/common_interfaces/sensor_msgs_py' with type 'ros.ament_python' and name 'sensor_msgs_py'
[0.152s] Level 1:colcon.colcon_core.package_identification:_identify(src/common_interfaces/shape_msgs) by extensions ['ignore', 'ignore_ament_install']
[0.152s] Level 1:colcon.colcon_core.package_identification:_identify(src/common_interfaces/shape_msgs) by extension 'ignore'
[0.152s] Level 1:colcon.colcon_core.package_identification:_identify(src/common_interfaces/shape_msgs) by extension 'ignore_ament_install'
[0.152s] Level 1:colcon.colcon_core.package_identification:_identify(src/common_interfaces/shape_msgs) by extensions ['cargo_workspace']
[0.152s] Level 1:colcon.colcon_core.package_identification:_identify(src/common_interfaces/shape_msgs) by extension 'cargo_workspace'
[0.152s] Level 1:colcon.colcon_core.package_identification:_identify(src/common_interfaces/shape_msgs) by extensions ['colcon_pkg']
[0.153s] Level 1:colcon.colcon_core.package_identification:_identify(src/common_interfaces/shape_msgs) by extension 'colcon_pkg'
[0.153s] Level 1:colcon.colcon_core.package_identification:_identify(src/common_interfaces/shape_msgs) by extensions ['colcon_meta']
[0.153s] Level 1:colcon.colcon_core.package_identification:_identify(src/common_interfaces/shape_msgs) by extension 'colcon_meta'
[0.153s] Level 1:colcon.colcon_core.package_identification:_identify(src/common_interfaces/shape_msgs) by extensions ['ament_cargo']
[0.153s] Level 1:colcon.colcon_core.package_identification:_identify(src/common_interfaces/shape_msgs) by extension 'ament_cargo'
[0.153s] Level 1:colcon.colcon_core.package_identification:_identify(src/common_interfaces/shape_msgs) by extensions ['ros']
[0.153s] Level 1:colcon.colcon_core.package_identification:_identify(src/common_interfaces/shape_msgs) by extension 'ros'
[0.153s] DEBUG:colcon.colcon_core.package_identification:Package 'src/common_interfaces/shape_msgs' with type 'ros.ament_cmake' and name 'shape_msgs'
[0.153s] Level 1:colcon.colcon_core.package_identification:_identify(src/common_interfaces/std_msgs) by extensions ['ignore', 'ignore_ament_install']
[0.153s] Level 1:colcon.colcon_core.package_identification:_identify(src/common_interfaces/std_msgs) by extension 'ignore'
[0.153s] Level 1:colcon.colcon_core.package_identification:_identify(src/common_interfaces/std_msgs) by extension 'ignore_ament_install'
[0.153s] Level 1:colcon.colcon_core.package_identification:_identify(src/common_interfaces/std_msgs) by extensions ['cargo_workspace']
[0.153s] Level 1:colcon.colcon_core.package_identification:_identify(src/common_interfaces/std_msgs) by extension 'cargo_workspace'
[0.154s] Level 1:colcon.colcon_core.package_identification:_identify(src/common_interfaces/std_msgs) by extensions ['colcon_pkg']
[0.154s] Level 1:colcon.colcon_core.package_identification:_identify(src/common_interfaces/std_msgs) by extension 'colcon_pkg'
[0.154s] Level 1:colcon.colcon_core.package_identification:_identify(src/common_interfaces/std_msgs) by extensions ['colcon_meta']
[0.154s] Level 1:colcon.colcon_core.package_identification:_identify(src/common_interfaces/std_msgs) by extension 'colcon_meta'
[0.154s] Level 1:colcon.colcon_core.package_identification:_identify(src/common_interfaces/std_msgs) by extensions ['ament_cargo']
[0.154s] Level 1:colcon.colcon_core.package_identification:_identify(src/common_interfaces/std_msgs) by extension 'ament_cargo'
[0.154s] Level 1:colcon.colcon_core.package_identification:_identify(src/common_interfaces/std_msgs) by extensions ['ros']
[0.154s] Level 1:colcon.colcon_core.package_identification:_identify(src/common_interfaces/std_msgs) by extension 'ros'
[0.154s] DEBUG:colcon.colcon_core.package_identification:Package 'src/common_interfaces/std_msgs' with type 'ros.ament_cmake' and name 'std_msgs'
[0.154s] Level 1:colcon.colcon_core.package_identification:_identify(src/common_interfaces/std_srvs) by extensions ['ignore', 'ignore_ament_install']
[0.154s] Level 1:colcon.colcon_core.package_identification:_identify(src/common_interfaces/std_srvs) by extension 'ignore'
[0.154s] Level 1:colcon.colcon_core.package_identification:_identify(src/common_interfaces/std_srvs) by extension 'ignore_ament_install'
[0.155s] Level 1:colcon.colcon_core.package_identification:_identify(src/common_interfaces/std_srvs) by extensions ['cargo_workspace']
[0.155s] Level 1:colcon.colcon_core.package_identification:_identify(src/common_interfaces/std_srvs) by extension 'cargo_workspace'
[0.155s] Level 1:colcon.colcon_core.package_identification:_identify(src/common_interfaces/std_srvs) by extensions ['colcon_pkg']
[0.155s] Level 1:colcon.colcon_core.package_identification:_identify(src/common_interfaces/std_srvs) by extension 'colcon_pkg'
[0.155s] Level 1:colcon.colcon_core.package_identification:_identify(src/common_interfaces/std_srvs) by extensions ['colcon_meta']
[0.155s] Level 1:colcon.colcon_core.package_identification:_identify(src/common_interfaces/std_srvs) by extension 'colcon_meta'
[0.155s] Level 1:colcon.colcon_core.package_identification:_identify(src/common_interfaces/std_srvs) by extensions ['ament_cargo']
[0.155s] Level 1:colcon.colcon_core.package_identification:_identify(src/common_interfaces/std_srvs) by extension 'ament_cargo'
[0.155s] Level 1:colcon.colcon_core.package_identification:_identify(src/common_interfaces/std_srvs) by extensions ['ros']
[0.155s] Level 1:colcon.colcon_core.package_identification:_identify(src/common_interfaces/std_srvs) by extension 'ros'
[0.156s] DEBUG:colcon.colcon_core.package_identification:Package 'src/common_interfaces/std_srvs' with type 'ros.ament_cmake' and name 'std_srvs'
[0.156s] Level 1:colcon.colcon_core.package_identification:_identify(src/common_interfaces/stereo_msgs) by extensions ['ignore', 'ignore_ament_install']
[0.156s] Level 1:colcon.colcon_core.package_identification:_identify(src/common_interfaces/stereo_msgs) by extension 'ignore'
[0.156s] Level 1:colcon.colcon_core.package_identification:_identify(src/common_interfaces/stereo_msgs) by extension 'ignore_ament_install'
[0.156s] Level 1:colcon.colcon_core.package_identification:_identify(src/common_interfaces/stereo_msgs) by extensions ['cargo_workspace']
[0.156s] Level 1:colcon.colcon_core.package_identification:_identify(src/common_interfaces/stereo_msgs) by extension 'cargo_workspace'
[0.156s] Level 1:colcon.colcon_core.package_identification:_identify(src/common_interfaces/stereo_msgs) by extensions ['colcon_pkg']
[0.156s] Level 1:colcon.colcon_core.package_identification:_identify(src/common_interfaces/stereo_msgs) by extension 'colcon_pkg'
[0.156s] Level 1:colcon.colcon_core.package_identification:_identify(src/common_interfaces/stereo_msgs) by extensions ['colcon_meta']
[0.156s] Level 1:colcon.colcon_core.package_identification:_identify(src/common_interfaces/stereo_msgs) by extension 'colcon_meta'
[0.156s] Level 1:colcon.colcon_core.package_identification:_identify(src/common_interfaces/stereo_msgs) by extensions ['ament_cargo']
[0.156s] Level 1:colcon.colcon_core.package_identification:_identify(src/common_interfaces/stereo_msgs) by extension 'ament_cargo'
[0.157s] Level 1:colcon.colcon_core.package_identification:_identify(src/common_interfaces/stereo_msgs) by extensions ['ros']
[0.157s] Level 1:colcon.colcon_core.package_identification:_identify(src/common_interfaces/stereo_msgs) by extension 'ros'
[0.157s] DEBUG:colcon.colcon_core.package_identification:Package 'src/common_interfaces/stereo_msgs' with type 'ros.ament_cmake' and name 'stereo_msgs'
[0.157s] Level 1:colcon.colcon_core.package_identification:_identify(src/common_interfaces/trajectory_msgs) by extensions ['ignore', 'ignore_ament_install']
[0.157s] Level 1:colcon.colcon_core.package_identification:_identify(src/common_interfaces/trajectory_msgs) by extension 'ignore'
[0.157s] Level 1:colcon.colcon_core.package_identification:_identify(src/common_interfaces/trajectory_msgs) by extension 'ignore_ament_install'
[0.157s] Level 1:colcon.colcon_core.package_identification:_identify(src/common_interfaces/trajectory_msgs) by extensions ['cargo_workspace']
[0.157s] Level 1:colcon.colcon_core.package_identification:_identify(src/common_interfaces/trajectory_msgs) by extension 'cargo_workspace'
[0.158s] Level 1:colcon.colcon_core.package_identification:_identify(src/common_interfaces/trajectory_msgs) by extensions ['colcon_pkg']
[0.158s] Level 1:colcon.colcon_core.package_identification:_identify(src/common_interfaces/trajectory_msgs) by extension 'colcon_pkg'
[0.158s] Level 1:colcon.colcon_core.package_identification:_identify(src/common_interfaces/trajectory_msgs) by extensions ['colcon_meta']
[0.158s] Level 1:colcon.colcon_core.package_identification:_identify(src/common_interfaces/trajectory_msgs) by extension 'colcon_meta'
[0.158s] Level 1:colcon.colcon_core.package_identification:_identify(src/common_interfaces/trajectory_msgs) by extensions ['ament_cargo']
[0.158s] Level 1:colcon.colcon_core.package_identification:_identify(src/common_interfaces/trajectory_msgs) by extension 'ament_cargo'
[0.158s] Level 1:colcon.colcon_core.package_identification:_identify(src/common_interfaces/trajectory_msgs) by extensions ['ros']
[0.158s] Level 1:colcon.colcon_core.package_identification:_identify(src/common_interfaces/trajectory_msgs) by extension 'ros'
[0.159s] DEBUG:colcon.colcon_core.package_identification:Package 'src/common_interfaces/trajectory_msgs' with type 'ros.ament_cmake' and name 'trajectory_msgs'
[0.159s] Level 1:colcon.colcon_core.package_identification:_identify(src/common_interfaces/visualization_msgs) by extensions ['ignore', 'ignore_ament_install']
[0.159s] Level 1:colcon.colcon_core.package_identification:_identify(src/common_interfaces/visualization_msgs) by extension 'ignore'
[0.159s] Level 1:colcon.colcon_core.package_identification:_identify(src/common_interfaces/visualization_msgs) by extension 'ignore_ament_install'
[0.159s] Level 1:colcon.colcon_core.package_identification:_identify(src/common_interfaces/visualization_msgs) by extensions ['cargo_workspace']
[0.159s] Level 1:colcon.colcon_core.package_identification:_identify(src/common_interfaces/visualization_msgs) by extension 'cargo_workspace'
[0.159s] Level 1:colcon.colcon_core.package_identification:_identify(src/common_interfaces/visualization_msgs) by extensions ['colcon_pkg']
[0.159s] Level 1:colcon.colcon_core.package_identification:_identify(src/common_interfaces/visualization_msgs) by extension 'colcon_pkg'
[0.159s] Level 1:colcon.colcon_core.package_identification:_identify(src/common_interfaces/visualization_msgs) by extensions ['colcon_meta']
[0.159s] Level 1:colcon.colcon_core.package_identification:_identify(src/common_interfaces/visualization_msgs) by extension 'colcon_meta'
[0.159s] Level 1:colcon.colcon_core.package_identification:_identify(src/common_interfaces/visualization_msgs) by extensions ['ament_cargo']
[0.159s] Level 1:colcon.colcon_core.package_identification:_identify(src/common_interfaces/visualization_msgs) by extension 'ament_cargo'
[0.159s] Level 1:colcon.colcon_core.package_identification:_identify(src/common_interfaces/visualization_msgs) by extensions ['ros']
[0.159s] Level 1:colcon.colcon_core.package_identification:_identify(src/common_interfaces/visualization_msgs) by extension 'ros'
[0.160s] DEBUG:colcon.colcon_core.package_identification:Package 'src/common_interfaces/visualization_msgs' with type 'ros.ament_cmake' and name 'visualization_msgs'
[0.160s] Level 1:colcon.colcon_core.package_identification:_identify(src/rcl_interfaces) by extensions ['ignore', 'ignore_ament_install']
[0.160s] Level 1:colcon.colcon_core.package_identification:_identify(src/rcl_interfaces) by extension 'ignore'
[0.160s] Level 1:colcon.colcon_core.package_identification:_identify(src/rcl_interfaces) by extension 'ignore_ament_install'
[0.160s] Level 1:colcon.colcon_core.package_identification:_identify(src/rcl_interfaces) by extensions ['cargo_workspace']
[0.160s] Level 1:colcon.colcon_core.package_identification:_identify(src/rcl_interfaces) by extension 'cargo_workspace'
[0.160s] Level 1:colcon.colcon_core.package_identification:_identify(src/rcl_interfaces) by extensions ['colcon_pkg']
[0.160s] Level 1:colcon.colcon_core.package_identification:_identify(src/rcl_interfaces) by extension 'colcon_pkg'
[0.160s] Level 1:colcon.colcon_core.package_identification:_identify(src/rcl_interfaces) by extensions ['colcon_meta']
[0.160s] Level 1:colcon.colcon_core.package_identification:_identify(src/rcl_interfaces) by extension 'colcon_meta'
[0.160s] Level 1:colcon.colcon_core.package_identification:_identify(src/rcl_interfaces) by extensions ['ament_cargo']
[0.160s] Level 1:colcon.colcon_core.package_identification:_identify(src/rcl_interfaces) by extension 'ament_cargo'
[0.160s] Level 1:colcon.colcon_core.package_identification:_identify(src/rcl_interfaces) by extensions ['ros']
[0.160s] Level 1:colcon.colcon_core.package_identification:_identify(src/rcl_interfaces) by extension 'ros'
[0.161s] Level 1:colcon.colcon_core.package_identification:_identify(src/rcl_interfaces) by extensions ['cargo', 'cmake', 'python']
[0.161s] Level 1:colcon.colcon_core.package_identification:_identify(src/rcl_interfaces) by extension 'cargo'
[0.161s] Level 1:colcon.colcon_core.package_identification:_identify(src/rcl_interfaces) by extension 'cmake'
[0.161s] Level 1:colcon.colcon_core.package_identification:_identify(src/rcl_interfaces) by extension 'python'
[0.161s] Level 1:colcon.colcon_core.package_identification:_identify(src/rcl_interfaces) by extensions ['python_setup_py']
[0.161s] Level 1:colcon.colcon_core.package_identification:_identify(src/rcl_interfaces) by extension 'python_setup_py'
[0.161s] Level 1:colcon.colcon_core.package_identification:_identify(src/rcl_interfaces/action_msgs) by extensions ['ignore', 'ignore_ament_install']
[0.161s] Level 1:colcon.colcon_core.package_identification:_identify(src/rcl_interfaces/action_msgs) by extension 'ignore'
[0.161s] Level 1:colcon.colcon_core.package_identification:_identify(src/rcl_interfaces/action_msgs) by extension 'ignore_ament_install'
[0.161s] Level 1:colcon.colcon_core.package_identification:_identify(src/rcl_interfaces/action_msgs) by extensions ['cargo_workspace']
[0.161s] Level 1:colcon.colcon_core.package_identification:_identify(src/rcl_interfaces/action_msgs) by extension 'cargo_workspace'
[0.161s] Level 1:colcon.colcon_core.package_identification:_identify(src/rcl_interfaces/action_msgs) by extensions ['colcon_pkg']
[0.161s] Level 1:colcon.colcon_core.package_identification:_identify(src/rcl_interfaces/action_msgs) by extension 'colcon_pkg'
[0.161s] Level 1:colcon.colcon_core.package_identification:_identify(src/rcl_interfaces/action_msgs) by extensions ['colcon_meta']
[0.161s] Level 1:colcon.colcon_core.package_identification:_identify(src/rcl_interfaces/action_msgs) by extension 'colcon_meta'
[0.161s] Level 1:colcon.colcon_core.package_identification:_identify(src/rcl_interfaces/action_msgs) by extensions ['ament_cargo']
[0.161s] Level 1:colcon.colcon_core.package_identification:_identify(src/rcl_interfaces/action_msgs) by extension 'ament_cargo'
[0.161s] Level 1:colcon.colcon_core.package_identification:_identify(src/rcl_interfaces/action_msgs) by extensions ['ros']
[0.161s] Level 1:colcon.colcon_core.package_identification:_identify(src/rcl_interfaces/action_msgs) by extension 'ros'
[0.162s] DEBUG:colcon.colcon_core.package_identification:Package 'src/rcl_interfaces/action_msgs' with type 'ros.ament_cmake' and name 'action_msgs'
[0.162s] Level 1:colcon.colcon_core.package_identification:_identify(src/rcl_interfaces/builtin_interfaces) by extensions ['ignore', 'ignore_ament_install']
[0.162s] Level 1:colcon.colcon_core.package_identification:_identify(src/rcl_interfaces/builtin_interfaces) by extension 'ignore'
[0.162s] Level 1:colcon.colcon_core.package_identification:_identify(src/rcl_interfaces/builtin_interfaces) by extension 'ignore_ament_install'
[0.162s] Level 1:colcon.colcon_core.package_identification:_identify(src/rcl_interfaces/builtin_interfaces) by extensions ['cargo_workspace']
[0.162s] Level 1:colcon.colcon_core.package_identification:_identify(src/rcl_interfaces/builtin_interfaces) by extension 'cargo_workspace'
[0.162s] Level 1:colcon.colcon_core.package_identification:_identify(src/rcl_interfaces/builtin_interfaces) by extensions ['colcon_pkg']
[0.162s] Level 1:colcon.colcon_core.package_identification:_identify(src/rcl_interfaces/builtin_interfaces) by extension 'colcon_pkg'
[0.162s] Level 1:colcon.colcon_core.package_identification:_identify(src/rcl_interfaces/builtin_interfaces) by extensions ['colcon_meta']
[0.162s] Level 1:colcon.colcon_core.package_identification:_identify(src/rcl_interfaces/builtin_interfaces) by extension 'colcon_meta'
[0.162s] Level 1:colcon.colcon_core.package_identification:_identify(src/rcl_interfaces/builtin_interfaces) by extensions ['ament_cargo']
[0.162s] Level 1:colcon.colcon_core.package_identification:_identify(src/rcl_interfaces/builtin_interfaces) by extension 'ament_cargo'
[0.163s] Level 1:colcon.colcon_core.package_identification:_identify(src/rcl_interfaces/builtin_interfaces) by extensions ['ros']
[0.163s] Level 1:colcon.colcon_core.package_identification:_identify(src/rcl_interfaces/builtin_interfaces) by extension 'ros'
[0.163s] DEBUG:colcon.colcon_core.package_identification:Package 'src/rcl_interfaces/builtin_interfaces' with type 'ros.ament_cmake' and name 'builtin_interfaces'
[0.163s] Level 1:colcon.colcon_core.package_identification:_identify(src/rcl_interfaces/composition_interfaces) by extensions ['ignore', 'ignore_ament_install']
[0.163s] Level 1:colcon.colcon_core.package_identification:_identify(src/rcl_interfaces/composition_interfaces) by extension 'ignore'
[0.163s] Level 1:colcon.colcon_core.package_identification:_identify(src/rcl_interfaces/composition_interfaces) by extension 'ignore_ament_install'
[0.163s] Level 1:colcon.colcon_core.package_identification:_identify(src/rcl_interfaces/composition_interfaces) by extensions ['cargo_workspace']
[0.163s] Level 1:colcon.colcon_core.package_identification:_identify(src/rcl_interfaces/composition_interfaces) by extension 'cargo_workspace'
[0.163s] Level 1:colcon.colcon_core.package_identification:_identify(src/rcl_interfaces/composition_interfaces) by extensions ['colcon_pkg']
[0.163s] Level 1:colcon.colcon_core.package_identification:_identify(src/rcl_interfaces/composition_interfaces) by extension 'colcon_pkg'
[0.163s] Level 1:colcon.colcon_core.package_identification:_identify(src/rcl_interfaces/composition_interfaces) by extensions ['colcon_meta']
[0.163s] Level 1:colcon.colcon_core.package_identification:_identify(src/rcl_interfaces/composition_interfaces) by extension 'colcon_meta'
[0.163s] Level 1:colcon.colcon_core.package_identification:_identify(src/rcl_interfaces/composition_interfaces) by extensions ['ament_cargo']
[0.163s] Level 1:colcon.colcon_core.package_identification:_identify(src/rcl_interfaces/composition_interfaces) by extension 'ament_cargo'
[0.164s] Level 1:colcon.colcon_core.package_identification:_identify(src/rcl_interfaces/composition_interfaces) by extensions ['ros']
[0.164s] Level 1:colcon.colcon_core.package_identification:_identify(src/rcl_interfaces/composition_interfaces) by extension 'ros'
[0.164s] DEBUG:colcon.colcon_core.package_identification:Package 'src/rcl_interfaces/composition_interfaces' with type 'ros.ament_cmake' and name 'composition_interfaces'
[0.164s] Level 1:colcon.colcon_core.package_identification:_identify(src/rcl_interfaces/lifecycle_msgs) by extensions ['ignore', 'ignore_ament_install']
[0.164s] Level 1:colcon.colcon_core.package_identification:_identify(src/rcl_interfaces/lifecycle_msgs) by extension 'ignore'
[0.164s] Level 1:colcon.colcon_core.package_identification:_identify(src/rcl_interfaces/lifecycle_msgs) by extension 'ignore_ament_install'
[0.164s] Level 1:colcon.colcon_core.package_identification:_identify(src/rcl_interfaces/lifecycle_msgs) by extensions ['cargo_workspace']
[0.164s] Level 1:colcon.colcon_core.package_identification:_identify(src/rcl_interfaces/lifecycle_msgs) by extension 'cargo_workspace'
[0.164s] Level 1:colcon.colcon_core.package_identification:_identify(src/rcl_interfaces/lifecycle_msgs) by extensions ['colcon_pkg']
[0.164s] Level 1:colcon.colcon_core.package_identification:_identify(src/rcl_interfaces/lifecycle_msgs) by extension 'colcon_pkg'
[0.164s] Level 1:colcon.colcon_core.package_identification:_identify(src/rcl_interfaces/lifecycle_msgs) by extensions ['colcon_meta']
[0.164s] Level 1:colcon.colcon_core.package_identification:_identify(src/rcl_interfaces/lifecycle_msgs) by extension 'colcon_meta'
[0.164s] Level 1:colcon.colcon_core.package_identification:_identify(src/rcl_interfaces/lifecycle_msgs) by extensions ['ament_cargo']
[0.164s] Level 1:colcon.colcon_core.package_identification:_identify(src/rcl_interfaces/lifecycle_msgs) by extension 'ament_cargo'
[0.165s] Level 1:colcon.colcon_core.package_identification:_identify(src/rcl_interfaces/lifecycle_msgs) by extensions ['ros']
[0.165s] Level 1:colcon.colcon_core.package_identification:_identify(src/rcl_interfaces/lifecycle_msgs) by extension 'ros'
[0.166s] DEBUG:colcon.colcon_core.package_identification:Package 'src/rcl_interfaces/lifecycle_msgs' with type 'ros.ament_cmake' and name 'lifecycle_msgs'
[0.166s] Level 1:colcon.colcon_core.package_identification:_identify(src/rcl_interfaces/rcl_interfaces) by extensions ['ignore', 'ignore_ament_install']
[0.166s] Level 1:colcon.colcon_core.package_identification:_identify(src/rcl_interfaces/rcl_interfaces) by extension 'ignore'
[0.166s] Level 1:colcon.colcon_core.package_identification:_identify(src/rcl_interfaces/rcl_interfaces) by extension 'ignore_ament_install'
[0.166s] Level 1:colcon.colcon_core.package_identification:_identify(src/rcl_interfaces/rcl_interfaces) by extensions ['cargo_workspace']
[0.166s] Level 1:colcon.colcon_core.package_identification:_identify(src/rcl_interfaces/rcl_interfaces) by extension 'cargo_workspace'
[0.166s] Level 1:colcon.colcon_core.package_identification:_identify(src/rcl_interfaces/rcl_interfaces) by extensions ['colcon_pkg']
[0.166s] Level 1:colcon.colcon_core.package_identification:_identify(src/rcl_interfaces/rcl_interfaces) by extension 'colcon_pkg'
[0.166s] Level 1:colcon.colcon_core.package_identification:_identify(src/rcl_interfaces/rcl_interfaces) by extensions ['colcon_meta']
[0.166s] Level 1:colcon.colcon_core.package_identification:_identify(src/rcl_interfaces/rcl_interfaces) by extension 'colcon_meta'
[0.166s] Level 1:colcon.colcon_core.package_identification:_identify(src/rcl_interfaces/rcl_interfaces) by extensions ['ament_cargo']
[0.166s] Level 1:colcon.colcon_core.package_identification:_identify(src/rcl_interfaces/rcl_interfaces) by extension 'ament_cargo'
[0.167s] Level 1:colcon.colcon_core.package_identification:_identify(src/rcl_interfaces/rcl_interfaces) by extensions ['ros']
[0.167s] Level 1:colcon.colcon_core.package_identification:_identify(src/rcl_interfaces/rcl_interfaces) by extension 'ros'
[0.167s] DEBUG:colcon.colcon_core.package_identification:Package 'src/rcl_interfaces/rcl_interfaces' with type 'ros.ament_cmake' and name 'rcl_interfaces'
[0.167s] Level 1:colcon.colcon_core.package_identification:_identify(src/rcl_interfaces/rosgraph_msgs) by extensions ['ignore', 'ignore_ament_install']
[0.167s] Level 1:colcon.colcon_core.package_identification:_identify(src/rcl_interfaces/rosgraph_msgs) by extension 'ignore'
[0.167s] Level 1:colcon.colcon_core.package_identification:_identify(src/rcl_interfaces/rosgraph_msgs) by extension 'ignore_ament_install'
[0.167s] Level 1:colcon.colcon_core.package_identification:_identify(src/rcl_interfaces/rosgraph_msgs) by extensions ['cargo_workspace']
[0.167s] Level 1:colcon.colcon_core.package_identification:_identify(src/rcl_interfaces/rosgraph_msgs) by extension 'cargo_workspace'
[0.168s] Level 1:colcon.colcon_core.package_identification:_identify(src/rcl_interfaces/rosgraph_msgs) by extensions ['colcon_pkg']
[0.168s] Level 1:colcon.colcon_core.package_identification:_identify(src/rcl_interfaces/rosgraph_msgs) by extension 'colcon_pkg'
[0.168s] Level 1:colcon.colcon_core.package_identification:_identify(src/rcl_interfaces/rosgraph_msgs) by extensions ['colcon_meta']
[0.168s] Level 1:colcon.colcon_core.package_identification:_identify(src/rcl_interfaces/rosgraph_msgs) by extension 'colcon_meta'
[0.168s] Level 1:colcon.colcon_core.package_identification:_identify(src/rcl_interfaces/rosgraph_msgs) by extensions ['ament_cargo']
[0.168s] Level 1:colcon.colcon_core.package_identification:_identify(src/rcl_interfaces/rosgraph_msgs) by extension 'ament_cargo'
[0.168s] Level 1:colcon.colcon_core.package_identification:_identify(src/rcl_interfaces/rosgraph_msgs) by extensions ['ros']
[0.168s] Level 1:colcon.colcon_core.package_identification:_identify(src/rcl_interfaces/rosgraph_msgs) by extension 'ros'
[0.169s] DEBUG:colcon.colcon_core.package_identification:Package 'src/rcl_interfaces/rosgraph_msgs' with type 'ros.ament_cmake' and name 'rosgraph_msgs'
[0.169s] Level 1:colcon.colcon_core.package_identification:_identify(src/rcl_interfaces/service_msgs) by extensions ['ignore', 'ignore_ament_install']
[0.169s] Level 1:colcon.colcon_core.package_identification:_identify(src/rcl_interfaces/service_msgs) by extension 'ignore'
[0.169s] Level 1:colcon.colcon_core.package_identification:_identify(src/rcl_interfaces/service_msgs) by extension 'ignore_ament_install'
[0.169s] Level 1:colcon.colcon_core.package_identification:_identify(src/rcl_interfaces/service_msgs) by extensions ['cargo_workspace']
[0.169s] Level 1:colcon.colcon_core.package_identification:_identify(src/rcl_interfaces/service_msgs) by extension 'cargo_workspace'
[0.169s] Level 1:colcon.colcon_core.package_identification:_identify(src/rcl_interfaces/service_msgs) by extensions ['colcon_pkg']
[0.169s] Level 1:colcon.colcon_core.package_identification:_identify(src/rcl_interfaces/service_msgs) by extension 'colcon_pkg'
[0.169s] Level 1:colcon.colcon_core.package_identification:_identify(src/rcl_interfaces/service_msgs) by extensions ['colcon_meta']
[0.169s] Level 1:colcon.colcon_core.package_identification:_identify(src/rcl_interfaces/service_msgs) by extension 'colcon_meta'
[0.169s] Level 1:colcon.colcon_core.package_identification:_identify(src/rcl_interfaces/service_msgs) by extensions ['ament_cargo']
[0.169s] Level 1:colcon.colcon_core.package_identification:_identify(src/rcl_interfaces/service_msgs) by extension 'ament_cargo'
[0.170s] Level 1:colcon.colcon_core.package_identification:_identify(src/rcl_interfaces/service_msgs) by extensions ['ros']
[0.170s] Level 1:colcon.colcon_core.package_identification:_identify(src/rcl_interfaces/service_msgs) by extension 'ros'
[0.170s] DEBUG:colcon.colcon_core.package_identification:Package 'src/rcl_interfaces/service_msgs' with type 'ros.ament_cmake' and name 'service_msgs'
[0.170s] Level 1:colcon.colcon_core.package_identification:_identify(src/rcl_interfaces/statistics_msgs) by extensions ['ignore', 'ignore_ament_install']
[0.170s] Level 1:colcon.colcon_core.package_identification:_identify(src/rcl_interfaces/statistics_msgs) by extension 'ignore'
[0.170s] Level 1:colcon.colcon_core.package_identification:_identify(src/rcl_interfaces/statistics_msgs) by extension 'ignore_ament_install'
[0.170s] Level 1:colcon.colcon_core.package_identification:_identify(src/rcl_interfaces/statistics_msgs) by extensions ['cargo_workspace']
[0.170s] Level 1:colcon.colcon_core.package_identification:_identify(src/rcl_interfaces/statistics_msgs) by extension 'cargo_workspace'
[0.170s] Level 1:colcon.colcon_core.package_identification:_identify(src/rcl_interfaces/statistics_msgs) by extensions ['colcon_pkg']
[0.170s] Level 1:colcon.colcon_core.package_identification:_identify(src/rcl_interfaces/statistics_msgs) by extension 'colcon_pkg'
[0.170s] Level 1:colcon.colcon_core.package_identification:_identify(src/rcl_interfaces/statistics_msgs) by extensions ['colcon_meta']
[0.170s] Level 1:colcon.colcon_core.package_identification:_identify(src/rcl_interfaces/statistics_msgs) by extension 'colcon_meta'
[0.170s] Level 1:colcon.colcon_core.package_identification:_identify(src/rcl_interfaces/statistics_msgs) by extensions ['ament_cargo']
[0.170s] Level 1:colcon.colcon_core.package_identification:_identify(src/rcl_interfaces/statistics_msgs) by extension 'ament_cargo'
[0.171s] Level 1:colcon.colcon_core.package_identification:_identify(src/rcl_interfaces/statistics_msgs) by extensions ['ros']
[0.171s] Level 1:colcon.colcon_core.package_identification:_identify(src/rcl_interfaces/statistics_msgs) by extension 'ros'
[0.171s] DEBUG:colcon.colcon_core.package_identification:Package 'src/rcl_interfaces/statistics_msgs' with type 'ros.ament_cmake' and name 'statistics_msgs'
[0.171s] Level 1:colcon.colcon_core.package_identification:_identify(src/rcl_interfaces/test_msgs) by extensions ['ignore', 'ignore_ament_install']
[0.171s] Level 1:colcon.colcon_core.package_identification:_identify(src/rcl_interfaces/test_msgs) by extension 'ignore'
[0.171s] Level 1:colcon.colcon_core.package_identification:_identify(src/rcl_interfaces/test_msgs) by extension 'ignore_ament_install'
[0.171s] Level 1:colcon.colcon_core.package_identification:_identify(src/rcl_interfaces/test_msgs) by extensions ['cargo_workspace']
[0.171s] Level 1:colcon.colcon_core.package_identification:_identify(src/rcl_interfaces/test_msgs) by extension 'cargo_workspace'
[0.171s] Level 1:colcon.colcon_core.package_identification:_identify(src/rcl_interfaces/test_msgs) by extensions ['colcon_pkg']
[0.171s] Level 1:colcon.colcon_core.package_identification:_identify(src/rcl_interfaces/test_msgs) by extension 'colcon_pkg'
[0.171s] Level 1:colcon.colcon_core.package_identification:_identify(src/rcl_interfaces/test_msgs) by extensions ['colcon_meta']
[0.171s] Level 1:colcon.colcon_core.package_identification:_identify(src/rcl_interfaces/test_msgs) by extension 'colcon_meta'
[0.171s] Level 1:colcon.colcon_core.package_identification:_identify(src/rcl_interfaces/test_msgs) by extensions ['ament_cargo']
[0.171s] Level 1:colcon.colcon_core.package_identification:_identify(src/rcl_interfaces/test_msgs) by extension 'ament_cargo'
[0.172s] Level 1:colcon.colcon_core.package_identification:_identify(src/rcl_interfaces/test_msgs) by extensions ['ros']
[0.172s] Level 1:colcon.colcon_core.package_identification:_identify(src/rcl_interfaces/test_msgs) by extension 'ros'
[0.172s] DEBUG:colcon.colcon_core.package_identification:Package 'src/rcl_interfaces/test_msgs' with type 'ros.ament_cmake' and name 'test_msgs'
[0.172s] Level 1:colcon.colcon_core.package_identification:_identify(src/rcl_interfaces/type_description_interfaces) by extensions ['ignore', 'ignore_ament_install']
[0.172s] Level 1:colcon.colcon_core.package_identification:_identify(src/rcl_interfaces/type_description_interfaces) by extension 'ignore'
[0.172s] Level 1:colcon.colcon_core.package_identification:_identify(src/rcl_interfaces/type_description_interfaces) by extension 'ignore_ament_install'
[0.172s] Level 1:colcon.colcon_core.package_identification:_identify(src/rcl_interfaces/type_description_interfaces) by extensions ['cargo_workspace']
[0.172s] Level 1:colcon.colcon_core.package_identification:_identify(src/rcl_interfaces/type_description_interfaces) by extension 'cargo_workspace'
[0.172s] Level 1:colcon.colcon_core.package_identification:_identify(src/rcl_interfaces/type_description_interfaces) by extensions ['colcon_pkg']
[0.172s] Level 1:colcon.colcon_core.package_identification:_identify(src/rcl_interfaces/type_description_interfaces) by extension 'colcon_pkg'
[0.172s] Level 1:colcon.colcon_core.package_identification:_identify(src/rcl_interfaces/type_description_interfaces) by extensions ['colcon_meta']
[0.172s] Level 1:colcon.colcon_core.package_identification:_identify(src/rcl_interfaces/type_description_interfaces) by extension 'colcon_meta'
[0.172s] Level 1:colcon.colcon_core.package_identification:_identify(src/rcl_interfaces/type_description_interfaces) by extensions ['ament_cargo']
[0.172s] Level 1:colcon.colcon_core.package_identification:_identify(src/rcl_interfaces/type_description_interfaces) by extension 'ament_cargo'
[0.173s] Level 1:colcon.colcon_core.package_identification:_identify(src/rcl_interfaces/type_description_interfaces) by extensions ['ros']
[0.173s] Level 1:colcon.colcon_core.package_identification:_identify(src/rcl_interfaces/type_description_interfaces) by extension 'ros'
[0.173s] DEBUG:colcon.colcon_core.package_identification:Package 'src/rcl_interfaces/type_description_interfaces' with type 'ros.ament_cmake' and name 'type_description_interfaces'
[0.173s] Level 1:colcon.colcon_core.package_identification:_identify(src/rosidl_core) by extensions ['ignore', 'ignore_ament_install']
[0.174s] Level 1:colcon.colcon_core.package_identification:_identify(src/rosidl_core) by extension 'ignore'
[0.174s] Level 1:colcon.colcon_core.package_identification:_identify(src/rosidl_core) by extension 'ignore_ament_install'
[0.174s] Level 1:colcon.colcon_core.package_identification:_identify(src/rosidl_core) by extensions ['cargo_workspace']
[0.174s] Level 1:colcon.colcon_core.package_identification:_identify(src/rosidl_core) by extension 'cargo_workspace'
[0.174s] Level 1:colcon.colcon_core.package_identification:_identify(src/rosidl_core) by extensions ['colcon_pkg']
[0.174s] Level 1:colcon.colcon_core.package_identification:_identify(src/rosidl_core) by extension 'colcon_pkg'
[0.174s] Level 1:colcon.colcon_core.package_identification:_identify(src/rosidl_core) by extensions ['colcon_meta']
[0.174s] Level 1:colcon.colcon_core.package_identification:_identify(src/rosidl_core) by extension 'colcon_meta'
[0.174s] Level 1:colcon.colcon_core.package_identification:_identify(src/rosidl_core) by extensions ['ament_cargo']
[0.174s] Level 1:colcon.colcon_core.package_identification:_identify(src/rosidl_core) by extension 'ament_cargo'
[0.174s] Level 1:colcon.colcon_core.package_identification:_identify(src/rosidl_core) by extensions ['ros']
[0.174s] Level 1:colcon.colcon_core.package_identification:_identify(src/rosidl_core) by extension 'ros'
[0.174s] Level 1:colcon.colcon_core.package_identification:_identify(src/rosidl_core) by extensions ['cargo', 'cmake', 'python']
[0.174s] Level 1:colcon.colcon_core.package_identification:_identify(src/rosidl_core) by extension 'cargo'
[0.174s] Level 1:colcon.colcon_core.package_identification:_identify(src/rosidl_core) by extension 'cmake'
[0.174s] Level 1:colcon.colcon_core.package_identification:_identify(src/rosidl_core) by extension 'python'
[0.174s] Level 1:colcon.colcon_core.package_identification:_identify(src/rosidl_core) by extensions ['python_setup_py']
[0.174s] Level 1:colcon.colcon_core.package_identification:_identify(src/rosidl_core) by extension 'python_setup_py'
[0.174s] Level 1:colcon.colcon_core.package_identification:_identify(src/rosidl_core/rosidl_core_generators) by extensions ['ignore', 'ignore_ament_install']
[0.174s] Level 1:colcon.colcon_core.package_identification:_identify(src/rosidl_core/rosidl_core_generators) by extension 'ignore'
[0.174s] Level 1:colcon.colcon_core.package_identification:_identify(src/rosidl_core/rosidl_core_generators) by extension 'ignore_ament_install'
[0.174s] Level 1:colcon.colcon_core.package_identification:_identify(src/rosidl_core/rosidl_core_generators) by extensions ['cargo_workspace']
[0.175s] Level 1:colcon.colcon_core.package_identification:_identify(src/rosidl_core/rosidl_core_generators) by extension 'cargo_workspace'
[0.175s] Level 1:colcon.colcon_core.package_identification:_identify(src/rosidl_core/rosidl_core_generators) by extensions ['colcon_pkg']
[0.175s] Level 1:colcon.colcon_core.package_identification:_identify(src/rosidl_core/rosidl_core_generators) by extension 'colcon_pkg'
[0.175s] Level 1:colcon.colcon_core.package_identification:_identify(src/rosidl_core/rosidl_core_generators) by extensions ['colcon_meta']
[0.175s] Level 1:colcon.colcon_core.package_identification:_identify(src/rosidl_core/rosidl_core_generators) by extension 'colcon_meta'
[0.175s] Level 1:colcon.colcon_core.package_identification:_identify(src/rosidl_core/rosidl_core_generators) by extensions ['ament_cargo']
[0.175s] Level 1:colcon.colcon_core.package_identification:_identify(src/rosidl_core/rosidl_core_generators) by extension 'ament_cargo'
[0.175s] Level 1:colcon.colcon_core.package_identification:_identify(src/rosidl_core/rosidl_core_generators) by extensions ['ros']
[0.175s] Level 1:colcon.colcon_core.package_identification:_identify(src/rosidl_core/rosidl_core_generators) by extension 'ros'
[0.176s] DEBUG:colcon.colcon_core.package_identification:Package 'src/rosidl_core/rosidl_core_generators' with type 'ros.ament_cmake' and name 'rosidl_core_generators'
[0.176s] Level 1:colcon.colcon_core.package_identification:_identify(src/rosidl_core/rosidl_core_runtime) by extensions ['ignore', 'ignore_ament_install']
[0.176s] Level 1:colcon.colcon_core.package_identification:_identify(src/rosidl_core/rosidl_core_runtime) by extension 'ignore'
[0.176s] Level 1:colcon.colcon_core.package_identification:_identify(src/rosidl_core/rosidl_core_runtime) by extension 'ignore_ament_install'
[0.176s] Level 1:colcon.colcon_core.package_identification:_identify(src/rosidl_core/rosidl_core_runtime) by extensions ['cargo_workspace']
[0.176s] Level 1:colcon.colcon_core.package_identification:_identify(src/rosidl_core/rosidl_core_runtime) by extension 'cargo_workspace'
[0.176s] Level 1:colcon.colcon_core.package_identification:_identify(src/rosidl_core/rosidl_core_runtime) by extensions ['colcon_pkg']
[0.176s] Level 1:colcon.colcon_core.package_identification:_identify(src/rosidl_core/rosidl_core_runtime) by extension 'colcon_pkg'
[0.176s] Level 1:colcon.colcon_core.package_identification:_identify(src/rosidl_core/rosidl_core_runtime) by extensions ['colcon_meta']
[0.176s] Level 1:colcon.colcon_core.package_identification:_identify(src/rosidl_core/rosidl_core_runtime) by extension 'colcon_meta'
[0.176s] Level 1:colcon.colcon_core.package_identification:_identify(src/rosidl_core/rosidl_core_runtime) by extensions ['ament_cargo']
[0.176s] Level 1:colcon.colcon_core.package_identification:_identify(src/rosidl_core/rosidl_core_runtime) by extension 'ament_cargo'
[0.177s] Level 1:colcon.colcon_core.package_identification:_identify(src/rosidl_core/rosidl_core_runtime) by extensions ['ros']
[0.177s] Level 1:colcon.colcon_core.package_identification:_identify(src/rosidl_core/rosidl_core_runtime) by extension 'ros'
[0.177s] DEBUG:colcon.colcon_core.package_identification:Package 'src/rosidl_core/rosidl_core_runtime' with type 'ros.ament_cmake' and name 'rosidl_core_runtime'
[0.177s] Level 1:colcon.colcon_core.package_identification:_identify(src/rosidl_defaults) by extensions ['ignore', 'ignore_ament_install']
[0.177s] Level 1:colcon.colcon_core.package_identification:_identify(src/rosidl_defaults) by extension 'ignore'
[0.177s] Level 1:colcon.colcon_core.package_identification:_identify(src/rosidl_defaults) by extension 'ignore_ament_install'
[0.177s] Level 1:colcon.colcon_core.package_identification:_identify(src/rosidl_defaults) by extensions ['cargo_workspace']
[0.177s] Level 1:colcon.colcon_core.package_identification:_identify(src/rosidl_defaults) by extension 'cargo_workspace'
[0.177s] Level 1:colcon.colcon_core.package_identification:_identify(src/rosidl_defaults) by extensions ['colcon_pkg']
[0.177s] Level 1:colcon.colcon_core.package_identification:_identify(src/rosidl_defaults) by extension 'colcon_pkg'
[0.177s] Level 1:colcon.colcon_core.package_identification:_identify(src/rosidl_defaults) by extensions ['colcon_meta']
[0.177s] Level 1:colcon.colcon_core.package_identification:_identify(src/rosidl_defaults) by extension 'colcon_meta'
[0.178s] Level 1:colcon.colcon_core.package_identification:_identify(src/rosidl_defaults) by extensions ['ament_cargo']
[0.178s] Level 1:colcon.colcon_core.package_identification:_identify(src/rosidl_defaults) by extension 'ament_cargo'
[0.178s] Level 1:colcon.colcon_core.package_identification:_identify(src/rosidl_defaults) by extensions ['ros']
[0.178s] Level 1:colcon.colcon_core.package_identification:_identify(src/rosidl_defaults) by extension 'ros'
[0.178s] Level 1:colcon.colcon_core.package_identification:_identify(src/rosidl_defaults) by extensions ['cargo', 'cmake', 'python']
[0.178s] Level 1:colcon.colcon_core.package_identification:_identify(src/rosidl_defaults) by extension 'cargo'
[0.178s] Level 1:colcon.colcon_core.package_identification:_identify(src/rosidl_defaults) by extension 'cmake'
[0.178s] Level 1:colcon.colcon_core.package_identification:_identify(src/rosidl_defaults) by extension 'python'
[0.178s] Level 1:colcon.colcon_core.package_identification:_identify(src/rosidl_defaults) by extensions ['python_setup_py']
[0.178s] Level 1:colcon.colcon_core.package_identification:_identify(src/rosidl_defaults) by extension 'python_setup_py'
[0.178s] Level 1:colcon.colcon_core.package_identification:_identify(src/rosidl_defaults/rosidl_default_generators) by extensions ['ignore', 'ignore_ament_install']
[0.178s] Level 1:colcon.colcon_core.package_identification:_identify(src/rosidl_defaults/rosidl_default_generators) by extension 'ignore'
[0.178s] Level 1:colcon.colcon_core.package_identification:_identify(src/rosidl_defaults/rosidl_default_generators) by extension 'ignore_ament_install'
[0.178s] Level 1:colcon.colcon_core.package_identification:_identify(src/rosidl_defaults/rosidl_default_generators) by extensions ['cargo_workspace']
[0.178s] Level 1:colcon.colcon_core.package_identification:_identify(src/rosidl_defaults/rosidl_default_generators) by extension 'cargo_workspace'
[0.178s] Level 1:colcon.colcon_core.package_identification:_identify(src/rosidl_defaults/rosidl_default_generators) by extensions ['colcon_pkg']
[0.178s] Level 1:colcon.colcon_core.package_identification:_identify(src/rosidl_defaults/rosidl_default_generators) by extension 'colcon_pkg'
[0.178s] Level 1:colcon.colcon_core.package_identification:_identify(src/rosidl_defaults/rosidl_default_generators) by extensions ['colcon_meta']
[0.178s] Level 1:colcon.colcon_core.package_identification:_identify(src/rosidl_defaults/rosidl_default_generators) by extension 'colcon_meta'
[0.178s] Level 1:colcon.colcon_core.package_identification:_identify(src/rosidl_defaults/rosidl_default_generators) by extensions ['ament_cargo']
[0.178s] Level 1:colcon.colcon_core.package_identification:_identify(src/rosidl_defaults/rosidl_default_generators) by extension 'ament_cargo'
[0.179s] Level 1:colcon.colcon_core.package_identification:_identify(src/rosidl_defaults/rosidl_default_generators) by extensions ['ros']
[0.179s] Level 1:colcon.colcon_core.package_identification:_identify(src/rosidl_defaults/rosidl_default_generators) by extension 'ros'
[0.179s] DEBUG:colcon.colcon_core.package_identification:Package 'src/rosidl_defaults/rosidl_default_generators' with type 'ros.ament_cmake' and name 'rosidl_default_generators'
[0.179s] Level 1:colcon.colcon_core.package_identification:_identify(src/rosidl_defaults/rosidl_default_runtime) by extensions ['ignore', 'ignore_ament_install']
[0.179s] Level 1:colcon.colcon_core.package_identification:_identify(src/rosidl_defaults/rosidl_default_runtime) by extension 'ignore'
[0.179s] Level 1:colcon.colcon_core.package_identification:_identify(src/rosidl_defaults/rosidl_default_runtime) by extension 'ignore_ament_install'
[0.179s] Level 1:colcon.colcon_core.package_identification:_identify(src/rosidl_defaults/rosidl_default_runtime) by extensions ['cargo_workspace']
[0.179s] Level 1:colcon.colcon_core.package_identification:_identify(src/rosidl_defaults/rosidl_default_runtime) by extension 'cargo_workspace'
[0.179s] Level 1:colcon.colcon_core.package_identification:_identify(src/rosidl_defaults/rosidl_default_runtime) by extensions ['colcon_pkg']
[0.179s] Level 1:colcon.colcon_core.package_identification:_identify(src/rosidl_defaults/rosidl_default_runtime) by extension 'colcon_pkg'
[0.179s] Level 1:colcon.colcon_core.package_identification:_identify(src/rosidl_defaults/rosidl_default_runtime) by extensions ['colcon_meta']
[0.179s] Level 1:colcon.colcon_core.package_identification:_identify(src/rosidl_defaults/rosidl_default_runtime) by extension 'colcon_meta'
[0.179s] Level 1:colcon.colcon_core.package_identification:_identify(src/rosidl_defaults/rosidl_default_runtime) by extensions ['ament_cargo']
[0.179s] Level 1:colcon.colcon_core.package_identification:_identify(src/rosidl_defaults/rosidl_default_runtime) by extension 'ament_cargo'
[0.180s] Level 1:colcon.colcon_core.package_identification:_identify(src/rosidl_defaults/rosidl_default_runtime) by extensions ['ros']
[0.180s] Level 1:colcon.colcon_core.package_identification:_identify(src/rosidl_defaults/rosidl_default_runtime) by extension 'ros'
[0.180s] DEBUG:colcon.colcon_core.package_identification:Package 'src/rosidl_defaults/rosidl_default_runtime' with type 'ros.ament_cmake' and name 'rosidl_default_runtime'
[0.180s] Level 1:colcon.colcon_core.package_identification:_identify(src/rosidl_rust) by extensions ['ignore', 'ignore_ament_install']
[0.180s] Level 1:colcon.colcon_core.package_identification:_identify(src/rosidl_rust) by extension 'ignore'
[0.180s] Level 1:colcon.colcon_core.package_identification:_identify(src/rosidl_rust) by extension 'ignore_ament_install'
[0.180s] Level 1:colcon.colcon_core.package_identification:_identify(src/rosidl_rust) by extensions ['cargo_workspace']
[0.180s] Level 1:colcon.colcon_core.package_identification:_identify(src/rosidl_rust) by extension 'cargo_workspace'
[0.180s] Level 1:colcon.colcon_core.package_identification:_identify(src/rosidl_rust) by extensions ['colcon_pkg']
[0.180s] Level 1:colcon.colcon_core.package_identification:_identify(src/rosidl_rust) by extension 'colcon_pkg'
[0.180s] Level 1:colcon.colcon_core.package_identification:_identify(src/rosidl_rust) by extensions ['colcon_meta']
[0.180s] Level 1:colcon.colcon_core.package_identification:_identify(src/rosidl_rust) by extension 'colcon_meta'
[0.180s] Level 1:colcon.colcon_core.package_identification:_identify(src/rosidl_rust) by extensions ['ament_cargo']
[0.180s] Level 1:colcon.colcon_core.package_identification:_identify(src/rosidl_rust) by extension 'ament_cargo'
[0.180s] Level 1:colcon.colcon_core.package_identification:_identify(src/rosidl_rust) by extensions ['ros']
[0.180s] Level 1:colcon.colcon_core.package_identification:_identify(src/rosidl_rust) by extension 'ros'
[0.180s] Level 1:colcon.colcon_core.package_identification:_identify(src/rosidl_rust) by extensions ['cargo', 'cmake', 'python']
[0.180s] Level 1:colcon.colcon_core.package_identification:_identify(src/rosidl_rust) by extension 'cargo'
[0.181s] Level 1:colcon.colcon_core.package_identification:_identify(src/rosidl_rust) by extension 'cmake'
[0.181s] Level 1:colcon.colcon_core.package_identification:_identify(src/rosidl_rust) by extension 'python'
[0.181s] Level 1:colcon.colcon_core.package_identification:_identify(src/rosidl_rust) by extensions ['python_setup_py']
[0.181s] Level 1:colcon.colcon_core.package_identification:_identify(src/rosidl_rust) by extension 'python_setup_py'
[0.181s] Level 1:colcon.colcon_core.package_identification:_identify(src/rosidl_rust/rosidl_generator_rs) by extensions ['ignore', 'ignore_ament_install']
[0.181s] Level 1:colcon.colcon_core.package_identification:_identify(src/rosidl_rust/rosidl_generator_rs) by extension 'ignore'
[0.181s] Level 1:colcon.colcon_core.package_identification:_identify(src/rosidl_rust/rosidl_generator_rs) by extension 'ignore_ament_install'
[0.181s] Level 1:colcon.colcon_core.package_identification:_identify(src/rosidl_rust/rosidl_generator_rs) by extensions ['cargo_workspace']
[0.181s] Level 1:colcon.colcon_core.package_identification:_identify(src/rosidl_rust/rosidl_generator_rs) by extension 'cargo_workspace'
[0.181s] Level 1:colcon.colcon_core.package_identification:_identify(src/rosidl_rust/rosidl_generator_rs) by extensions ['colcon_pkg']
[0.181s] Level 1:colcon.colcon_core.package_identification:_identify(src/rosidl_rust/rosidl_generator_rs) by extension 'colcon_pkg'
[0.181s] Level 1:colcon.colcon_core.package_identification:_identify(src/rosidl_rust/rosidl_generator_rs) by extensions ['colcon_meta']
[0.181s] Level 1:colcon.colcon_core.package_identification:_identify(src/rosidl_rust/rosidl_generator_rs) by extension 'colcon_meta'
[0.181s] Level 1:colcon.colcon_core.package_identification:_identify(src/rosidl_rust/rosidl_generator_rs) by extensions ['ament_cargo']
[0.181s] Level 1:colcon.colcon_core.package_identification:_identify(src/rosidl_rust/rosidl_generator_rs) by extension 'ament_cargo'
[0.181s] Level 1:colcon.colcon_core.package_identification:_identify(src/rosidl_rust/rosidl_generator_rs) by extensions ['ros']
[0.181s] Level 1:colcon.colcon_core.package_identification:_identify(src/rosidl_rust/rosidl_generator_rs) by extension 'ros'
[0.184s] DEBUG:colcon.colcon_core.package_identification:Package 'src/rosidl_rust/rosidl_generator_rs' with type 'ros.ament_cmake' and name 'rosidl_generator_rs'
[0.184s] Level 1:colcon.colcon_core.package_identification:_identify(src/rust_pubsub) by extensions ['ignore', 'ignore_ament_install']
[0.184s] Level 1:colcon.colcon_core.package_identification:_identify(src/rust_pubsub) by extension 'ignore'
[0.184s] Level 1:colcon.colcon_core.package_identification:_identify(src/rust_pubsub) by extension 'ignore_ament_install'
[0.184s] Level 1:colcon.colcon_core.package_identification:_identify(src/rust_pubsub) by extensions ['cargo_workspace']
[0.184s] Level 1:colcon.colcon_core.package_identification:_identify(src/rust_pubsub) by extension 'cargo_workspace'
[0.184s] Level 1:colcon.colcon_core.package_identification:_identify(src/rust_pubsub) by extensions ['colcon_pkg']
[0.184s] Level 1:colcon.colcon_core.package_identification:_identify(src/rust_pubsub) by extension 'colcon_pkg'
[0.184s] Level 1:colcon.colcon_core.package_identification:_identify(src/rust_pubsub) by extensions ['colcon_meta']
[0.184s] Level 1:colcon.colcon_core.package_identification:_identify(src/rust_pubsub) by extension 'colcon_meta'
[0.184s] Level 1:colcon.colcon_core.package_identification:_identify(src/rust_pubsub) by extensions ['ament_cargo']
[0.184s] Level 1:colcon.colcon_core.package_identification:_identify(src/rust_pubsub) by extension 'ament_cargo'
[0.201s] DEBUG:colcon.colcon_core.package_identification:Package 'src/rust_pubsub' with type 'ament_cargo' and name 'rust_pubsub'
[0.201s] Level 1:colcon.colcon_core.package_identification:_identify(src/unique_identifier_msgs) by extensions ['ignore', 'ignore_ament_install']
[0.201s] Level 1:colcon.colcon_core.package_identification:_identify(src/unique_identifier_msgs) by extension 'ignore'
[0.201s] Level 1:colcon.colcon_core.package_identification:_identify(src/unique_identifier_msgs) by extension 'ignore_ament_install'
[0.201s] Level 1:colcon.colcon_core.package_identification:_identify(src/unique_identifier_msgs) by extensions ['cargo_workspace']
[0.201s] Level 1:colcon.colcon_core.package_identification:_identify(src/unique_identifier_msgs) by extension 'cargo_workspace'
[0.201s] Level 1:colcon.colcon_core.package_identification:_identify(src/unique_identifier_msgs) by extensions ['colcon_pkg']
[0.201s] Level 1:colcon.colcon_core.package_identification:_identify(src/unique_identifier_msgs) by extension 'colcon_pkg'
[0.201s] Level 1:colcon.colcon_core.package_identification:_identify(src/unique_identifier_msgs) by extensions ['colcon_meta']
[0.201s] Level 1:colcon.colcon_core.package_identification:_identify(src/unique_identifier_msgs) by extension 'colcon_meta'
[0.201s] Level 1:colcon.colcon_core.package_identification:_identify(src/unique_identifier_msgs) by extensions ['ament_cargo']
[0.201s] Level 1:colcon.colcon_core.package_identification:_identify(src/unique_identifier_msgs) by extension 'ament_cargo'
[0.202s] Level 1:colcon.colcon_core.package_identification:_identify(src/unique_identifier_msgs) by extensions ['ros']
[0.202s] Level 1:colcon.colcon_core.package_identification:_identify(src/unique_identifier_msgs) by extension 'ros'
[0.202s] DEBUG:colcon.colcon_core.package_identification:Package 'src/unique_identifier_msgs' with type 'ros.ament_cmake' and name 'unique_identifier_msgs'
[0.202s] Level 1:colcon.colcon_core.package_discovery:discover_packages(recursive) using defaults
[0.202s] Level 1:colcon.colcon_core.package_discovery:discover_packages(ignore) discover
[0.202s] Level 1:colcon.colcon_core.package_discovery:discover_packages(ignore) using defaults
[0.202s] Level 1:colcon.colcon_core.package_discovery:discover_packages(path) discover
[0.202s] Level 1:colcon.colcon_core.package_discovery:discover_packages(path) using defaults
[0.202s] Level 1:colcon.colcon_core.package_discovery:discover_packages(cargo_workspace) discover
[0.202s] Level 1:colcon.colcon_core.package_discovery:discover_packages(cargo_workspace) using defaults
[0.224s] INFO:colcon.colcon_core.package_selection:Skipping package 'common_interfaces' in 'src/common_interfaces/common_interfaces'
[0.224s] INFO:colcon.colcon_core.package_selection:Skipping package 'visualization_msgs' in 'src/common_interfaces/visualization_msgs'
[0.224s] INFO:colcon.colcon_core.package_selection:Skipping package 'stereo_msgs' in 'src/common_interfaces/stereo_msgs'
[0.224s] INFO:colcon.colcon_core.package_selection:Skipping package 'sensor_msgs_py' in 'src/common_interfaces/sensor_msgs_py'
[0.224s] INFO:colcon.colcon_core.package_selection:Skipping package 'trajectory_msgs' in 'src/common_interfaces/trajectory_msgs'
[0.224s] INFO:colcon.colcon_core.package_selection:Skipping package 'shape_msgs' in 'src/common_interfaces/shape_msgs'
[0.224s] INFO:colcon.colcon_core.package_selection:Skipping package 'sensor_msgs' in 'src/common_interfaces/sensor_msgs'
[0.224s] INFO:colcon.colcon_core.package_selection:Skipping package 'nav_msgs' in 'src/common_interfaces/nav_msgs'
[0.224s] INFO:colcon.colcon_core.package_selection:Skipping package 'diagnostic_msgs' in 'src/common_interfaces/diagnostic_msgs'
[0.224s] INFO:colcon.colcon_core.package_selection:Skipping package 'rosgraph_msgs' in 'src/rcl_interfaces/rosgraph_msgs'
[0.224s] INFO:colcon.colcon_core.package_selection:Skipping package 'geometry_msgs' in 'src/common_interfaces/geometry_msgs'
[0.224s] INFO:colcon.colcon_core.package_selection:Skipping package 'composition_interfaces' in 'src/rcl_interfaces/composition_interfaces'
[0.224s] INFO:colcon.colcon_core.package_selection:Skipping package 'actionlib_msgs' in 'src/common_interfaces/actionlib_msgs'
[0.224s] INFO:colcon.colcon_core.package_selection:Skipping package 'test_msgs' in 'src/rcl_interfaces/test_msgs'
[0.224s] INFO:colcon.colcon_core.package_selection:Skipping package 'std_srvs' in 'src/common_interfaces/std_srvs'
[0.224s] INFO:colcon.colcon_core.package_selection:Skipping package 'statistics_msgs' in 'src/rcl_interfaces/statistics_msgs'
[0.224s] INFO:colcon.colcon_core.package_selection:Skipping package 'rcl_interfaces' in 'src/rcl_interfaces/rcl_interfaces'
[0.224s] INFO:colcon.colcon_core.package_selection:Skipping package 'lifecycle_msgs' in 'src/rcl_interfaces/lifecycle_msgs'
[0.224s] INFO:colcon.colcon_core.package_selection:Skipping package 'type_description_interfaces' in 'src/rcl_interfaces/type_description_interfaces'
[0.225s] Level 1:colcon.colcon_core.package_discovery:discover_packages(prefix_path) check parameters
[0.225s] Level 1:colcon.colcon_core.package_discovery:discover_packages(prefix_path) discover
[0.228s] DEBUG:colcon.colcon_installed_package_information.package_discovery:Found 288 installed packages in /opt/ros/jazzy
[0.228s] Level 1:colcon.colcon_core.package_discovery:discover_packages(prefix_path) using defaults
[0.268s] WARNING:colcon.colcon_core.package_selection:Some selected packages are already built in one or more underlay workspaces:
	'rosidl_default_runtime' is in: /opt/ros/jazzy
	'rosidl_core_runtime' is in: /opt/ros/jazzy
	'std_msgs' is in: /opt/ros/jazzy
	'rosidl_default_generators' is in: /opt/ros/jazzy
	'builtin_interfaces' is in: /opt/ros/jazzy
	'service_msgs' is in: /opt/ros/jazzy
	'unique_identifier_msgs' is in: /opt/ros/jazzy
	'action_msgs' is in: /opt/ros/jazzy
If a package in a merged underlay workspace is overridden and it installs headers, then all packages in the overlay must sort their include directories by workspace order. Failure to do so may result in build failures or undefined behavior at run time.
If the overridden package is used by another package in any underlay, then the overriding package in the overlay must be API and ABI compatible or undefined behavior at run time may occur.

If you understand the risks and want to override a package anyways, add the following to the command line:
	--allow-overriding action_msgs builtin_interfaces rosidl_core_runtime rosidl_default_generators rosidl_default_runtime service_msgs std_msgs unique_identifier_msgs

This may be promoted to an error in a future release of colcon-override-check.
[0.269s] Level 5:colcon.colcon_core.verb:set package 'rosidl_generator_rs' build argument 'lookup_in_workspace' from command line to 'False'
[0.269s] Level 5:colcon.colcon_core.verb:set package 'rosidl_generator_rs' build argument 'cargo_args' from command line to 'None'
[0.269s] Level 5:colcon.colcon_core.verb:set package 'rosidl_generator_rs' build argument 'clean_build' from command line to 'False'
[0.269s] Level 5:colcon.colcon_core.verb:set package 'rosidl_generator_rs' build argument 'cmake_args' from command line to 'None'
[0.269s] Level 5:colcon.colcon_core.verb:set package 'rosidl_generator_rs' build argument 'cmake_target' from command line to 'None'
[0.269s] Level 5:colcon.colcon_core.verb:set package 'rosidl_generator_rs' build argument 'cmake_target_skip_unavailable' from command line to 'False'
[0.269s] Level 5:colcon.colcon_core.verb:set package 'rosidl_generator_rs' build argument 'cmake_clean_cache' from command line to 'False'
[0.269s] Level 5:colcon.colcon_core.verb:set package 'rosidl_generator_rs' build argument 'cmake_clean_first' from command line to 'False'
[0.269s] Level 5:colcon.colcon_core.verb:set package 'rosidl_generator_rs' build argument 'cmake_force_configure' from command line to 'False'
[0.269s] Level 5:colcon.colcon_core.verb:set package 'rosidl_generator_rs' build argument 'ament_cmake_args' from command line to 'None'
[0.269s] Level 5:colcon.colcon_core.verb:set package 'rosidl_generator_rs' build argument 'catkin_cmake_args' from command line to 'None'
[0.269s] Level 5:colcon.colcon_core.verb:set package 'rosidl_generator_rs' build argument 'catkin_skip_building_tests' from command line to 'False'
[0.269s] DEBUG:colcon.colcon_core.verb:Building package 'rosidl_generator_rs' with the following arguments: {'ament_cmake_args': None, 'build_base': '/home/rsanz/git/learning/ROS2/RustROS2/build/rosidl_generator_rs', 'cargo_args': None, 'catkin_cmake_args': None, 'catkin_skip_building_tests': False, 'clean_build': False, 'cmake_args': None, 'cmake_clean_cache': False, 'cmake_clean_first': False, 'cmake_force_configure': False, 'cmake_target': None, 'cmake_target_skip_unavailable': False, 'install_base': '/home/rsanz/git/learning/ROS2/RustROS2/install/rosidl_generator_rs', 'lookup_in_workspace': False, 'merge_install': False, 'path': '/home/rsanz/git/learning/ROS2/RustROS2/src/rosidl_rust/rosidl_generator_rs', 'symlink_install': False, 'test_result_base': None}
[0.269s] Level 5:colcon.colcon_core.verb:set package 'rosidl_core_generators' build argument 'lookup_in_workspace' from command line to 'False'
[0.269s] Level 5:colcon.colcon_core.verb:set package 'rosidl_core_generators' build argument 'cargo_args' from command line to 'None'
[0.269s] Level 5:colcon.colcon_core.verb:set package 'rosidl_core_generators' build argument 'clean_build' from command line to 'False'
[0.269s] Level 5:colcon.colcon_core.verb:set package 'rosidl_core_generators' build argument 'cmake_args' from command line to 'None'
[0.269s] Level 5:colcon.colcon_core.verb:set package 'rosidl_core_generators' build argument 'cmake_target' from command line to 'None'
[0.269s] Level 5:colcon.colcon_core.verb:set package 'rosidl_core_generators' build argument 'cmake_target_skip_unavailable' from command line to 'False'
[0.269s] Level 5:colcon.colcon_core.verb:set package 'rosidl_core_generators' build argument 'cmake_clean_cache' from command line to 'False'
[0.269s] Level 5:colcon.colcon_core.verb:set package 'rosidl_core_generators' build argument 'cmake_clean_first' from command line to 'False'
[0.269s] Level 5:colcon.colcon_core.verb:set package 'rosidl_core_generators' build argument 'cmake_force_configure' from command line to 'False'
[0.269s] Level 5:colcon.colcon_core.verb:set package 'rosidl_core_generators' build argument 'ament_cmake_args' from command line to 'None'
[0.269s] Level 5:colcon.colcon_core.verb:set package 'rosidl_core_generators' build argument 'catkin_cmake_args' from command line to 'None'
[0.269s] Level 5:colcon.colcon_core.verb:set package 'rosidl_core_generators' build argument 'catkin_skip_building_tests' from command line to 'False'
[0.270s] DEBUG:colcon.colcon_core.verb:Building package 'rosidl_core_generators' with the following arguments: {'ament_cmake_args': None, 'build_base': '/home/rsanz/git/learning/ROS2/RustROS2/build/rosidl_core_generators', 'cargo_args': None, 'catkin_cmake_args': None, 'catkin_skip_building_tests': False, 'clean_build': False, 'cmake_args': None, 'cmake_clean_cache': False, 'cmake_clean_first': False, 'cmake_force_configure': False, 'cmake_target': None, 'cmake_target_skip_unavailable': False, 'install_base': '/home/rsanz/git/learning/ROS2/RustROS2/install/rosidl_core_generators', 'lookup_in_workspace': False, 'merge_install': False, 'path': '/home/rsanz/git/learning/ROS2/RustROS2/src/rosidl_core/rosidl_core_generators', 'symlink_install': False, 'test_result_base': None}
[0.270s] Level 5:colcon.colcon_core.verb:set package 'rosidl_core_runtime' build argument 'lookup_in_workspace' from command line to 'False'
[0.270s] Level 5:colcon.colcon_core.verb:set package 'rosidl_core_runtime' build argument 'cargo_args' from command line to 'None'
[0.270s] Level 5:colcon.colcon_core.verb:set package 'rosidl_core_runtime' build argument 'clean_build' from command line to 'False'
[0.270s] Level 5:colcon.colcon_core.verb:set package 'rosidl_core_runtime' build argument 'cmake_args' from command line to 'None'
[0.270s] Level 5:colcon.colcon_core.verb:set package 'rosidl_core_runtime' build argument 'cmake_target' from command line to 'None'
[0.270s] Level 5:colcon.colcon_core.verb:set package 'rosidl_core_runtime' build argument 'cmake_target_skip_unavailable' from command line to 'False'
[0.270s] Level 5:colcon.colcon_core.verb:set package 'rosidl_core_runtime' build argument 'cmake_clean_cache' from command line to 'False'
[0.270s] Level 5:colcon.colcon_core.verb:set package 'rosidl_core_runtime' build argument 'cmake_clean_first' from command line to 'False'
[0.270s] Level 5:colcon.colcon_core.verb:set package 'rosidl_core_runtime' build argument 'cmake_force_configure' from command line to 'False'
[0.270s] Level 5:colcon.colcon_core.verb:set package 'rosidl_core_runtime' build argument 'ament_cmake_args' from command line to 'None'
[0.270s] Level 5:colcon.colcon_core.verb:set package 'rosidl_core_runtime' build argument 'catkin_cmake_args' from command line to 'None'
[0.270s] Level 5:colcon.colcon_core.verb:set package 'rosidl_core_runtime' build argument 'catkin_skip_building_tests' from command line to 'False'
[0.270s] DEBUG:colcon.colcon_core.verb:Building package 'rosidl_core_runtime' with the following arguments: {'ament_cmake_args': None, 'build_base': '/home/rsanz/git/learning/ROS2/RustROS2/build/rosidl_core_runtime', 'cargo_args': None, 'catkin_cmake_args': None, 'catkin_skip_building_tests': False, 'clean_build': False, 'cmake_args': None, 'cmake_clean_cache': False, 'cmake_clean_first': False, 'cmake_force_configure': False, 'cmake_target': None, 'cmake_target_skip_unavailable': False, 'install_base': '/home/rsanz/git/learning/ROS2/RustROS2/install/rosidl_core_runtime', 'lookup_in_workspace': False, 'merge_install': False, 'path': '/home/rsanz/git/learning/ROS2/RustROS2/src/rosidl_core/rosidl_core_runtime', 'symlink_install': False, 'test_result_base': None}
[0.270s] Level 5:colcon.colcon_core.verb:set package 'builtin_interfaces' build argument 'lookup_in_workspace' from command line to 'False'
[0.270s] Level 5:colcon.colcon_core.verb:set package 'builtin_interfaces' build argument 'cargo_args' from command line to 'None'
[0.270s] Level 5:colcon.colcon_core.verb:set package 'builtin_interfaces' build argument 'clean_build' from command line to 'False'
[0.270s] Level 5:colcon.colcon_core.verb:set package 'builtin_interfaces' build argument 'cmake_args' from command line to 'None'
[0.270s] Level 5:colcon.colcon_core.verb:set package 'builtin_interfaces' build argument 'cmake_target' from command line to 'None'
[0.270s] Level 5:colcon.colcon_core.verb:set package 'builtin_interfaces' build argument 'cmake_target_skip_unavailable' from command line to 'False'
[0.270s] Level 5:colcon.colcon_core.verb:set package 'builtin_interfaces' build argument 'cmake_clean_cache' from command line to 'False'
[0.270s] Level 5:colcon.colcon_core.verb:set package 'builtin_interfaces' build argument 'cmake_clean_first' from command line to 'False'
[0.270s] Level 5:colcon.colcon_core.verb:set package 'builtin_interfaces' build argument 'cmake_force_configure' from command line to 'False'
[0.270s] Level 5:colcon.colcon_core.verb:set package 'builtin_interfaces' build argument 'ament_cmake_args' from command line to 'None'
[0.270s] Level 5:colcon.colcon_core.verb:set package 'builtin_interfaces' build argument 'catkin_cmake_args' from command line to 'None'
[0.270s] Level 5:colcon.colcon_core.verb:set package 'builtin_interfaces' build argument 'catkin_skip_building_tests' from command line to 'False'
[0.270s] DEBUG:colcon.colcon_core.verb:Building package 'builtin_interfaces' with the following arguments: {'ament_cmake_args': None, 'build_base': '/home/rsanz/git/learning/ROS2/RustROS2/build/builtin_interfaces', 'cargo_args': None, 'catkin_cmake_args': None, 'catkin_skip_building_tests': False, 'clean_build': False, 'cmake_args': None, 'cmake_clean_cache': False, 'cmake_clean_first': False, 'cmake_force_configure': False, 'cmake_target': None, 'cmake_target_skip_unavailable': False, 'install_base': '/home/rsanz/git/learning/ROS2/RustROS2/install/builtin_interfaces', 'lookup_in_workspace': False, 'merge_install': False, 'path': '/home/rsanz/git/learning/ROS2/RustROS2/src/rcl_interfaces/builtin_interfaces', 'symlink_install': False, 'test_result_base': None}
[0.270s] Level 5:colcon.colcon_core.verb:set package 'unique_identifier_msgs' build argument 'lookup_in_workspace' from command line to 'False'
[0.271s] Level 5:colcon.colcon_core.verb:set package 'unique_identifier_msgs' build argument 'cargo_args' from command line to 'None'
[0.271s] Level 5:colcon.colcon_core.verb:set package 'unique_identifier_msgs' build argument 'clean_build' from command line to 'False'
[0.271s] Level 5:colcon.colcon_core.verb:set package 'unique_identifier_msgs' build argument 'cmake_args' from command line to 'None'
[0.271s] Level 5:colcon.colcon_core.verb:set package 'unique_identifier_msgs' build argument 'cmake_target' from command line to 'None'
[0.271s] Level 5:colcon.colcon_core.verb:set package 'unique_identifier_msgs' build argument 'cmake_target_skip_unavailable' from command line to 'False'
[0.271s] Level 5:colcon.colcon_core.verb:set package 'unique_identifier_msgs' build argument 'cmake_clean_cache' from command line to 'False'
[0.271s] Level 5:colcon.colcon_core.verb:set package 'unique_identifier_msgs' build argument 'cmake_clean_first' from command line to 'False'
[0.271s] Level 5:colcon.colcon_core.verb:set package 'unique_identifier_msgs' build argument 'cmake_force_configure' from command line to 'False'
[0.271s] Level 5:colcon.colcon_core.verb:set package 'unique_identifier_msgs' build argument 'ament_cmake_args' from command line to 'None'
[0.271s] Level 5:colcon.colcon_core.verb:set package 'unique_identifier_msgs' build argument 'catkin_cmake_args' from command line to 'None'
[0.271s] Level 5:colcon.colcon_core.verb:set package 'unique_identifier_msgs' build argument 'catkin_skip_building_tests' from command line to 'False'
[0.271s] DEBUG:colcon.colcon_core.verb:Building package 'unique_identifier_msgs' with the following arguments: {'ament_cmake_args': None, 'build_base': '/home/rsanz/git/learning/ROS2/RustROS2/build/unique_identifier_msgs', 'cargo_args': None, 'catkin_cmake_args': None, 'catkin_skip_building_tests': False, 'clean_build': False, 'cmake_args': None, 'cmake_clean_cache': False, 'cmake_clean_first': False, 'cmake_force_configure': False, 'cmake_target': None, 'cmake_target_skip_unavailable': False, 'install_base': '/home/rsanz/git/learning/ROS2/RustROS2/install/unique_identifier_msgs', 'lookup_in_workspace': False, 'merge_install': False, 'path': '/home/rsanz/git/learning/ROS2/RustROS2/src/unique_identifier_msgs', 'symlink_install': False, 'test_result_base': None}
[0.271s] Level 5:colcon.colcon_core.verb:set package 'service_msgs' build argument 'lookup_in_workspace' from command line to 'False'
[0.271s] Level 5:colcon.colcon_core.verb:set package 'service_msgs' build argument 'cargo_args' from command line to 'None'
[0.271s] Level 5:colcon.colcon_core.verb:set package 'service_msgs' build argument 'clean_build' from command line to 'False'
[0.271s] Level 5:colcon.colcon_core.verb:set package 'service_msgs' build argument 'cmake_args' from command line to 'None'
[0.271s] Level 5:colcon.colcon_core.verb:set package 'service_msgs' build argument 'cmake_target' from command line to 'None'
[0.271s] Level 5:colcon.colcon_core.verb:set package 'service_msgs' build argument 'cmake_target_skip_unavailable' from command line to 'False'
[0.271s] Level 5:colcon.colcon_core.verb:set package 'service_msgs' build argument 'cmake_clean_cache' from command line to 'False'
[0.271s] Level 5:colcon.colcon_core.verb:set package 'service_msgs' build argument 'cmake_clean_first' from command line to 'False'
[0.271s] Level 5:colcon.colcon_core.verb:set package 'service_msgs' build argument 'cmake_force_configure' from command line to 'False'
[0.271s] Level 5:colcon.colcon_core.verb:set package 'service_msgs' build argument 'ament_cmake_args' from command line to 'None'
[0.271s] Level 5:colcon.colcon_core.verb:set package 'service_msgs' build argument 'catkin_cmake_args' from command line to 'None'
[0.271s] Level 5:colcon.colcon_core.verb:set package 'service_msgs' build argument 'catkin_skip_building_tests' from command line to 'False'
[0.271s] DEBUG:colcon.colcon_core.verb:Building package 'service_msgs' with the following arguments: {'ament_cmake_args': None, 'build_base': '/home/rsanz/git/learning/ROS2/RustROS2/build/service_msgs', 'cargo_args': None, 'catkin_cmake_args': None, 'catkin_skip_building_tests': False, 'clean_build': False, 'cmake_args': None, 'cmake_clean_cache': False, 'cmake_clean_first': False, 'cmake_force_configure': False, 'cmake_target': None, 'cmake_target_skip_unavailable': False, 'install_base': '/home/rsanz/git/learning/ROS2/RustROS2/install/service_msgs', 'lookup_in_workspace': False, 'merge_install': False, 'path': '/home/rsanz/git/learning/ROS2/RustROS2/src/rcl_interfaces/service_msgs', 'symlink_install': False, 'test_result_base': None}
[0.271s] Level 5:colcon.colcon_core.verb:set package 'action_msgs' build argument 'lookup_in_workspace' from command line to 'False'
[0.271s] Level 5:colcon.colcon_core.verb:set package 'action_msgs' build argument 'cargo_args' from command line to 'None'
[0.271s] Level 5:colcon.colcon_core.verb:set package 'action_msgs' build argument 'clean_build' from command line to 'False'
[0.271s] Level 5:colcon.colcon_core.verb:set package 'action_msgs' build argument 'cmake_args' from command line to 'None'
[0.271s] Level 5:colcon.colcon_core.verb:set package 'action_msgs' build argument 'cmake_target' from command line to 'None'
[0.271s] Level 5:colcon.colcon_core.verb:set package 'action_msgs' build argument 'cmake_target_skip_unavailable' from command line to 'False'
[0.271s] Level 5:colcon.colcon_core.verb:set package 'action_msgs' build argument 'cmake_clean_cache' from command line to 'False'
[0.271s] Level 5:colcon.colcon_core.verb:set package 'action_msgs' build argument 'cmake_clean_first' from command line to 'False'
[0.271s] Level 5:colcon.colcon_core.verb:set package 'action_msgs' build argument 'cmake_force_configure' from command line to 'False'
[0.271s] Level 5:colcon.colcon_core.verb:set package 'action_msgs' build argument 'ament_cmake_args' from command line to 'None'
[0.271s] Level 5:colcon.colcon_core.verb:set package 'action_msgs' build argument 'catkin_cmake_args' from command line to 'None'
[0.271s] Level 5:colcon.colcon_core.verb:set package 'action_msgs' build argument 'catkin_skip_building_tests' from command line to 'False'
[0.271s] DEBUG:colcon.colcon_core.verb:Building package 'action_msgs' with the following arguments: {'ament_cmake_args': None, 'build_base': '/home/rsanz/git/learning/ROS2/RustROS2/build/action_msgs', 'cargo_args': None, 'catkin_cmake_args': None, 'catkin_skip_building_tests': False, 'clean_build': False, 'cmake_args': None, 'cmake_clean_cache': False, 'cmake_clean_first': False, 'cmake_force_configure': False, 'cmake_target': None, 'cmake_target_skip_unavailable': False, 'install_base': '/home/rsanz/git/learning/ROS2/RustROS2/install/action_msgs', 'lookup_in_workspace': False, 'merge_install': False, 'path': '/home/rsanz/git/learning/ROS2/RustROS2/src/rcl_interfaces/action_msgs', 'symlink_install': False, 'test_result_base': None}
[0.272s] Level 5:colcon.colcon_core.verb:set package 'rosidl_default_generators' build argument 'lookup_in_workspace' from command line to 'False'
[0.272s] Level 5:colcon.colcon_core.verb:set package 'rosidl_default_generators' build argument 'cargo_args' from command line to 'None'
[0.272s] Level 5:colcon.colcon_core.verb:set package 'rosidl_default_generators' build argument 'clean_build' from command line to 'False'
[0.272s] Level 5:colcon.colcon_core.verb:set package 'rosidl_default_generators' build argument 'cmake_args' from command line to 'None'
[0.272s] Level 5:colcon.colcon_core.verb:set package 'rosidl_default_generators' build argument 'cmake_target' from command line to 'None'
[0.272s] Level 5:colcon.colcon_core.verb:set package 'rosidl_default_generators' build argument 'cmake_target_skip_unavailable' from command line to 'False'
[0.272s] Level 5:colcon.colcon_core.verb:set package 'rosidl_default_generators' build argument 'cmake_clean_cache' from command line to 'False'
[0.272s] Level 5:colcon.colcon_core.verb:set package 'rosidl_default_generators' build argument 'cmake_clean_first' from command line to 'False'
[0.272s] Level 5:colcon.colcon_core.verb:set package 'rosidl_default_generators' build argument 'cmake_force_configure' from command line to 'False'
[0.272s] Level 5:colcon.colcon_core.verb:set package 'rosidl_default_generators' build argument 'ament_cmake_args' from command line to 'None'
[0.272s] Level 5:colcon.colcon_core.verb:set package 'rosidl_default_generators' build argument 'catkin_cmake_args' from command line to 'None'
[0.272s] Level 5:colcon.colcon_core.verb:set package 'rosidl_default_generators' build argument 'catkin_skip_building_tests' from command line to 'False'
[0.272s] DEBUG:colcon.colcon_core.verb:Building package 'rosidl_default_generators' with the following arguments: {'ament_cmake_args': None, 'build_base': '/home/rsanz/git/learning/ROS2/RustROS2/build/rosidl_default_generators', 'cargo_args': None, 'catkin_cmake_args': None, 'catkin_skip_building_tests': False, 'clean_build': False, 'cmake_args': None, 'cmake_clean_cache': False, 'cmake_clean_first': False, 'cmake_force_configure': False, 'cmake_target': None, 'cmake_target_skip_unavailable': False, 'install_base': '/home/rsanz/git/learning/ROS2/RustROS2/install/rosidl_default_generators', 'lookup_in_workspace': False, 'merge_install': False, 'path': '/home/rsanz/git/learning/ROS2/RustROS2/src/rosidl_defaults/rosidl_default_generators', 'symlink_install': False, 'test_result_base': None}
[0.272s] Level 5:colcon.colcon_core.verb:set package 'rosidl_default_runtime' build argument 'lookup_in_workspace' from command line to 'False'
[0.272s] Level 5:colcon.colcon_core.verb:set package 'rosidl_default_runtime' build argument 'cargo_args' from command line to 'None'
[0.272s] Level 5:colcon.colcon_core.verb:set package 'rosidl_default_runtime' build argument 'clean_build' from command line to 'False'
[0.272s] Level 5:colcon.colcon_core.verb:set package 'rosidl_default_runtime' build argument 'cmake_args' from command line to 'None'
[0.272s] Level 5:colcon.colcon_core.verb:set package 'rosidl_default_runtime' build argument 'cmake_target' from command line to 'None'
[0.272s] Level 5:colcon.colcon_core.verb:set package 'rosidl_default_runtime' build argument 'cmake_target_skip_unavailable' from command line to 'False'
[0.272s] Level 5:colcon.colcon_core.verb:set package 'rosidl_default_runtime' build argument 'cmake_clean_cache' from command line to 'False'
[0.272s] Level 5:colcon.colcon_core.verb:set package 'rosidl_default_runtime' build argument 'cmake_clean_first' from command line to 'False'
[0.272s] Level 5:colcon.colcon_core.verb:set package 'rosidl_default_runtime' build argument 'cmake_force_configure' from command line to 'False'
[0.272s] Level 5:colcon.colcon_core.verb:set package 'rosidl_default_runtime' build argument 'ament_cmake_args' from command line to 'None'
[0.272s] Level 5:colcon.colcon_core.verb:set package 'rosidl_default_runtime' build argument 'catkin_cmake_args' from command line to 'None'
[0.272s] Level 5:colcon.colcon_core.verb:set package 'rosidl_default_runtime' build argument 'catkin_skip_building_tests' from command line to 'False'
[0.272s] DEBUG:colcon.colcon_core.verb:Building package 'rosidl_default_runtime' with the following arguments: {'ament_cmake_args': None, 'build_base': '/home/rsanz/git/learning/ROS2/RustROS2/build/rosidl_default_runtime', 'cargo_args': None, 'catkin_cmake_args': None, 'catkin_skip_building_tests': False, 'clean_build': False, 'cmake_args': None, 'cmake_clean_cache': False, 'cmake_clean_first': False, 'cmake_force_configure': False, 'cmake_target': None, 'cmake_target_skip_unavailable': False, 'install_base': '/home/rsanz/git/learning/ROS2/RustROS2/install/rosidl_default_runtime', 'lookup_in_workspace': False, 'merge_install': False, 'path': '/home/rsanz/git/learning/ROS2/RustROS2/src/rosidl_defaults/rosidl_default_runtime', 'symlink_install': False, 'test_result_base': None}
[0.273s] Level 5:colcon.colcon_core.verb:set package 'std_msgs' build argument 'lookup_in_workspace' from command line to 'False'
[0.273s] Level 5:colcon.colcon_core.verb:set package 'std_msgs' build argument 'cargo_args' from command line to 'None'
[0.273s] Level 5:colcon.colcon_core.verb:set package 'std_msgs' build argument 'clean_build' from command line to 'False'
[0.273s] Level 5:colcon.colcon_core.verb:set package 'std_msgs' build argument 'cmake_args' from command line to 'None'
[0.273s] Level 5:colcon.colcon_core.verb:set package 'std_msgs' build argument 'cmake_target' from command line to 'None'
[0.273s] Level 5:colcon.colcon_core.verb:set package 'std_msgs' build argument 'cmake_target_skip_unavailable' from command line to 'False'
[0.273s] Level 5:colcon.colcon_core.verb:set package 'std_msgs' build argument 'cmake_clean_cache' from command line to 'False'
[0.273s] Level 5:colcon.colcon_core.verb:set package 'std_msgs' build argument 'cmake_clean_first' from command line to 'False'
[0.273s] Level 5:colcon.colcon_core.verb:set package 'std_msgs' build argument 'cmake_force_configure' from command line to 'False'
[0.273s] Level 5:colcon.colcon_core.verb:set package 'std_msgs' build argument 'ament_cmake_args' from command line to 'None'
[0.273s] Level 5:colcon.colcon_core.verb:set package 'std_msgs' build argument 'catkin_cmake_args' from command line to 'None'
[0.273s] Level 5:colcon.colcon_core.verb:set package 'std_msgs' build argument 'catkin_skip_building_tests' from command line to 'False'
[0.273s] DEBUG:colcon.colcon_core.verb:Building package 'std_msgs' with the following arguments: {'ament_cmake_args': None, 'build_base': '/home/rsanz/git/learning/ROS2/RustROS2/build/std_msgs', 'cargo_args': None, 'catkin_cmake_args': None, 'catkin_skip_building_tests': False, 'clean_build': False, 'cmake_args': None, 'cmake_clean_cache': False, 'cmake_clean_first': False, 'cmake_force_configure': False, 'cmake_target': None, 'cmake_target_skip_unavailable': False, 'install_base': '/home/rsanz/git/learning/ROS2/RustROS2/install/std_msgs', 'lookup_in_workspace': False, 'merge_install': False, 'path': '/home/rsanz/git/learning/ROS2/RustROS2/src/common_interfaces/std_msgs', 'symlink_install': False, 'test_result_base': None}
[0.273s] Level 5:colcon.colcon_core.verb:set package 'rust_pubsub' build argument 'lookup_in_workspace' from command line to 'False'
[0.273s] Level 5:colcon.colcon_core.verb:set package 'rust_pubsub' build argument 'cargo_args' from command line to 'None'
[0.273s] Level 5:colcon.colcon_core.verb:set package 'rust_pubsub' build argument 'clean_build' from command line to 'False'
[0.273s] Level 5:colcon.colcon_core.verb:set package 'rust_pubsub' build argument 'cmake_args' from command line to 'None'
[0.273s] Level 5:colcon.colcon_core.verb:set package 'rust_pubsub' build argument 'cmake_target' from command line to 'None'
[0.273s] Level 5:colcon.colcon_core.verb:set package 'rust_pubsub' build argument 'cmake_target_skip_unavailable' from command line to 'False'
[0.273s] Level 5:colcon.colcon_core.verb:set package 'rust_pubsub' build argument 'cmake_clean_cache' from command line to 'False'
[0.273s] Level 5:colcon.colcon_core.verb:set package 'rust_pubsub' build argument 'cmake_clean_first' from command line to 'False'
[0.273s] Level 5:colcon.colcon_core.verb:set package 'rust_pubsub' build argument 'cmake_force_configure' from command line to 'False'
[0.273s] Level 5:colcon.colcon_core.verb:set package 'rust_pubsub' build argument 'ament_cmake_args' from command line to 'None'
[0.273s] Level 5:colcon.colcon_core.verb:set package 'rust_pubsub' build argument 'catkin_cmake_args' from command line to 'None'
[0.273s] Level 5:colcon.colcon_core.verb:set package 'rust_pubsub' build argument 'catkin_skip_building_tests' from command line to 'False'
[0.273s] DEBUG:colcon.colcon_core.verb:Building package 'rust_pubsub' with the following arguments: {'ament_cmake_args': None, 'build_base': '/home/rsanz/git/learning/ROS2/RustROS2/build/rust_pubsub', 'cargo_args': None, 'catkin_cmake_args': None, 'catkin_skip_building_tests': False, 'clean_build': False, 'cmake_args': None, 'cmake_clean_cache': False, 'cmake_clean_first': False, 'cmake_force_configure': False, 'cmake_target': None, 'cmake_target_skip_unavailable': False, 'install_base': '/home/rsanz/git/learning/ROS2/RustROS2/install/rust_pubsub', 'lookup_in_workspace': False, 'merge_install': False, 'path': '/home/rsanz/git/learning/ROS2/RustROS2/src/rust_pubsub', 'symlink_install': False, 'test_result_base': None}
[0.273s] INFO:colcon.colcon_core.executor:Executing jobs using 'parallel' executor
[0.274s] DEBUG:colcon.colcon_parallel_executor.executor.parallel:run_until_complete
[0.274s] INFO:colcon.colcon_ros.task.ament_cmake.build:Building ROS package in '/home/rsanz/git/learning/ROS2/RustROS2/src/rosidl_rust/rosidl_generator_rs' with build type 'ament_cmake'
[0.274s] INFO:colcon.colcon_cmake.task.cmake.build:Building CMake package in '/home/rsanz/git/learning/ROS2/RustROS2/src/rosidl_rust/rosidl_generator_rs'
[0.276s] INFO:colcon.colcon_core.plugin_system:Skipping extension 'colcon_core.shell.bat': Not used on non-Windows systems
[0.277s] INFO:colcon.colcon_core.shell:Skip shell extension 'powershell' for command environment: Not usable outside of PowerShell
[0.277s] DEBUG:colcon.colcon_core.shell:Skip shell extension 'dsv' for command environment
[0.284s] DEBUG:colcon.colcon_core.event_handler.log_command:Invoking command in '/home/rsanz/git/learning/ROS2/RustROS2/build/rosidl_generator_rs': CMAKE_PREFIX_PATH=${CMAKE_PREFIX_PATH}:/opt/ros/jazzy DEBUGINFOD_URLS=https://debuginfod.ubuntu.com /usr/bin/cmake --build /home/rsanz/git/learning/ROS2/RustROS2/build/rosidl_generator_rs -- -j24 -l24
[0.658s] DEBUG:colcon.colcon_core.event_handler.log_command:Invoked command in '/home/rsanz/git/learning/ROS2/RustROS2/build/rosidl_generator_rs' returned '0': CMAKE_PREFIX_PATH=${CMAKE_PREFIX_PATH}:/opt/ros/jazzy DEBUGINFOD_URLS=https://debuginfod.ubuntu.com /usr/bin/cmake --build /home/rsanz/git/learning/ROS2/RustROS2/build/rosidl_generator_rs -- -j24 -l24
[0.668s] DEBUG:colcon.colcon_core.event_handler.log_command:Invoking command in '/home/rsanz/git/learning/ROS2/RustROS2/build/rosidl_generator_rs': CMAKE_PREFIX_PATH=${CMAKE_PREFIX_PATH}:/opt/ros/jazzy DEBUGINFOD_URLS=https://debuginfod.ubuntu.com /usr/bin/cmake --install /home/rsanz/git/learning/ROS2/RustROS2/build/rosidl_generator_rs
[0.710s] Level 1:colcon.colcon_core.environment:create_environment_scripts_only(rosidl_generator_rs)
[0.711s] DEBUG:colcon.colcon_core.event_handler.log_command:Invoked command in '/home/rsanz/git/learning/ROS2/RustROS2/build/rosidl_generator_rs' returned '0': CMAKE_PREFIX_PATH=${CMAKE_PREFIX_PATH}:/opt/ros/jazzy DEBUGINFOD_URLS=https://debuginfod.ubuntu.com /usr/bin/cmake --install /home/rsanz/git/learning/ROS2/RustROS2/build/rosidl_generator_rs
[0.712s] Level 1:colcon.colcon_core.environment:checking '/home/rsanz/git/learning/ROS2/RustROS2/install/rosidl_generator_rs' for CMake module files
[0.713s] Level 1:colcon.colcon_core.environment:checking '/home/rsanz/git/learning/ROS2/RustROS2/install/rosidl_generator_rs' for CMake config files
[0.713s] Level 1:colcon.colcon_core.shell:create_environment_hook('rosidl_generator_rs', 'cmake_prefix_path')
[0.713s] INFO:colcon.colcon_core.shell:Creating environment hook '/home/rsanz/git/learning/ROS2/RustROS2/install/rosidl_generator_rs/share/rosidl_generator_rs/hook/cmake_prefix_path.ps1'
[0.714s] INFO:colcon.colcon_core.shell:Creating environment descriptor '/home/rsanz/git/learning/ROS2/RustROS2/install/rosidl_generator_rs/share/rosidl_generator_rs/hook/cmake_prefix_path.dsv'
[0.714s] INFO:colcon.colcon_core.shell:Creating environment hook '/home/rsanz/git/learning/ROS2/RustROS2/install/rosidl_generator_rs/share/rosidl_generator_rs/hook/cmake_prefix_path.sh'
[0.715s] Level 1:colcon.colcon_core.environment:checking '/home/rsanz/git/learning/ROS2/RustROS2/install/rosidl_generator_rs/lib'
[0.715s] Level 1:colcon.colcon_core.environment:checking '/home/rsanz/git/learning/ROS2/RustROS2/install/rosidl_generator_rs/bin'
[0.715s] Level 1:colcon.colcon_core.environment:checking '/home/rsanz/git/learning/ROS2/RustROS2/install/rosidl_generator_rs/lib/pkgconfig/rosidl_generator_rs.pc'
[0.715s] Level 1:colcon.colcon_core.environment:checking '/home/rsanz/git/learning/ROS2/RustROS2/install/rosidl_generator_rs/lib/python3.12/site-packages'
[0.715s] Level 1:colcon.colcon_core.shell:create_environment_hook('rosidl_generator_rs', 'pythonpath')
[0.715s] INFO:colcon.colcon_core.shell:Creating environment hook '/home/rsanz/git/learning/ROS2/RustROS2/install/rosidl_generator_rs/share/rosidl_generator_rs/hook/pythonpath.ps1'
[0.716s] INFO:colcon.colcon_core.shell:Creating environment descriptor '/home/rsanz/git/learning/ROS2/RustROS2/install/rosidl_generator_rs/share/rosidl_generator_rs/hook/pythonpath.dsv'
[0.716s] INFO:colcon.colcon_core.shell:Creating environment hook '/home/rsanz/git/learning/ROS2/RustROS2/install/rosidl_generator_rs/share/rosidl_generator_rs/hook/pythonpath.sh'
[0.716s] Level 1:colcon.colcon_core.environment:checking '/home/rsanz/git/learning/ROS2/RustROS2/install/rosidl_generator_rs/bin'
[0.716s] INFO:colcon.colcon_core.shell:Creating package script '/home/rsanz/git/learning/ROS2/RustROS2/install/rosidl_generator_rs/share/rosidl_generator_rs/package.ps1'
[0.717s] INFO:colcon.colcon_core.shell:Creating package descriptor '/home/rsanz/git/learning/ROS2/RustROS2/install/rosidl_generator_rs/share/rosidl_generator_rs/package.dsv'
[0.717s] INFO:colcon.colcon_core.shell:Creating package script '/home/rsanz/git/learning/ROS2/RustROS2/install/rosidl_generator_rs/share/rosidl_generator_rs/package.sh'
[0.718s] INFO:colcon.colcon_core.shell:Creating package script '/home/rsanz/git/learning/ROS2/RustROS2/install/rosidl_generator_rs/share/rosidl_generator_rs/package.bash'
[0.718s] INFO:colcon.colcon_core.shell:Creating package script '/home/rsanz/git/learning/ROS2/RustROS2/install/rosidl_generator_rs/share/rosidl_generator_rs/package.zsh'
[0.719s] Level 1:colcon.colcon_core.environment:create_file_with_runtime_dependencies(/home/rsanz/git/learning/ROS2/RustROS2/install/rosidl_generator_rs/share/colcon-core/packages/rosidl_generator_rs)
[0.719s] Level 1:colcon.colcon_core.environment:create_environment_scripts_only(rosidl_generator_rs)
[0.719s] Level 1:colcon.colcon_core.environment:checking '/home/rsanz/git/learning/ROS2/RustROS2/install/rosidl_generator_rs' for CMake module files
[0.720s] Level 1:colcon.colcon_core.environment:checking '/home/rsanz/git/learning/ROS2/RustROS2/install/rosidl_generator_rs' for CMake config files
[0.720s] Level 1:colcon.colcon_core.shell:create_environment_hook('rosidl_generator_rs', 'cmake_prefix_path')
[0.720s] INFO:colcon.colcon_core.shell:Creating environment hook '/home/rsanz/git/learning/ROS2/RustROS2/install/rosidl_generator_rs/share/rosidl_generator_rs/hook/cmake_prefix_path.ps1'
[0.720s] INFO:colcon.colcon_core.shell:Creating environment descriptor '/home/rsanz/git/learning/ROS2/RustROS2/install/rosidl_generator_rs/share/rosidl_generator_rs/hook/cmake_prefix_path.dsv'
[0.721s] INFO:colcon.colcon_core.shell:Creating environment hook '/home/rsanz/git/learning/ROS2/RustROS2/install/rosidl_generator_rs/share/rosidl_generator_rs/hook/cmake_prefix_path.sh'
[0.721s] Level 1:colcon.colcon_core.environment:checking '/home/rsanz/git/learning/ROS2/RustROS2/install/rosidl_generator_rs/lib'
[0.721s] Level 1:colcon.colcon_core.environment:checking '/home/rsanz/git/learning/ROS2/RustROS2/install/rosidl_generator_rs/bin'
[0.721s] Level 1:colcon.colcon_core.environment:checking '/home/rsanz/git/learning/ROS2/RustROS2/install/rosidl_generator_rs/lib/pkgconfig/rosidl_generator_rs.pc'
[0.722s] Level 1:colcon.colcon_core.environment:checking '/home/rsanz/git/learning/ROS2/RustROS2/install/rosidl_generator_rs/lib/python3.12/site-packages'
[0.722s] Level 1:colcon.colcon_core.shell:create_environment_hook('rosidl_generator_rs', 'pythonpath')
[0.722s] INFO:colcon.colcon_core.shell:Creating environment hook '/home/rsanz/git/learning/ROS2/RustROS2/install/rosidl_generator_rs/share/rosidl_generator_rs/hook/pythonpath.ps1'
[0.722s] INFO:colcon.colcon_core.shell:Creating environment descriptor '/home/rsanz/git/learning/ROS2/RustROS2/install/rosidl_generator_rs/share/rosidl_generator_rs/hook/pythonpath.dsv'
[0.722s] INFO:colcon.colcon_core.shell:Creating environment hook '/home/rsanz/git/learning/ROS2/RustROS2/install/rosidl_generator_rs/share/rosidl_generator_rs/hook/pythonpath.sh'
[0.723s] Level 1:colcon.colcon_core.environment:checking '/home/rsanz/git/learning/ROS2/RustROS2/install/rosidl_generator_rs/bin'
[0.723s] INFO:colcon.colcon_core.shell:Creating package script '/home/rsanz/git/learning/ROS2/RustROS2/install/rosidl_generator_rs/share/rosidl_generator_rs/package.ps1'
[0.723s] INFO:colcon.colcon_core.shell:Creating package descriptor '/home/rsanz/git/learning/ROS2/RustROS2/install/rosidl_generator_rs/share/rosidl_generator_rs/package.dsv'
[0.724s] INFO:colcon.colcon_core.shell:Creating package script '/home/rsanz/git/learning/ROS2/RustROS2/install/rosidl_generator_rs/share/rosidl_generator_rs/package.sh'
[0.724s] INFO:colcon.colcon_core.shell:Creating package script '/home/rsanz/git/learning/ROS2/RustROS2/install/rosidl_generator_rs/share/rosidl_generator_rs/package.bash'
[0.724s] INFO:colcon.colcon_core.shell:Creating package script '/home/rsanz/git/learning/ROS2/RustROS2/install/rosidl_generator_rs/share/rosidl_generator_rs/package.zsh'
[0.725s] Level 1:colcon.colcon_core.environment:create_file_with_runtime_dependencies(/home/rsanz/git/learning/ROS2/RustROS2/install/rosidl_generator_rs/share/colcon-core/packages/rosidl_generator_rs)
[0.726s] INFO:colcon.colcon_ros.task.ament_cmake.build:Building ROS package in '/home/rsanz/git/learning/ROS2/RustROS2/src/rosidl_core/rosidl_core_generators' with build type 'ament_cmake'
[0.726s] INFO:colcon.colcon_cmake.task.cmake.build:Building CMake package in '/home/rsanz/git/learning/ROS2/RustROS2/src/rosidl_core/rosidl_core_generators'
[0.726s] INFO:colcon.colcon_core.shell:Skip shell extension 'powershell' for command environment: Not usable outside of PowerShell
[0.726s] DEBUG:colcon.colcon_core.shell:Skip shell extension 'dsv' for command environment
[0.729s] INFO:colcon.colcon_ros.task.ament_cmake.build:Building ROS package in '/home/rsanz/git/learning/ROS2/RustROS2/src/rosidl_core/rosidl_core_runtime' with build type 'ament_cmake'
[0.729s] INFO:colcon.colcon_cmake.task.cmake.build:Building CMake package in '/home/rsanz/git/learning/ROS2/RustROS2/src/rosidl_core/rosidl_core_runtime'
[0.729s] INFO:colcon.colcon_core.shell:Skip shell extension 'powershell' for command environment: Not usable outside of PowerShell
[0.729s] DEBUG:colcon.colcon_core.shell:Skip shell extension 'dsv' for command environment
[0.734s] DEBUG:colcon.colcon_core.event_handler.log_command:Invoking command in '/home/rsanz/git/learning/ROS2/RustROS2/build/rosidl_core_generators': AMENT_PREFIX_PATH=/home/rsanz/git/learning/ROS2/RustROS2/install/rosidl_generator_rs:${AMENT_PREFIX_PATH} CMAKE_PREFIX_PATH=/home/rsanz/git/learning/ROS2/RustROS2/install/rosidl_generator_rs:/opt/ros/jazzy/opt/gz_math_vendor:/opt/ros/jazzy/opt/gz_utils_vendor:/opt/ros/jazzy/opt/gz_cmake_vendor:/opt/ros/jazzy DEBUGINFOD_URLS=https://debuginfod.ubuntu.com PYTHONPATH=/home/rsanz/git/learning/ROS2/RustROS2/install/rosidl_generator_rs/lib/python3.12/site-packages:${PYTHONPATH} /usr/bin/cmake --build /home/rsanz/git/learning/ROS2/RustROS2/build/rosidl_core_generators -- -j24 -l24
[0.736s] DEBUG:colcon.colcon_core.event_handler.log_command:Invoking command in '/home/rsanz/git/learning/ROS2/RustROS2/build/rosidl_core_runtime': AMENT_PREFIX_PATH=/home/rsanz/git/learning/ROS2/RustROS2/install/rosidl_generator_rs:${AMENT_PREFIX_PATH} CMAKE_PREFIX_PATH=/home/rsanz/git/learning/ROS2/RustROS2/install/rosidl_generator_rs:/opt/ros/jazzy/opt/gz_math_vendor:/opt/ros/jazzy/opt/gz_utils_vendor:/opt/ros/jazzy/opt/gz_cmake_vendor:/opt/ros/jazzy DEBUGINFOD_URLS=https://debuginfod.ubuntu.com PYTHONPATH=/home/rsanz/git/learning/ROS2/RustROS2/install/rosidl_generator_rs/lib/python3.12/site-packages:${PYTHONPATH} /usr/bin/cmake --build /home/rsanz/git/learning/ROS2/RustROS2/build/rosidl_core_runtime -- -j24 -l24
[0.763s] DEBUG:colcon.colcon_core.event_handler.log_command:Invoked command in '/home/rsanz/git/learning/ROS2/RustROS2/build/rosidl_core_generators' returned '0': AMENT_PREFIX_PATH=/home/rsanz/git/learning/ROS2/RustROS2/install/rosidl_generator_rs:${AMENT_PREFIX_PATH} CMAKE_PREFIX_PATH=/home/rsanz/git/learning/ROS2/RustROS2/install/rosidl_generator_rs:/opt/ros/jazzy/opt/gz_math_vendor:/opt/ros/jazzy/opt/gz_utils_vendor:/opt/ros/jazzy/opt/gz_cmake_vendor:/opt/ros/jazzy DEBUGINFOD_URLS=https://debuginfod.ubuntu.com PYTHONPATH=/home/rsanz/git/learning/ROS2/RustROS2/install/rosidl_generator_rs/lib/python3.12/site-packages:${PYTHONPATH} /usr/bin/cmake --build /home/rsanz/git/learning/ROS2/RustROS2/build/rosidl_core_generators -- -j24 -l24
[0.764s] DEBUG:colcon.colcon_core.event_handler.log_command:Invoking command in '/home/rsanz/git/learning/ROS2/RustROS2/build/rosidl_core_generators': AMENT_PREFIX_PATH=/home/rsanz/git/learning/ROS2/RustROS2/install/rosidl_generator_rs:${AMENT_PREFIX_PATH} CMAKE_PREFIX_PATH=/home/rsanz/git/learning/ROS2/RustROS2/install/rosidl_generator_rs:/opt/ros/jazzy/opt/gz_math_vendor:/opt/ros/jazzy/opt/gz_utils_vendor:/opt/ros/jazzy/opt/gz_cmake_vendor:/opt/ros/jazzy DEBUGINFOD_URLS=https://debuginfod.ubuntu.com PYTHONPATH=/home/rsanz/git/learning/ROS2/RustROS2/install/rosidl_generator_rs/lib/python3.12/site-packages:${PYTHONPATH} /usr/bin/cmake --install /home/rsanz/git/learning/ROS2/RustROS2/build/rosidl_core_generators
[0.773s] Level 1:colcon.colcon_core.environment:create_environment_scripts_only(rosidl_core_generators)
[0.774s] Level 1:colcon.colcon_core.environment:checking '/home/rsanz/git/learning/ROS2/RustROS2/install/rosidl_core_generators' for CMake module files
[0.774s] DEBUG:colcon.colcon_core.event_handler.log_command:Invoked command in '/home/rsanz/git/learning/ROS2/RustROS2/build/rosidl_core_runtime' returned '0': AMENT_PREFIX_PATH=/home/rsanz/git/learning/ROS2/RustROS2/install/rosidl_generator_rs:${AMENT_PREFIX_PATH} CMAKE_PREFIX_PATH=/home/rsanz/git/learning/ROS2/RustROS2/install/rosidl_generator_rs:/opt/ros/jazzy/opt/gz_math_vendor:/opt/ros/jazzy/opt/gz_utils_vendor:/opt/ros/jazzy/opt/gz_cmake_vendor:/opt/ros/jazzy DEBUGINFOD_URLS=https://debuginfod.ubuntu.com PYTHONPATH=/home/rsanz/git/learning/ROS2/RustROS2/install/rosidl_generator_rs/lib/python3.12/site-packages:${PYTHONPATH} /usr/bin/cmake --build /home/rsanz/git/learning/ROS2/RustROS2/build/rosidl_core_runtime -- -j24 -l24
[0.775s] Level 1:colcon.colcon_core.environment:checking '/home/rsanz/git/learning/ROS2/RustROS2/install/rosidl_core_generators' for CMake config files
[0.776s] DEBUG:colcon.colcon_core.event_handler.log_command:Invoking command in '/home/rsanz/git/learning/ROS2/RustROS2/build/rosidl_core_runtime': AMENT_PREFIX_PATH=/home/rsanz/git/learning/ROS2/RustROS2/install/rosidl_generator_rs:${AMENT_PREFIX_PATH} CMAKE_PREFIX_PATH=/home/rsanz/git/learning/ROS2/RustROS2/install/rosidl_generator_rs:/opt/ros/jazzy/opt/gz_math_vendor:/opt/ros/jazzy/opt/gz_utils_vendor:/opt/ros/jazzy/opt/gz_cmake_vendor:/opt/ros/jazzy DEBUGINFOD_URLS=https://debuginfod.ubuntu.com PYTHONPATH=/home/rsanz/git/learning/ROS2/RustROS2/install/rosidl_generator_rs/lib/python3.12/site-packages:${PYTHONPATH} /usr/bin/cmake --install /home/rsanz/git/learning/ROS2/RustROS2/build/rosidl_core_runtime
[0.776s] DEBUG:colcon.colcon_core.event_handler.log_command:Invoked command in '/home/rsanz/git/learning/ROS2/RustROS2/build/rosidl_core_generators' returned '0': AMENT_PREFIX_PATH=/home/rsanz/git/learning/ROS2/RustROS2/install/rosidl_generator_rs:${AMENT_PREFIX_PATH} CMAKE_PREFIX_PATH=/home/rsanz/git/learning/ROS2/RustROS2/install/rosidl_generator_rs:/opt/ros/jazzy/opt/gz_math_vendor:/opt/ros/jazzy/opt/gz_utils_vendor:/opt/ros/jazzy/opt/gz_cmake_vendor:/opt/ros/jazzy DEBUGINFOD_URLS=https://debuginfod.ubuntu.com PYTHONPATH=/home/rsanz/git/learning/ROS2/RustROS2/install/rosidl_generator_rs/lib/python3.12/site-packages:${PYTHONPATH} /usr/bin/cmake --install /home/rsanz/git/learning/ROS2/RustROS2/build/rosidl_core_generators
[0.776s] Level 1:colcon.colcon_core.shell:create_environment_hook('rosidl_core_generators', 'cmake_prefix_path')
[0.776s] INFO:colcon.colcon_core.shell:Creating environment hook '/home/rsanz/git/learning/ROS2/RustROS2/install/rosidl_core_generators/share/rosidl_core_generators/hook/cmake_prefix_path.ps1'
[0.777s] INFO:colcon.colcon_core.shell:Creating environment descriptor '/home/rsanz/git/learning/ROS2/RustROS2/install/rosidl_core_generators/share/rosidl_core_generators/hook/cmake_prefix_path.dsv'
[0.777s] INFO:colcon.colcon_core.shell:Creating environment hook '/home/rsanz/git/learning/ROS2/RustROS2/install/rosidl_core_generators/share/rosidl_core_generators/hook/cmake_prefix_path.sh'
[0.778s] Level 1:colcon.colcon_core.environment:checking '/home/rsanz/git/learning/ROS2/RustROS2/install/rosidl_core_generators/bin'
[0.778s] Level 1:colcon.colcon_core.environment:checking '/home/rsanz/git/learning/ROS2/RustROS2/install/rosidl_core_generators/lib/pkgconfig/rosidl_core_generators.pc'
[0.778s] Level 1:colcon.colcon_core.environment:checking '/home/rsanz/git/learning/ROS2/RustROS2/install/rosidl_core_generators/lib/python3.12/site-packages'
[0.779s] Level 1:colcon.colcon_core.environment:checking '/home/rsanz/git/learning/ROS2/RustROS2/install/rosidl_core_generators/bin'
[0.779s] INFO:colcon.colcon_core.shell:Creating package script '/home/rsanz/git/learning/ROS2/RustROS2/install/rosidl_core_generators/share/rosidl_core_generators/package.ps1'
[0.780s] INFO:colcon.colcon_core.shell:Creating package descriptor '/home/rsanz/git/learning/ROS2/RustROS2/install/rosidl_core_generators/share/rosidl_core_generators/package.dsv'
[0.781s] INFO:colcon.colcon_core.shell:Creating package script '/home/rsanz/git/learning/ROS2/RustROS2/install/rosidl_core_generators/share/rosidl_core_generators/package.sh'
[0.782s] INFO:colcon.colcon_core.shell:Creating package script '/home/rsanz/git/learning/ROS2/RustROS2/install/rosidl_core_generators/share/rosidl_core_generators/package.bash'
[0.782s] INFO:colcon.colcon_core.shell:Creating package script '/home/rsanz/git/learning/ROS2/RustROS2/install/rosidl_core_generators/share/rosidl_core_generators/package.zsh'
[0.783s] Level 1:colcon.colcon_core.environment:create_file_with_runtime_dependencies(/home/rsanz/git/learning/ROS2/RustROS2/install/rosidl_core_generators/share/colcon-core/packages/rosidl_core_generators)
[0.783s] Level 1:colcon.colcon_core.environment:create_environment_scripts_only(rosidl_core_generators)
[0.783s] Level 1:colcon.colcon_core.environment:checking '/home/rsanz/git/learning/ROS2/RustROS2/install/rosidl_core_generators' for CMake module files
[0.784s] Level 1:colcon.colcon_core.environment:checking '/home/rsanz/git/learning/ROS2/RustROS2/install/rosidl_core_generators' for CMake config files
[0.784s] Level 1:colcon.colcon_core.shell:create_environment_hook('rosidl_core_generators', 'cmake_prefix_path')
[0.784s] INFO:colcon.colcon_core.shell:Creating environment hook '/home/rsanz/git/learning/ROS2/RustROS2/install/rosidl_core_generators/share/rosidl_core_generators/hook/cmake_prefix_path.ps1'
[0.784s] INFO:colcon.colcon_core.shell:Creating environment descriptor '/home/rsanz/git/learning/ROS2/RustROS2/install/rosidl_core_generators/share/rosidl_core_generators/hook/cmake_prefix_path.dsv'
[0.785s] INFO:colcon.colcon_core.shell:Creating environment hook '/home/rsanz/git/learning/ROS2/RustROS2/install/rosidl_core_generators/share/rosidl_core_generators/hook/cmake_prefix_path.sh'
[0.785s] Level 1:colcon.colcon_core.environment:checking '/home/rsanz/git/learning/ROS2/RustROS2/install/rosidl_core_generators/bin'
[0.785s] Level 1:colcon.colcon_core.environment:checking '/home/rsanz/git/learning/ROS2/RustROS2/install/rosidl_core_generators/lib/pkgconfig/rosidl_core_generators.pc'
[0.785s] Level 1:colcon.colcon_core.environment:checking '/home/rsanz/git/learning/ROS2/RustROS2/install/rosidl_core_generators/lib/python3.12/site-packages'
[0.786s] Level 1:colcon.colcon_core.environment:checking '/home/rsanz/git/learning/ROS2/RustROS2/install/rosidl_core_generators/bin'
[0.786s] INFO:colcon.colcon_core.shell:Creating package script '/home/rsanz/git/learning/ROS2/RustROS2/install/rosidl_core_generators/share/rosidl_core_generators/package.ps1'
[0.786s] INFO:colcon.colcon_core.shell:Creating package descriptor '/home/rsanz/git/learning/ROS2/RustROS2/install/rosidl_core_generators/share/rosidl_core_generators/package.dsv'
[0.787s] INFO:colcon.colcon_core.shell:Creating package script '/home/rsanz/git/learning/ROS2/RustROS2/install/rosidl_core_generators/share/rosidl_core_generators/package.sh'
[0.787s] INFO:colcon.colcon_core.shell:Creating package script '/home/rsanz/git/learning/ROS2/RustROS2/install/rosidl_core_generators/share/rosidl_core_generators/package.bash'
[0.787s] INFO:colcon.colcon_core.shell:Creating package script '/home/rsanz/git/learning/ROS2/RustROS2/install/rosidl_core_generators/share/rosidl_core_generators/package.zsh'
[0.788s] Level 1:colcon.colcon_core.environment:create_file_with_runtime_dependencies(/home/rsanz/git/learning/ROS2/RustROS2/install/rosidl_core_generators/share/colcon-core/packages/rosidl_core_generators)
[0.788s] Level 1:colcon.colcon_core.environment:create_environment_scripts_only(rosidl_core_runtime)
[0.789s] Level 1:colcon.colcon_core.environment:checking '/home/rsanz/git/learning/ROS2/RustROS2/install/rosidl_core_runtime' for CMake module files
[0.789s] DEBUG:colcon.colcon_core.event_handler.log_command:Invoked command in '/home/rsanz/git/learning/ROS2/RustROS2/build/rosidl_core_runtime' returned '0': AMENT_PREFIX_PATH=/home/rsanz/git/learning/ROS2/RustROS2/install/rosidl_generator_rs:${AMENT_PREFIX_PATH} CMAKE_PREFIX_PATH=/home/rsanz/git/learning/ROS2/RustROS2/install/rosidl_generator_rs:/opt/ros/jazzy/opt/gz_math_vendor:/opt/ros/jazzy/opt/gz_utils_vendor:/opt/ros/jazzy/opt/gz_cmake_vendor:/opt/ros/jazzy DEBUGINFOD_URLS=https://debuginfod.ubuntu.com PYTHONPATH=/home/rsanz/git/learning/ROS2/RustROS2/install/rosidl_generator_rs/lib/python3.12/site-packages:${PYTHONPATH} /usr/bin/cmake --install /home/rsanz/git/learning/ROS2/RustROS2/build/rosidl_core_runtime
[0.789s] Level 1:colcon.colcon_core.environment:checking '/home/rsanz/git/learning/ROS2/RustROS2/install/rosidl_core_runtime' for CMake config files
[0.790s] Level 1:colcon.colcon_core.shell:create_environment_hook('rosidl_core_runtime', 'cmake_prefix_path')
[0.790s] INFO:colcon.colcon_core.shell:Creating environment hook '/home/rsanz/git/learning/ROS2/RustROS2/install/rosidl_core_runtime/share/rosidl_core_runtime/hook/cmake_prefix_path.ps1'
[0.790s] INFO:colcon.colcon_core.shell:Creating environment descriptor '/home/rsanz/git/learning/ROS2/RustROS2/install/rosidl_core_runtime/share/rosidl_core_runtime/hook/cmake_prefix_path.dsv'
[0.791s] INFO:colcon.colcon_core.shell:Creating environment hook '/home/rsanz/git/learning/ROS2/RustROS2/install/rosidl_core_runtime/share/rosidl_core_runtime/hook/cmake_prefix_path.sh'
[0.791s] Level 1:colcon.colcon_core.environment:checking '/home/rsanz/git/learning/ROS2/RustROS2/install/rosidl_core_runtime/bin'
[0.791s] Level 1:colcon.colcon_core.environment:checking '/home/rsanz/git/learning/ROS2/RustROS2/install/rosidl_core_runtime/lib/pkgconfig/rosidl_core_runtime.pc'
[0.791s] Level 1:colcon.colcon_core.environment:checking '/home/rsanz/git/learning/ROS2/RustROS2/install/rosidl_core_runtime/lib/python3.12/site-packages'
[0.792s] Level 1:colcon.colcon_core.environment:checking '/home/rsanz/git/learning/ROS2/RustROS2/install/rosidl_core_runtime/bin'
[0.792s] INFO:colcon.colcon_core.shell:Creating package script '/home/rsanz/git/learning/ROS2/RustROS2/install/rosidl_core_runtime/share/rosidl_core_runtime/package.ps1'
[0.792s] INFO:colcon.colcon_core.shell:Creating package descriptor '/home/rsanz/git/learning/ROS2/RustROS2/install/rosidl_core_runtime/share/rosidl_core_runtime/package.dsv'
[0.792s] INFO:colcon.colcon_core.shell:Creating package script '/home/rsanz/git/learning/ROS2/RustROS2/install/rosidl_core_runtime/share/rosidl_core_runtime/package.sh'
[0.793s] INFO:colcon.colcon_core.shell:Creating package script '/home/rsanz/git/learning/ROS2/RustROS2/install/rosidl_core_runtime/share/rosidl_core_runtime/package.bash'
[0.793s] INFO:colcon.colcon_core.shell:Creating package script '/home/rsanz/git/learning/ROS2/RustROS2/install/rosidl_core_runtime/share/rosidl_core_runtime/package.zsh'
[0.793s] Level 1:colcon.colcon_core.environment:create_file_with_runtime_dependencies(/home/rsanz/git/learning/ROS2/RustROS2/install/rosidl_core_runtime/share/colcon-core/packages/rosidl_core_runtime)
[0.794s] Level 1:colcon.colcon_core.environment:create_environment_scripts_only(rosidl_core_runtime)
[0.794s] Level 1:colcon.colcon_core.environment:checking '/home/rsanz/git/learning/ROS2/RustROS2/install/rosidl_core_runtime' for CMake module files
[0.794s] Level 1:colcon.colcon_core.environment:checking '/home/rsanz/git/learning/ROS2/RustROS2/install/rosidl_core_runtime' for CMake config files
[0.794s] Level 1:colcon.colcon_core.shell:create_environment_hook('rosidl_core_runtime', 'cmake_prefix_path')
[0.794s] INFO:colcon.colcon_core.shell:Creating environment hook '/home/rsanz/git/learning/ROS2/RustROS2/install/rosidl_core_runtime/share/rosidl_core_runtime/hook/cmake_prefix_path.ps1'
[0.795s] INFO:colcon.colcon_core.shell:Creating environment descriptor '/home/rsanz/git/learning/ROS2/RustROS2/install/rosidl_core_runtime/share/rosidl_core_runtime/hook/cmake_prefix_path.dsv'
[0.795s] INFO:colcon.colcon_core.shell:Creating environment hook '/home/rsanz/git/learning/ROS2/RustROS2/install/rosidl_core_runtime/share/rosidl_core_runtime/hook/cmake_prefix_path.sh'
[0.795s] Level 1:colcon.colcon_core.environment:checking '/home/rsanz/git/learning/ROS2/RustROS2/install/rosidl_core_runtime/bin'
[0.795s] Level 1:colcon.colcon_core.environment:checking '/home/rsanz/git/learning/ROS2/RustROS2/install/rosidl_core_runtime/lib/pkgconfig/rosidl_core_runtime.pc'
[0.795s] Level 1:colcon.colcon_core.environment:checking '/home/rsanz/git/learning/ROS2/RustROS2/install/rosidl_core_runtime/lib/python3.12/site-packages'
[0.796s] Level 1:colcon.colcon_core.environment:checking '/home/rsanz/git/learning/ROS2/RustROS2/install/rosidl_core_runtime/bin'
[0.796s] INFO:colcon.colcon_core.shell:Creating package script '/home/rsanz/git/learning/ROS2/RustROS2/install/rosidl_core_runtime/share/rosidl_core_runtime/package.ps1'
[0.796s] INFO:colcon.colcon_core.shell:Creating package descriptor '/home/rsanz/git/learning/ROS2/RustROS2/install/rosidl_core_runtime/share/rosidl_core_runtime/package.dsv'
[0.796s] INFO:colcon.colcon_core.shell:Creating package script '/home/rsanz/git/learning/ROS2/RustROS2/install/rosidl_core_runtime/share/rosidl_core_runtime/package.sh'
[0.797s] INFO:colcon.colcon_core.shell:Creating package script '/home/rsanz/git/learning/ROS2/RustROS2/install/rosidl_core_runtime/share/rosidl_core_runtime/package.bash'
[0.797s] INFO:colcon.colcon_core.shell:Creating package script '/home/rsanz/git/learning/ROS2/RustROS2/install/rosidl_core_runtime/share/rosidl_core_runtime/package.zsh'
[0.797s] Level 1:colcon.colcon_core.environment:create_file_with_runtime_dependencies(/home/rsanz/git/learning/ROS2/RustROS2/install/rosidl_core_runtime/share/colcon-core/packages/rosidl_core_runtime)
[0.797s] INFO:colcon.colcon_ros.task.ament_cmake.build:Building ROS package in '/home/rsanz/git/learning/ROS2/RustROS2/src/rcl_interfaces/builtin_interfaces' with build type 'ament_cmake'
[0.798s] INFO:colcon.colcon_cmake.task.cmake.build:Building CMake package in '/home/rsanz/git/learning/ROS2/RustROS2/src/rcl_interfaces/builtin_interfaces'
[0.798s] INFO:colcon.colcon_core.shell:Skip shell extension 'powershell' for command environment: Not usable outside of PowerShell
[0.798s] DEBUG:colcon.colcon_core.shell:Skip shell extension 'dsv' for command environment
[0.800s] INFO:colcon.colcon_ros.task.ament_cmake.build:Building ROS package in '/home/rsanz/git/learning/ROS2/RustROS2/src/unique_identifier_msgs' with build type 'ament_cmake'
[0.800s] INFO:colcon.colcon_cmake.task.cmake.build:Building CMake package in '/home/rsanz/git/learning/ROS2/RustROS2/src/unique_identifier_msgs'
[0.800s] INFO:colcon.colcon_core.shell:Skip shell extension 'powershell' for command environment: Not usable outside of PowerShell
[0.800s] DEBUG:colcon.colcon_core.shell:Skip shell extension 'dsv' for command environment
[0.806s] DEBUG:colcon.colcon_core.event_handler.log_command:Invoking command in '/home/rsanz/git/learning/ROS2/RustROS2/build/builtin_interfaces': AMENT_PREFIX_PATH=/home/rsanz/git/learning/ROS2/RustROS2/install/rosidl_core_runtime:/home/rsanz/git/learning/ROS2/RustROS2/install/rosidl_core_generators:/home/rsanz/git/learning/ROS2/RustROS2/install/rosidl_generator_rs:${AMENT_PREFIX_PATH} CMAKE_PREFIX_PATH=/home/rsanz/git/learning/ROS2/RustROS2/install/rosidl_core_runtime:/home/rsanz/git/learning/ROS2/RustROS2/install/rosidl_core_generators:/home/rsanz/git/learning/ROS2/RustROS2/install/rosidl_generator_rs:/opt/ros/jazzy/opt/gz_math_vendor:/opt/ros/jazzy/opt/gz_utils_vendor:/opt/ros/jazzy/opt/gz_cmake_vendor:/opt/ros/jazzy DEBUGINFOD_URLS=https://debuginfod.ubuntu.com PYTHONPATH=/home/rsanz/git/learning/ROS2/RustROS2/install/rosidl_generator_rs/lib/python3.12/site-packages:${PYTHONPATH} /usr/bin/cmake --build /home/rsanz/git/learning/ROS2/RustROS2/build/builtin_interfaces -- -j24 -l24
[0.808s] DEBUG:colcon.colcon_core.event_handler.log_command:Invoking command in '/home/rsanz/git/learning/ROS2/RustROS2/build/unique_identifier_msgs': AMENT_PREFIX_PATH=/home/rsanz/git/learning/ROS2/RustROS2/install/rosidl_core_runtime:/home/rsanz/git/learning/ROS2/RustROS2/install/rosidl_core_generators:/home/rsanz/git/learning/ROS2/RustROS2/install/rosidl_generator_rs:${AMENT_PREFIX_PATH} CMAKE_PREFIX_PATH=/home/rsanz/git/learning/ROS2/RustROS2/install/rosidl_core_runtime:/home/rsanz/git/learning/ROS2/RustROS2/install/rosidl_core_generators:/home/rsanz/git/learning/ROS2/RustROS2/install/rosidl_generator_rs:/opt/ros/jazzy/opt/gz_math_vendor:/opt/ros/jazzy/opt/gz_utils_vendor:/opt/ros/jazzy/opt/gz_cmake_vendor:/opt/ros/jazzy DEBUGINFOD_URLS=https://debuginfod.ubuntu.com PYTHONPATH=/home/rsanz/git/learning/ROS2/RustROS2/install/rosidl_generator_rs/lib/python3.12/site-packages:${PYTHONPATH} /usr/bin/cmake --build /home/rsanz/git/learning/ROS2/RustROS2/build/unique_identifier_msgs -- -j24 -l24
[1.188s] DEBUG:colcon.colcon_core.event_handler.log_command:Invoked command in '/home/rsanz/git/learning/ROS2/RustROS2/build/builtin_interfaces' returned '0': AMENT_PREFIX_PATH=/home/rsanz/git/learning/ROS2/RustROS2/install/rosidl_core_runtime:/home/rsanz/git/learning/ROS2/RustROS2/install/rosidl_core_generators:/home/rsanz/git/learning/ROS2/RustROS2/install/rosidl_generator_rs:${AMENT_PREFIX_PATH} CMAKE_PREFIX_PATH=/home/rsanz/git/learning/ROS2/RustROS2/install/rosidl_core_runtime:/home/rsanz/git/learning/ROS2/RustROS2/install/rosidl_core_generators:/home/rsanz/git/learning/ROS2/RustROS2/install/rosidl_generator_rs:/opt/ros/jazzy/opt/gz_math_vendor:/opt/ros/jazzy/opt/gz_utils_vendor:/opt/ros/jazzy/opt/gz_cmake_vendor:/opt/ros/jazzy DEBUGINFOD_URLS=https://debuginfod.ubuntu.com PYTHONPATH=/home/rsanz/git/learning/ROS2/RustROS2/install/rosidl_generator_rs/lib/python3.12/site-packages:${PYTHONPATH} /usr/bin/cmake --build /home/rsanz/git/learning/ROS2/RustROS2/build/builtin_interfaces -- -j24 -l24
[1.189s] DEBUG:colcon.colcon_core.event_handler.log_command:Invoking command in '/home/rsanz/git/learning/ROS2/RustROS2/build/builtin_interfaces': AMENT_PREFIX_PATH=/home/rsanz/git/learning/ROS2/RustROS2/install/rosidl_core_runtime:/home/rsanz/git/learning/ROS2/RustROS2/install/rosidl_core_generators:/home/rsanz/git/learning/ROS2/RustROS2/install/rosidl_generator_rs:${AMENT_PREFIX_PATH} CMAKE_PREFIX_PATH=/home/rsanz/git/learning/ROS2/RustROS2/install/rosidl_core_runtime:/home/rsanz/git/learning/ROS2/RustROS2/install/rosidl_core_generators:/home/rsanz/git/learning/ROS2/RustROS2/install/rosidl_generator_rs:/opt/ros/jazzy/opt/gz_math_vendor:/opt/ros/jazzy/opt/gz_utils_vendor:/opt/ros/jazzy/opt/gz_cmake_vendor:/opt/ros/jazzy DEBUGINFOD_URLS=https://debuginfod.ubuntu.com PYTHONPATH=/home/rsanz/git/learning/ROS2/RustROS2/install/rosidl_generator_rs/lib/python3.12/site-packages:${PYTHONPATH} /usr/bin/cmake --install /home/rsanz/git/learning/ROS2/RustROS2/build/builtin_interfaces
[1.201s] DEBUG:colcon.colcon_core.event_handler.log_command:Invoked command in '/home/rsanz/git/learning/ROS2/RustROS2/build/unique_identifier_msgs' returned '0': AMENT_PREFIX_PATH=/home/rsanz/git/learning/ROS2/RustROS2/install/rosidl_core_runtime:/home/rsanz/git/learning/ROS2/RustROS2/install/rosidl_core_generators:/home/rsanz/git/learning/ROS2/RustROS2/install/rosidl_generator_rs:${AMENT_PREFIX_PATH} CMAKE_PREFIX_PATH=/home/rsanz/git/learning/ROS2/RustROS2/install/rosidl_core_runtime:/home/rsanz/git/learning/ROS2/RustROS2/install/rosidl_core_generators:/home/rsanz/git/learning/ROS2/RustROS2/install/rosidl_generator_rs:/opt/ros/jazzy/opt/gz_math_vendor:/opt/ros/jazzy/opt/gz_utils_vendor:/opt/ros/jazzy/opt/gz_cmake_vendor:/opt/ros/jazzy DEBUGINFOD_URLS=https://debuginfod.ubuntu.com PYTHONPATH=/home/rsanz/git/learning/ROS2/RustROS2/install/rosidl_generator_rs/lib/python3.12/site-packages:${PYTHONPATH} /usr/bin/cmake --build /home/rsanz/git/learning/ROS2/RustROS2/build/unique_identifier_msgs -- -j24 -l24
[1.203s] DEBUG:colcon.colcon_core.event_handler.log_command:Invoking command in '/home/rsanz/git/learning/ROS2/RustROS2/build/unique_identifier_msgs': AMENT_PREFIX_PATH=/home/rsanz/git/learning/ROS2/RustROS2/install/rosidl_core_runtime:/home/rsanz/git/learning/ROS2/RustROS2/install/rosidl_core_generators:/home/rsanz/git/learning/ROS2/RustROS2/install/rosidl_generator_rs:${AMENT_PREFIX_PATH} CMAKE_PREFIX_PATH=/home/rsanz/git/learning/ROS2/RustROS2/install/rosidl_core_runtime:/home/rsanz/git/learning/ROS2/RustROS2/install/rosidl_core_generators:/home/rsanz/git/learning/ROS2/RustROS2/install/rosidl_generator_rs:/opt/ros/jazzy/opt/gz_math_vendor:/opt/ros/jazzy/opt/gz_utils_vendor:/opt/ros/jazzy/opt/gz_cmake_vendor:/opt/ros/jazzy DEBUGINFOD_URLS=https://debuginfod.ubuntu.com PYTHONPATH=/home/rsanz/git/learning/ROS2/RustROS2/install/rosidl_generator_rs/lib/python3.12/site-packages:${PYTHONPATH} /usr/bin/cmake --install /home/rsanz/git/learning/ROS2/RustROS2/build/unique_identifier_msgs
[1.247s] Level 1:colcon.colcon_core.environment:create_environment_scripts_only(builtin_interfaces)
[1.248s] Level 1:colcon.colcon_core.environment:checking '/home/rsanz/git/learning/ROS2/RustROS2/install/builtin_interfaces' for CMake module files
[1.249s] Level 1:colcon.colcon_core.environment:checking '/home/rsanz/git/learning/ROS2/RustROS2/install/builtin_interfaces' for CMake config files
[1.252s] Level 1:colcon.colcon_core.shell:create_environment_hook('builtin_interfaces', 'cmake_prefix_path')
[1.252s] INFO:colcon.colcon_core.shell:Creating environment hook '/home/rsanz/git/learning/ROS2/RustROS2/install/builtin_interfaces/share/builtin_interfaces/hook/cmake_prefix_path.ps1'
[1.253s] DEBUG:colcon.colcon_core.event_handler.log_command:Invoked command in '/home/rsanz/git/learning/ROS2/RustROS2/build/builtin_interfaces' returned '0': AMENT_PREFIX_PATH=/home/rsanz/git/learning/ROS2/RustROS2/install/rosidl_core_runtime:/home/rsanz/git/learning/ROS2/RustROS2/install/rosidl_core_generators:/home/rsanz/git/learning/ROS2/RustROS2/install/rosidl_generator_rs:${AMENT_PREFIX_PATH} CMAKE_PREFIX_PATH=/home/rsanz/git/learning/ROS2/RustROS2/install/rosidl_core_runtime:/home/rsanz/git/learning/ROS2/RustROS2/install/rosidl_core_generators:/home/rsanz/git/learning/ROS2/RustROS2/install/rosidl_generator_rs:/opt/ros/jazzy/opt/gz_math_vendor:/opt/ros/jazzy/opt/gz_utils_vendor:/opt/ros/jazzy/opt/gz_cmake_vendor:/opt/ros/jazzy DEBUGINFOD_URLS=https://debuginfod.ubuntu.com PYTHONPATH=/home/rsanz/git/learning/ROS2/RustROS2/install/rosidl_generator_rs/lib/python3.12/site-packages:${PYTHONPATH} /usr/bin/cmake --install /home/rsanz/git/learning/ROS2/RustROS2/build/builtin_interfaces
[1.253s] INFO:colcon.colcon_core.shell:Creating environment descriptor '/home/rsanz/git/learning/ROS2/RustROS2/install/builtin_interfaces/share/builtin_interfaces/hook/cmake_prefix_path.dsv'
[1.253s] INFO:colcon.colcon_core.shell:Creating environment hook '/home/rsanz/git/learning/ROS2/RustROS2/install/builtin_interfaces/share/builtin_interfaces/hook/cmake_prefix_path.sh'
[1.254s] Level 1:colcon.colcon_core.environment:checking '/home/rsanz/git/learning/ROS2/RustROS2/install/builtin_interfaces/lib'
[1.254s] Level 1:colcon.colcon_core.shell:create_environment_hook('builtin_interfaces', 'ld_library_path_lib')
[1.254s] INFO:colcon.colcon_core.shell:Creating environment hook '/home/rsanz/git/learning/ROS2/RustROS2/install/builtin_interfaces/share/builtin_interfaces/hook/ld_library_path_lib.ps1'
[1.254s] INFO:colcon.colcon_core.shell:Creating environment descriptor '/home/rsanz/git/learning/ROS2/RustROS2/install/builtin_interfaces/share/builtin_interfaces/hook/ld_library_path_lib.dsv'
[1.254s] INFO:colcon.colcon_core.shell:Creating environment hook '/home/rsanz/git/learning/ROS2/RustROS2/install/builtin_interfaces/share/builtin_interfaces/hook/ld_library_path_lib.sh'
[1.255s] Level 1:colcon.colcon_core.environment:checking '/home/rsanz/git/learning/ROS2/RustROS2/install/builtin_interfaces/bin'
[1.255s] Level 1:colcon.colcon_core.environment:checking '/home/rsanz/git/learning/ROS2/RustROS2/install/builtin_interfaces/lib/pkgconfig/builtin_interfaces.pc'
[1.255s] Level 1:colcon.colcon_core.environment:checking '/home/rsanz/git/learning/ROS2/RustROS2/install/builtin_interfaces/lib/python3.12/site-packages'
[1.255s] Level 1:colcon.colcon_core.shell:create_environment_hook('builtin_interfaces', 'pythonpath')
[1.255s] INFO:colcon.colcon_core.shell:Creating environment hook '/home/rsanz/git/learning/ROS2/RustROS2/install/builtin_interfaces/share/builtin_interfaces/hook/pythonpath.ps1'
[1.255s] INFO:colcon.colcon_core.shell:Creating environment descriptor '/home/rsanz/git/learning/ROS2/RustROS2/install/builtin_interfaces/share/builtin_interfaces/hook/pythonpath.dsv'
[1.256s] INFO:colcon.colcon_core.shell:Creating environment hook '/home/rsanz/git/learning/ROS2/RustROS2/install/builtin_interfaces/share/builtin_interfaces/hook/pythonpath.sh'
[1.256s] Level 1:colcon.colcon_core.environment:checking '/home/rsanz/git/learning/ROS2/RustROS2/install/builtin_interfaces/bin'
[1.256s] INFO:colcon.colcon_core.shell:Creating package script '/home/rsanz/git/learning/ROS2/RustROS2/install/builtin_interfaces/share/builtin_interfaces/package.ps1'
[1.257s] INFO:colcon.colcon_core.shell:Creating package descriptor '/home/rsanz/git/learning/ROS2/RustROS2/install/builtin_interfaces/share/builtin_interfaces/package.dsv'
[1.257s] INFO:colcon.colcon_core.shell:Creating package script '/home/rsanz/git/learning/ROS2/RustROS2/install/builtin_interfaces/share/builtin_interfaces/package.sh'
[1.257s] INFO:colcon.colcon_core.shell:Creating package script '/home/rsanz/git/learning/ROS2/RustROS2/install/builtin_interfaces/share/builtin_interfaces/package.bash'
[1.258s] INFO:colcon.colcon_core.shell:Creating package script '/home/rsanz/git/learning/ROS2/RustROS2/install/builtin_interfaces/share/builtin_interfaces/package.zsh'
[1.258s] Level 1:colcon.colcon_core.environment:create_file_with_runtime_dependencies(/home/rsanz/git/learning/ROS2/RustROS2/install/builtin_interfaces/share/colcon-core/packages/builtin_interfaces)
[1.259s] Level 1:colcon.colcon_core.environment:create_environment_scripts_only(builtin_interfaces)
[1.259s] Level 1:colcon.colcon_core.environment:checking '/home/rsanz/git/learning/ROS2/RustROS2/install/builtin_interfaces' for CMake module files
[1.260s] Level 1:colcon.colcon_core.environment:checking '/home/rsanz/git/learning/ROS2/RustROS2/install/builtin_interfaces' for CMake config files
[1.260s] Level 1:colcon.colcon_core.shell:create_environment_hook('builtin_interfaces', 'cmake_prefix_path')
[1.260s] INFO:colcon.colcon_core.shell:Creating environment hook '/home/rsanz/git/learning/ROS2/RustROS2/install/builtin_interfaces/share/builtin_interfaces/hook/cmake_prefix_path.ps1'
[1.261s] INFO:colcon.colcon_core.shell:Creating environment descriptor '/home/rsanz/git/learning/ROS2/RustROS2/install/builtin_interfaces/share/builtin_interfaces/hook/cmake_prefix_path.dsv'
[1.261s] INFO:colcon.colcon_core.shell:Creating environment hook '/home/rsanz/git/learning/ROS2/RustROS2/install/builtin_interfaces/share/builtin_interfaces/hook/cmake_prefix_path.sh'
[1.262s] Level 1:colcon.colcon_core.environment:checking '/home/rsanz/git/learning/ROS2/RustROS2/install/builtin_interfaces/lib'
[1.262s] Level 1:colcon.colcon_core.shell:create_environment_hook('builtin_interfaces', 'ld_library_path_lib')
[1.262s] INFO:colcon.colcon_core.shell:Creating environment hook '/home/rsanz/git/learning/ROS2/RustROS2/install/builtin_interfaces/share/builtin_interfaces/hook/ld_library_path_lib.ps1'
[1.262s] INFO:colcon.colcon_core.shell:Creating environment descriptor '/home/rsanz/git/learning/ROS2/RustROS2/install/builtin_interfaces/share/builtin_interfaces/hook/ld_library_path_lib.dsv'
[1.262s] INFO:colcon.colcon_core.shell:Creating environment hook '/home/rsanz/git/learning/ROS2/RustROS2/install/builtin_interfaces/share/builtin_interfaces/hook/ld_library_path_lib.sh'
[1.263s] Level 1:colcon.colcon_core.environment:checking '/home/rsanz/git/learning/ROS2/RustROS2/install/builtin_interfaces/bin'
[1.263s] Level 1:colcon.colcon_core.environment:checking '/home/rsanz/git/learning/ROS2/RustROS2/install/builtin_interfaces/lib/pkgconfig/builtin_interfaces.pc'
[1.263s] Level 1:colcon.colcon_core.environment:checking '/home/rsanz/git/learning/ROS2/RustROS2/install/builtin_interfaces/lib/python3.12/site-packages'
[1.263s] Level 1:colcon.colcon_core.shell:create_environment_hook('builtin_interfaces', 'pythonpath')
[1.263s] INFO:colcon.colcon_core.shell:Creating environment hook '/home/rsanz/git/learning/ROS2/RustROS2/install/builtin_interfaces/share/builtin_interfaces/hook/pythonpath.ps1'
[1.263s] INFO:colcon.colcon_core.shell:Creating environment descriptor '/home/rsanz/git/learning/ROS2/RustROS2/install/builtin_interfaces/share/builtin_interfaces/hook/pythonpath.dsv'
[1.264s] INFO:colcon.colcon_core.shell:Creating environment hook '/home/rsanz/git/learning/ROS2/RustROS2/install/builtin_interfaces/share/builtin_interfaces/hook/pythonpath.sh'
[1.264s] Level 1:colcon.colcon_core.environment:checking '/home/rsanz/git/learning/ROS2/RustROS2/install/builtin_interfaces/bin'
[1.264s] INFO:colcon.colcon_core.shell:Creating package script '/home/rsanz/git/learning/ROS2/RustROS2/install/builtin_interfaces/share/builtin_interfaces/package.ps1'
[1.265s] INFO:colcon.colcon_core.shell:Creating package descriptor '/home/rsanz/git/learning/ROS2/RustROS2/install/builtin_interfaces/share/builtin_interfaces/package.dsv'
[1.265s] INFO:colcon.colcon_core.shell:Creating package script '/home/rsanz/git/learning/ROS2/RustROS2/install/builtin_interfaces/share/builtin_interfaces/package.sh'
[1.265s] INFO:colcon.colcon_core.shell:Creating package script '/home/rsanz/git/learning/ROS2/RustROS2/install/builtin_interfaces/share/builtin_interfaces/package.bash'
[1.266s] INFO:colcon.colcon_core.shell:Creating package script '/home/rsanz/git/learning/ROS2/RustROS2/install/builtin_interfaces/share/builtin_interfaces/package.zsh'
[1.266s] Level 1:colcon.colcon_core.environment:create_file_with_runtime_dependencies(/home/rsanz/git/learning/ROS2/RustROS2/install/builtin_interfaces/share/colcon-core/packages/builtin_interfaces)
[1.266s] INFO:colcon.colcon_ros.task.ament_cmake.build:Building ROS package in '/home/rsanz/git/learning/ROS2/RustROS2/src/rcl_interfaces/service_msgs' with build type 'ament_cmake'
[1.267s] INFO:colcon.colcon_cmake.task.cmake.build:Building CMake package in '/home/rsanz/git/learning/ROS2/RustROS2/src/rcl_interfaces/service_msgs'
[1.267s] INFO:colcon.colcon_core.shell:Skip shell extension 'powershell' for command environment: Not usable outside of PowerShell
[1.267s] DEBUG:colcon.colcon_core.shell:Skip shell extension 'dsv' for command environment
[1.269s] Level 1:colcon.colcon_core.environment:create_environment_scripts_only(unique_identifier_msgs)
[1.270s] Level 1:colcon.colcon_core.environment:checking '/home/rsanz/git/learning/ROS2/RustROS2/install/unique_identifier_msgs' for CMake module files
[1.270s] DEBUG:colcon.colcon_core.event_handler.log_command:Invoked command in '/home/rsanz/git/learning/ROS2/RustROS2/build/unique_identifier_msgs' returned '0': AMENT_PREFIX_PATH=/home/rsanz/git/learning/ROS2/RustROS2/install/rosidl_core_runtime:/home/rsanz/git/learning/ROS2/RustROS2/install/rosidl_core_generators:/home/rsanz/git/learning/ROS2/RustROS2/install/rosidl_generator_rs:${AMENT_PREFIX_PATH} CMAKE_PREFIX_PATH=/home/rsanz/git/learning/ROS2/RustROS2/install/rosidl_core_runtime:/home/rsanz/git/learning/ROS2/RustROS2/install/rosidl_core_generators:/home/rsanz/git/learning/ROS2/RustROS2/install/rosidl_generator_rs:/opt/ros/jazzy/opt/gz_math_vendor:/opt/ros/jazzy/opt/gz_utils_vendor:/opt/ros/jazzy/opt/gz_cmake_vendor:/opt/ros/jazzy DEBUGINFOD_URLS=https://debuginfod.ubuntu.com PYTHONPATH=/home/rsanz/git/learning/ROS2/RustROS2/install/rosidl_generator_rs/lib/python3.12/site-packages:${PYTHONPATH} /usr/bin/cmake --install /home/rsanz/git/learning/ROS2/RustROS2/build/unique_identifier_msgs
[1.271s] Level 1:colcon.colcon_core.environment:checking '/home/rsanz/git/learning/ROS2/RustROS2/install/unique_identifier_msgs' for CMake config files
[1.271s] Level 1:colcon.colcon_core.shell:create_environment_hook('unique_identifier_msgs', 'cmake_prefix_path')
[1.271s] INFO:colcon.colcon_core.shell:Creating environment hook '/home/rsanz/git/learning/ROS2/RustROS2/install/unique_identifier_msgs/share/unique_identifier_msgs/hook/cmake_prefix_path.ps1'
[1.271s] INFO:colcon.colcon_core.shell:Creating environment descriptor '/home/rsanz/git/learning/ROS2/RustROS2/install/unique_identifier_msgs/share/unique_identifier_msgs/hook/cmake_prefix_path.dsv'
[1.272s] INFO:colcon.colcon_core.shell:Creating environment hook '/home/rsanz/git/learning/ROS2/RustROS2/install/unique_identifier_msgs/share/unique_identifier_msgs/hook/cmake_prefix_path.sh'
[1.272s] Level 1:colcon.colcon_core.environment:checking '/home/rsanz/git/learning/ROS2/RustROS2/install/unique_identifier_msgs/lib'
[1.272s] Level 1:colcon.colcon_core.shell:create_environment_hook('unique_identifier_msgs', 'ld_library_path_lib')
[1.272s] INFO:colcon.colcon_core.shell:Creating environment hook '/home/rsanz/git/learning/ROS2/RustROS2/install/unique_identifier_msgs/share/unique_identifier_msgs/hook/ld_library_path_lib.ps1'
[1.273s] INFO:colcon.colcon_core.shell:Creating environment descriptor '/home/rsanz/git/learning/ROS2/RustROS2/install/unique_identifier_msgs/share/unique_identifier_msgs/hook/ld_library_path_lib.dsv'
[1.273s] INFO:colcon.colcon_core.shell:Creating environment hook '/home/rsanz/git/learning/ROS2/RustROS2/install/unique_identifier_msgs/share/unique_identifier_msgs/hook/ld_library_path_lib.sh'
[1.273s] Level 1:colcon.colcon_core.environment:checking '/home/rsanz/git/learning/ROS2/RustROS2/install/unique_identifier_msgs/bin'
[1.274s] Level 1:colcon.colcon_core.environment:checking '/home/rsanz/git/learning/ROS2/RustROS2/install/unique_identifier_msgs/lib/pkgconfig/unique_identifier_msgs.pc'
[1.274s] Level 1:colcon.colcon_core.environment:checking '/home/rsanz/git/learning/ROS2/RustROS2/install/unique_identifier_msgs/lib/python3.12/site-packages'
[1.274s] Level 1:colcon.colcon_core.shell:create_environment_hook('unique_identifier_msgs', 'pythonpath')
[1.274s] INFO:colcon.colcon_core.shell:Creating environment hook '/home/rsanz/git/learning/ROS2/RustROS2/install/unique_identifier_msgs/share/unique_identifier_msgs/hook/pythonpath.ps1'
[1.274s] INFO:colcon.colcon_core.shell:Creating environment descriptor '/home/rsanz/git/learning/ROS2/RustROS2/install/unique_identifier_msgs/share/unique_identifier_msgs/hook/pythonpath.dsv'
[1.275s] INFO:colcon.colcon_core.shell:Creating environment hook '/home/rsanz/git/learning/ROS2/RustROS2/install/unique_identifier_msgs/share/unique_identifier_msgs/hook/pythonpath.sh'
[1.275s] Level 1:colcon.colcon_core.environment:checking '/home/rsanz/git/learning/ROS2/RustROS2/install/unique_identifier_msgs/bin'
[1.275s] INFO:colcon.colcon_core.shell:Creating package script '/home/rsanz/git/learning/ROS2/RustROS2/install/unique_identifier_msgs/share/unique_identifier_msgs/package.ps1'
[1.276s] INFO:colcon.colcon_core.shell:Creating package descriptor '/home/rsanz/git/learning/ROS2/RustROS2/install/unique_identifier_msgs/share/unique_identifier_msgs/package.dsv'
[1.276s] INFO:colcon.colcon_core.shell:Creating package script '/home/rsanz/git/learning/ROS2/RustROS2/install/unique_identifier_msgs/share/unique_identifier_msgs/package.sh'
[1.277s] INFO:colcon.colcon_core.shell:Creating package script '/home/rsanz/git/learning/ROS2/RustROS2/install/unique_identifier_msgs/share/unique_identifier_msgs/package.bash'
[1.277s] INFO:colcon.colcon_core.shell:Creating package script '/home/rsanz/git/learning/ROS2/RustROS2/install/unique_identifier_msgs/share/unique_identifier_msgs/package.zsh'
[1.277s] Level 1:colcon.colcon_core.environment:create_file_with_runtime_dependencies(/home/rsanz/git/learning/ROS2/RustROS2/install/unique_identifier_msgs/share/colcon-core/packages/unique_identifier_msgs)
[1.278s] Level 1:colcon.colcon_core.environment:create_environment_scripts_only(unique_identifier_msgs)
[1.278s] Level 1:colcon.colcon_core.environment:checking '/home/rsanz/git/learning/ROS2/RustROS2/install/unique_identifier_msgs' for CMake module files
[1.279s] Level 1:colcon.colcon_core.environment:checking '/home/rsanz/git/learning/ROS2/RustROS2/install/unique_identifier_msgs' for CMake config files
[1.279s] Level 1:colcon.colcon_core.shell:create_environment_hook('unique_identifier_msgs', 'cmake_prefix_path')
[1.279s] INFO:colcon.colcon_core.shell:Creating environment hook '/home/rsanz/git/learning/ROS2/RustROS2/install/unique_identifier_msgs/share/unique_identifier_msgs/hook/cmake_prefix_path.ps1'
[1.280s] INFO:colcon.colcon_core.shell:Creating environment descriptor '/home/rsanz/git/learning/ROS2/RustROS2/install/unique_identifier_msgs/share/unique_identifier_msgs/hook/cmake_prefix_path.dsv'
[1.280s] INFO:colcon.colcon_core.shell:Creating environment hook '/home/rsanz/git/learning/ROS2/RustROS2/install/unique_identifier_msgs/share/unique_identifier_msgs/hook/cmake_prefix_path.sh'
[1.281s] Level 1:colcon.colcon_core.environment:checking '/home/rsanz/git/learning/ROS2/RustROS2/install/unique_identifier_msgs/lib'
[1.281s] Level 1:colcon.colcon_core.shell:create_environment_hook('unique_identifier_msgs', 'ld_library_path_lib')
[1.281s] INFO:colcon.colcon_core.shell:Creating environment hook '/home/rsanz/git/learning/ROS2/RustROS2/install/unique_identifier_msgs/share/unique_identifier_msgs/hook/ld_library_path_lib.ps1'
[1.281s] INFO:colcon.colcon_core.shell:Creating environment descriptor '/home/rsanz/git/learning/ROS2/RustROS2/install/unique_identifier_msgs/share/unique_identifier_msgs/hook/ld_library_path_lib.dsv'
[1.282s] INFO:colcon.colcon_core.shell:Creating environment hook '/home/rsanz/git/learning/ROS2/RustROS2/install/unique_identifier_msgs/share/unique_identifier_msgs/hook/ld_library_path_lib.sh'
[1.282s] Level 1:colcon.colcon_core.environment:checking '/home/rsanz/git/learning/ROS2/RustROS2/install/unique_identifier_msgs/bin'
[1.282s] Level 1:colcon.colcon_core.environment:checking '/home/rsanz/git/learning/ROS2/RustROS2/install/unique_identifier_msgs/lib/pkgconfig/unique_identifier_msgs.pc'
[1.282s] Level 1:colcon.colcon_core.environment:checking '/home/rsanz/git/learning/ROS2/RustROS2/install/unique_identifier_msgs/lib/python3.12/site-packages'
[1.282s] Level 1:colcon.colcon_core.shell:create_environment_hook('unique_identifier_msgs', 'pythonpath')
[1.282s] INFO:colcon.colcon_core.shell:Creating environment hook '/home/rsanz/git/learning/ROS2/RustROS2/install/unique_identifier_msgs/share/unique_identifier_msgs/hook/pythonpath.ps1'
[1.283s] INFO:colcon.colcon_core.shell:Creating environment descriptor '/home/rsanz/git/learning/ROS2/RustROS2/install/unique_identifier_msgs/share/unique_identifier_msgs/hook/pythonpath.dsv'
[1.283s] INFO:colcon.colcon_core.shell:Creating environment hook '/home/rsanz/git/learning/ROS2/RustROS2/install/unique_identifier_msgs/share/unique_identifier_msgs/hook/pythonpath.sh'
[1.284s] Level 1:colcon.colcon_core.environment:checking '/home/rsanz/git/learning/ROS2/RustROS2/install/unique_identifier_msgs/bin'
[1.284s] INFO:colcon.colcon_core.shell:Creating package script '/home/rsanz/git/learning/ROS2/RustROS2/install/unique_identifier_msgs/share/unique_identifier_msgs/package.ps1'
[1.284s] INFO:colcon.colcon_core.shell:Creating package descriptor '/home/rsanz/git/learning/ROS2/RustROS2/install/unique_identifier_msgs/share/unique_identifier_msgs/package.dsv'
[1.285s] INFO:colcon.colcon_core.shell:Creating package script '/home/rsanz/git/learning/ROS2/RustROS2/install/unique_identifier_msgs/share/unique_identifier_msgs/package.sh'
[1.285s] INFO:colcon.colcon_core.shell:Creating package script '/home/rsanz/git/learning/ROS2/RustROS2/install/unique_identifier_msgs/share/unique_identifier_msgs/package.bash'
[1.286s] INFO:colcon.colcon_core.shell:Creating package script '/home/rsanz/git/learning/ROS2/RustROS2/install/unique_identifier_msgs/share/unique_identifier_msgs/package.zsh'
[1.286s] Level 1:colcon.colcon_core.environment:create_file_with_runtime_dependencies(/home/rsanz/git/learning/ROS2/RustROS2/install/unique_identifier_msgs/share/colcon-core/packages/unique_identifier_msgs)
[1.289s] DEBUG:colcon.colcon_core.event_handler.log_command:Invoking command in '/home/rsanz/git/learning/ROS2/RustROS2/build/service_msgs': AMENT_PREFIX_PATH=/home/rsanz/git/learning/ROS2/RustROS2/install/builtin_interfaces:/home/rsanz/git/learning/ROS2/RustROS2/install/rosidl_core_runtime:/home/rsanz/git/learning/ROS2/RustROS2/install/rosidl_core_generators:/home/rsanz/git/learning/ROS2/RustROS2/install/rosidl_generator_rs:${AMENT_PREFIX_PATH} CMAKE_PREFIX_PATH=/home/rsanz/git/learning/ROS2/RustROS2/install/builtin_interfaces:/home/rsanz/git/learning/ROS2/RustROS2/install/rosidl_core_runtime:/home/rsanz/git/learning/ROS2/RustROS2/install/rosidl_core_generators:/home/rsanz/git/learning/ROS2/RustROS2/install/rosidl_generator_rs:/opt/ros/jazzy/opt/gz_math_vendor:/opt/ros/jazzy/opt/gz_utils_vendor:/opt/ros/jazzy/opt/gz_cmake_vendor:/opt/ros/jazzy DEBUGINFOD_URLS=https://debuginfod.ubuntu.com LD_LIBRARY_PATH=/home/rsanz/git/learning/ROS2/RustROS2/install/builtin_interfaces/lib:${LD_LIBRARY_PATH} PYTHONPATH=/home/rsanz/git/learning/ROS2/RustROS2/install/builtin_interfaces/lib/python3.12/site-packages:/home/rsanz/git/learning/ROS2/RustROS2/install/rosidl_generator_rs/lib/python3.12/site-packages:${PYTHONPATH} /usr/bin/cmake --build /home/rsanz/git/learning/ROS2/RustROS2/build/service_msgs -- -j24 -l24
[1.664s] DEBUG:colcon.colcon_core.event_handler.log_command:Invoked command in '/home/rsanz/git/learning/ROS2/RustROS2/build/service_msgs' returned '0': AMENT_PREFIX_PATH=/home/rsanz/git/learning/ROS2/RustROS2/install/builtin_interfaces:/home/rsanz/git/learning/ROS2/RustROS2/install/rosidl_core_runtime:/home/rsanz/git/learning/ROS2/RustROS2/install/rosidl_core_generators:/home/rsanz/git/learning/ROS2/RustROS2/install/rosidl_generator_rs:${AMENT_PREFIX_PATH} CMAKE_PREFIX_PATH=/home/rsanz/git/learning/ROS2/RustROS2/install/builtin_interfaces:/home/rsanz/git/learning/ROS2/RustROS2/install/rosidl_core_runtime:/home/rsanz/git/learning/ROS2/RustROS2/install/rosidl_core_generators:/home/rsanz/git/learning/ROS2/RustROS2/install/rosidl_generator_rs:/opt/ros/jazzy/opt/gz_math_vendor:/opt/ros/jazzy/opt/gz_utils_vendor:/opt/ros/jazzy/opt/gz_cmake_vendor:/opt/ros/jazzy DEBUGINFOD_URLS=https://debuginfod.ubuntu.com LD_LIBRARY_PATH=/home/rsanz/git/learning/ROS2/RustROS2/install/builtin_interfaces/lib:${LD_LIBRARY_PATH} PYTHONPATH=/home/rsanz/git/learning/ROS2/RustROS2/install/builtin_interfaces/lib/python3.12/site-packages:/home/rsanz/git/learning/ROS2/RustROS2/install/rosidl_generator_rs/lib/python3.12/site-packages:${PYTHONPATH} /usr/bin/cmake --build /home/rsanz/git/learning/ROS2/RustROS2/build/service_msgs -- -j24 -l24
[1.665s] DEBUG:colcon.colcon_core.event_handler.log_command:Invoking command in '/home/rsanz/git/learning/ROS2/RustROS2/build/service_msgs': AMENT_PREFIX_PATH=/home/rsanz/git/learning/ROS2/RustROS2/install/builtin_interfaces:/home/rsanz/git/learning/ROS2/RustROS2/install/rosidl_core_runtime:/home/rsanz/git/learning/ROS2/RustROS2/install/rosidl_core_generators:/home/rsanz/git/learning/ROS2/RustROS2/install/rosidl_generator_rs:${AMENT_PREFIX_PATH} CMAKE_PREFIX_PATH=/home/rsanz/git/learning/ROS2/RustROS2/install/builtin_interfaces:/home/rsanz/git/learning/ROS2/RustROS2/install/rosidl_core_runtime:/home/rsanz/git/learning/ROS2/RustROS2/install/rosidl_core_generators:/home/rsanz/git/learning/ROS2/RustROS2/install/rosidl_generator_rs:/opt/ros/jazzy/opt/gz_math_vendor:/opt/ros/jazzy/opt/gz_utils_vendor:/opt/ros/jazzy/opt/gz_cmake_vendor:/opt/ros/jazzy DEBUGINFOD_URLS=https://debuginfod.ubuntu.com LD_LIBRARY_PATH=/home/rsanz/git/learning/ROS2/RustROS2/install/builtin_interfaces/lib:${LD_LIBRARY_PATH} PYTHONPATH=/home/rsanz/git/learning/ROS2/RustROS2/install/builtin_interfaces/lib/python3.12/site-packages:/home/rsanz/git/learning/ROS2/RustROS2/install/rosidl_generator_rs/lib/python3.12/site-packages:${PYTHONPATH} /usr/bin/cmake --install /home/rsanz/git/learning/ROS2/RustROS2/build/service_msgs
[1.716s] Level 1:colcon.colcon_core.environment:create_environment_scripts_only(service_msgs)
[1.716s] Level 1:colcon.colcon_core.environment:checking '/home/rsanz/git/learning/ROS2/RustROS2/install/service_msgs' for CMake module files
[1.716s] DEBUG:colcon.colcon_core.event_handler.log_command:Invoked command in '/home/rsanz/git/learning/ROS2/RustROS2/build/service_msgs' returned '0': AMENT_PREFIX_PATH=/home/rsanz/git/learning/ROS2/RustROS2/install/builtin_interfaces:/home/rsanz/git/learning/ROS2/RustROS2/install/rosidl_core_runtime:/home/rsanz/git/learning/ROS2/RustROS2/install/rosidl_core_generators:/home/rsanz/git/learning/ROS2/RustROS2/install/rosidl_generator_rs:${AMENT_PREFIX_PATH} CMAKE_PREFIX_PATH=/home/rsanz/git/learning/ROS2/RustROS2/install/builtin_interfaces:/home/rsanz/git/learning/ROS2/RustROS2/install/rosidl_core_runtime:/home/rsanz/git/learning/ROS2/RustROS2/install/rosidl_core_generators:/home/rsanz/git/learning/ROS2/RustROS2/install/rosidl_generator_rs:/opt/ros/jazzy/opt/gz_math_vendor:/opt/ros/jazzy/opt/gz_utils_vendor:/opt/ros/jazzy/opt/gz_cmake_vendor:/opt/ros/jazzy DEBUGINFOD_URLS=https://debuginfod.ubuntu.com LD_LIBRARY_PATH=/home/rsanz/git/learning/ROS2/RustROS2/install/builtin_interfaces/lib:${LD_LIBRARY_PATH} PYTHONPATH=/home/rsanz/git/learning/ROS2/RustROS2/install/builtin_interfaces/lib/python3.12/site-packages:/home/rsanz/git/learning/ROS2/RustROS2/install/rosidl_generator_rs/lib/python3.12/site-packages:${PYTHONPATH} /usr/bin/cmake --install /home/rsanz/git/learning/ROS2/RustROS2/build/service_msgs
[1.717s] Level 1:colcon.colcon_core.environment:checking '/home/rsanz/git/learning/ROS2/RustROS2/install/service_msgs' for CMake config files
[1.718s] Level 1:colcon.colcon_core.shell:create_environment_hook('service_msgs', 'cmake_prefix_path')
[1.718s] INFO:colcon.colcon_core.shell:Creating environment hook '/home/rsanz/git/learning/ROS2/RustROS2/install/service_msgs/share/service_msgs/hook/cmake_prefix_path.ps1'
[1.718s] INFO:colcon.colcon_core.shell:Creating environment descriptor '/home/rsanz/git/learning/ROS2/RustROS2/install/service_msgs/share/service_msgs/hook/cmake_prefix_path.dsv'
[1.718s] INFO:colcon.colcon_core.shell:Creating environment hook '/home/rsanz/git/learning/ROS2/RustROS2/install/service_msgs/share/service_msgs/hook/cmake_prefix_path.sh'
[1.719s] Level 1:colcon.colcon_core.environment:checking '/home/rsanz/git/learning/ROS2/RustROS2/install/service_msgs/lib'
[1.719s] Level 1:colcon.colcon_core.shell:create_environment_hook('service_msgs', 'ld_library_path_lib')
[1.719s] INFO:colcon.colcon_core.shell:Creating environment hook '/home/rsanz/git/learning/ROS2/RustROS2/install/service_msgs/share/service_msgs/hook/ld_library_path_lib.ps1'
[1.719s] INFO:colcon.colcon_core.shell:Creating environment descriptor '/home/rsanz/git/learning/ROS2/RustROS2/install/service_msgs/share/service_msgs/hook/ld_library_path_lib.dsv'
[1.720s] INFO:colcon.colcon_core.shell:Creating environment hook '/home/rsanz/git/learning/ROS2/RustROS2/install/service_msgs/share/service_msgs/hook/ld_library_path_lib.sh'
[1.720s] Level 1:colcon.colcon_core.environment:checking '/home/rsanz/git/learning/ROS2/RustROS2/install/service_msgs/bin'
[1.720s] Level 1:colcon.colcon_core.environment:checking '/home/rsanz/git/learning/ROS2/RustROS2/install/service_msgs/lib/pkgconfig/service_msgs.pc'
[1.720s] Level 1:colcon.colcon_core.environment:checking '/home/rsanz/git/learning/ROS2/RustROS2/install/service_msgs/lib/python3.12/site-packages'
[1.720s] Level 1:colcon.colcon_core.shell:create_environment_hook('service_msgs', 'pythonpath')
[1.720s] INFO:colcon.colcon_core.shell:Creating environment hook '/home/rsanz/git/learning/ROS2/RustROS2/install/service_msgs/share/service_msgs/hook/pythonpath.ps1'
[1.721s] INFO:colcon.colcon_core.shell:Creating environment descriptor '/home/rsanz/git/learning/ROS2/RustROS2/install/service_msgs/share/service_msgs/hook/pythonpath.dsv'
[1.721s] INFO:colcon.colcon_core.shell:Creating environment hook '/home/rsanz/git/learning/ROS2/RustROS2/install/service_msgs/share/service_msgs/hook/pythonpath.sh'
[1.721s] Level 1:colcon.colcon_core.environment:checking '/home/rsanz/git/learning/ROS2/RustROS2/install/service_msgs/bin'
[1.722s] INFO:colcon.colcon_core.shell:Creating package script '/home/rsanz/git/learning/ROS2/RustROS2/install/service_msgs/share/service_msgs/package.ps1'
[1.722s] INFO:colcon.colcon_core.shell:Creating package descriptor '/home/rsanz/git/learning/ROS2/RustROS2/install/service_msgs/share/service_msgs/package.dsv'
[1.722s] INFO:colcon.colcon_core.shell:Creating package script '/home/rsanz/git/learning/ROS2/RustROS2/install/service_msgs/share/service_msgs/package.sh'
[1.723s] INFO:colcon.colcon_core.shell:Creating package script '/home/rsanz/git/learning/ROS2/RustROS2/install/service_msgs/share/service_msgs/package.bash'
[1.723s] INFO:colcon.colcon_core.shell:Creating package script '/home/rsanz/git/learning/ROS2/RustROS2/install/service_msgs/share/service_msgs/package.zsh'
[1.723s] Level 1:colcon.colcon_core.environment:create_file_with_runtime_dependencies(/home/rsanz/git/learning/ROS2/RustROS2/install/service_msgs/share/colcon-core/packages/service_msgs)
[1.723s] Level 1:colcon.colcon_core.environment:create_environment_scripts_only(service_msgs)
[1.724s] Level 1:colcon.colcon_core.environment:checking '/home/rsanz/git/learning/ROS2/RustROS2/install/service_msgs' for CMake module files
[1.724s] Level 1:colcon.colcon_core.environment:checking '/home/rsanz/git/learning/ROS2/RustROS2/install/service_msgs' for CMake config files
[1.724s] Level 1:colcon.colcon_core.shell:create_environment_hook('service_msgs', 'cmake_prefix_path')
[1.725s] INFO:colcon.colcon_core.shell:Creating environment hook '/home/rsanz/git/learning/ROS2/RustROS2/install/service_msgs/share/service_msgs/hook/cmake_prefix_path.ps1'
[1.725s] INFO:colcon.colcon_core.shell:Creating environment descriptor '/home/rsanz/git/learning/ROS2/RustROS2/install/service_msgs/share/service_msgs/hook/cmake_prefix_path.dsv'
[1.725s] INFO:colcon.colcon_core.shell:Creating environment hook '/home/rsanz/git/learning/ROS2/RustROS2/install/service_msgs/share/service_msgs/hook/cmake_prefix_path.sh'
[1.726s] Level 1:colcon.colcon_core.environment:checking '/home/rsanz/git/learning/ROS2/RustROS2/install/service_msgs/lib'
[1.726s] Level 1:colcon.colcon_core.shell:create_environment_hook('service_msgs', 'ld_library_path_lib')
[1.726s] INFO:colcon.colcon_core.shell:Creating environment hook '/home/rsanz/git/learning/ROS2/RustROS2/install/service_msgs/share/service_msgs/hook/ld_library_path_lib.ps1'
[1.726s] INFO:colcon.colcon_core.shell:Creating environment descriptor '/home/rsanz/git/learning/ROS2/RustROS2/install/service_msgs/share/service_msgs/hook/ld_library_path_lib.dsv'
[1.726s] INFO:colcon.colcon_core.shell:Creating environment hook '/home/rsanz/git/learning/ROS2/RustROS2/install/service_msgs/share/service_msgs/hook/ld_library_path_lib.sh'
[1.726s] Level 1:colcon.colcon_core.environment:checking '/home/rsanz/git/learning/ROS2/RustROS2/install/service_msgs/bin'
[1.727s] Level 1:colcon.colcon_core.environment:checking '/home/rsanz/git/learning/ROS2/RustROS2/install/service_msgs/lib/pkgconfig/service_msgs.pc'
[1.727s] Level 1:colcon.colcon_core.environment:checking '/home/rsanz/git/learning/ROS2/RustROS2/install/service_msgs/lib/python3.12/site-packages'
[1.727s] Level 1:colcon.colcon_core.shell:create_environment_hook('service_msgs', 'pythonpath')
[1.727s] INFO:colcon.colcon_core.shell:Creating environment hook '/home/rsanz/git/learning/ROS2/RustROS2/install/service_msgs/share/service_msgs/hook/pythonpath.ps1'
[1.727s] INFO:colcon.colcon_core.shell:Creating environment descriptor '/home/rsanz/git/learning/ROS2/RustROS2/install/service_msgs/share/service_msgs/hook/pythonpath.dsv'
[1.727s] INFO:colcon.colcon_core.shell:Creating environment hook '/home/rsanz/git/learning/ROS2/RustROS2/install/service_msgs/share/service_msgs/hook/pythonpath.sh'
[1.728s] Level 1:colcon.colcon_core.environment:checking '/home/rsanz/git/learning/ROS2/RustROS2/install/service_msgs/bin'
[1.728s] INFO:colcon.colcon_core.shell:Creating package script '/home/rsanz/git/learning/ROS2/RustROS2/install/service_msgs/share/service_msgs/package.ps1'
[1.728s] INFO:colcon.colcon_core.shell:Creating package descriptor '/home/rsanz/git/learning/ROS2/RustROS2/install/service_msgs/share/service_msgs/package.dsv'
[1.729s] INFO:colcon.colcon_core.shell:Creating package script '/home/rsanz/git/learning/ROS2/RustROS2/install/service_msgs/share/service_msgs/package.sh'
[1.729s] INFO:colcon.colcon_core.shell:Creating package script '/home/rsanz/git/learning/ROS2/RustROS2/install/service_msgs/share/service_msgs/package.bash'
[1.729s] INFO:colcon.colcon_core.shell:Creating package script '/home/rsanz/git/learning/ROS2/RustROS2/install/service_msgs/share/service_msgs/package.zsh'
[1.730s] Level 1:colcon.colcon_core.environment:create_file_with_runtime_dependencies(/home/rsanz/git/learning/ROS2/RustROS2/install/service_msgs/share/colcon-core/packages/service_msgs)
[1.730s] INFO:colcon.colcon_ros.task.ament_cmake.build:Building ROS package in '/home/rsanz/git/learning/ROS2/RustROS2/src/rcl_interfaces/action_msgs' with build type 'ament_cmake'
[1.730s] INFO:colcon.colcon_cmake.task.cmake.build:Building CMake package in '/home/rsanz/git/learning/ROS2/RustROS2/src/rcl_interfaces/action_msgs'
[1.730s] INFO:colcon.colcon_core.shell:Skip shell extension 'powershell' for command environment: Not usable outside of PowerShell
[1.730s] DEBUG:colcon.colcon_core.shell:Skip shell extension 'dsv' for command environment
[1.745s] DEBUG:colcon.colcon_core.event_handler.log_command:Invoking command in '/home/rsanz/git/learning/ROS2/RustROS2/build/action_msgs': AMENT_PREFIX_PATH=/home/rsanz/git/learning/ROS2/RustROS2/install/service_msgs:/home/rsanz/git/learning/ROS2/RustROS2/install/unique_identifier_msgs:/home/rsanz/git/learning/ROS2/RustROS2/install/builtin_interfaces:/home/rsanz/git/learning/ROS2/RustROS2/install/rosidl_core_runtime:/home/rsanz/git/learning/ROS2/RustROS2/install/rosidl_core_generators:/home/rsanz/git/learning/ROS2/RustROS2/install/rosidl_generator_rs:${AMENT_PREFIX_PATH} CMAKE_PREFIX_PATH=/home/rsanz/git/learning/ROS2/RustROS2/install/service_msgs:/home/rsanz/git/learning/ROS2/RustROS2/install/unique_identifier_msgs:/home/rsanz/git/learning/ROS2/RustROS2/install/builtin_interfaces:/home/rsanz/git/learning/ROS2/RustROS2/install/rosidl_core_runtime:/home/rsanz/git/learning/ROS2/RustROS2/install/rosidl_core_generators:/home/rsanz/git/learning/ROS2/RustROS2/install/rosidl_generator_rs:/opt/ros/jazzy/opt/gz_math_vendor:/opt/ros/jazzy/opt/gz_utils_vendor:/opt/ros/jazzy/opt/gz_cmake_vendor:/opt/ros/jazzy DEBUGINFOD_URLS=https://debuginfod.ubuntu.com LD_LIBRARY_PATH=/home/rsanz/git/learning/ROS2/RustROS2/install/service_msgs/lib:/home/rsanz/git/learning/ROS2/RustROS2/install/unique_identifier_msgs/lib:/home/rsanz/git/learning/ROS2/RustROS2/install/builtin_interfaces/lib:${LD_LIBRARY_PATH} PYTHONPATH=/home/rsanz/git/learning/ROS2/RustROS2/install/service_msgs/lib/python3.12/site-packages:/home/rsanz/git/learning/ROS2/RustROS2/install/unique_identifier_msgs/lib/python3.12/site-packages:/home/rsanz/git/learning/ROS2/RustROS2/install/builtin_interfaces/lib/python3.12/site-packages:/home/rsanz/git/learning/ROS2/RustROS2/install/rosidl_generator_rs/lib/python3.12/site-packages:${PYTHONPATH} /usr/bin/cmake --build /home/rsanz/git/learning/ROS2/RustROS2/build/action_msgs -- -j24 -l24
[2.136s] DEBUG:colcon.colcon_core.event_handler.log_command:Invoked command in '/home/rsanz/git/learning/ROS2/RustROS2/build/action_msgs' returned '0': AMENT_PREFIX_PATH=/home/rsanz/git/learning/ROS2/RustROS2/install/service_msgs:/home/rsanz/git/learning/ROS2/RustROS2/install/unique_identifier_msgs:/home/rsanz/git/learning/ROS2/RustROS2/install/builtin_interfaces:/home/rsanz/git/learning/ROS2/RustROS2/install/rosidl_core_runtime:/home/rsanz/git/learning/ROS2/RustROS2/install/rosidl_core_generators:/home/rsanz/git/learning/ROS2/RustROS2/install/rosidl_generator_rs:${AMENT_PREFIX_PATH} CMAKE_PREFIX_PATH=/home/rsanz/git/learning/ROS2/RustROS2/install/service_msgs:/home/rsanz/git/learning/ROS2/RustROS2/install/unique_identifier_msgs:/home/rsanz/git/learning/ROS2/RustROS2/install/builtin_interfaces:/home/rsanz/git/learning/ROS2/RustROS2/install/rosidl_core_runtime:/home/rsanz/git/learning/ROS2/RustROS2/install/rosidl_core_generators:/home/rsanz/git/learning/ROS2/RustROS2/install/rosidl_generator_rs:/opt/ros/jazzy/opt/gz_math_vendor:/opt/ros/jazzy/opt/gz_utils_vendor:/opt/ros/jazzy/opt/gz_cmake_vendor:/opt/ros/jazzy DEBUGINFOD_URLS=https://debuginfod.ubuntu.com LD_LIBRARY_PATH=/home/rsanz/git/learning/ROS2/RustROS2/install/service_msgs/lib:/home/rsanz/git/learning/ROS2/RustROS2/install/unique_identifier_msgs/lib:/home/rsanz/git/learning/ROS2/RustROS2/install/builtin_interfaces/lib:${LD_LIBRARY_PATH} PYTHONPATH=/home/rsanz/git/learning/ROS2/RustROS2/install/service_msgs/lib/python3.12/site-packages:/home/rsanz/git/learning/ROS2/RustROS2/install/unique_identifier_msgs/lib/python3.12/site-packages:/home/rsanz/git/learning/ROS2/RustROS2/install/builtin_interfaces/lib/python3.12/site-packages:/home/rsanz/git/learning/ROS2/RustROS2/install/rosidl_generator_rs/lib/python3.12/site-packages:${PYTHONPATH} /usr/bin/cmake --build /home/rsanz/git/learning/ROS2/RustROS2/build/action_msgs -- -j24 -l24
[2.137s] DEBUG:colcon.colcon_core.event_handler.log_command:Invoking command in '/home/rsanz/git/learning/ROS2/RustROS2/build/action_msgs': AMENT_PREFIX_PATH=/home/rsanz/git/learning/ROS2/RustROS2/install/service_msgs:/home/rsanz/git/learning/ROS2/RustROS2/install/unique_identifier_msgs:/home/rsanz/git/learning/ROS2/RustROS2/install/builtin_interfaces:/home/rsanz/git/learning/ROS2/RustROS2/install/rosidl_core_runtime:/home/rsanz/git/learning/ROS2/RustROS2/install/rosidl_core_generators:/home/rsanz/git/learning/ROS2/RustROS2/install/rosidl_generator_rs:${AMENT_PREFIX_PATH} CMAKE_PREFIX_PATH=/home/rsanz/git/learning/ROS2/RustROS2/install/service_msgs:/home/rsanz/git/learning/ROS2/RustROS2/install/unique_identifier_msgs:/home/rsanz/git/learning/ROS2/RustROS2/install/builtin_interfaces:/home/rsanz/git/learning/ROS2/RustROS2/install/rosidl_core_runtime:/home/rsanz/git/learning/ROS2/RustROS2/install/rosidl_core_generators:/home/rsanz/git/learning/ROS2/RustROS2/install/rosidl_generator_rs:/opt/ros/jazzy/opt/gz_math_vendor:/opt/ros/jazzy/opt/gz_utils_vendor:/opt/ros/jazzy/opt/gz_cmake_vendor:/opt/ros/jazzy DEBUGINFOD_URLS=https://debuginfod.ubuntu.com LD_LIBRARY_PATH=/home/rsanz/git/learning/ROS2/RustROS2/install/service_msgs/lib:/home/rsanz/git/learning/ROS2/RustROS2/install/unique_identifier_msgs/lib:/home/rsanz/git/learning/ROS2/RustROS2/install/builtin_interfaces/lib:${LD_LIBRARY_PATH} PYTHONPATH=/home/rsanz/git/learning/ROS2/RustROS2/install/service_msgs/lib/python3.12/site-packages:/home/rsanz/git/learning/ROS2/RustROS2/install/unique_identifier_msgs/lib/python3.12/site-packages:/home/rsanz/git/learning/ROS2/RustROS2/install/builtin_interfaces/lib/python3.12/site-packages:/home/rsanz/git/learning/ROS2/RustROS2/install/rosidl_generator_rs/lib/python3.12/site-packages:${PYTHONPATH} /usr/bin/cmake --install /home/rsanz/git/learning/ROS2/RustROS2/build/action_msgs
[2.193s] Level 1:colcon.colcon_core.environment:create_environment_scripts_only(action_msgs)
[2.193s] Level 1:colcon.colcon_core.environment:checking '/home/rsanz/git/learning/ROS2/RustROS2/install/action_msgs' for CMake module files
[2.194s] DEBUG:colcon.colcon_core.event_handler.log_command:Invoked command in '/home/rsanz/git/learning/ROS2/RustROS2/build/action_msgs' returned '0': AMENT_PREFIX_PATH=/home/rsanz/git/learning/ROS2/RustROS2/install/service_msgs:/home/rsanz/git/learning/ROS2/RustROS2/install/unique_identifier_msgs:/home/rsanz/git/learning/ROS2/RustROS2/install/builtin_interfaces:/home/rsanz/git/learning/ROS2/RustROS2/install/rosidl_core_runtime:/home/rsanz/git/learning/ROS2/RustROS2/install/rosidl_core_generators:/home/rsanz/git/learning/ROS2/RustROS2/install/rosidl_generator_rs:${AMENT_PREFIX_PATH} CMAKE_PREFIX_PATH=/home/rsanz/git/learning/ROS2/RustROS2/install/service_msgs:/home/rsanz/git/learning/ROS2/RustROS2/install/unique_identifier_msgs:/home/rsanz/git/learning/ROS2/RustROS2/install/builtin_interfaces:/home/rsanz/git/learning/ROS2/RustROS2/install/rosidl_core_runtime:/home/rsanz/git/learning/ROS2/RustROS2/install/rosidl_core_generators:/home/rsanz/git/learning/ROS2/RustROS2/install/rosidl_generator_rs:/opt/ros/jazzy/opt/gz_math_vendor:/opt/ros/jazzy/opt/gz_utils_vendor:/opt/ros/jazzy/opt/gz_cmake_vendor:/opt/ros/jazzy DEBUGINFOD_URLS=https://debuginfod.ubuntu.com LD_LIBRARY_PATH=/home/rsanz/git/learning/ROS2/RustROS2/install/service_msgs/lib:/home/rsanz/git/learning/ROS2/RustROS2/install/unique_identifier_msgs/lib:/home/rsanz/git/learning/ROS2/RustROS2/install/builtin_interfaces/lib:${LD_LIBRARY_PATH} PYTHONPATH=/home/rsanz/git/learning/ROS2/RustROS2/install/service_msgs/lib/python3.12/site-packages:/home/rsanz/git/learning/ROS2/RustROS2/install/unique_identifier_msgs/lib/python3.12/site-packages:/home/rsanz/git/learning/ROS2/RustROS2/install/builtin_interfaces/lib/python3.12/site-packages:/home/rsanz/git/learning/ROS2/RustROS2/install/rosidl_generator_rs/lib/python3.12/site-packages:${PYTHONPATH} /usr/bin/cmake --install /home/rsanz/git/learning/ROS2/RustROS2/build/action_msgs
[2.195s] Level 1:colcon.colcon_core.environment:checking '/home/rsanz/git/learning/ROS2/RustROS2/install/action_msgs' for CMake config files
[2.195s] Level 1:colcon.colcon_core.shell:create_environment_hook('action_msgs', 'cmake_prefix_path')
[2.196s] INFO:colcon.colcon_core.shell:Creating environment hook '/home/rsanz/git/learning/ROS2/RustROS2/install/action_msgs/share/action_msgs/hook/cmake_prefix_path.ps1'
[2.196s] INFO:colcon.colcon_core.shell:Creating environment descriptor '/home/rsanz/git/learning/ROS2/RustROS2/install/action_msgs/share/action_msgs/hook/cmake_prefix_path.dsv'
[2.197s] INFO:colcon.colcon_core.shell:Creating environment hook '/home/rsanz/git/learning/ROS2/RustROS2/install/action_msgs/share/action_msgs/hook/cmake_prefix_path.sh'
[2.197s] Level 1:colcon.colcon_core.environment:checking '/home/rsanz/git/learning/ROS2/RustROS2/install/action_msgs/lib'
[2.197s] Level 1:colcon.colcon_core.shell:create_environment_hook('action_msgs', 'ld_library_path_lib')
[2.197s] INFO:colcon.colcon_core.shell:Creating environment hook '/home/rsanz/git/learning/ROS2/RustROS2/install/action_msgs/share/action_msgs/hook/ld_library_path_lib.ps1'
[2.198s] INFO:colcon.colcon_core.shell:Creating environment descriptor '/home/rsanz/git/learning/ROS2/RustROS2/install/action_msgs/share/action_msgs/hook/ld_library_path_lib.dsv'
[2.198s] INFO:colcon.colcon_core.shell:Creating environment hook '/home/rsanz/git/learning/ROS2/RustROS2/install/action_msgs/share/action_msgs/hook/ld_library_path_lib.sh'
[2.198s] Level 1:colcon.colcon_core.environment:checking '/home/rsanz/git/learning/ROS2/RustROS2/install/action_msgs/bin'
[2.198s] Level 1:colcon.colcon_core.environment:checking '/home/rsanz/git/learning/ROS2/RustROS2/install/action_msgs/lib/pkgconfig/action_msgs.pc'
[2.199s] Level 1:colcon.colcon_core.environment:checking '/home/rsanz/git/learning/ROS2/RustROS2/install/action_msgs/lib/python3.12/site-packages'
[2.199s] Level 1:colcon.colcon_core.shell:create_environment_hook('action_msgs', 'pythonpath')
[2.199s] INFO:colcon.colcon_core.shell:Creating environment hook '/home/rsanz/git/learning/ROS2/RustROS2/install/action_msgs/share/action_msgs/hook/pythonpath.ps1'
[2.199s] INFO:colcon.colcon_core.shell:Creating environment descriptor '/home/rsanz/git/learning/ROS2/RustROS2/install/action_msgs/share/action_msgs/hook/pythonpath.dsv'
[2.199s] INFO:colcon.colcon_core.shell:Creating environment hook '/home/rsanz/git/learning/ROS2/RustROS2/install/action_msgs/share/action_msgs/hook/pythonpath.sh'
[2.200s] Level 1:colcon.colcon_core.environment:checking '/home/rsanz/git/learning/ROS2/RustROS2/install/action_msgs/bin'
[2.200s] INFO:colcon.colcon_core.shell:Creating package script '/home/rsanz/git/learning/ROS2/RustROS2/install/action_msgs/share/action_msgs/package.ps1'
[2.201s] INFO:colcon.colcon_core.shell:Creating package descriptor '/home/rsanz/git/learning/ROS2/RustROS2/install/action_msgs/share/action_msgs/package.dsv'
[2.201s] INFO:colcon.colcon_core.shell:Creating package script '/home/rsanz/git/learning/ROS2/RustROS2/install/action_msgs/share/action_msgs/package.sh'
[2.201s] INFO:colcon.colcon_core.shell:Creating package script '/home/rsanz/git/learning/ROS2/RustROS2/install/action_msgs/share/action_msgs/package.bash'
[2.202s] INFO:colcon.colcon_core.shell:Creating package script '/home/rsanz/git/learning/ROS2/RustROS2/install/action_msgs/share/action_msgs/package.zsh'
[2.202s] Level 1:colcon.colcon_core.environment:create_file_with_runtime_dependencies(/home/rsanz/git/learning/ROS2/RustROS2/install/action_msgs/share/colcon-core/packages/action_msgs)
[2.202s] Level 1:colcon.colcon_core.environment:create_environment_scripts_only(action_msgs)
[2.202s] Level 1:colcon.colcon_core.environment:checking '/home/rsanz/git/learning/ROS2/RustROS2/install/action_msgs' for CMake module files
[2.203s] Level 1:colcon.colcon_core.environment:checking '/home/rsanz/git/learning/ROS2/RustROS2/install/action_msgs' for CMake config files
[2.204s] Level 1:colcon.colcon_core.shell:create_environment_hook('action_msgs', 'cmake_prefix_path')
[2.204s] INFO:colcon.colcon_core.shell:Creating environment hook '/home/rsanz/git/learning/ROS2/RustROS2/install/action_msgs/share/action_msgs/hook/cmake_prefix_path.ps1'
[2.204s] INFO:colcon.colcon_core.shell:Creating environment descriptor '/home/rsanz/git/learning/ROS2/RustROS2/install/action_msgs/share/action_msgs/hook/cmake_prefix_path.dsv'
[2.204s] INFO:colcon.colcon_core.shell:Creating environment hook '/home/rsanz/git/learning/ROS2/RustROS2/install/action_msgs/share/action_msgs/hook/cmake_prefix_path.sh'
[2.205s] Level 1:colcon.colcon_core.environment:checking '/home/rsanz/git/learning/ROS2/RustROS2/install/action_msgs/lib'
[2.205s] Level 1:colcon.colcon_core.shell:create_environment_hook('action_msgs', 'ld_library_path_lib')
[2.205s] INFO:colcon.colcon_core.shell:Creating environment hook '/home/rsanz/git/learning/ROS2/RustROS2/install/action_msgs/share/action_msgs/hook/ld_library_path_lib.ps1'
[2.205s] INFO:colcon.colcon_core.shell:Creating environment descriptor '/home/rsanz/git/learning/ROS2/RustROS2/install/action_msgs/share/action_msgs/hook/ld_library_path_lib.dsv'
[2.206s] INFO:colcon.colcon_core.shell:Creating environment hook '/home/rsanz/git/learning/ROS2/RustROS2/install/action_msgs/share/action_msgs/hook/ld_library_path_lib.sh'
[2.206s] Level 1:colcon.colcon_core.environment:checking '/home/rsanz/git/learning/ROS2/RustROS2/install/action_msgs/bin'
[2.206s] Level 1:colcon.colcon_core.environment:checking '/home/rsanz/git/learning/ROS2/RustROS2/install/action_msgs/lib/pkgconfig/action_msgs.pc'
[2.206s] Level 1:colcon.colcon_core.environment:checking '/home/rsanz/git/learning/ROS2/RustROS2/install/action_msgs/lib/python3.12/site-packages'
[2.206s] Level 1:colcon.colcon_core.shell:create_environment_hook('action_msgs', 'pythonpath')
[2.206s] INFO:colcon.colcon_core.shell:Creating environment hook '/home/rsanz/git/learning/ROS2/RustROS2/install/action_msgs/share/action_msgs/hook/pythonpath.ps1'
[2.207s] INFO:colcon.colcon_core.shell:Creating environment descriptor '/home/rsanz/git/learning/ROS2/RustROS2/install/action_msgs/share/action_msgs/hook/pythonpath.dsv'
[2.207s] INFO:colcon.colcon_core.shell:Creating environment hook '/home/rsanz/git/learning/ROS2/RustROS2/install/action_msgs/share/action_msgs/hook/pythonpath.sh'
[2.208s] Level 1:colcon.colcon_core.environment:checking '/home/rsanz/git/learning/ROS2/RustROS2/install/action_msgs/bin'
[2.208s] INFO:colcon.colcon_core.shell:Creating package script '/home/rsanz/git/learning/ROS2/RustROS2/install/action_msgs/share/action_msgs/package.ps1'
[2.208s] INFO:colcon.colcon_core.shell:Creating package descriptor '/home/rsanz/git/learning/ROS2/RustROS2/install/action_msgs/share/action_msgs/package.dsv'
[2.209s] INFO:colcon.colcon_core.shell:Creating package script '/home/rsanz/git/learning/ROS2/RustROS2/install/action_msgs/share/action_msgs/package.sh'
[2.209s] INFO:colcon.colcon_core.shell:Creating package script '/home/rsanz/git/learning/ROS2/RustROS2/install/action_msgs/share/action_msgs/package.bash'
[2.210s] INFO:colcon.colcon_core.shell:Creating package script '/home/rsanz/git/learning/ROS2/RustROS2/install/action_msgs/share/action_msgs/package.zsh'
[2.210s] Level 1:colcon.colcon_core.environment:create_file_with_runtime_dependencies(/home/rsanz/git/learning/ROS2/RustROS2/install/action_msgs/share/colcon-core/packages/action_msgs)
[2.210s] INFO:colcon.colcon_ros.task.ament_cmake.build:Building ROS package in '/home/rsanz/git/learning/ROS2/RustROS2/src/rosidl_defaults/rosidl_default_generators' with build type 'ament_cmake'
[2.210s] INFO:colcon.colcon_cmake.task.cmake.build:Building CMake package in '/home/rsanz/git/learning/ROS2/RustROS2/src/rosidl_defaults/rosidl_default_generators'
[2.210s] INFO:colcon.colcon_core.shell:Skip shell extension 'powershell' for command environment: Not usable outside of PowerShell
[2.211s] DEBUG:colcon.colcon_core.shell:Skip shell extension 'dsv' for command environment
[2.214s] INFO:colcon.colcon_ros.task.ament_cmake.build:Building ROS package in '/home/rsanz/git/learning/ROS2/RustROS2/src/rosidl_defaults/rosidl_default_runtime' with build type 'ament_cmake'
[2.214s] INFO:colcon.colcon_cmake.task.cmake.build:Building CMake package in '/home/rsanz/git/learning/ROS2/RustROS2/src/rosidl_defaults/rosidl_default_runtime'
[2.214s] INFO:colcon.colcon_core.shell:Skip shell extension 'powershell' for command environment: Not usable outside of PowerShell
[2.214s] DEBUG:colcon.colcon_core.shell:Skip shell extension 'dsv' for command environment
[2.230s] DEBUG:colcon.colcon_core.event_handler.log_command:Invoking command in '/home/rsanz/git/learning/ROS2/RustROS2/build/rosidl_default_generators': AMENT_PREFIX_PATH=/home/rsanz/git/learning/ROS2/RustROS2/install/action_msgs:/home/rsanz/git/learning/ROS2/RustROS2/install/service_msgs:/home/rsanz/git/learning/ROS2/RustROS2/install/unique_identifier_msgs:/home/rsanz/git/learning/ROS2/RustROS2/install/builtin_interfaces:/home/rsanz/git/learning/ROS2/RustROS2/install/rosidl_core_runtime:/home/rsanz/git/learning/ROS2/RustROS2/install/rosidl_core_generators:/home/rsanz/git/learning/ROS2/RustROS2/install/rosidl_generator_rs:${AMENT_PREFIX_PATH} CMAKE_PREFIX_PATH=/home/rsanz/git/learning/ROS2/RustROS2/install/action_msgs:/home/rsanz/git/learning/ROS2/RustROS2/install/service_msgs:/home/rsanz/git/learning/ROS2/RustROS2/install/unique_identifier_msgs:/home/rsanz/git/learning/ROS2/RustROS2/install/builtin_interfaces:/home/rsanz/git/learning/ROS2/RustROS2/install/rosidl_core_runtime:/home/rsanz/git/learning/ROS2/RustROS2/install/rosidl_core_generators:/home/rsanz/git/learning/ROS2/RustROS2/install/rosidl_generator_rs:/opt/ros/jazzy/opt/gz_math_vendor:/opt/ros/jazzy/opt/gz_utils_vendor:/opt/ros/jazzy/opt/gz_cmake_vendor:/opt/ros/jazzy DEBUGINFOD_URLS=https://debuginfod.ubuntu.com LD_LIBRARY_PATH=/home/rsanz/git/learning/ROS2/RustROS2/install/action_msgs/lib:/home/rsanz/git/learning/ROS2/RustROS2/install/service_msgs/lib:/home/rsanz/git/learning/ROS2/RustROS2/install/unique_identifier_msgs/lib:/home/rsanz/git/learning/ROS2/RustROS2/install/builtin_interfaces/lib:${LD_LIBRARY_PATH} PYTHONPATH=/home/rsanz/git/learning/ROS2/RustROS2/install/action_msgs/lib/python3.12/site-packages:/home/rsanz/git/learning/ROS2/RustROS2/install/service_msgs/lib/python3.12/site-packages:/home/rsanz/git/learning/ROS2/RustROS2/install/unique_identifier_msgs/lib/python3.12/site-packages:/home/rsanz/git/learning/ROS2/RustROS2/install/builtin_interfaces/lib/python3.12/site-packages:/home/rsanz/git/learning/ROS2/RustROS2/install/rosidl_generator_rs/lib/python3.12/site-packages:${PYTHONPATH} /usr/bin/cmake --build /home/rsanz/git/learning/ROS2/RustROS2/build/rosidl_default_generators -- -j24 -l24
[2.233s] DEBUG:colcon.colcon_core.event_handler.log_command:Invoking command in '/home/rsanz/git/learning/ROS2/RustROS2/build/rosidl_default_runtime': AMENT_PREFIX_PATH=/home/rsanz/git/learning/ROS2/RustROS2/install/action_msgs:/home/rsanz/git/learning/ROS2/RustROS2/install/service_msgs:/home/rsanz/git/learning/ROS2/RustROS2/install/unique_identifier_msgs:/home/rsanz/git/learning/ROS2/RustROS2/install/builtin_interfaces:/home/rsanz/git/learning/ROS2/RustROS2/install/rosidl_core_runtime:/home/rsanz/git/learning/ROS2/RustROS2/install/rosidl_core_generators:/home/rsanz/git/learning/ROS2/RustROS2/install/rosidl_generator_rs:${AMENT_PREFIX_PATH} CMAKE_PREFIX_PATH=/home/rsanz/git/learning/ROS2/RustROS2/install/action_msgs:/home/rsanz/git/learning/ROS2/RustROS2/install/service_msgs:/home/rsanz/git/learning/ROS2/RustROS2/install/unique_identifier_msgs:/home/rsanz/git/learning/ROS2/RustROS2/install/builtin_interfaces:/home/rsanz/git/learning/ROS2/RustROS2/install/rosidl_core_runtime:/home/rsanz/git/learning/ROS2/RustROS2/install/rosidl_core_generators:/home/rsanz/git/learning/ROS2/RustROS2/install/rosidl_generator_rs:/opt/ros/jazzy/opt/gz_math_vendor:/opt/ros/jazzy/opt/gz_utils_vendor:/opt/ros/jazzy/opt/gz_cmake_vendor:/opt/ros/jazzy DEBUGINFOD_URLS=https://debuginfod.ubuntu.com LD_LIBRARY_PATH=/home/rsanz/git/learning/ROS2/RustROS2/install/action_msgs/lib:/home/rsanz/git/learning/ROS2/RustROS2/install/service_msgs/lib:/home/rsanz/git/learning/ROS2/RustROS2/install/unique_identifier_msgs/lib:/home/rsanz/git/learning/ROS2/RustROS2/install/builtin_interfaces/lib:${LD_LIBRARY_PATH} PYTHONPATH=/home/rsanz/git/learning/ROS2/RustROS2/install/action_msgs/lib/python3.12/site-packages:/home/rsanz/git/learning/ROS2/RustROS2/install/service_msgs/lib/python3.12/site-packages:/home/rsanz/git/learning/ROS2/RustROS2/install/unique_identifier_msgs/lib/python3.12/site-packages:/home/rsanz/git/learning/ROS2/RustROS2/install/builtin_interfaces/lib/python3.12/site-packages:/home/rsanz/git/learning/ROS2/RustROS2/install/rosidl_generator_rs/lib/python3.12/site-packages:${PYTHONPATH} /usr/bin/cmake --build /home/rsanz/git/learning/ROS2/RustROS2/build/rosidl_default_runtime -- -j24 -l24
[2.269s] DEBUG:colcon.colcon_core.event_handler.log_command:Invoked command in '/home/rsanz/git/learning/ROS2/RustROS2/build/rosidl_default_generators' returned '0': AMENT_PREFIX_PATH=/home/rsanz/git/learning/ROS2/RustROS2/install/action_msgs:/home/rsanz/git/learning/ROS2/RustROS2/install/service_msgs:/home/rsanz/git/learning/ROS2/RustROS2/install/unique_identifier_msgs:/home/rsanz/git/learning/ROS2/RustROS2/install/builtin_interfaces:/home/rsanz/git/learning/ROS2/RustROS2/install/rosidl_core_runtime:/home/rsanz/git/learning/ROS2/RustROS2/install/rosidl_core_generators:/home/rsanz/git/learning/ROS2/RustROS2/install/rosidl_generator_rs:${AMENT_PREFIX_PATH} CMAKE_PREFIX_PATH=/home/rsanz/git/learning/ROS2/RustROS2/install/action_msgs:/home/rsanz/git/learning/ROS2/RustROS2/install/service_msgs:/home/rsanz/git/learning/ROS2/RustROS2/install/unique_identifier_msgs:/home/rsanz/git/learning/ROS2/RustROS2/install/builtin_interfaces:/home/rsanz/git/learning/ROS2/RustROS2/install/rosidl_core_runtime:/home/rsanz/git/learning/ROS2/RustROS2/install/rosidl_core_generators:/home/rsanz/git/learning/ROS2/RustROS2/install/rosidl_generator_rs:/opt/ros/jazzy/opt/gz_math_vendor:/opt/ros/jazzy/opt/gz_utils_vendor:/opt/ros/jazzy/opt/gz_cmake_vendor:/opt/ros/jazzy DEBUGINFOD_URLS=https://debuginfod.ubuntu.com LD_LIBRARY_PATH=/home/rsanz/git/learning/ROS2/RustROS2/install/action_msgs/lib:/home/rsanz/git/learning/ROS2/RustROS2/install/service_msgs/lib:/home/rsanz/git/learning/ROS2/RustROS2/install/unique_identifier_msgs/lib:/home/rsanz/git/learning/ROS2/RustROS2/install/builtin_interfaces/lib:${LD_LIBRARY_PATH} PYTHONPATH=/home/rsanz/git/learning/ROS2/RustROS2/install/action_msgs/lib/python3.12/site-packages:/home/rsanz/git/learning/ROS2/RustROS2/install/service_msgs/lib/python3.12/site-packages:/home/rsanz/git/learning/ROS2/RustROS2/install/unique_identifier_msgs/lib/python3.12/site-packages:/home/rsanz/git/learning/ROS2/RustROS2/install/builtin_interfaces/lib/python3.12/site-packages:/home/rsanz/git/learning/ROS2/RustROS2/install/rosidl_generator_rs/lib/python3.12/site-packages:${PYTHONPATH} /usr/bin/cmake --build /home/rsanz/git/learning/ROS2/RustROS2/build/rosidl_default_generators -- -j24 -l24
[2.270s] DEBUG:colcon.colcon_core.event_handler.log_command:Invoking command in '/home/rsanz/git/learning/ROS2/RustROS2/build/rosidl_default_generators': AMENT_PREFIX_PATH=/home/rsanz/git/learning/ROS2/RustROS2/install/action_msgs:/home/rsanz/git/learning/ROS2/RustROS2/install/service_msgs:/home/rsanz/git/learning/ROS2/RustROS2/install/unique_identifier_msgs:/home/rsanz/git/learning/ROS2/RustROS2/install/builtin_interfaces:/home/rsanz/git/learning/ROS2/RustROS2/install/rosidl_core_runtime:/home/rsanz/git/learning/ROS2/RustROS2/install/rosidl_core_generators:/home/rsanz/git/learning/ROS2/RustROS2/install/rosidl_generator_rs:${AMENT_PREFIX_PATH} CMAKE_PREFIX_PATH=/home/rsanz/git/learning/ROS2/RustROS2/install/action_msgs:/home/rsanz/git/learning/ROS2/RustROS2/install/service_msgs:/home/rsanz/git/learning/ROS2/RustROS2/install/unique_identifier_msgs:/home/rsanz/git/learning/ROS2/RustROS2/install/builtin_interfaces:/home/rsanz/git/learning/ROS2/RustROS2/install/rosidl_core_runtime:/home/rsanz/git/learning/ROS2/RustROS2/install/rosidl_core_generators:/home/rsanz/git/learning/ROS2/RustROS2/install/rosidl_generator_rs:/opt/ros/jazzy/opt/gz_math_vendor:/opt/ros/jazzy/opt/gz_utils_vendor:/opt/ros/jazzy/opt/gz_cmake_vendor:/opt/ros/jazzy DEBUGINFOD_URLS=https://debuginfod.ubuntu.com LD_LIBRARY_PATH=/home/rsanz/git/learning/ROS2/RustROS2/install/action_msgs/lib:/home/rsanz/git/learning/ROS2/RustROS2/install/service_msgs/lib:/home/rsanz/git/learning/ROS2/RustROS2/install/unique_identifier_msgs/lib:/home/rsanz/git/learning/ROS2/RustROS2/install/builtin_interfaces/lib:${LD_LIBRARY_PATH} PYTHONPATH=/home/rsanz/git/learning/ROS2/RustROS2/install/action_msgs/lib/python3.12/site-packages:/home/rsanz/git/learning/ROS2/RustROS2/install/service_msgs/lib/python3.12/site-packages:/home/rsanz/git/learning/ROS2/RustROS2/install/unique_identifier_msgs/lib/python3.12/site-packages:/home/rsanz/git/learning/ROS2/RustROS2/install/builtin_interfaces/lib/python3.12/site-packages:/home/rsanz/git/learning/ROS2/RustROS2/install/rosidl_generator_rs/lib/python3.12/site-packages:${PYTHONPATH} /usr/bin/cmake --install /home/rsanz/git/learning/ROS2/RustROS2/build/rosidl_default_generators
[2.270s] DEBUG:colcon.colcon_core.event_handler.log_command:Invoked command in '/home/rsanz/git/learning/ROS2/RustROS2/build/rosidl_default_runtime' returned '0': AMENT_PREFIX_PATH=/home/rsanz/git/learning/ROS2/RustROS2/install/action_msgs:/home/rsanz/git/learning/ROS2/RustROS2/install/service_msgs:/home/rsanz/git/learning/ROS2/RustROS2/install/unique_identifier_msgs:/home/rsanz/git/learning/ROS2/RustROS2/install/builtin_interfaces:/home/rsanz/git/learning/ROS2/RustROS2/install/rosidl_core_runtime:/home/rsanz/git/learning/ROS2/RustROS2/install/rosidl_core_generators:/home/rsanz/git/learning/ROS2/RustROS2/install/rosidl_generator_rs:${AMENT_PREFIX_PATH} CMAKE_PREFIX_PATH=/home/rsanz/git/learning/ROS2/RustROS2/install/action_msgs:/home/rsanz/git/learning/ROS2/RustROS2/install/service_msgs:/home/rsanz/git/learning/ROS2/RustROS2/install/unique_identifier_msgs:/home/rsanz/git/learning/ROS2/RustROS2/install/builtin_interfaces:/home/rsanz/git/learning/ROS2/RustROS2/install/rosidl_core_runtime:/home/rsanz/git/learning/ROS2/RustROS2/install/rosidl_core_generators:/home/rsanz/git/learning/ROS2/RustROS2/install/rosidl_generator_rs:/opt/ros/jazzy/opt/gz_math_vendor:/opt/ros/jazzy/opt/gz_utils_vendor:/opt/ros/jazzy/opt/gz_cmake_vendor:/opt/ros/jazzy DEBUGINFOD_URLS=https://debuginfod.ubuntu.com LD_LIBRARY_PATH=/home/rsanz/git/learning/ROS2/RustROS2/install/action_msgs/lib:/home/rsanz/git/learning/ROS2/RustROS2/install/service_msgs/lib:/home/rsanz/git/learning/ROS2/RustROS2/install/unique_identifier_msgs/lib:/home/rsanz/git/learning/ROS2/RustROS2/install/builtin_interfaces/lib:${LD_LIBRARY_PATH} PYTHONPATH=/home/rsanz/git/learning/ROS2/RustROS2/install/action_msgs/lib/python3.12/site-packages:/home/rsanz/git/learning/ROS2/RustROS2/install/service_msgs/lib/python3.12/site-packages:/home/rsanz/git/learning/ROS2/RustROS2/install/unique_identifier_msgs/lib/python3.12/site-packages:/home/rsanz/git/learning/ROS2/RustROS2/install/builtin_interfaces/lib/python3.12/site-packages:/home/rsanz/git/learning/ROS2/RustROS2/install/rosidl_generator_rs/lib/python3.12/site-packages:${PYTHONPATH} /usr/bin/cmake --build /home/rsanz/git/learning/ROS2/RustROS2/build/rosidl_default_runtime -- -j24 -l24
[2.271s] DEBUG:colcon.colcon_core.event_handler.log_command:Invoking command in '/home/rsanz/git/learning/ROS2/RustROS2/build/rosidl_default_runtime': AMENT_PREFIX_PATH=/home/rsanz/git/learning/ROS2/RustROS2/install/action_msgs:/home/rsanz/git/learning/ROS2/RustROS2/install/service_msgs:/home/rsanz/git/learning/ROS2/RustROS2/install/unique_identifier_msgs:/home/rsanz/git/learning/ROS2/RustROS2/install/builtin_interfaces:/home/rsanz/git/learning/ROS2/RustROS2/install/rosidl_core_runtime:/home/rsanz/git/learning/ROS2/RustROS2/install/rosidl_core_generators:/home/rsanz/git/learning/ROS2/RustROS2/install/rosidl_generator_rs:${AMENT_PREFIX_PATH} CMAKE_PREFIX_PATH=/home/rsanz/git/learning/ROS2/RustROS2/install/action_msgs:/home/rsanz/git/learning/ROS2/RustROS2/install/service_msgs:/home/rsanz/git/learning/ROS2/RustROS2/install/unique_identifier_msgs:/home/rsanz/git/learning/ROS2/RustROS2/install/builtin_interfaces:/home/rsanz/git/learning/ROS2/RustROS2/install/rosidl_core_runtime:/home/rsanz/git/learning/ROS2/RustROS2/install/rosidl_core_generators:/home/rsanz/git/learning/ROS2/RustROS2/install/rosidl_generator_rs:/opt/ros/jazzy/opt/gz_math_vendor:/opt/ros/jazzy/opt/gz_utils_vendor:/opt/ros/jazzy/opt/gz_cmake_vendor:/opt/ros/jazzy DEBUGINFOD_URLS=https://debuginfod.ubuntu.com LD_LIBRARY_PATH=/home/rsanz/git/learning/ROS2/RustROS2/install/action_msgs/lib:/home/rsanz/git/learning/ROS2/RustROS2/install/service_msgs/lib:/home/rsanz/git/learning/ROS2/RustROS2/install/unique_identifier_msgs/lib:/home/rsanz/git/learning/ROS2/RustROS2/install/builtin_interfaces/lib:${LD_LIBRARY_PATH} PYTHONPATH=/home/rsanz/git/learning/ROS2/RustROS2/install/action_msgs/lib/python3.12/site-packages:/home/rsanz/git/learning/ROS2/RustROS2/install/service_msgs/lib/python3.12/site-packages:/home/rsanz/git/learning/ROS2/RustROS2/install/unique_identifier_msgs/lib/python3.12/site-packages:/home/rsanz/git/learning/ROS2/RustROS2/install/builtin_interfaces/lib/python3.12/site-packages:/home/rsanz/git/learning/ROS2/RustROS2/install/rosidl_generator_rs/lib/python3.12/site-packages:${PYTHONPATH} /usr/bin/cmake --install /home/rsanz/git/learning/ROS2/RustROS2/build/rosidl_default_runtime
[2.279s] Level 1:colcon.colcon_core.environment:create_environment_scripts_only(rosidl_default_generators)
[2.279s] Level 1:colcon.colcon_core.environment:checking '/home/rsanz/git/learning/ROS2/RustROS2/install/rosidl_default_generators' for CMake module files
[2.280s] Level 1:colcon.colcon_core.environment:checking '/home/rsanz/git/learning/ROS2/RustROS2/install/rosidl_default_generators' for CMake config files
[2.281s] DEBUG:colcon.colcon_core.event_handler.log_command:Invoked command in '/home/rsanz/git/learning/ROS2/RustROS2/build/rosidl_default_generators' returned '0': AMENT_PREFIX_PATH=/home/rsanz/git/learning/ROS2/RustROS2/install/action_msgs:/home/rsanz/git/learning/ROS2/RustROS2/install/service_msgs:/home/rsanz/git/learning/ROS2/RustROS2/install/unique_identifier_msgs:/home/rsanz/git/learning/ROS2/RustROS2/install/builtin_interfaces:/home/rsanz/git/learning/ROS2/RustROS2/install/rosidl_core_runtime:/home/rsanz/git/learning/ROS2/RustROS2/install/rosidl_core_generators:/home/rsanz/git/learning/ROS2/RustROS2/install/rosidl_generator_rs:${AMENT_PREFIX_PATH} CMAKE_PREFIX_PATH=/home/rsanz/git/learning/ROS2/RustROS2/install/action_msgs:/home/rsanz/git/learning/ROS2/RustROS2/install/service_msgs:/home/rsanz/git/learning/ROS2/RustROS2/install/unique_identifier_msgs:/home/rsanz/git/learning/ROS2/RustROS2/install/builtin_interfaces:/home/rsanz/git/learning/ROS2/RustROS2/install/rosidl_core_runtime:/home/rsanz/git/learning/ROS2/RustROS2/install/rosidl_core_generators:/home/rsanz/git/learning/ROS2/RustROS2/install/rosidl_generator_rs:/opt/ros/jazzy/opt/gz_math_vendor:/opt/ros/jazzy/opt/gz_utils_vendor:/opt/ros/jazzy/opt/gz_cmake_vendor:/opt/ros/jazzy DEBUGINFOD_URLS=https://debuginfod.ubuntu.com LD_LIBRARY_PATH=/home/rsanz/git/learning/ROS2/RustROS2/install/action_msgs/lib:/home/rsanz/git/learning/ROS2/RustROS2/install/service_msgs/lib:/home/rsanz/git/learning/ROS2/RustROS2/install/unique_identifier_msgs/lib:/home/rsanz/git/learning/ROS2/RustROS2/install/builtin_interfaces/lib:${LD_LIBRARY_PATH} PYTHONPATH=/home/rsanz/git/learning/ROS2/RustROS2/install/action_msgs/lib/python3.12/site-packages:/home/rsanz/git/learning/ROS2/RustROS2/install/service_msgs/lib/python3.12/site-packages:/home/rsanz/git/learning/ROS2/RustROS2/install/unique_identifier_msgs/lib/python3.12/site-packages:/home/rsanz/git/learning/ROS2/RustROS2/install/builtin_interfaces/lib/python3.12/site-packages:/home/rsanz/git/learning/ROS2/RustROS2/install/rosidl_generator_rs/lib/python3.12/site-packages:${PYTHONPATH} /usr/bin/cmake --install /home/rsanz/git/learning/ROS2/RustROS2/build/rosidl_default_generators
[2.282s] Level 1:colcon.colcon_core.shell:create_environment_hook('rosidl_default_generators', 'cmake_prefix_path')
[2.282s] INFO:colcon.colcon_core.shell:Creating environment hook '/home/rsanz/git/learning/ROS2/RustROS2/install/rosidl_default_generators/share/rosidl_default_generators/hook/cmake_prefix_path.ps1'
[2.282s] INFO:colcon.colcon_core.shell:Creating environment descriptor '/home/rsanz/git/learning/ROS2/RustROS2/install/rosidl_default_generators/share/rosidl_default_generators/hook/cmake_prefix_path.dsv'
[2.283s] INFO:colcon.colcon_core.shell:Creating environment hook '/home/rsanz/git/learning/ROS2/RustROS2/install/rosidl_default_generators/share/rosidl_default_generators/hook/cmake_prefix_path.sh'
[2.283s] Level 1:colcon.colcon_core.environment:checking '/home/rsanz/git/learning/ROS2/RustROS2/install/rosidl_default_generators/bin'
[2.283s] Level 1:colcon.colcon_core.environment:checking '/home/rsanz/git/learning/ROS2/RustROS2/install/rosidl_default_generators/lib/pkgconfig/rosidl_default_generators.pc'
[2.284s] Level 1:colcon.colcon_core.environment:checking '/home/rsanz/git/learning/ROS2/RustROS2/install/rosidl_default_generators/lib/python3.12/site-packages'
[2.284s] Level 1:colcon.colcon_core.environment:checking '/home/rsanz/git/learning/ROS2/RustROS2/install/rosidl_default_generators/bin'
[2.284s] INFO:colcon.colcon_core.shell:Creating package script '/home/rsanz/git/learning/ROS2/RustROS2/install/rosidl_default_generators/share/rosidl_default_generators/package.ps1'
[2.284s] INFO:colcon.colcon_core.shell:Creating package descriptor '/home/rsanz/git/learning/ROS2/RustROS2/install/rosidl_default_generators/share/rosidl_default_generators/package.dsv'
[2.285s] INFO:colcon.colcon_core.shell:Creating package script '/home/rsanz/git/learning/ROS2/RustROS2/install/rosidl_default_generators/share/rosidl_default_generators/package.sh'
[2.285s] INFO:colcon.colcon_core.shell:Creating package script '/home/rsanz/git/learning/ROS2/RustROS2/install/rosidl_default_generators/share/rosidl_default_generators/package.bash'
[2.285s] INFO:colcon.colcon_core.shell:Creating package script '/home/rsanz/git/learning/ROS2/RustROS2/install/rosidl_default_generators/share/rosidl_default_generators/package.zsh'
[2.285s] Level 1:colcon.colcon_core.environment:create_file_with_runtime_dependencies(/home/rsanz/git/learning/ROS2/RustROS2/install/rosidl_default_generators/share/colcon-core/packages/rosidl_default_generators)
[2.286s] Level 1:colcon.colcon_core.environment:create_environment_scripts_only(rosidl_default_generators)
[2.286s] Level 1:colcon.colcon_core.environment:checking '/home/rsanz/git/learning/ROS2/RustROS2/install/rosidl_default_generators' for CMake module files
[2.286s] Level 1:colcon.colcon_core.environment:checking '/home/rsanz/git/learning/ROS2/RustROS2/install/rosidl_default_generators' for CMake config files
[2.286s] Level 1:colcon.colcon_core.shell:create_environment_hook('rosidl_default_generators', 'cmake_prefix_path')
[2.286s] INFO:colcon.colcon_core.shell:Creating environment hook '/home/rsanz/git/learning/ROS2/RustROS2/install/rosidl_default_generators/share/rosidl_default_generators/hook/cmake_prefix_path.ps1'
[2.287s] INFO:colcon.colcon_core.shell:Creating environment descriptor '/home/rsanz/git/learning/ROS2/RustROS2/install/rosidl_default_generators/share/rosidl_default_generators/hook/cmake_prefix_path.dsv'
[2.287s] INFO:colcon.colcon_core.shell:Creating environment hook '/home/rsanz/git/learning/ROS2/RustROS2/install/rosidl_default_generators/share/rosidl_default_generators/hook/cmake_prefix_path.sh'
[2.287s] Level 1:colcon.colcon_core.environment:checking '/home/rsanz/git/learning/ROS2/RustROS2/install/rosidl_default_generators/bin'
[2.287s] Level 1:colcon.colcon_core.environment:checking '/home/rsanz/git/learning/ROS2/RustROS2/install/rosidl_default_generators/lib/pkgconfig/rosidl_default_generators.pc'
[2.288s] Level 1:colcon.colcon_core.environment:checking '/home/rsanz/git/learning/ROS2/RustROS2/install/rosidl_default_generators/lib/python3.12/site-packages'
[2.288s] Level 1:colcon.colcon_core.environment:checking '/home/rsanz/git/learning/ROS2/RustROS2/install/rosidl_default_generators/bin'
[2.288s] INFO:colcon.colcon_core.shell:Creating package script '/home/rsanz/git/learning/ROS2/RustROS2/install/rosidl_default_generators/share/rosidl_default_generators/package.ps1'
[2.288s] INFO:colcon.colcon_core.shell:Creating package descriptor '/home/rsanz/git/learning/ROS2/RustROS2/install/rosidl_default_generators/share/rosidl_default_generators/package.dsv'
[2.289s] INFO:colcon.colcon_core.shell:Creating package script '/home/rsanz/git/learning/ROS2/RustROS2/install/rosidl_default_generators/share/rosidl_default_generators/package.sh'
[2.289s] INFO:colcon.colcon_core.shell:Creating package script '/home/rsanz/git/learning/ROS2/RustROS2/install/rosidl_default_generators/share/rosidl_default_generators/package.bash'
[2.289s] INFO:colcon.colcon_core.shell:Creating package script '/home/rsanz/git/learning/ROS2/RustROS2/install/rosidl_default_generators/share/rosidl_default_generators/package.zsh'
[2.290s] Level 1:colcon.colcon_core.environment:create_file_with_runtime_dependencies(/home/rsanz/git/learning/ROS2/RustROS2/install/rosidl_default_generators/share/colcon-core/packages/rosidl_default_generators)
[2.290s] Level 1:colcon.colcon_core.environment:create_environment_scripts_only(rosidl_default_runtime)
[2.290s] Level 1:colcon.colcon_core.environment:checking '/home/rsanz/git/learning/ROS2/RustROS2/install/rosidl_default_runtime' for CMake module files
[2.291s] DEBUG:colcon.colcon_core.event_handler.log_command:Invoked command in '/home/rsanz/git/learning/ROS2/RustROS2/build/rosidl_default_runtime' returned '0': AMENT_PREFIX_PATH=/home/rsanz/git/learning/ROS2/RustROS2/install/action_msgs:/home/rsanz/git/learning/ROS2/RustROS2/install/service_msgs:/home/rsanz/git/learning/ROS2/RustROS2/install/unique_identifier_msgs:/home/rsanz/git/learning/ROS2/RustROS2/install/builtin_interfaces:/home/rsanz/git/learning/ROS2/RustROS2/install/rosidl_core_runtime:/home/rsanz/git/learning/ROS2/RustROS2/install/rosidl_core_generators:/home/rsanz/git/learning/ROS2/RustROS2/install/rosidl_generator_rs:${AMENT_PREFIX_PATH} CMAKE_PREFIX_PATH=/home/rsanz/git/learning/ROS2/RustROS2/install/action_msgs:/home/rsanz/git/learning/ROS2/RustROS2/install/service_msgs:/home/rsanz/git/learning/ROS2/RustROS2/install/unique_identifier_msgs:/home/rsanz/git/learning/ROS2/RustROS2/install/builtin_interfaces:/home/rsanz/git/learning/ROS2/RustROS2/install/rosidl_core_runtime:/home/rsanz/git/learning/ROS2/RustROS2/install/rosidl_core_generators:/home/rsanz/git/learning/ROS2/RustROS2/install/rosidl_generator_rs:/opt/ros/jazzy/opt/gz_math_vendor:/opt/ros/jazzy/opt/gz_utils_vendor:/opt/ros/jazzy/opt/gz_cmake_vendor:/opt/ros/jazzy DEBUGINFOD_URLS=https://debuginfod.ubuntu.com LD_LIBRARY_PATH=/home/rsanz/git/learning/ROS2/RustROS2/install/action_msgs/lib:/home/rsanz/git/learning/ROS2/RustROS2/install/service_msgs/lib:/home/rsanz/git/learning/ROS2/RustROS2/install/unique_identifier_msgs/lib:/home/rsanz/git/learning/ROS2/RustROS2/install/builtin_interfaces/lib:${LD_LIBRARY_PATH} PYTHONPATH=/home/rsanz/git/learning/ROS2/RustROS2/install/action_msgs/lib/python3.12/site-packages:/home/rsanz/git/learning/ROS2/RustROS2/install/service_msgs/lib/python3.12/site-packages:/home/rsanz/git/learning/ROS2/RustROS2/install/unique_identifier_msgs/lib/python3.12/site-packages:/home/rsanz/git/learning/ROS2/RustROS2/install/builtin_interfaces/lib/python3.12/site-packages:/home/rsanz/git/learning/ROS2/RustROS2/install/rosidl_generator_rs/lib/python3.12/site-packages:${PYTHONPATH} /usr/bin/cmake --install /home/rsanz/git/learning/ROS2/RustROS2/build/rosidl_default_runtime
[2.291s] Level 1:colcon.colcon_core.environment:checking '/home/rsanz/git/learning/ROS2/RustROS2/install/rosidl_default_runtime' for CMake config files
[2.291s] Level 1:colcon.colcon_core.shell:create_environment_hook('rosidl_default_runtime', 'cmake_prefix_path')
[2.291s] INFO:colcon.colcon_core.shell:Creating environment hook '/home/rsanz/git/learning/ROS2/RustROS2/install/rosidl_default_runtime/share/rosidl_default_runtime/hook/cmake_prefix_path.ps1'
[2.292s] INFO:colcon.colcon_core.shell:Creating environment descriptor '/home/rsanz/git/learning/ROS2/RustROS2/install/rosidl_default_runtime/share/rosidl_default_runtime/hook/cmake_prefix_path.dsv'
[2.292s] INFO:colcon.colcon_core.shell:Creating environment hook '/home/rsanz/git/learning/ROS2/RustROS2/install/rosidl_default_runtime/share/rosidl_default_runtime/hook/cmake_prefix_path.sh'
[2.292s] Level 1:colcon.colcon_core.environment:checking '/home/rsanz/git/learning/ROS2/RustROS2/install/rosidl_default_runtime/bin'
[2.292s] Level 1:colcon.colcon_core.environment:checking '/home/rsanz/git/learning/ROS2/RustROS2/install/rosidl_default_runtime/lib/pkgconfig/rosidl_default_runtime.pc'
[2.292s] Level 1:colcon.colcon_core.environment:checking '/home/rsanz/git/learning/ROS2/RustROS2/install/rosidl_default_runtime/lib/python3.12/site-packages'
[2.293s] Level 1:colcon.colcon_core.environment:checking '/home/rsanz/git/learning/ROS2/RustROS2/install/rosidl_default_runtime/bin'
[2.293s] INFO:colcon.colcon_core.shell:Creating package script '/home/rsanz/git/learning/ROS2/RustROS2/install/rosidl_default_runtime/share/rosidl_default_runtime/package.ps1'
[2.293s] INFO:colcon.colcon_core.shell:Creating package descriptor '/home/rsanz/git/learning/ROS2/RustROS2/install/rosidl_default_runtime/share/rosidl_default_runtime/package.dsv'
[2.293s] INFO:colcon.colcon_core.shell:Creating package script '/home/rsanz/git/learning/ROS2/RustROS2/install/rosidl_default_runtime/share/rosidl_default_runtime/package.sh'
[2.294s] INFO:colcon.colcon_core.shell:Creating package script '/home/rsanz/git/learning/ROS2/RustROS2/install/rosidl_default_runtime/share/rosidl_default_runtime/package.bash'
[2.294s] INFO:colcon.colcon_core.shell:Creating package script '/home/rsanz/git/learning/ROS2/RustROS2/install/rosidl_default_runtime/share/rosidl_default_runtime/package.zsh'
[2.294s] Level 1:colcon.colcon_core.environment:create_file_with_runtime_dependencies(/home/rsanz/git/learning/ROS2/RustROS2/install/rosidl_default_runtime/share/colcon-core/packages/rosidl_default_runtime)
[2.294s] Level 1:colcon.colcon_core.environment:create_environment_scripts_only(rosidl_default_runtime)
[2.295s] Level 1:colcon.colcon_core.environment:checking '/home/rsanz/git/learning/ROS2/RustROS2/install/rosidl_default_runtime' for CMake module files
[2.295s] Level 1:colcon.colcon_core.environment:checking '/home/rsanz/git/learning/ROS2/RustROS2/install/rosidl_default_runtime' for CMake config files
[2.295s] Level 1:colcon.colcon_core.shell:create_environment_hook('rosidl_default_runtime', 'cmake_prefix_path')
[2.295s] INFO:colcon.colcon_core.shell:Creating environment hook '/home/rsanz/git/learning/ROS2/RustROS2/install/rosidl_default_runtime/share/rosidl_default_runtime/hook/cmake_prefix_path.ps1'
[2.295s] INFO:colcon.colcon_core.shell:Creating environment descriptor '/home/rsanz/git/learning/ROS2/RustROS2/install/rosidl_default_runtime/share/rosidl_default_runtime/hook/cmake_prefix_path.dsv'
[2.296s] INFO:colcon.colcon_core.shell:Creating environment hook '/home/rsanz/git/learning/ROS2/RustROS2/install/rosidl_default_runtime/share/rosidl_default_runtime/hook/cmake_prefix_path.sh'
[2.296s] Level 1:colcon.colcon_core.environment:checking '/home/rsanz/git/learning/ROS2/RustROS2/install/rosidl_default_runtime/bin'
[2.296s] Level 1:colcon.colcon_core.environment:checking '/home/rsanz/git/learning/ROS2/RustROS2/install/rosidl_default_runtime/lib/pkgconfig/rosidl_default_runtime.pc'
[2.296s] Level 1:colcon.colcon_core.environment:checking '/home/rsanz/git/learning/ROS2/RustROS2/install/rosidl_default_runtime/lib/python3.12/site-packages'
[2.296s] Level 1:colcon.colcon_core.environment:checking '/home/rsanz/git/learning/ROS2/RustROS2/install/rosidl_default_runtime/bin'
[2.297s] INFO:colcon.colcon_core.shell:Creating package script '/home/rsanz/git/learning/ROS2/RustROS2/install/rosidl_default_runtime/share/rosidl_default_runtime/package.ps1'
[2.297s] INFO:colcon.colcon_core.shell:Creating package descriptor '/home/rsanz/git/learning/ROS2/RustROS2/install/rosidl_default_runtime/share/rosidl_default_runtime/package.dsv'
[2.297s] INFO:colcon.colcon_core.shell:Creating package script '/home/rsanz/git/learning/ROS2/RustROS2/install/rosidl_default_runtime/share/rosidl_default_runtime/package.sh'
[2.298s] INFO:colcon.colcon_core.shell:Creating package script '/home/rsanz/git/learning/ROS2/RustROS2/install/rosidl_default_runtime/share/rosidl_default_runtime/package.bash'
[2.298s] INFO:colcon.colcon_core.shell:Creating package script '/home/rsanz/git/learning/ROS2/RustROS2/install/rosidl_default_runtime/share/rosidl_default_runtime/package.zsh'
[2.298s] Level 1:colcon.colcon_core.environment:create_file_with_runtime_dependencies(/home/rsanz/git/learning/ROS2/RustROS2/install/rosidl_default_runtime/share/colcon-core/packages/rosidl_default_runtime)
[2.298s] INFO:colcon.colcon_ros.task.ament_cmake.build:Building ROS package in '/home/rsanz/git/learning/ROS2/RustROS2/src/common_interfaces/std_msgs' with build type 'ament_cmake'
[2.298s] INFO:colcon.colcon_cmake.task.cmake.build:Building CMake package in '/home/rsanz/git/learning/ROS2/RustROS2/src/common_interfaces/std_msgs'
[2.299s] INFO:colcon.colcon_core.shell:Skip shell extension 'powershell' for command environment: Not usable outside of PowerShell
[2.299s] DEBUG:colcon.colcon_core.shell:Skip shell extension 'dsv' for command environment
[2.318s] DEBUG:colcon.colcon_core.event_handler.log_command:Invoking command in '/home/rsanz/git/learning/ROS2/RustROS2/build/std_msgs': AMENT_PREFIX_PATH=/home/rsanz/git/learning/ROS2/RustROS2/install/rosidl_default_runtime:/home/rsanz/git/learning/ROS2/RustROS2/install/rosidl_default_generators:/home/rsanz/git/learning/ROS2/RustROS2/install/action_msgs:/home/rsanz/git/learning/ROS2/RustROS2/install/service_msgs:/home/rsanz/git/learning/ROS2/RustROS2/install/unique_identifier_msgs:/home/rsanz/git/learning/ROS2/RustROS2/install/builtin_interfaces:/home/rsanz/git/learning/ROS2/RustROS2/install/rosidl_core_runtime:/home/rsanz/git/learning/ROS2/RustROS2/install/rosidl_core_generators:/home/rsanz/git/learning/ROS2/RustROS2/install/rosidl_generator_rs:${AMENT_PREFIX_PATH} CMAKE_PREFIX_PATH=/home/rsanz/git/learning/ROS2/RustROS2/install/rosidl_default_runtime:/home/rsanz/git/learning/ROS2/RustROS2/install/rosidl_default_generators:/home/rsanz/git/learning/ROS2/RustROS2/install/action_msgs:/home/rsanz/git/learning/ROS2/RustROS2/install/service_msgs:/home/rsanz/git/learning/ROS2/RustROS2/install/unique_identifier_msgs:/home/rsanz/git/learning/ROS2/RustROS2/install/builtin_interfaces:/home/rsanz/git/learning/ROS2/RustROS2/install/rosidl_core_runtime:/home/rsanz/git/learning/ROS2/RustROS2/install/rosidl_core_generators:/home/rsanz/git/learning/ROS2/RustROS2/install/rosidl_generator_rs:/opt/ros/jazzy/opt/gz_math_vendor:/opt/ros/jazzy/opt/gz_utils_vendor:/opt/ros/jazzy/opt/gz_cmake_vendor:/opt/ros/jazzy DEBUGINFOD_URLS=https://debuginfod.ubuntu.com LD_LIBRARY_PATH=/home/rsanz/git/learning/ROS2/RustROS2/install/action_msgs/lib:/home/rsanz/git/learning/ROS2/RustROS2/install/service_msgs/lib:/home/rsanz/git/learning/ROS2/RustROS2/install/unique_identifier_msgs/lib:/home/rsanz/git/learning/ROS2/RustROS2/install/builtin_interfaces/lib:${LD_LIBRARY_PATH} PYTHONPATH=/home/rsanz/git/learning/ROS2/RustROS2/install/action_msgs/lib/python3.12/site-packages:/home/rsanz/git/learning/ROS2/RustROS2/install/service_msgs/lib/python3.12/site-packages:/home/rsanz/git/learning/ROS2/RustROS2/install/unique_identifier_msgs/lib/python3.12/site-packages:/home/rsanz/git/learning/ROS2/RustROS2/install/builtin_interfaces/lib/python3.12/site-packages:/home/rsanz/git/learning/ROS2/RustROS2/install/rosidl_generator_rs/lib/python3.12/site-packages:${PYTHONPATH} /usr/bin/cmake --build /home/rsanz/git/learning/ROS2/RustROS2/build/std_msgs -- -j24 -l24
[2.720s] DEBUG:colcon.colcon_core.event_handler.log_command:Invoked command in '/home/rsanz/git/learning/ROS2/RustROS2/build/std_msgs' returned '0': AMENT_PREFIX_PATH=/home/rsanz/git/learning/ROS2/RustROS2/install/rosidl_default_runtime:/home/rsanz/git/learning/ROS2/RustROS2/install/rosidl_default_generators:/home/rsanz/git/learning/ROS2/RustROS2/install/action_msgs:/home/rsanz/git/learning/ROS2/RustROS2/install/service_msgs:/home/rsanz/git/learning/ROS2/RustROS2/install/unique_identifier_msgs:/home/rsanz/git/learning/ROS2/RustROS2/install/builtin_interfaces:/home/rsanz/git/learning/ROS2/RustROS2/install/rosidl_core_runtime:/home/rsanz/git/learning/ROS2/RustROS2/install/rosidl_core_generators:/home/rsanz/git/learning/ROS2/RustROS2/install/rosidl_generator_rs:${AMENT_PREFIX_PATH} CMAKE_PREFIX_PATH=/home/rsanz/git/learning/ROS2/RustROS2/install/rosidl_default_runtime:/home/rsanz/git/learning/ROS2/RustROS2/install/rosidl_default_generators:/home/rsanz/git/learning/ROS2/RustROS2/install/action_msgs:/home/rsanz/git/learning/ROS2/RustROS2/install/service_msgs:/home/rsanz/git/learning/ROS2/RustROS2/install/unique_identifier_msgs:/home/rsanz/git/learning/ROS2/RustROS2/install/builtin_interfaces:/home/rsanz/git/learning/ROS2/RustROS2/install/rosidl_core_runtime:/home/rsanz/git/learning/ROS2/RustROS2/install/rosidl_core_generators:/home/rsanz/git/learning/ROS2/RustROS2/install/rosidl_generator_rs:/opt/ros/jazzy/opt/gz_math_vendor:/opt/ros/jazzy/opt/gz_utils_vendor:/opt/ros/jazzy/opt/gz_cmake_vendor:/opt/ros/jazzy DEBUGINFOD_URLS=https://debuginfod.ubuntu.com LD_LIBRARY_PATH=/home/rsanz/git/learning/ROS2/RustROS2/install/action_msgs/lib:/home/rsanz/git/learning/ROS2/RustROS2/install/service_msgs/lib:/home/rsanz/git/learning/ROS2/RustROS2/install/unique_identifier_msgs/lib:/home/rsanz/git/learning/ROS2/RustROS2/install/builtin_interfaces/lib:${LD_LIBRARY_PATH} PYTHONPATH=/home/rsanz/git/learning/ROS2/RustROS2/install/action_msgs/lib/python3.12/site-packages:/home/rsanz/git/learning/ROS2/RustROS2/install/service_msgs/lib/python3.12/site-packages:/home/rsanz/git/learning/ROS2/RustROS2/install/unique_identifier_msgs/lib/python3.12/site-packages:/home/rsanz/git/learning/ROS2/RustROS2/install/builtin_interfaces/lib/python3.12/site-packages:/home/rsanz/git/learning/ROS2/RustROS2/install/rosidl_generator_rs/lib/python3.12/site-packages:${PYTHONPATH} /usr/bin/cmake --build /home/rsanz/git/learning/ROS2/RustROS2/build/std_msgs -- -j24 -l24
[2.721s] DEBUG:colcon.colcon_core.event_handler.log_command:Invoking command in '/home/rsanz/git/learning/ROS2/RustROS2/build/std_msgs': AMENT_PREFIX_PATH=/home/rsanz/git/learning/ROS2/RustROS2/install/rosidl_default_runtime:/home/rsanz/git/learning/ROS2/RustROS2/install/rosidl_default_generators:/home/rsanz/git/learning/ROS2/RustROS2/install/action_msgs:/home/rsanz/git/learning/ROS2/RustROS2/install/service_msgs:/home/rsanz/git/learning/ROS2/RustROS2/install/unique_identifier_msgs:/home/rsanz/git/learning/ROS2/RustROS2/install/builtin_interfaces:/home/rsanz/git/learning/ROS2/RustROS2/install/rosidl_core_runtime:/home/rsanz/git/learning/ROS2/RustROS2/install/rosidl_core_generators:/home/rsanz/git/learning/ROS2/RustROS2/install/rosidl_generator_rs:${AMENT_PREFIX_PATH} CMAKE_PREFIX_PATH=/home/rsanz/git/learning/ROS2/RustROS2/install/rosidl_default_runtime:/home/rsanz/git/learning/ROS2/RustROS2/install/rosidl_default_generators:/home/rsanz/git/learning/ROS2/RustROS2/install/action_msgs:/home/rsanz/git/learning/ROS2/RustROS2/install/service_msgs:/home/rsanz/git/learning/ROS2/RustROS2/install/unique_identifier_msgs:/home/rsanz/git/learning/ROS2/RustROS2/install/builtin_interfaces:/home/rsanz/git/learning/ROS2/RustROS2/install/rosidl_core_runtime:/home/rsanz/git/learning/ROS2/RustROS2/install/rosidl_core_generators:/home/rsanz/git/learning/ROS2/RustROS2/install/rosidl_generator_rs:/opt/ros/jazzy/opt/gz_math_vendor:/opt/ros/jazzy/opt/gz_utils_vendor:/opt/ros/jazzy/opt/gz_cmake_vendor:/opt/ros/jazzy DEBUGINFOD_URLS=https://debuginfod.ubuntu.com LD_LIBRARY_PATH=/home/rsanz/git/learning/ROS2/RustROS2/install/action_msgs/lib:/home/rsanz/git/learning/ROS2/RustROS2/install/service_msgs/lib:/home/rsanz/git/learning/ROS2/RustROS2/install/unique_identifier_msgs/lib:/home/rsanz/git/learning/ROS2/RustROS2/install/builtin_interfaces/lib:${LD_LIBRARY_PATH} PYTHONPATH=/home/rsanz/git/learning/ROS2/RustROS2/install/action_msgs/lib/python3.12/site-packages:/home/rsanz/git/learning/ROS2/RustROS2/install/service_msgs/lib/python3.12/site-packages:/home/rsanz/git/learning/ROS2/RustROS2/install/unique_identifier_msgs/lib/python3.12/site-packages:/home/rsanz/git/learning/ROS2/RustROS2/install/builtin_interfaces/lib/python3.12/site-packages:/home/rsanz/git/learning/ROS2/RustROS2/install/rosidl_generator_rs/lib/python3.12/site-packages:${PYTHONPATH} /usr/bin/cmake --install /home/rsanz/git/learning/ROS2/RustROS2/build/std_msgs
[2.803s] Level 1:colcon.colcon_core.environment:create_environment_scripts_only(std_msgs)
[2.803s] Level 1:colcon.colcon_core.environment:checking '/home/rsanz/git/learning/ROS2/RustROS2/install/std_msgs' for CMake module files
[2.804s] DEBUG:colcon.colcon_core.event_handler.log_command:Invoked command in '/home/rsanz/git/learning/ROS2/RustROS2/build/std_msgs' returned '0': AMENT_PREFIX_PATH=/home/rsanz/git/learning/ROS2/RustROS2/install/rosidl_default_runtime:/home/rsanz/git/learning/ROS2/RustROS2/install/rosidl_default_generators:/home/rsanz/git/learning/ROS2/RustROS2/install/action_msgs:/home/rsanz/git/learning/ROS2/RustROS2/install/service_msgs:/home/rsanz/git/learning/ROS2/RustROS2/install/unique_identifier_msgs:/home/rsanz/git/learning/ROS2/RustROS2/install/builtin_interfaces:/home/rsanz/git/learning/ROS2/RustROS2/install/rosidl_core_runtime:/home/rsanz/git/learning/ROS2/RustROS2/install/rosidl_core_generators:/home/rsanz/git/learning/ROS2/RustROS2/install/rosidl_generator_rs:${AMENT_PREFIX_PATH} CMAKE_PREFIX_PATH=/home/rsanz/git/learning/ROS2/RustROS2/install/rosidl_default_runtime:/home/rsanz/git/learning/ROS2/RustROS2/install/rosidl_default_generators:/home/rsanz/git/learning/ROS2/RustROS2/install/action_msgs:/home/rsanz/git/learning/ROS2/RustROS2/install/service_msgs:/home/rsanz/git/learning/ROS2/RustROS2/install/unique_identifier_msgs:/home/rsanz/git/learning/ROS2/RustROS2/install/builtin_interfaces:/home/rsanz/git/learning/ROS2/RustROS2/install/rosidl_core_runtime:/home/rsanz/git/learning/ROS2/RustROS2/install/rosidl_core_generators:/home/rsanz/git/learning/ROS2/RustROS2/install/rosidl_generator_rs:/opt/ros/jazzy/opt/gz_math_vendor:/opt/ros/jazzy/opt/gz_utils_vendor:/opt/ros/jazzy/opt/gz_cmake_vendor:/opt/ros/jazzy DEBUGINFOD_URLS=https://debuginfod.ubuntu.com LD_LIBRARY_PATH=/home/rsanz/git/learning/ROS2/RustROS2/install/action_msgs/lib:/home/rsanz/git/learning/ROS2/RustROS2/install/service_msgs/lib:/home/rsanz/git/learning/ROS2/RustROS2/install/unique_identifier_msgs/lib:/home/rsanz/git/learning/ROS2/RustROS2/install/builtin_interfaces/lib:${LD_LIBRARY_PATH} PYTHONPATH=/home/rsanz/git/learning/ROS2/RustROS2/install/action_msgs/lib/python3.12/site-packages:/home/rsanz/git/learning/ROS2/RustROS2/install/service_msgs/lib/python3.12/site-packages:/home/rsanz/git/learning/ROS2/RustROS2/install/unique_identifier_msgs/lib/python3.12/site-packages:/home/rsanz/git/learning/ROS2/RustROS2/install/builtin_interfaces/lib/python3.12/site-packages:/home/rsanz/git/learning/ROS2/RustROS2/install/rosidl_generator_rs/lib/python3.12/site-packages:${PYTHONPATH} /usr/bin/cmake --install /home/rsanz/git/learning/ROS2/RustROS2/build/std_msgs
[2.804s] Level 1:colcon.colcon_core.environment:checking '/home/rsanz/git/learning/ROS2/RustROS2/install/std_msgs' for CMake config files
[2.806s] Level 1:colcon.colcon_core.shell:create_environment_hook('std_msgs', 'cmake_prefix_path')
[2.806s] INFO:colcon.colcon_core.shell:Creating environment hook '/home/rsanz/git/learning/ROS2/RustROS2/install/std_msgs/share/std_msgs/hook/cmake_prefix_path.ps1'
[2.806s] INFO:colcon.colcon_core.shell:Creating environment descriptor '/home/rsanz/git/learning/ROS2/RustROS2/install/std_msgs/share/std_msgs/hook/cmake_prefix_path.dsv'
[2.806s] INFO:colcon.colcon_core.shell:Creating environment hook '/home/rsanz/git/learning/ROS2/RustROS2/install/std_msgs/share/std_msgs/hook/cmake_prefix_path.sh'
[2.807s] Level 1:colcon.colcon_core.environment:checking '/home/rsanz/git/learning/ROS2/RustROS2/install/std_msgs/lib'
[2.807s] Level 1:colcon.colcon_core.shell:create_environment_hook('std_msgs', 'ld_library_path_lib')
[2.807s] INFO:colcon.colcon_core.shell:Creating environment hook '/home/rsanz/git/learning/ROS2/RustROS2/install/std_msgs/share/std_msgs/hook/ld_library_path_lib.ps1'
[2.807s] INFO:colcon.colcon_core.shell:Creating environment descriptor '/home/rsanz/git/learning/ROS2/RustROS2/install/std_msgs/share/std_msgs/hook/ld_library_path_lib.dsv'
[2.807s] INFO:colcon.colcon_core.shell:Creating environment hook '/home/rsanz/git/learning/ROS2/RustROS2/install/std_msgs/share/std_msgs/hook/ld_library_path_lib.sh'
[2.808s] Level 1:colcon.colcon_core.environment:checking '/home/rsanz/git/learning/ROS2/RustROS2/install/std_msgs/bin'
[2.808s] Level 1:colcon.colcon_core.environment:checking '/home/rsanz/git/learning/ROS2/RustROS2/install/std_msgs/lib/pkgconfig/std_msgs.pc'
[2.808s] Level 1:colcon.colcon_core.environment:checking '/home/rsanz/git/learning/ROS2/RustROS2/install/std_msgs/lib/python3.12/site-packages'
[2.808s] Level 1:colcon.colcon_core.shell:create_environment_hook('std_msgs', 'pythonpath')
[2.808s] INFO:colcon.colcon_core.shell:Creating environment hook '/home/rsanz/git/learning/ROS2/RustROS2/install/std_msgs/share/std_msgs/hook/pythonpath.ps1'
[2.808s] INFO:colcon.colcon_core.shell:Creating environment descriptor '/home/rsanz/git/learning/ROS2/RustROS2/install/std_msgs/share/std_msgs/hook/pythonpath.dsv'
[2.809s] INFO:colcon.colcon_core.shell:Creating environment hook '/home/rsanz/git/learning/ROS2/RustROS2/install/std_msgs/share/std_msgs/hook/pythonpath.sh'
[2.809s] Level 1:colcon.colcon_core.environment:checking '/home/rsanz/git/learning/ROS2/RustROS2/install/std_msgs/bin'
[2.809s] INFO:colcon.colcon_core.shell:Creating package script '/home/rsanz/git/learning/ROS2/RustROS2/install/std_msgs/share/std_msgs/package.ps1'
[2.810s] INFO:colcon.colcon_core.shell:Creating package descriptor '/home/rsanz/git/learning/ROS2/RustROS2/install/std_msgs/share/std_msgs/package.dsv'
[2.810s] INFO:colcon.colcon_core.shell:Creating package script '/home/rsanz/git/learning/ROS2/RustROS2/install/std_msgs/share/std_msgs/package.sh'
[2.810s] INFO:colcon.colcon_core.shell:Creating package script '/home/rsanz/git/learning/ROS2/RustROS2/install/std_msgs/share/std_msgs/package.bash'
[2.810s] INFO:colcon.colcon_core.shell:Creating package script '/home/rsanz/git/learning/ROS2/RustROS2/install/std_msgs/share/std_msgs/package.zsh'
[2.811s] Level 1:colcon.colcon_core.environment:create_file_with_runtime_dependencies(/home/rsanz/git/learning/ROS2/RustROS2/install/std_msgs/share/colcon-core/packages/std_msgs)
[2.811s] Level 1:colcon.colcon_core.environment:create_environment_scripts_only(std_msgs)
[2.811s] Level 1:colcon.colcon_core.environment:checking '/home/rsanz/git/learning/ROS2/RustROS2/install/std_msgs' for CMake module files
[2.811s] Level 1:colcon.colcon_core.environment:checking '/home/rsanz/git/learning/ROS2/RustROS2/install/std_msgs' for CMake config files
[2.812s] Level 1:colcon.colcon_core.shell:create_environment_hook('std_msgs', 'cmake_prefix_path')
[2.812s] INFO:colcon.colcon_core.shell:Creating environment hook '/home/rsanz/git/learning/ROS2/RustROS2/install/std_msgs/share/std_msgs/hook/cmake_prefix_path.ps1'
[2.813s] INFO:colcon.colcon_core.shell:Creating environment descriptor '/home/rsanz/git/learning/ROS2/RustROS2/install/std_msgs/share/std_msgs/hook/cmake_prefix_path.dsv'
[2.813s] INFO:colcon.colcon_core.shell:Creating environment hook '/home/rsanz/git/learning/ROS2/RustROS2/install/std_msgs/share/std_msgs/hook/cmake_prefix_path.sh'
[2.813s] Level 1:colcon.colcon_core.environment:checking '/home/rsanz/git/learning/ROS2/RustROS2/install/std_msgs/lib'
[2.813s] Level 1:colcon.colcon_core.shell:create_environment_hook('std_msgs', 'ld_library_path_lib')
[2.813s] INFO:colcon.colcon_core.shell:Creating environment hook '/home/rsanz/git/learning/ROS2/RustROS2/install/std_msgs/share/std_msgs/hook/ld_library_path_lib.ps1'
[2.814s] INFO:colcon.colcon_core.shell:Creating environment descriptor '/home/rsanz/git/learning/ROS2/RustROS2/install/std_msgs/share/std_msgs/hook/ld_library_path_lib.dsv'
[2.814s] INFO:colcon.colcon_core.shell:Creating environment hook '/home/rsanz/git/learning/ROS2/RustROS2/install/std_msgs/share/std_msgs/hook/ld_library_path_lib.sh'
[2.814s] Level 1:colcon.colcon_core.environment:checking '/home/rsanz/git/learning/ROS2/RustROS2/install/std_msgs/bin'
[2.814s] Level 1:colcon.colcon_core.environment:checking '/home/rsanz/git/learning/ROS2/RustROS2/install/std_msgs/lib/pkgconfig/std_msgs.pc'
[2.814s] Level 1:colcon.colcon_core.environment:checking '/home/rsanz/git/learning/ROS2/RustROS2/install/std_msgs/lib/python3.12/site-packages'
[2.814s] Level 1:colcon.colcon_core.shell:create_environment_hook('std_msgs', 'pythonpath')
[2.815s] INFO:colcon.colcon_core.shell:Creating environment hook '/home/rsanz/git/learning/ROS2/RustROS2/install/std_msgs/share/std_msgs/hook/pythonpath.ps1'
[2.815s] INFO:colcon.colcon_core.shell:Creating environment descriptor '/home/rsanz/git/learning/ROS2/RustROS2/install/std_msgs/share/std_msgs/hook/pythonpath.dsv'
[2.815s] INFO:colcon.colcon_core.shell:Creating environment hook '/home/rsanz/git/learning/ROS2/RustROS2/install/std_msgs/share/std_msgs/hook/pythonpath.sh'
[2.815s] Level 1:colcon.colcon_core.environment:checking '/home/rsanz/git/learning/ROS2/RustROS2/install/std_msgs/bin'
[2.816s] INFO:colcon.colcon_core.shell:Creating package script '/home/rsanz/git/learning/ROS2/RustROS2/install/std_msgs/share/std_msgs/package.ps1'
[2.816s] INFO:colcon.colcon_core.shell:Creating package descriptor '/home/rsanz/git/learning/ROS2/RustROS2/install/std_msgs/share/std_msgs/package.dsv'
[2.816s] INFO:colcon.colcon_core.shell:Creating package script '/home/rsanz/git/learning/ROS2/RustROS2/install/std_msgs/share/std_msgs/package.sh'
[2.817s] INFO:colcon.colcon_core.shell:Creating package script '/home/rsanz/git/learning/ROS2/RustROS2/install/std_msgs/share/std_msgs/package.bash'
[2.817s] INFO:colcon.colcon_core.shell:Creating package script '/home/rsanz/git/learning/ROS2/RustROS2/install/std_msgs/share/std_msgs/package.zsh'
[2.817s] Level 1:colcon.colcon_core.environment:create_file_with_runtime_dependencies(/home/rsanz/git/learning/ROS2/RustROS2/install/std_msgs/share/colcon-core/packages/std_msgs)
[2.817s] INFO:colcon.colcon_cargo.task.cargo.build:Building Cargo package in '/home/rsanz/git/learning/ROS2/RustROS2/src/rust_pubsub'
[2.817s] INFO:colcon.colcon_core.shell:Skip shell extension 'powershell' for command environment: Not usable outside of PowerShell
[2.818s] DEBUG:colcon.colcon_core.shell:Skip shell extension 'dsv' for command environment
[2.838s] Level 1:colcon.colcon_core.shell:create_environment_hook('rust_pubsub', 'ament_prefix_path')
[2.839s] INFO:colcon.colcon_core.shell:Creating environment hook '/home/rsanz/git/learning/ROS2/RustROS2/install/rust_pubsub/share/rust_pubsub/hook/ament_prefix_path.ps1'
[2.839s] INFO:colcon.colcon_core.shell:Creating environment descriptor '/home/rsanz/git/learning/ROS2/RustROS2/install/rust_pubsub/share/rust_pubsub/hook/ament_prefix_path.dsv'
[2.839s] INFO:colcon.colcon_core.shell:Creating environment hook '/home/rsanz/git/learning/ROS2/RustROS2/install/rust_pubsub/share/rust_pubsub/hook/ament_prefix_path.sh'
[2.841s] DEBUG:colcon.colcon_core.event_handler.log_command:Invoking command in 'src/rust_pubsub': AMENT_PREFIX_PATH=/home/rsanz/git/learning/ROS2/RustROS2/install/std_msgs:/home/rsanz/git/learning/ROS2/RustROS2/install/rosidl_default_runtime:/home/rsanz/git/learning/ROS2/RustROS2/install/rosidl_default_generators:/home/rsanz/git/learning/ROS2/RustROS2/install/action_msgs:/home/rsanz/git/learning/ROS2/RustROS2/install/service_msgs:/home/rsanz/git/learning/ROS2/RustROS2/install/unique_identifier_msgs:/home/rsanz/git/learning/ROS2/RustROS2/install/builtin_interfaces:/home/rsanz/git/learning/ROS2/RustROS2/install/rosidl_core_runtime:/home/rsanz/git/learning/ROS2/RustROS2/install/rosidl_core_generators:/home/rsanz/git/learning/ROS2/RustROS2/install/rosidl_generator_rs:${AMENT_PREFIX_PATH} CMAKE_PREFIX_PATH=/home/rsanz/git/learning/ROS2/RustROS2/install/std_msgs:/home/rsanz/git/learning/ROS2/RustROS2/install/rosidl_default_runtime:/home/rsanz/git/learning/ROS2/RustROS2/install/rosidl_default_generators:/home/rsanz/git/learning/ROS2/RustROS2/install/action_msgs:/home/rsanz/git/learning/ROS2/RustROS2/install/service_msgs:/home/rsanz/git/learning/ROS2/RustROS2/install/unique_identifier_msgs:/home/rsanz/git/learning/ROS2/RustROS2/install/builtin_interfaces:/home/rsanz/git/learning/ROS2/RustROS2/install/rosidl_core_runtime:/home/rsanz/git/learning/ROS2/RustROS2/install/rosidl_core_generators:/home/rsanz/git/learning/ROS2/RustROS2/install/rosidl_generator_rs:${CMAKE_PREFIX_PATH} DEBUGINFOD_URLS=https://debuginfod.ubuntu.com LD_LIBRARY_PATH=/home/rsanz/git/learning/ROS2/RustROS2/install/std_msgs/lib:/home/rsanz/git/learning/ROS2/RustROS2/install/action_msgs/lib:/home/rsanz/git/learning/ROS2/RustROS2/install/service_msgs/lib:/home/rsanz/git/learning/ROS2/RustROS2/install/unique_identifier_msgs/lib:/home/rsanz/git/learning/ROS2/RustROS2/install/builtin_interfaces/lib:${LD_LIBRARY_PATH} PYTHONPATH=/home/rsanz/git/learning/ROS2/RustROS2/install/std_msgs/lib/python3.12/site-packages:/home/rsanz/git/learning/ROS2/RustROS2/install/action_msgs/lib/python3.12/site-packages:/home/rsanz/git/learning/ROS2/RustROS2/install/service_msgs/lib/python3.12/site-packages:/home/rsanz/git/learning/ROS2/RustROS2/install/unique_identifier_msgs/lib/python3.12/site-packages:/home/rsanz/git/learning/ROS2/RustROS2/install/builtin_interfaces/lib/python3.12/site-packages:/home/rsanz/git/learning/ROS2/RustROS2/install/rosidl_generator_rs/lib/python3.12/site-packages:${PYTHONPATH} /home/rsanz/.cargo/bin/cargo metadata --no-deps --format-version 1
[2.857s] DEBUG:colcon.colcon_core.event_handler.log_command:Invoked command in 'src/rust_pubsub' returned '0': AMENT_PREFIX_PATH=/home/rsanz/git/learning/ROS2/RustROS2/install/std_msgs:/home/rsanz/git/learning/ROS2/RustROS2/install/rosidl_default_runtime:/home/rsanz/git/learning/ROS2/RustROS2/install/rosidl_default_generators:/home/rsanz/git/learning/ROS2/RustROS2/install/action_msgs:/home/rsanz/git/learning/ROS2/RustROS2/install/service_msgs:/home/rsanz/git/learning/ROS2/RustROS2/install/unique_identifier_msgs:/home/rsanz/git/learning/ROS2/RustROS2/install/builtin_interfaces:/home/rsanz/git/learning/ROS2/RustROS2/install/rosidl_core_runtime:/home/rsanz/git/learning/ROS2/RustROS2/install/rosidl_core_generators:/home/rsanz/git/learning/ROS2/RustROS2/install/rosidl_generator_rs:${AMENT_PREFIX_PATH} CMAKE_PREFIX_PATH=/home/rsanz/git/learning/ROS2/RustROS2/install/std_msgs:/home/rsanz/git/learning/ROS2/RustROS2/install/rosidl_default_runtime:/home/rsanz/git/learning/ROS2/RustROS2/install/rosidl_default_generators:/home/rsanz/git/learning/ROS2/RustROS2/install/action_msgs:/home/rsanz/git/learning/ROS2/RustROS2/install/service_msgs:/home/rsanz/git/learning/ROS2/RustROS2/install/unique_identifier_msgs:/home/rsanz/git/learning/ROS2/RustROS2/install/builtin_interfaces:/home/rsanz/git/learning/ROS2/RustROS2/install/rosidl_core_runtime:/home/rsanz/git/learning/ROS2/RustROS2/install/rosidl_core_generators:/home/rsanz/git/learning/ROS2/RustROS2/install/rosidl_generator_rs:${CMAKE_PREFIX_PATH} DEBUGINFOD_URLS=https://debuginfod.ubuntu.com LD_LIBRARY_PATH=/home/rsanz/git/learning/ROS2/RustROS2/install/std_msgs/lib:/home/rsanz/git/learning/ROS2/RustROS2/install/action_msgs/lib:/home/rsanz/git/learning/ROS2/RustROS2/install/service_msgs/lib:/home/rsanz/git/learning/ROS2/RustROS2/install/unique_identifier_msgs/lib:/home/rsanz/git/learning/ROS2/RustROS2/install/builtin_interfaces/lib:${LD_LIBRARY_PATH} PYTHONPATH=/home/rsanz/git/learning/ROS2/RustROS2/install/std_msgs/lib/python3.12/site-packages:/home/rsanz/git/learning/ROS2/RustROS2/install/action_msgs/lib/python3.12/site-packages:/home/rsanz/git/learning/ROS2/RustROS2/install/service_msgs/lib/python3.12/site-packages:/home/rsanz/git/learning/ROS2/RustROS2/install/unique_identifier_msgs/lib/python3.12/site-packages:/home/rsanz/git/learning/ROS2/RustROS2/install/builtin_interfaces/lib/python3.12/site-packages:/home/rsanz/git/learning/ROS2/RustROS2/install/rosidl_generator_rs/lib/python3.12/site-packages:${PYTHONPATH} /home/rsanz/.cargo/bin/cargo metadata --no-deps --format-version 1
[2.858s] DEBUG:colcon.colcon_core.event_handler.log_command:Invoking command in 'src/rust_pubsub': AMENT_PREFIX_PATH=/home/rsanz/git/learning/ROS2/RustROS2/install/std_msgs:/home/rsanz/git/learning/ROS2/RustROS2/install/rosidl_default_runtime:/home/rsanz/git/learning/ROS2/RustROS2/install/rosidl_default_generators:/home/rsanz/git/learning/ROS2/RustROS2/install/action_msgs:/home/rsanz/git/learning/ROS2/RustROS2/install/service_msgs:/home/rsanz/git/learning/ROS2/RustROS2/install/unique_identifier_msgs:/home/rsanz/git/learning/ROS2/RustROS2/install/builtin_interfaces:/home/rsanz/git/learning/ROS2/RustROS2/install/rosidl_core_runtime:/home/rsanz/git/learning/ROS2/RustROS2/install/rosidl_core_generators:/home/rsanz/git/learning/ROS2/RustROS2/install/rosidl_generator_rs:${AMENT_PREFIX_PATH} CMAKE_PREFIX_PATH=/home/rsanz/git/learning/ROS2/RustROS2/install/std_msgs:/home/rsanz/git/learning/ROS2/RustROS2/install/rosidl_default_runtime:/home/rsanz/git/learning/ROS2/RustROS2/install/rosidl_default_generators:/home/rsanz/git/learning/ROS2/RustROS2/install/action_msgs:/home/rsanz/git/learning/ROS2/RustROS2/install/service_msgs:/home/rsanz/git/learning/ROS2/RustROS2/install/unique_identifier_msgs:/home/rsanz/git/learning/ROS2/RustROS2/install/builtin_interfaces:/home/rsanz/git/learning/ROS2/RustROS2/install/rosidl_core_runtime:/home/rsanz/git/learning/ROS2/RustROS2/install/rosidl_core_generators:/home/rsanz/git/learning/ROS2/RustROS2/install/rosidl_generator_rs:${CMAKE_PREFIX_PATH} DEBUGINFOD_URLS=https://debuginfod.ubuntu.com LD_LIBRARY_PATH=/home/rsanz/git/learning/ROS2/RustROS2/install/std_msgs/lib:/home/rsanz/git/learning/ROS2/RustROS2/install/action_msgs/lib:/home/rsanz/git/learning/ROS2/RustROS2/install/service_msgs/lib:/home/rsanz/git/learning/ROS2/RustROS2/install/unique_identifier_msgs/lib:/home/rsanz/git/learning/ROS2/RustROS2/install/builtin_interfaces/lib:${LD_LIBRARY_PATH} PYTHONPATH=/home/rsanz/git/learning/ROS2/RustROS2/install/std_msgs/lib/python3.12/site-packages:/home/rsanz/git/learning/ROS2/RustROS2/install/action_msgs/lib/python3.12/site-packages:/home/rsanz/git/learning/ROS2/RustROS2/install/service_msgs/lib/python3.12/site-packages:/home/rsanz/git/learning/ROS2/RustROS2/install/unique_identifier_msgs/lib/python3.12/site-packages:/home/rsanz/git/learning/ROS2/RustROS2/install/builtin_interfaces/lib/python3.12/site-packages:/home/rsanz/git/learning/ROS2/RustROS2/install/rosidl_generator_rs/lib/python3.12/site-packages:${PYTHONPATH} /home/rsanz/.cargo/bin/cargo ament-build --install-base /home/rsanz/git/learning/ROS2/RustROS2/install/rust_pubsub -- --manifest-path /home/rsanz/git/learning/ROS2/RustROS2/src/rust_pubsub/Cargo.toml --target-dir /home/rsanz/git/learning/ROS2/RustROS2/build/rust_pubsub --quiet
[3.129s] DEBUG:colcon.colcon_core.event_handler.log_command:Invoked command in 'src/rust_pubsub' returned '1': AMENT_PREFIX_PATH=/home/rsanz/git/learning/ROS2/RustROS2/install/std_msgs:/home/rsanz/git/learning/ROS2/RustROS2/install/rosidl_default_runtime:/home/rsanz/git/learning/ROS2/RustROS2/install/rosidl_default_generators:/home/rsanz/git/learning/ROS2/RustROS2/install/action_msgs:/home/rsanz/git/learning/ROS2/RustROS2/install/service_msgs:/home/rsanz/git/learning/ROS2/RustROS2/install/unique_identifier_msgs:/home/rsanz/git/learning/ROS2/RustROS2/install/builtin_interfaces:/home/rsanz/git/learning/ROS2/RustROS2/install/rosidl_core_runtime:/home/rsanz/git/learning/ROS2/RustROS2/install/rosidl_core_generators:/home/rsanz/git/learning/ROS2/RustROS2/install/rosidl_generator_rs:${AMENT_PREFIX_PATH} CMAKE_PREFIX_PATH=/home/rsanz/git/learning/ROS2/RustROS2/install/std_msgs:/home/rsanz/git/learning/ROS2/RustROS2/install/rosidl_default_runtime:/home/rsanz/git/learning/ROS2/RustROS2/install/rosidl_default_generators:/home/rsanz/git/learning/ROS2/RustROS2/install/action_msgs:/home/rsanz/git/learning/ROS2/RustROS2/install/service_msgs:/home/rsanz/git/learning/ROS2/RustROS2/install/unique_identifier_msgs:/home/rsanz/git/learning/ROS2/RustROS2/install/builtin_interfaces:/home/rsanz/git/learning/ROS2/RustROS2/install/rosidl_core_runtime:/home/rsanz/git/learning/ROS2/RustROS2/install/rosidl_core_generators:/home/rsanz/git/learning/ROS2/RustROS2/install/rosidl_generator_rs:${CMAKE_PREFIX_PATH} DEBUGINFOD_URLS=https://debuginfod.ubuntu.com LD_LIBRARY_PATH=/home/rsanz/git/learning/ROS2/RustROS2/install/std_msgs/lib:/home/rsanz/git/learning/ROS2/RustROS2/install/action_msgs/lib:/home/rsanz/git/learning/ROS2/RustROS2/install/service_msgs/lib:/home/rsanz/git/learning/ROS2/RustROS2/install/unique_identifier_msgs/lib:/home/rsanz/git/learning/ROS2/RustROS2/install/builtin_interfaces/lib:${LD_LIBRARY_PATH} PYTHONPATH=/home/rsanz/git/learning/ROS2/RustROS2/install/std_msgs/lib/python3.12/site-packages:/home/rsanz/git/learning/ROS2/RustROS2/install/action_msgs/lib/python3.12/site-packages:/home/rsanz/git/learning/ROS2/RustROS2/install/service_msgs/lib/python3.12/site-packages:/home/rsanz/git/learning/ROS2/RustROS2/install/unique_identifier_msgs/lib/python3.12/site-packages:/home/rsanz/git/learning/ROS2/RustROS2/install/builtin_interfaces/lib/python3.12/site-packages:/home/rsanz/git/learning/ROS2/RustROS2/install/rosidl_generator_rs/lib/python3.12/site-packages:${PYTHONPATH} /home/rsanz/.cargo/bin/cargo ament-build --install-base /home/rsanz/git/learning/ROS2/RustROS2/install/rust_pubsub -- --manifest-path /home/rsanz/git/learning/ROS2/RustROS2/src/rust_pubsub/Cargo.toml --target-dir /home/rsanz/git/learning/ROS2/RustROS2/build/rust_pubsub --quiet
[3.138s] DEBUG:colcon.colcon_parallel_executor.executor.parallel:closing loop
[3.139s] DEBUG:colcon.colcon_parallel_executor.executor.parallel:loop closed
[3.139s] DEBUG:colcon.colcon_parallel_executor.executor.parallel:run_until_complete finished with '1'
[3.139s] DEBUG:colcon.colcon_core.event_reactor:joining thread
[3.144s] INFO:colcon.colcon_core.plugin_system:Skipping extension 'colcon_notification.desktop_notification.terminal_notifier': Not used on non-Darwin systems
[3.144s] INFO:colcon.colcon_core.plugin_system:Skipping extension 'colcon_notification.desktop_notification.win32': Not used on non-Windows systems
[3.144s] INFO:colcon.colcon_notification.desktop_notification:Sending desktop notification using 'notify2'
[3.156s] DEBUG:colcon.colcon_core.event_reactor:joined thread
[3.156s] INFO:colcon.colcon_core.shell:Creating prefix script '/home/rsanz/git/learning/ROS2/RustROS2/install/local_setup.ps1'
[3.157s] INFO:colcon.colcon_core.shell:Creating prefix util module '/home/rsanz/git/learning/ROS2/RustROS2/install/_local_setup_util_ps1.py'
[3.158s] INFO:colcon.colcon_core.shell:Creating prefix chain script '/home/rsanz/git/learning/ROS2/RustROS2/install/setup.ps1'
[3.159s] INFO:colcon.colcon_core.shell:Creating prefix script '/home/rsanz/git/learning/ROS2/RustROS2/install/local_setup.sh'
[3.159s] INFO:colcon.colcon_core.shell:Creating prefix util module '/home/rsanz/git/learning/ROS2/RustROS2/install/_local_setup_util_sh.py'
[3.159s] INFO:colcon.colcon_core.shell:Creating prefix chain script '/home/rsanz/git/learning/ROS2/RustROS2/install/setup.sh'
[3.160s] INFO:colcon.colcon_core.shell:Creating prefix script '/home/rsanz/git/learning/ROS2/RustROS2/install/local_setup.bash'
[3.160s] INFO:colcon.colcon_core.shell:Creating prefix chain script '/home/rsanz/git/learning/ROS2/RustROS2/install/setup.bash'
[3.161s] INFO:colcon.colcon_core.shell:Creating prefix script '/home/rsanz/git/learning/ROS2/RustROS2/install/local_setup.zsh'
[3.162s] INFO:colcon.colcon_core.shell:Creating prefix chain script '/home/rsanz/git/learning/ROS2/RustROS2/install/setup.zsh'
