[  0%] Built target std_msgs__rosidl_generator_type_description
[  1%] Built target std_msgs__rs
[  1%] Built target ament_cmake_python_copy_std_msgs
[  1%] Built target std_msgs__cpp
[ 29%] Built target std_msgs__rosidl_generator_c
[ 39%] Built target std_msgs__rosidl_typesupport_c
[ 49%] Built target std_msgs__rosidl_typesupport_introspection_c
[ 65%] Built target std_msgs__rosidl_typesupport_introspection_cpp
[ 71%] Built target std_msgs__rosidl_typesupport_cpp
[ 78%] Built target std_msgs__rosidl_typesupport_fastrtps_c
[ 88%] Built target std_msgs__rosidl_typesupport_fastrtps_cpp
[ 88%] Built target std_msgs
[ 88%] Built target std_msgs__py
[ 98%] Built target std_msgs__rosidl_generator_py
[ 98%] Built target std_msgs_s__rosidl_typesupport_c
[ 99%] Built target std_msgs_s__rosidl_typesupport_introspection_c
[100%] Built target std_msgs_s__rosidl_typesupport_fastrtps_c
running egg_info
writing std_msgs.egg-info/PKG-INFO
writing dependency_links to std_msgs.egg-info/dependency_links.txt
writing top-level names to std_msgs.egg-info/top_level.txt
reading manifest file 'std_msgs.egg-info/SOURCES.txt'
writing manifest file 'std_msgs.egg-info/SOURCES.txt'
[100%] Built target ament_cmake_python_build_std_msgs_egg
-- Install configuration: ""
-- Up-to-date: /home/rsanz/git/learning/ROS2/RustROS2/install/std_msgs/share/ament_index/resource_index/rosidl_interfaces/std_msgs
-- Up-to-date: /home/rsanz/git/learning/ROS2/RustROS2/install/std_msgs/share/std_msgs/msg/Bool.json
-- Up-to-date: /home/rsanz/git/learning/ROS2/RustROS2/install/std_msgs/share/std_msgs/msg/Byte.json
-- Up-to-date: /home/rsanz/git/learning/ROS2/RustROS2/install/std_msgs/share/std_msgs/msg/ByteMultiArray.json
-- Up-to-date: /home/rsanz/git/learning/ROS2/RustROS2/install/std_msgs/share/std_msgs/msg/Char.json
-- Up-to-date: /home/rsanz/git/learning/ROS2/RustROS2/install/std_msgs/share/std_msgs/msg/ColorRGBA.json
-- Up-to-date: /home/rsanz/git/learning/ROS2/RustROS2/install/std_msgs/share/std_msgs/msg/Empty.json
-- Up-to-date: /home/rsanz/git/learning/ROS2/RustROS2/install/std_msgs/share/std_msgs/msg/Float32.json
-- Up-to-date: /home/rsanz/git/learning/ROS2/RustROS2/install/std_msgs/share/std_msgs/msg/Float32MultiArray.json
-- Up-to-date: /home/rsanz/git/learning/ROS2/RustROS2/install/std_msgs/share/std_msgs/msg/Float64.json
-- Up-to-date: /home/rsanz/git/learning/ROS2/RustROS2/install/std_msgs/share/std_msgs/msg/Float64MultiArray.json
-- Up-to-date: /home/rsanz/git/learning/ROS2/RustROS2/install/std_msgs/share/std_msgs/msg/Header.json
-- Up-to-date: /home/rsanz/git/learning/ROS2/RustROS2/install/std_msgs/share/std_msgs/msg/Int16.json
-- Up-to-date: /home/rsanz/git/learning/ROS2/RustROS2/install/std_msgs/share/std_msgs/msg/Int16MultiArray.json
-- Up-to-date: /home/rsanz/git/learning/ROS2/RustROS2/install/std_msgs/share/std_msgs/msg/Int32.json
-- Up-to-date: /home/rsanz/git/learning/ROS2/RustROS2/install/std_msgs/share/std_msgs/msg/Int32MultiArray.json
-- Up-to-date: /home/rsanz/git/learning/ROS2/RustROS2/install/std_msgs/share/std_msgs/msg/Int64.json
-- Up-to-date: /home/rsanz/git/learning/ROS2/RustROS2/install/std_msgs/share/std_msgs/msg/Int64MultiArray.json
-- Up-to-date: /home/rsanz/git/learning/ROS2/RustROS2/install/std_msgs/share/std_msgs/msg/Int8.json
-- Up-to-date: /home/rsanz/git/learning/ROS2/RustROS2/install/std_msgs/share/std_msgs/msg/Int8MultiArray.json
-- Up-to-date: /home/rsanz/git/learning/ROS2/RustROS2/install/std_msgs/share/std_msgs/msg/MultiArrayDimension.json
-- Up-to-date: /home/rsanz/git/learning/ROS2/RustROS2/install/std_msgs/share/std_msgs/msg/MultiArrayLayout.json
-- Up-to-date: /home/rsanz/git/learning/ROS2/RustROS2/install/std_msgs/share/std_msgs/msg/String.json
-- Up-to-date: /home/rsanz/git/learning/ROS2/RustROS2/install/std_msgs/share/std_msgs/msg/UInt16.json
-- Up-to-date: /home/rsanz/git/learning/ROS2/RustROS2/install/std_msgs/share/std_msgs/msg/UInt16MultiArray.json
-- Up-to-date: /home/rsanz/git/learning/ROS2/RustROS2/install/std_msgs/share/std_msgs/msg/UInt32.json
-- Up-to-date: /home/rsanz/git/learning/ROS2/RustROS2/install/std_msgs/share/std_msgs/msg/UInt32MultiArray.json
-- Up-to-date: /home/rsanz/git/learning/ROS2/RustROS2/install/std_msgs/share/std_msgs/msg/UInt64.json
-- Up-to-date: /home/rsanz/git/learning/ROS2/RustROS2/install/std_msgs/share/std_msgs/msg/UInt64MultiArray.json
-- Up-to-date: /home/rsanz/git/learning/ROS2/RustROS2/install/std_msgs/share/std_msgs/msg/UInt8.json
-- Up-to-date: /home/rsanz/git/learning/ROS2/RustROS2/install/std_msgs/share/std_msgs/msg/UInt8MultiArray.json
-- Up-to-date: /home/rsanz/git/learning/ROS2/RustROS2/install/std_msgs/include/std_msgs/std_msgs
-- Up-to-date: /home/rsanz/git/learning/ROS2/RustROS2/install/std_msgs/include/std_msgs/std_msgs/msg
-- Up-to-date: /home/rsanz/git/learning/ROS2/RustROS2/install/std_msgs/include/std_msgs/std_msgs/msg/bool.h
-- Up-to-date: /home/rsanz/git/learning/ROS2/RustROS2/install/std_msgs/include/std_msgs/std_msgs/msg/rosidl_generator_c__visibility_control.h
-- Up-to-date: /home/rsanz/git/learning/ROS2/RustROS2/install/std_msgs/include/std_msgs/std_msgs/msg/u_int32.h
-- Up-to-date: /home/rsanz/git/learning/ROS2/RustROS2/install/std_msgs/include/std_msgs/std_msgs/msg/int64_multi_array.h
-- Up-to-date: /home/rsanz/git/learning/ROS2/RustROS2/install/std_msgs/include/std_msgs/std_msgs/msg/u_int8.h
-- Up-to-date: /home/rsanz/git/learning/ROS2/RustROS2/install/std_msgs/include/std_msgs/std_msgs/msg/int64.h
-- Up-to-date: /home/rsanz/git/learning/ROS2/RustROS2/install/std_msgs/include/std_msgs/std_msgs/msg/u_int16_multi_array.h
-- Up-to-date: /home/rsanz/git/learning/ROS2/RustROS2/install/std_msgs/include/std_msgs/std_msgs/msg/int32_multi_array.h
-- Up-to-date: /home/rsanz/git/learning/ROS2/RustROS2/install/std_msgs/include/std_msgs/std_msgs/msg/int32.h
-- Up-to-date: /home/rsanz/git/learning/ROS2/RustROS2/install/std_msgs/include/std_msgs/std_msgs/msg/header.h
-- Up-to-date: /home/rsanz/git/learning/ROS2/RustROS2/install/std_msgs/include/std_msgs/std_msgs/msg/char.h
-- Up-to-date: /home/rsanz/git/learning/ROS2/RustROS2/install/std_msgs/include/std_msgs/std_msgs/msg/byte_multi_array.h
-- Up-to-date: /home/rsanz/git/learning/ROS2/RustROS2/install/std_msgs/include/std_msgs/std_msgs/msg/int16_multi_array.h
-- Up-to-date: /home/rsanz/git/learning/ROS2/RustROS2/install/std_msgs/include/std_msgs/std_msgs/msg/int8.h
-- Up-to-date: /home/rsanz/git/learning/ROS2/RustROS2/install/std_msgs/include/std_msgs/std_msgs/msg/u_int64.h
-- Up-to-date: /home/rsanz/git/learning/ROS2/RustROS2/install/std_msgs/include/std_msgs/std_msgs/msg/multi_array_dimension.h
-- Up-to-date: /home/rsanz/git/learning/ROS2/RustROS2/install/std_msgs/include/std_msgs/std_msgs/msg/float32_multi_array.h
-- Up-to-date: /home/rsanz/git/learning/ROS2/RustROS2/install/std_msgs/include/std_msgs/std_msgs/msg/u_int32_multi_array.h
-- Up-to-date: /home/rsanz/git/learning/ROS2/RustROS2/install/std_msgs/include/std_msgs/std_msgs/msg/empty.h
-- Up-to-date: /home/rsanz/git/learning/ROS2/RustROS2/install/std_msgs/include/std_msgs/std_msgs/msg/float64.h
-- Up-to-date: /home/rsanz/git/learning/ROS2/RustROS2/install/std_msgs/include/std_msgs/std_msgs/msg/byte.h
-- Up-to-date: /home/rsanz/git/learning/ROS2/RustROS2/install/std_msgs/include/std_msgs/std_msgs/msg/u_int16.h
-- Up-to-date: /home/rsanz/git/learning/ROS2/RustROS2/install/std_msgs/include/std_msgs/std_msgs/msg/detail
-- Up-to-date: /home/rsanz/git/learning/ROS2/RustROS2/install/std_msgs/include/std_msgs/std_msgs/msg/detail/float64_multi_array__struct.h
-- Up-to-date: /home/rsanz/git/learning/ROS2/RustROS2/install/std_msgs/include/std_msgs/std_msgs/msg/detail/int32__type_support.h
-- Up-to-date: /home/rsanz/git/learning/ROS2/RustROS2/install/std_msgs/include/std_msgs/std_msgs/msg/detail/u_int64__struct.h
-- Up-to-date: /home/rsanz/git/learning/ROS2/RustROS2/install/std_msgs/include/std_msgs/std_msgs/msg/detail/float64_multi_array__description.c
-- Up-to-date: /home/rsanz/git/learning/ROS2/RustROS2/install/std_msgs/include/std_msgs/std_msgs/msg/detail/u_int8__functions.c
-- Up-to-date: /home/rsanz/git/learning/ROS2/RustROS2/install/std_msgs/include/std_msgs/std_msgs/msg/detail/char__functions.h
-- Up-to-date: /home/rsanz/git/learning/ROS2/RustROS2/install/std_msgs/include/std_msgs/std_msgs/msg/detail/float64__type_support.h
-- Up-to-date: /home/rsanz/git/learning/ROS2/RustROS2/install/std_msgs/include/std_msgs/std_msgs/msg/detail/u_int16__type_support.h
-- Up-to-date: /home/rsanz/git/learning/ROS2/RustROS2/install/std_msgs/include/std_msgs/std_msgs/msg/detail/int64_multi_array__type_support.h
-- Up-to-date: /home/rsanz/git/learning/ROS2/RustROS2/install/std_msgs/include/std_msgs/std_msgs/msg/detail/u_int16__description.c
-- Up-to-date: /home/rsanz/git/learning/ROS2/RustROS2/install/std_msgs/include/std_msgs/std_msgs/msg/detail/u_int32__struct.h
-- Up-to-date: /home/rsanz/git/learning/ROS2/RustROS2/install/std_msgs/include/std_msgs/std_msgs/msg/detail/u_int8_multi_array__type_support.h
-- Up-to-date: /home/rsanz/git/learning/ROS2/RustROS2/install/std_msgs/include/std_msgs/std_msgs/msg/detail/header__type_support.c
-- Up-to-date: /home/rsanz/git/learning/ROS2/RustROS2/install/std_msgs/include/std_msgs/std_msgs/msg/detail/int16_multi_array__type_support.c
-- Up-to-date: /home/rsanz/git/learning/ROS2/RustROS2/install/std_msgs/include/std_msgs/std_msgs/msg/detail/int8__struct.h
-- Up-to-date: /home/rsanz/git/learning/ROS2/RustROS2/install/std_msgs/include/std_msgs/std_msgs/msg/detail/u_int32_multi_array__functions.h
-- Up-to-date: /home/rsanz/git/learning/ROS2/RustROS2/install/std_msgs/include/std_msgs/std_msgs/msg/detail/multi_array_layout__functions.h
-- Up-to-date: /home/rsanz/git/learning/ROS2/RustROS2/install/std_msgs/include/std_msgs/std_msgs/msg/detail/header__type_support.h
-- Up-to-date: /home/rsanz/git/learning/ROS2/RustROS2/install/std_msgs/include/std_msgs/std_msgs/msg/detail/int8__description.c
-- Up-to-date: /home/rsanz/git/learning/ROS2/RustROS2/install/std_msgs/include/std_msgs/std_msgs/msg/detail/float32_multi_array__functions.c
-- Up-to-date: /home/rsanz/git/learning/ROS2/RustROS2/install/std_msgs/include/std_msgs/std_msgs/msg/detail/float32__struct.h
-- Up-to-date: /home/rsanz/git/learning/ROS2/RustROS2/install/std_msgs/include/std_msgs/std_msgs/msg/detail/char__description.c
-- Up-to-date: /home/rsanz/git/learning/ROS2/RustROS2/install/std_msgs/include/std_msgs/std_msgs/msg/detail/u_int16__functions.c
-- Up-to-date: /home/rsanz/git/learning/ROS2/RustROS2/install/std_msgs/include/std_msgs/std_msgs/msg/detail/float32_multi_array__functions.h
-- Up-to-date: /home/rsanz/git/learning/ROS2/RustROS2/install/std_msgs/include/std_msgs/std_msgs/msg/detail/int8__functions.c
-- Up-to-date: /home/rsanz/git/learning/ROS2/RustROS2/install/std_msgs/include/std_msgs/std_msgs/msg/detail/byte_multi_array__description.c
-- Up-to-date: /home/rsanz/git/learning/ROS2/RustROS2/install/std_msgs/include/std_msgs/std_msgs/msg/detail/u_int16__functions.h
-- Up-to-date: /home/rsanz/git/learning/ROS2/RustROS2/install/std_msgs/include/std_msgs/std_msgs/msg/detail/color_rgba__description.c
-- Up-to-date: /home/rsanz/git/learning/ROS2/RustROS2/install/std_msgs/include/std_msgs/std_msgs/msg/detail/int64__type_support.c
-- Up-to-date: /home/rsanz/git/learning/ROS2/RustROS2/install/std_msgs/include/std_msgs/std_msgs/msg/detail/int64__functions.c
-- Up-to-date: /home/rsanz/git/learning/ROS2/RustROS2/install/std_msgs/include/std_msgs/std_msgs/msg/detail/bool__description.c
-- Up-to-date: /home/rsanz/git/learning/ROS2/RustROS2/install/std_msgs/include/std_msgs/std_msgs/msg/detail/byte__type_support.c
-- Up-to-date: /home/rsanz/git/learning/ROS2/RustROS2/install/std_msgs/include/std_msgs/std_msgs/msg/detail/byte_multi_array__functions.c
-- Up-to-date: /home/rsanz/git/learning/ROS2/RustROS2/install/std_msgs/include/std_msgs/std_msgs/msg/detail/float64_multi_array__functions.h
-- Up-to-date: /home/rsanz/git/learning/ROS2/RustROS2/install/std_msgs/include/std_msgs/std_msgs/msg/detail/color_rgba__functions.h
-- Up-to-date: /home/rsanz/git/learning/ROS2/RustROS2/install/std_msgs/include/std_msgs/std_msgs/msg/detail/u_int64__type_support.h
-- Up-to-date: /home/rsanz/git/learning/ROS2/RustROS2/install/std_msgs/include/std_msgs/std_msgs/msg/detail/string__functions.h
-- Up-to-date: /home/rsanz/git/learning/ROS2/RustROS2/install/std_msgs/include/std_msgs/std_msgs/msg/detail/int16__functions.c
-- Up-to-date: /home/rsanz/git/learning/ROS2/RustROS2/install/std_msgs/include/std_msgs/std_msgs/msg/detail/u_int8__type_support.h
-- Up-to-date: /home/rsanz/git/learning/ROS2/RustROS2/install/std_msgs/include/std_msgs/std_msgs/msg/detail/empty__struct.h
-- Up-to-date: /home/rsanz/git/learning/ROS2/RustROS2/install/std_msgs/include/std_msgs/std_msgs/msg/detail/float64__description.c
-- Up-to-date: /home/rsanz/git/learning/ROS2/RustROS2/install/std_msgs/include/std_msgs/std_msgs/msg/detail/int16_multi_array__functions.c
-- Up-to-date: /home/rsanz/git/learning/ROS2/RustROS2/install/std_msgs/include/std_msgs/std_msgs/msg/detail/byte_multi_array__type_support.h
-- Up-to-date: /home/rsanz/git/learning/ROS2/RustROS2/install/std_msgs/include/std_msgs/std_msgs/msg/detail/float32_multi_array__struct.h
-- Up-to-date: /home/rsanz/git/learning/ROS2/RustROS2/install/std_msgs/include/std_msgs/std_msgs/msg/detail/int64__functions.h
-- Up-to-date: /home/rsanz/git/learning/ROS2/RustROS2/install/std_msgs/include/std_msgs/std_msgs/msg/detail/int64__description.c
-- Up-to-date: /home/rsanz/git/learning/ROS2/RustROS2/install/std_msgs/include/std_msgs/std_msgs/msg/detail/header__description.c
-- Up-to-date: /home/rsanz/git/learning/ROS2/RustROS2/install/std_msgs/include/std_msgs/std_msgs/msg/detail/int32__struct.h
-- Up-to-date: /home/rsanz/git/learning/ROS2/RustROS2/install/std_msgs/include/std_msgs/std_msgs/msg/detail/int16__type_support.c
-- Up-to-date: /home/rsanz/git/learning/ROS2/RustROS2/install/std_msgs/include/std_msgs/std_msgs/msg/detail/int8_multi_array__functions.c
-- Up-to-date: /home/rsanz/git/learning/ROS2/RustROS2/install/std_msgs/include/std_msgs/std_msgs/msg/detail/float64__functions.h
-- Up-to-date: /home/rsanz/git/learning/ROS2/RustROS2/install/std_msgs/include/std_msgs/std_msgs/msg/detail/float32_multi_array__description.c
-- Up-to-date: /home/rsanz/git/learning/ROS2/RustROS2/install/std_msgs/include/std_msgs/std_msgs/msg/detail/byte_multi_array__functions.h
-- Up-to-date: /home/rsanz/git/learning/ROS2/RustROS2/install/std_msgs/include/std_msgs/std_msgs/msg/detail/u_int64_multi_array__description.c
-- Up-to-date: /home/rsanz/git/learning/ROS2/RustROS2/install/std_msgs/include/std_msgs/std_msgs/msg/detail/int16__description.c
-- Up-to-date: /home/rsanz/git/learning/ROS2/RustROS2/install/std_msgs/include/std_msgs/std_msgs/msg/detail/string__description.c
-- Up-to-date: /home/rsanz/git/learning/ROS2/RustROS2/install/std_msgs/include/std_msgs/std_msgs/msg/detail/empty__functions.h
-- Up-to-date: /home/rsanz/git/learning/ROS2/RustROS2/install/std_msgs/include/std_msgs/std_msgs/msg/detail/u_int32_multi_array__type_support.c
-- Up-to-date: /home/rsanz/git/learning/ROS2/RustROS2/install/std_msgs/include/std_msgs/std_msgs/msg/detail/multi_array_layout__description.c
-- Up-to-date: /home/rsanz/git/learning/ROS2/RustROS2/install/std_msgs/include/std_msgs/std_msgs/msg/detail/u_int64_multi_array__functions.h
-- Up-to-date: /home/rsanz/git/learning/ROS2/RustROS2/install/std_msgs/include/std_msgs/std_msgs/msg/detail/byte__functions.c
-- Up-to-date: /home/rsanz/git/learning/ROS2/RustROS2/install/std_msgs/include/std_msgs/std_msgs/msg/detail/int64_multi_array__struct.h
-- Up-to-date: /home/rsanz/git/learning/ROS2/RustROS2/install/std_msgs/include/std_msgs/std_msgs/msg/detail/u_int32_multi_array__type_support.h
-- Up-to-date: /home/rsanz/git/learning/ROS2/RustROS2/install/std_msgs/include/std_msgs/std_msgs/msg/detail/u_int16_multi_array__functions.h
-- Up-to-date: /home/rsanz/git/learning/ROS2/RustROS2/install/std_msgs/include/std_msgs/std_msgs/msg/detail/u_int8_multi_array__description.c
-- Up-to-date: /home/rsanz/git/learning/ROS2/RustROS2/install/std_msgs/include/std_msgs/std_msgs/msg/detail/int8__type_support.c
-- Up-to-date: /home/rsanz/git/learning/ROS2/RustROS2/install/std_msgs/include/std_msgs/std_msgs/msg/detail/header__functions.c
-- Up-to-date: /home/rsanz/git/learning/ROS2/RustROS2/install/std_msgs/include/std_msgs/std_msgs/msg/detail/string__struct.h
-- Up-to-date: /home/rsanz/git/learning/ROS2/RustROS2/install/std_msgs/include/std_msgs/std_msgs/msg/detail/u_int64_multi_array__struct.h
-- Up-to-date: /home/rsanz/git/learning/ROS2/RustROS2/install/std_msgs/include/std_msgs/std_msgs/msg/detail/multi_array_dimension__struct.h
-- Up-to-date: /home/rsanz/git/learning/ROS2/RustROS2/install/std_msgs/include/std_msgs/std_msgs/msg/detail/float32__functions.c
-- Up-to-date: /home/rsanz/git/learning/ROS2/RustROS2/install/std_msgs/include/std_msgs/std_msgs/msg/detail/u_int16__type_support.c
-- Up-to-date: /home/rsanz/git/learning/ROS2/RustROS2/install/std_msgs/include/std_msgs/std_msgs/msg/detail/float32__description.c
-- Up-to-date: /home/rsanz/git/learning/ROS2/RustROS2/install/std_msgs/include/std_msgs/std_msgs/msg/detail/empty__type_support.h
-- Up-to-date: /home/rsanz/git/learning/ROS2/RustROS2/install/std_msgs/include/std_msgs/std_msgs/msg/detail/u_int16_multi_array__description.c
-- Up-to-date: /home/rsanz/git/learning/ROS2/RustROS2/install/std_msgs/include/std_msgs/std_msgs/msg/detail/char__type_support.h
-- Up-to-date: /home/rsanz/git/learning/ROS2/RustROS2/install/std_msgs/include/std_msgs/std_msgs/msg/detail/int16_multi_array__type_support.h
-- Up-to-date: /home/rsanz/git/learning/ROS2/RustROS2/install/std_msgs/include/std_msgs/std_msgs/msg/detail/u_int8_multi_array__type_support.c
-- Up-to-date: /home/rsanz/git/learning/ROS2/RustROS2/install/std_msgs/include/std_msgs/std_msgs/msg/detail/int32__functions.h
-- Up-to-date: /home/rsanz/git/learning/ROS2/RustROS2/install/std_msgs/include/std_msgs/std_msgs/msg/detail/u_int16_multi_array__struct.h
-- Up-to-date: /home/rsanz/git/learning/ROS2/RustROS2/install/std_msgs/include/std_msgs/std_msgs/msg/detail/bool__functions.c
-- Up-to-date: /home/rsanz/git/learning/ROS2/RustROS2/install/std_msgs/include/std_msgs/std_msgs/msg/detail/u_int32__type_support.c
-- Up-to-date: /home/rsanz/git/learning/ROS2/RustROS2/install/std_msgs/include/std_msgs/std_msgs/msg/detail/int64__struct.h
-- Up-to-date: /home/rsanz/git/learning/ROS2/RustROS2/install/std_msgs/include/std_msgs/std_msgs/msg/detail/u_int32_multi_array__struct.h
-- Up-to-date: /home/rsanz/git/learning/ROS2/RustROS2/install/std_msgs/include/std_msgs/std_msgs/msg/detail/u_int64__functions.c
-- Up-to-date: /home/rsanz/git/learning/ROS2/RustROS2/install/std_msgs/include/std_msgs/std_msgs/msg/detail/u_int8_multi_array__struct.h
-- Up-to-date: /home/rsanz/git/learning/ROS2/RustROS2/install/std_msgs/include/std_msgs/std_msgs/msg/detail/int16__type_support.h
-- Up-to-date: /home/rsanz/git/learning/ROS2/RustROS2/install/std_msgs/include/std_msgs/std_msgs/msg/detail/byte__type_support.h
-- Up-to-date: /home/rsanz/git/learning/ROS2/RustROS2/install/std_msgs/include/std_msgs/std_msgs/msg/detail/float32_multi_array__type_support.c
-- Up-to-date: /home/rsanz/git/learning/ROS2/RustROS2/install/std_msgs/include/std_msgs/std_msgs/msg/detail/int16__functions.h
-- Up-to-date: /home/rsanz/git/learning/ROS2/RustROS2/install/std_msgs/include/std_msgs/std_msgs/msg/detail/bool__type_support.c
-- Up-to-date: /home/rsanz/git/learning/ROS2/RustROS2/install/std_msgs/include/std_msgs/std_msgs/msg/detail/u_int32__description.c
-- Up-to-date: /home/rsanz/git/learning/ROS2/RustROS2/install/std_msgs/include/std_msgs/std_msgs/msg/detail/float32_multi_array__type_support.h
-- Up-to-date: /home/rsanz/git/learning/ROS2/RustROS2/install/std_msgs/include/std_msgs/std_msgs/msg/detail/int8_multi_array__description.c
-- Up-to-date: /home/rsanz/git/learning/ROS2/RustROS2/install/std_msgs/include/std_msgs/std_msgs/msg/detail/int8_multi_array__type_support.h
-- Up-to-date: /home/rsanz/git/learning/ROS2/RustROS2/install/std_msgs/include/std_msgs/std_msgs/msg/detail/int8__functions.h
-- Up-to-date: /home/rsanz/git/learning/ROS2/RustROS2/install/std_msgs/include/std_msgs/std_msgs/msg/detail/u_int16__struct.h
-- Up-to-date: /home/rsanz/git/learning/ROS2/RustROS2/install/std_msgs/include/std_msgs/std_msgs/msg/detail/int64__type_support.h
-- Up-to-date: /home/rsanz/git/learning/ROS2/RustROS2/install/std_msgs/include/std_msgs/std_msgs/msg/detail/int32_multi_array__struct.h
-- Up-to-date: /home/rsanz/git/learning/ROS2/RustROS2/install/std_msgs/include/std_msgs/std_msgs/msg/detail/u_int64__description.c
-- Up-to-date: /home/rsanz/git/learning/ROS2/RustROS2/install/std_msgs/include/std_msgs/std_msgs/msg/detail/char__type_support.c
-- Up-to-date: /home/rsanz/git/learning/ROS2/RustROS2/install/std_msgs/include/std_msgs/std_msgs/msg/detail/int64_multi_array__type_support.c
-- Up-to-date: /home/rsanz/git/learning/ROS2/RustROS2/install/std_msgs/include/std_msgs/std_msgs/msg/detail/int16__struct.h
-- Up-to-date: /home/rsanz/git/learning/ROS2/RustROS2/install/std_msgs/include/std_msgs/std_msgs/msg/detail/int64_multi_array__description.c
-- Up-to-date: /home/rsanz/git/learning/ROS2/RustROS2/install/std_msgs/include/std_msgs/std_msgs/msg/detail/u_int8__description.c
-- Up-to-date: /home/rsanz/git/learning/ROS2/RustROS2/install/std_msgs/include/std_msgs/std_msgs/msg/detail/empty__functions.c
-- Up-to-date: /home/rsanz/git/learning/ROS2/RustROS2/install/std_msgs/include/std_msgs/std_msgs/msg/detail/color_rgba__type_support.h
-- Up-to-date: /home/rsanz/git/learning/ROS2/RustROS2/install/std_msgs/include/std_msgs/std_msgs/msg/detail/u_int8__type_support.c
-- Up-to-date: /home/rsanz/git/learning/ROS2/RustROS2/install/std_msgs/include/std_msgs/std_msgs/msg/detail/int64_multi_array__functions.c
-- Up-to-date: /home/rsanz/git/learning/ROS2/RustROS2/install/std_msgs/include/std_msgs/std_msgs/msg/detail/header__functions.h
-- Up-to-date: /home/rsanz/git/learning/ROS2/RustROS2/install/std_msgs/include/std_msgs/std_msgs/msg/detail/int32_multi_array__functions.c
-- Up-to-date: /home/rsanz/git/learning/ROS2/RustROS2/install/std_msgs/include/std_msgs/std_msgs/msg/detail/char__struct.h
-- Up-to-date: /home/rsanz/git/learning/ROS2/RustROS2/install/std_msgs/include/std_msgs/std_msgs/msg/detail/float32__type_support.h
-- Up-to-date: /home/rsanz/git/learning/ROS2/RustROS2/install/std_msgs/include/std_msgs/std_msgs/msg/detail/u_int64_multi_array__type_support.h
-- Up-to-date: /home/rsanz/git/learning/ROS2/RustROS2/install/std_msgs/include/std_msgs/std_msgs/msg/detail/float64__struct.h
-- Up-to-date: /home/rsanz/git/learning/ROS2/RustROS2/install/std_msgs/include/std_msgs/std_msgs/msg/detail/u_int8_multi_array__functions.c
-- Up-to-date: /home/rsanz/git/learning/ROS2/RustROS2/install/std_msgs/include/std_msgs/std_msgs/msg/detail/int16_multi_array__description.c
-- Up-to-date: /home/rsanz/git/learning/ROS2/RustROS2/install/std_msgs/include/std_msgs/std_msgs/msg/detail/u_int16_multi_array__type_support.h
-- Up-to-date: /home/rsanz/git/learning/ROS2/RustROS2/install/std_msgs/include/std_msgs/std_msgs/msg/detail/u_int8__functions.h
-- Up-to-date: /home/rsanz/git/learning/ROS2/RustROS2/install/std_msgs/include/std_msgs/std_msgs/msg/detail/int32__description.c
-- Up-to-date: /home/rsanz/git/learning/ROS2/RustROS2/install/std_msgs/include/std_msgs/std_msgs/msg/detail/float32__functions.h
-- Up-to-date: /home/rsanz/git/learning/ROS2/RustROS2/install/std_msgs/include/std_msgs/std_msgs/msg/detail/u_int8_multi_array__functions.h
-- Up-to-date: /home/rsanz/git/learning/ROS2/RustROS2/install/std_msgs/include/std_msgs/std_msgs/msg/detail/header__struct.h
-- Up-to-date: /home/rsanz/git/learning/ROS2/RustROS2/install/std_msgs/include/std_msgs/std_msgs/msg/detail/int16_multi_array__functions.h
-- Up-to-date: /home/rsanz/git/learning/ROS2/RustROS2/install/std_msgs/include/std_msgs/std_msgs/msg/detail/multi_array_dimension__type_support.h
-- Up-to-date: /home/rsanz/git/learning/ROS2/RustROS2/install/std_msgs/include/std_msgs/std_msgs/msg/detail/multi_array_dimension__description.c
-- Up-to-date: /home/rsanz/git/learning/ROS2/RustROS2/install/std_msgs/include/std_msgs/std_msgs/msg/detail/u_int64_multi_array__functions.c
-- Up-to-date: /home/rsanz/git/learning/ROS2/RustROS2/install/std_msgs/include/std_msgs/std_msgs/msg/detail/multi_array_layout__struct.h
-- Up-to-date: /home/rsanz/git/learning/ROS2/RustROS2/install/std_msgs/include/std_msgs/std_msgs/msg/detail/float64_multi_array__type_support.c
-- Up-to-date: /home/rsanz/git/learning/ROS2/RustROS2/install/std_msgs/include/std_msgs/std_msgs/msg/detail/byte__description.c
-- Up-to-date: /home/rsanz/git/learning/ROS2/RustROS2/install/std_msgs/include/std_msgs/std_msgs/msg/detail/u_int16_multi_array__type_support.c
-- Up-to-date: /home/rsanz/git/learning/ROS2/RustROS2/install/std_msgs/include/std_msgs/std_msgs/msg/detail/u_int32_multi_array__description.c
-- Up-to-date: /home/rsanz/git/learning/ROS2/RustROS2/install/std_msgs/include/std_msgs/std_msgs/msg/detail/u_int32__type_support.h
-- Up-to-date: /home/rsanz/git/learning/ROS2/RustROS2/install/std_msgs/include/std_msgs/std_msgs/msg/detail/u_int64_multi_array__type_support.c
-- Up-to-date: /home/rsanz/git/learning/ROS2/RustROS2/install/std_msgs/include/std_msgs/std_msgs/msg/detail/u_int32__functions.h
-- Up-to-date: /home/rsanz/git/learning/ROS2/RustROS2/install/std_msgs/include/std_msgs/std_msgs/msg/detail/int32_multi_array__type_support.h
-- Up-to-date: /home/rsanz/git/learning/ROS2/RustROS2/install/std_msgs/include/std_msgs/std_msgs/msg/detail/multi_array_dimension__functions.c
-- Up-to-date: /home/rsanz/git/learning/ROS2/RustROS2/install/std_msgs/include/std_msgs/std_msgs/msg/detail/color_rgba__functions.c
-- Up-to-date: /home/rsanz/git/learning/ROS2/RustROS2/install/std_msgs/include/std_msgs/std_msgs/msg/detail/byte_multi_array__type_support.c
-- Up-to-date: /home/rsanz/git/learning/ROS2/RustROS2/install/std_msgs/include/std_msgs/std_msgs/msg/detail/color_rgba__struct.h
-- Up-to-date: /home/rsanz/git/learning/ROS2/RustROS2/install/std_msgs/include/std_msgs/std_msgs/msg/detail/bool__struct.h
-- Up-to-date: /home/rsanz/git/learning/ROS2/RustROS2/install/std_msgs/include/std_msgs/std_msgs/msg/detail/int32__type_support.c
-- Up-to-date: /home/rsanz/git/learning/ROS2/RustROS2/install/std_msgs/include/std_msgs/std_msgs/msg/detail/byte__struct.h
-- Up-to-date: /home/rsanz/git/learning/ROS2/RustROS2/install/std_msgs/include/std_msgs/std_msgs/msg/detail/u_int32_multi_array__functions.c
-- Up-to-date: /home/rsanz/git/learning/ROS2/RustROS2/install/std_msgs/include/std_msgs/std_msgs/msg/detail/int8_multi_array__type_support.c
-- Up-to-date: /home/rsanz/git/learning/ROS2/RustROS2/install/std_msgs/include/std_msgs/std_msgs/msg/detail/multi_array_layout__type_support.c
-- Up-to-date: /home/rsanz/git/learning/ROS2/RustROS2/install/std_msgs/include/std_msgs/std_msgs/msg/detail/u_int8__struct.h
-- Up-to-date: /home/rsanz/git/learning/ROS2/RustROS2/install/std_msgs/include/std_msgs/std_msgs/msg/detail/char__functions.c
-- Up-to-date: /home/rsanz/git/learning/ROS2/RustROS2/install/std_msgs/include/std_msgs/std_msgs/msg/detail/multi_array_dimension__type_support.c
-- Up-to-date: /home/rsanz/git/learning/ROS2/RustROS2/install/std_msgs/include/std_msgs/std_msgs/msg/detail/color_rgba__type_support.c
-- Up-to-date: /home/rsanz/git/learning/ROS2/RustROS2/install/std_msgs/include/std_msgs/std_msgs/msg/detail/float32__type_support.c
-- Up-to-date: /home/rsanz/git/learning/ROS2/RustROS2/install/std_msgs/include/std_msgs/std_msgs/msg/detail/int32_multi_array__type_support.c
-- Up-to-date: /home/rsanz/git/learning/ROS2/RustROS2/install/std_msgs/include/std_msgs/std_msgs/msg/detail/int8__type_support.h
-- Up-to-date: /home/rsanz/git/learning/ROS2/RustROS2/install/std_msgs/include/std_msgs/std_msgs/msg/detail/string__type_support.h
-- Up-to-date: /home/rsanz/git/learning/ROS2/RustROS2/install/std_msgs/include/std_msgs/std_msgs/msg/detail/int64_multi_array__functions.h
-- Up-to-date: /home/rsanz/git/learning/ROS2/RustROS2/install/std_msgs/include/std_msgs/std_msgs/msg/detail/float64_multi_array__functions.c
-- Up-to-date: /home/rsanz/git/learning/ROS2/RustROS2/install/std_msgs/include/std_msgs/std_msgs/msg/detail/byte_multi_array__struct.h
-- Up-to-date: /home/rsanz/git/learning/ROS2/RustROS2/install/std_msgs/include/std_msgs/std_msgs/msg/detail/float64__functions.c
-- Up-to-date: /home/rsanz/git/learning/ROS2/RustROS2/install/std_msgs/include/std_msgs/std_msgs/msg/detail/int8_multi_array__functions.h
-- Up-to-date: /home/rsanz/git/learning/ROS2/RustROS2/install/std_msgs/include/std_msgs/std_msgs/msg/detail/int8_multi_array__struct.h
-- Up-to-date: /home/rsanz/git/learning/ROS2/RustROS2/install/std_msgs/include/std_msgs/std_msgs/msg/detail/empty__type_support.c
-- Up-to-date: /home/rsanz/git/learning/ROS2/RustROS2/install/std_msgs/include/std_msgs/std_msgs/msg/detail/multi_array_layout__functions.c
-- Up-to-date: /home/rsanz/git/learning/ROS2/RustROS2/install/std_msgs/include/std_msgs/std_msgs/msg/detail/u_int16_multi_array__functions.c
-- Up-to-date: /home/rsanz/git/learning/ROS2/RustROS2/install/std_msgs/include/std_msgs/std_msgs/msg/detail/u_int64__type_support.c
-- Up-to-date: /home/rsanz/git/learning/ROS2/RustROS2/install/std_msgs/include/std_msgs/std_msgs/msg/detail/int16_multi_array__struct.h
-- Up-to-date: /home/rsanz/git/learning/ROS2/RustROS2/install/std_msgs/include/std_msgs/std_msgs/msg/detail/u_int64__functions.h
-- Up-to-date: /home/rsanz/git/learning/ROS2/RustROS2/install/std_msgs/include/std_msgs/std_msgs/msg/detail/byte__functions.h
-- Up-to-date: /home/rsanz/git/learning/ROS2/RustROS2/install/std_msgs/include/std_msgs/std_msgs/msg/detail/float64__type_support.c
-- Up-to-date: /home/rsanz/git/learning/ROS2/RustROS2/install/std_msgs/include/std_msgs/std_msgs/msg/detail/int32__functions.c
-- Up-to-date: /home/rsanz/git/learning/ROS2/RustROS2/install/std_msgs/include/std_msgs/std_msgs/msg/detail/string__functions.c
-- Up-to-date: /home/rsanz/git/learning/ROS2/RustROS2/install/std_msgs/include/std_msgs/std_msgs/msg/detail/int32_multi_array__description.c
-- Up-to-date: /home/rsanz/git/learning/ROS2/RustROS2/install/std_msgs/include/std_msgs/std_msgs/msg/detail/multi_array_dimension__functions.h
-- Up-to-date: /home/rsanz/git/learning/ROS2/RustROS2/install/std_msgs/include/std_msgs/std_msgs/msg/detail/empty__description.c
-- Up-to-date: /home/rsanz/git/learning/ROS2/RustROS2/install/std_msgs/include/std_msgs/std_msgs/msg/detail/bool__functions.h
-- Up-to-date: /home/rsanz/git/learning/ROS2/RustROS2/install/std_msgs/include/std_msgs/std_msgs/msg/detail/multi_array_layout__type_support.h
-- Up-to-date: /home/rsanz/git/learning/ROS2/RustROS2/install/std_msgs/include/std_msgs/std_msgs/msg/detail/u_int32__functions.c
-- Up-to-date: /home/rsanz/git/learning/ROS2/RustROS2/install/std_msgs/include/std_msgs/std_msgs/msg/detail/string__type_support.c
-- Up-to-date: /home/rsanz/git/learning/ROS2/RustROS2/install/std_msgs/include/std_msgs/std_msgs/msg/detail/bool__type_support.h
-- Up-to-date: /home/rsanz/git/learning/ROS2/RustROS2/install/std_msgs/include/std_msgs/std_msgs/msg/detail/int32_multi_array__functions.h
-- Up-to-date: /home/rsanz/git/learning/ROS2/RustROS2/install/std_msgs/include/std_msgs/std_msgs/msg/detail/float64_multi_array__type_support.h
-- Up-to-date: /home/rsanz/git/learning/ROS2/RustROS2/install/std_msgs/include/std_msgs/std_msgs/msg/u_int64_multi_array.h
-- Up-to-date: /home/rsanz/git/learning/ROS2/RustROS2/install/std_msgs/include/std_msgs/std_msgs/msg/multi_array_layout.h
-- Up-to-date: /home/rsanz/git/learning/ROS2/RustROS2/install/std_msgs/include/std_msgs/std_msgs/msg/int16.h
-- Up-to-date: /home/rsanz/git/learning/ROS2/RustROS2/install/std_msgs/include/std_msgs/std_msgs/msg/float32.h
-- Up-to-date: /home/rsanz/git/learning/ROS2/RustROS2/install/std_msgs/include/std_msgs/std_msgs/msg/float64_multi_array.h
-- Up-to-date: /home/rsanz/git/learning/ROS2/RustROS2/install/std_msgs/include/std_msgs/std_msgs/msg/string.h
-- Up-to-date: /home/rsanz/git/learning/ROS2/RustROS2/install/std_msgs/include/std_msgs/std_msgs/msg/color_rgba.h
-- Up-to-date: /home/rsanz/git/learning/ROS2/RustROS2/install/std_msgs/include/std_msgs/std_msgs/msg/u_int8_multi_array.h
-- Up-to-date: /home/rsanz/git/learning/ROS2/RustROS2/install/std_msgs/include/std_msgs/std_msgs/msg/int8_multi_array.h
-- Up-to-date: /home/rsanz/git/learning/ROS2/RustROS2/install/std_msgs/share/std_msgs/environment/library_path.sh
-- Up-to-date: /home/rsanz/git/learning/ROS2/RustROS2/install/std_msgs/share/std_msgs/environment/library_path.dsv
-- Up-to-date: /home/rsanz/git/learning/ROS2/RustROS2/install/std_msgs/lib/libstd_msgs__rosidl_generator_c.so
-- Up-to-date: /home/rsanz/git/learning/ROS2/RustROS2/install/std_msgs/include/std_msgs/std_msgs
-- Up-to-date: /home/rsanz/git/learning/ROS2/RustROS2/install/std_msgs/include/std_msgs/std_msgs/msg
-- Up-to-date: /home/rsanz/git/learning/ROS2/RustROS2/install/std_msgs/include/std_msgs/std_msgs/msg/rosidl_typesupport_fastrtps_c__visibility_control.h
-- Up-to-date: /home/rsanz/git/learning/ROS2/RustROS2/install/std_msgs/include/std_msgs/std_msgs/msg/detail
-- Up-to-date: /home/rsanz/git/learning/ROS2/RustROS2/install/std_msgs/include/std_msgs/std_msgs/msg/detail/int64__rosidl_typesupport_fastrtps_c.h
-- Up-to-date: /home/rsanz/git/learning/ROS2/RustROS2/install/std_msgs/include/std_msgs/std_msgs/msg/detail/u_int64_multi_array__rosidl_typesupport_fastrtps_c.h
-- Up-to-date: /home/rsanz/git/learning/ROS2/RustROS2/install/std_msgs/include/std_msgs/std_msgs/msg/detail/u_int8_multi_array__rosidl_typesupport_fastrtps_c.h
-- Up-to-date: /home/rsanz/git/learning/ROS2/RustROS2/install/std_msgs/include/std_msgs/std_msgs/msg/detail/int64_multi_array__rosidl_typesupport_fastrtps_c.h
-- Up-to-date: /home/rsanz/git/learning/ROS2/RustROS2/install/std_msgs/include/std_msgs/std_msgs/msg/detail/int16__rosidl_typesupport_fastrtps_c.h
-- Up-to-date: /home/rsanz/git/learning/ROS2/RustROS2/install/std_msgs/include/std_msgs/std_msgs/msg/detail/float32__rosidl_typesupport_fastrtps_c.h
-- Up-to-date: /home/rsanz/git/learning/ROS2/RustROS2/install/std_msgs/include/std_msgs/std_msgs/msg/detail/multi_array_dimension__rosidl_typesupport_fastrtps_c.h
-- Up-to-date: /home/rsanz/git/learning/ROS2/RustROS2/install/std_msgs/include/std_msgs/std_msgs/msg/detail/u_int16_multi_array__rosidl_typesupport_fastrtps_c.h
-- Up-to-date: /home/rsanz/git/learning/ROS2/RustROS2/install/std_msgs/include/std_msgs/std_msgs/msg/detail/color_rgba__rosidl_typesupport_fastrtps_c.h
-- Up-to-date: /home/rsanz/git/learning/ROS2/RustROS2/install/std_msgs/include/std_msgs/std_msgs/msg/detail/header__rosidl_typesupport_fastrtps_c.h
-- Up-to-date: /home/rsanz/git/learning/ROS2/RustROS2/install/std_msgs/include/std_msgs/std_msgs/msg/detail/string__rosidl_typesupport_fastrtps_c.h
-- Up-to-date: /home/rsanz/git/learning/ROS2/RustROS2/install/std_msgs/include/std_msgs/std_msgs/msg/detail/byte_multi_array__rosidl_typesupport_fastrtps_c.h
-- Up-to-date: /home/rsanz/git/learning/ROS2/RustROS2/install/std_msgs/include/std_msgs/std_msgs/msg/detail/int16_multi_array__rosidl_typesupport_fastrtps_c.h
-- Up-to-date: /home/rsanz/git/learning/ROS2/RustROS2/install/std_msgs/include/std_msgs/std_msgs/msg/detail/bool__rosidl_typesupport_fastrtps_c.h
-- Up-to-date: /home/rsanz/git/learning/ROS2/RustROS2/install/std_msgs/include/std_msgs/std_msgs/msg/detail/empty__rosidl_typesupport_fastrtps_c.h
-- Up-to-date: /home/rsanz/git/learning/ROS2/RustROS2/install/std_msgs/include/std_msgs/std_msgs/msg/detail/char__rosidl_typesupport_fastrtps_c.h
-- Up-to-date: /home/rsanz/git/learning/ROS2/RustROS2/install/std_msgs/include/std_msgs/std_msgs/msg/detail/u_int8__rosidl_typesupport_fastrtps_c.h
-- Up-to-date: /home/rsanz/git/learning/ROS2/RustROS2/install/std_msgs/include/std_msgs/std_msgs/msg/detail/float64__rosidl_typesupport_fastrtps_c.h
-- Up-to-date: /home/rsanz/git/learning/ROS2/RustROS2/install/std_msgs/include/std_msgs/std_msgs/msg/detail/u_int16__rosidl_typesupport_fastrtps_c.h
-- Up-to-date: /home/rsanz/git/learning/ROS2/RustROS2/install/std_msgs/include/std_msgs/std_msgs/msg/detail/int32__rosidl_typesupport_fastrtps_c.h
-- Up-to-date: /home/rsanz/git/learning/ROS2/RustROS2/install/std_msgs/include/std_msgs/std_msgs/msg/detail/u_int32__rosidl_typesupport_fastrtps_c.h
-- Up-to-date: /home/rsanz/git/learning/ROS2/RustROS2/install/std_msgs/include/std_msgs/std_msgs/msg/detail/byte__rosidl_typesupport_fastrtps_c.h
-- Up-to-date: /home/rsanz/git/learning/ROS2/RustROS2/install/std_msgs/include/std_msgs/std_msgs/msg/detail/int32_multi_array__rosidl_typesupport_fastrtps_c.h
-- Up-to-date: /home/rsanz/git/learning/ROS2/RustROS2/install/std_msgs/include/std_msgs/std_msgs/msg/detail/float32_multi_array__rosidl_typesupport_fastrtps_c.h
-- Up-to-date: /home/rsanz/git/learning/ROS2/RustROS2/install/std_msgs/include/std_msgs/std_msgs/msg/detail/float64_multi_array__rosidl_typesupport_fastrtps_c.h
-- Up-to-date: /home/rsanz/git/learning/ROS2/RustROS2/install/std_msgs/include/std_msgs/std_msgs/msg/detail/u_int64__rosidl_typesupport_fastrtps_c.h
-- Up-to-date: /home/rsanz/git/learning/ROS2/RustROS2/install/std_msgs/include/std_msgs/std_msgs/msg/detail/u_int32_multi_array__rosidl_typesupport_fastrtps_c.h
-- Up-to-date: /home/rsanz/git/learning/ROS2/RustROS2/install/std_msgs/include/std_msgs/std_msgs/msg/detail/int8__rosidl_typesupport_fastrtps_c.h
-- Up-to-date: /home/rsanz/git/learning/ROS2/RustROS2/install/std_msgs/include/std_msgs/std_msgs/msg/detail/multi_array_layout__rosidl_typesupport_fastrtps_c.h
-- Up-to-date: /home/rsanz/git/learning/ROS2/RustROS2/install/std_msgs/include/std_msgs/std_msgs/msg/detail/int8_multi_array__rosidl_typesupport_fastrtps_c.h
-- Up-to-date: /home/rsanz/git/learning/ROS2/RustROS2/install/std_msgs/lib/libstd_msgs__rosidl_typesupport_fastrtps_c.so
-- Up-to-date: /home/rsanz/git/learning/ROS2/RustROS2/install/std_msgs/include/std_msgs/std_msgs
-- Up-to-date: /home/rsanz/git/learning/ROS2/RustROS2/install/std_msgs/include/std_msgs/std_msgs/msg
-- Up-to-date: /home/rsanz/git/learning/ROS2/RustROS2/install/std_msgs/include/std_msgs/std_msgs/msg/multi_array_dimension.hpp
-- Up-to-date: /home/rsanz/git/learning/ROS2/RustROS2/install/std_msgs/include/std_msgs/std_msgs/msg/float64_multi_array.hpp
-- Up-to-date: /home/rsanz/git/learning/ROS2/RustROS2/install/std_msgs/include/std_msgs/std_msgs/msg/empty.hpp
-- Up-to-date: /home/rsanz/git/learning/ROS2/RustROS2/install/std_msgs/include/std_msgs/std_msgs/msg/byte.hpp
-- Up-to-date: /home/rsanz/git/learning/ROS2/RustROS2/install/std_msgs/include/std_msgs/std_msgs/msg/string.hpp
-- Up-to-date: /home/rsanz/git/learning/ROS2/RustROS2/install/std_msgs/include/std_msgs/std_msgs/msg/u_int8_multi_array.hpp
-- Up-to-date: /home/rsanz/git/learning/ROS2/RustROS2/install/std_msgs/include/std_msgs/std_msgs/msg/bool.hpp
-- Up-to-date: /home/rsanz/git/learning/ROS2/RustROS2/install/std_msgs/include/std_msgs/std_msgs/msg/int32_multi_array.hpp
-- Up-to-date: /home/rsanz/git/learning/ROS2/RustROS2/install/std_msgs/include/std_msgs/std_msgs/msg/u_int32.hpp
-- Up-to-date: /home/rsanz/git/learning/ROS2/RustROS2/install/std_msgs/include/std_msgs/std_msgs/msg/int8.hpp
-- Up-to-date: /home/rsanz/git/learning/ROS2/RustROS2/install/std_msgs/include/std_msgs/std_msgs/msg/color_rgba.hpp
-- Up-to-date: /home/rsanz/git/learning/ROS2/RustROS2/install/std_msgs/include/std_msgs/std_msgs/msg/float32.hpp
-- Up-to-date: /home/rsanz/git/learning/ROS2/RustROS2/install/std_msgs/include/std_msgs/std_msgs/msg/int16.hpp
-- Up-to-date: /home/rsanz/git/learning/ROS2/RustROS2/install/std_msgs/include/std_msgs/std_msgs/msg/int64.hpp
-- Up-to-date: /home/rsanz/git/learning/ROS2/RustROS2/install/std_msgs/include/std_msgs/std_msgs/msg/u_int8.hpp
-- Up-to-date: /home/rsanz/git/learning/ROS2/RustROS2/install/std_msgs/include/std_msgs/std_msgs/msg/multi_array_layout.hpp
-- Up-to-date: /home/rsanz/git/learning/ROS2/RustROS2/install/std_msgs/include/std_msgs/std_msgs/msg/u_int64_multi_array.hpp
-- Up-to-date: /home/rsanz/git/learning/ROS2/RustROS2/install/std_msgs/include/std_msgs/std_msgs/msg/int16_multi_array.hpp
-- Up-to-date: /home/rsanz/git/learning/ROS2/RustROS2/install/std_msgs/include/std_msgs/std_msgs/msg/byte_multi_array.hpp
-- Up-to-date: /home/rsanz/git/learning/ROS2/RustROS2/install/std_msgs/include/std_msgs/std_msgs/msg/u_int32_multi_array.hpp
-- Up-to-date: /home/rsanz/git/learning/ROS2/RustROS2/install/std_msgs/include/std_msgs/std_msgs/msg/u_int16_multi_array.hpp
-- Up-to-date: /home/rsanz/git/learning/ROS2/RustROS2/install/std_msgs/include/std_msgs/std_msgs/msg/int64_multi_array.hpp
-- Up-to-date: /home/rsanz/git/learning/ROS2/RustROS2/install/std_msgs/include/std_msgs/std_msgs/msg/int32.hpp
-- Up-to-date: /home/rsanz/git/learning/ROS2/RustROS2/install/std_msgs/include/std_msgs/std_msgs/msg/detail
-- Up-to-date: /home/rsanz/git/learning/ROS2/RustROS2/install/std_msgs/include/std_msgs/std_msgs/msg/detail/u_int8_multi_array__traits.hpp
-- Up-to-date: /home/rsanz/git/learning/ROS2/RustROS2/install/std_msgs/include/std_msgs/std_msgs/msg/detail/u_int8__type_support.hpp
-- Up-to-date: /home/rsanz/git/learning/ROS2/RustROS2/install/std_msgs/include/std_msgs/std_msgs/msg/detail/u_int16_multi_array__builder.hpp
-- Up-to-date: /home/rsanz/git/learning/ROS2/RustROS2/install/std_msgs/include/std_msgs/std_msgs/msg/detail/byte__builder.hpp
-- Up-to-date: /home/rsanz/git/learning/ROS2/RustROS2/install/std_msgs/include/std_msgs/std_msgs/msg/detail/multi_array_dimension__struct.hpp
-- Up-to-date: /home/rsanz/git/learning/ROS2/RustROS2/install/std_msgs/include/std_msgs/std_msgs/msg/detail/int32_multi_array__builder.hpp
-- Up-to-date: /home/rsanz/git/learning/ROS2/RustROS2/install/std_msgs/include/std_msgs/std_msgs/msg/detail/int32_multi_array__traits.hpp
-- Up-to-date: /home/rsanz/git/learning/ROS2/RustROS2/install/std_msgs/include/std_msgs/std_msgs/msg/detail/int64__struct.hpp
-- Up-to-date: /home/rsanz/git/learning/ROS2/RustROS2/install/std_msgs/include/std_msgs/std_msgs/msg/detail/header__builder.hpp
-- Up-to-date: /home/rsanz/git/learning/ROS2/RustROS2/install/std_msgs/include/std_msgs/std_msgs/msg/detail/int32_multi_array__struct.hpp
-- Up-to-date: /home/rsanz/git/learning/ROS2/RustROS2/install/std_msgs/include/std_msgs/std_msgs/msg/detail/byte_multi_array__struct.hpp
-- Up-to-date: /home/rsanz/git/learning/ROS2/RustROS2/install/std_msgs/include/std_msgs/std_msgs/msg/detail/float64__struct.hpp
-- Up-to-date: /home/rsanz/git/learning/ROS2/RustROS2/install/std_msgs/include/std_msgs/std_msgs/msg/detail/int64_multi_array__type_support.hpp
-- Up-to-date: /home/rsanz/git/learning/ROS2/RustROS2/install/std_msgs/include/std_msgs/std_msgs/msg/detail/int64__traits.hpp
-- Up-to-date: /home/rsanz/git/learning/ROS2/RustROS2/install/std_msgs/include/std_msgs/std_msgs/msg/detail/u_int64_multi_array__traits.hpp
-- Up-to-date: /home/rsanz/git/learning/ROS2/RustROS2/install/std_msgs/include/std_msgs/std_msgs/msg/detail/float64_multi_array__type_support.hpp
-- Up-to-date: /home/rsanz/git/learning/ROS2/RustROS2/install/std_msgs/include/std_msgs/std_msgs/msg/detail/u_int32_multi_array__type_support.hpp
-- Up-to-date: /home/rsanz/git/learning/ROS2/RustROS2/install/std_msgs/include/std_msgs/std_msgs/msg/detail/int8_multi_array__struct.hpp
-- Up-to-date: /home/rsanz/git/learning/ROS2/RustROS2/install/std_msgs/include/std_msgs/std_msgs/msg/detail/float32_multi_array__type_support.hpp
-- Up-to-date: /home/rsanz/git/learning/ROS2/RustROS2/install/std_msgs/include/std_msgs/std_msgs/msg/detail/u_int32_multi_array__builder.hpp
-- Up-to-date: /home/rsanz/git/learning/ROS2/RustROS2/install/std_msgs/include/std_msgs/std_msgs/msg/detail/u_int16_multi_array__traits.hpp
-- Up-to-date: /home/rsanz/git/learning/ROS2/RustROS2/install/std_msgs/include/std_msgs/std_msgs/msg/detail/int16_multi_array__builder.hpp
-- Up-to-date: /home/rsanz/git/learning/ROS2/RustROS2/install/std_msgs/include/std_msgs/std_msgs/msg/detail/u_int32__traits.hpp
-- Up-to-date: /home/rsanz/git/learning/ROS2/RustROS2/install/std_msgs/include/std_msgs/std_msgs/msg/detail/int16_multi_array__traits.hpp
-- Up-to-date: /home/rsanz/git/learning/ROS2/RustROS2/install/std_msgs/include/std_msgs/std_msgs/msg/detail/float64_multi_array__traits.hpp
-- Up-to-date: /home/rsanz/git/learning/ROS2/RustROS2/install/std_msgs/include/std_msgs/std_msgs/msg/detail/byte__type_support.hpp
-- Up-to-date: /home/rsanz/git/learning/ROS2/RustROS2/install/std_msgs/include/std_msgs/std_msgs/msg/detail/u_int8__struct.hpp
-- Up-to-date: /home/rsanz/git/learning/ROS2/RustROS2/install/std_msgs/include/std_msgs/std_msgs/msg/detail/u_int64__struct.hpp
-- Up-to-date: /home/rsanz/git/learning/ROS2/RustROS2/install/std_msgs/include/std_msgs/std_msgs/msg/detail/multi_array_dimension__builder.hpp
-- Up-to-date: /home/rsanz/git/learning/ROS2/RustROS2/install/std_msgs/include/std_msgs/std_msgs/msg/detail/int8_multi_array__traits.hpp
-- Up-to-date: /home/rsanz/git/learning/ROS2/RustROS2/install/std_msgs/include/std_msgs/std_msgs/msg/detail/char__struct.hpp
-- Up-to-date: /home/rsanz/git/learning/ROS2/RustROS2/install/std_msgs/include/std_msgs/std_msgs/msg/detail/bool__traits.hpp
-- Up-to-date: /home/rsanz/git/learning/ROS2/RustROS2/install/std_msgs/include/std_msgs/std_msgs/msg/detail/u_int16_multi_array__type_support.hpp
-- Up-to-date: /home/rsanz/git/learning/ROS2/RustROS2/install/std_msgs/include/std_msgs/std_msgs/msg/detail/byte__struct.hpp
-- Up-to-date: /home/rsanz/git/learning/ROS2/RustROS2/install/std_msgs/include/std_msgs/std_msgs/msg/detail/u_int16__struct.hpp
-- Up-to-date: /home/rsanz/git/learning/ROS2/RustROS2/install/std_msgs/include/std_msgs/std_msgs/msg/detail/char__type_support.hpp
-- Up-to-date: /home/rsanz/git/learning/ROS2/RustROS2/install/std_msgs/include/std_msgs/std_msgs/msg/detail/int8__struct.hpp
-- Up-to-date: /home/rsanz/git/learning/ROS2/RustROS2/install/std_msgs/include/std_msgs/std_msgs/msg/detail/float64_multi_array__builder.hpp
-- Up-to-date: /home/rsanz/git/learning/ROS2/RustROS2/install/std_msgs/include/std_msgs/std_msgs/msg/detail/int16_multi_array__struct.hpp
-- Up-to-date: /home/rsanz/git/learning/ROS2/RustROS2/install/std_msgs/include/std_msgs/std_msgs/msg/detail/float32_multi_array__struct.hpp
-- Up-to-date: /home/rsanz/git/learning/ROS2/RustROS2/install/std_msgs/include/std_msgs/std_msgs/msg/detail/color_rgba__traits.hpp
-- Up-to-date: /home/rsanz/git/learning/ROS2/RustROS2/install/std_msgs/include/std_msgs/std_msgs/msg/detail/int8_multi_array__builder.hpp
-- Up-to-date: /home/rsanz/git/learning/ROS2/RustROS2/install/std_msgs/include/std_msgs/std_msgs/msg/detail/empty__traits.hpp
-- Up-to-date: /home/rsanz/git/learning/ROS2/RustROS2/install/std_msgs/include/std_msgs/std_msgs/msg/detail/bool__struct.hpp
-- Up-to-date: /home/rsanz/git/learning/ROS2/RustROS2/install/std_msgs/include/std_msgs/std_msgs/msg/detail/u_int8_multi_array__builder.hpp
-- Up-to-date: /home/rsanz/git/learning/ROS2/RustROS2/install/std_msgs/include/std_msgs/std_msgs/msg/detail/int16__type_support.hpp
-- Up-to-date: /home/rsanz/git/learning/ROS2/RustROS2/install/std_msgs/include/std_msgs/std_msgs/msg/detail/multi_array_layout__traits.hpp
-- Up-to-date: /home/rsanz/git/learning/ROS2/RustROS2/install/std_msgs/include/std_msgs/std_msgs/msg/detail/float32_multi_array__builder.hpp
-- Up-to-date: /home/rsanz/git/learning/ROS2/RustROS2/install/std_msgs/include/std_msgs/std_msgs/msg/detail/int32__struct.hpp
-- Up-to-date: /home/rsanz/git/learning/ROS2/RustROS2/install/std_msgs/include/std_msgs/std_msgs/msg/detail/float32__struct.hpp
-- Up-to-date: /home/rsanz/git/learning/ROS2/RustROS2/install/std_msgs/include/std_msgs/std_msgs/msg/detail/int64_multi_array__builder.hpp
-- Up-to-date: /home/rsanz/git/learning/ROS2/RustROS2/install/std_msgs/include/std_msgs/std_msgs/msg/detail/int32__traits.hpp
-- Up-to-date: /home/rsanz/git/learning/ROS2/RustROS2/install/std_msgs/include/std_msgs/std_msgs/msg/detail/color_rgba__struct.hpp
-- Up-to-date: /home/rsanz/git/learning/ROS2/RustROS2/install/std_msgs/include/std_msgs/std_msgs/msg/detail/header__traits.hpp
-- Up-to-date: /home/rsanz/git/learning/ROS2/RustROS2/install/std_msgs/include/std_msgs/std_msgs/msg/detail/byte_multi_array__builder.hpp
-- Up-to-date: /home/rsanz/git/learning/ROS2/RustROS2/install/std_msgs/include/std_msgs/std_msgs/msg/detail/u_int32__struct.hpp
-- Up-to-date: /home/rsanz/git/learning/ROS2/RustROS2/install/std_msgs/include/std_msgs/std_msgs/msg/detail/int32__type_support.hpp
-- Up-to-date: /home/rsanz/git/learning/ROS2/RustROS2/install/std_msgs/include/std_msgs/std_msgs/msg/detail/float32__type_support.hpp
-- Up-to-date: /home/rsanz/git/learning/ROS2/RustROS2/install/std_msgs/include/std_msgs/std_msgs/msg/detail/int64__builder.hpp
-- Up-to-date: /home/rsanz/git/learning/ROS2/RustROS2/install/std_msgs/include/std_msgs/std_msgs/msg/detail/u_int64_multi_array__struct.hpp
-- Up-to-date: /home/rsanz/git/learning/ROS2/RustROS2/install/std_msgs/include/std_msgs/std_msgs/msg/detail/u_int16__type_support.hpp
-- Up-to-date: /home/rsanz/git/learning/ROS2/RustROS2/install/std_msgs/include/std_msgs/std_msgs/msg/detail/byte_multi_array__type_support.hpp
-- Up-to-date: /home/rsanz/git/learning/ROS2/RustROS2/install/std_msgs/include/std_msgs/std_msgs/msg/detail/u_int16_multi_array__struct.hpp
-- Up-to-date: /home/rsanz/git/learning/ROS2/RustROS2/install/std_msgs/include/std_msgs/std_msgs/msg/detail/float32__builder.hpp
-- Up-to-date: /home/rsanz/git/learning/ROS2/RustROS2/install/std_msgs/include/std_msgs/std_msgs/msg/detail/bool__builder.hpp
-- Up-to-date: /home/rsanz/git/learning/ROS2/RustROS2/install/std_msgs/include/std_msgs/std_msgs/msg/detail/byte_multi_array__traits.hpp
-- Up-to-date: /home/rsanz/git/learning/ROS2/RustROS2/install/std_msgs/include/std_msgs/std_msgs/msg/detail/u_int8_multi_array__type_support.hpp
-- Up-to-date: /home/rsanz/git/learning/ROS2/RustROS2/install/std_msgs/include/std_msgs/std_msgs/msg/detail/multi_array_dimension__traits.hpp
-- Up-to-date: /home/rsanz/git/learning/ROS2/RustROS2/install/std_msgs/include/std_msgs/std_msgs/msg/detail/u_int32_multi_array__struct.hpp
-- Up-to-date: /home/rsanz/git/learning/ROS2/RustROS2/install/std_msgs/include/std_msgs/std_msgs/msg/detail/float64__type_support.hpp
-- Up-to-date: /home/rsanz/git/learning/ROS2/RustROS2/install/std_msgs/include/std_msgs/std_msgs/msg/detail/int8__traits.hpp
-- Up-to-date: /home/rsanz/git/learning/ROS2/RustROS2/install/std_msgs/include/std_msgs/std_msgs/msg/detail/multi_array_layout__type_support.hpp
-- Up-to-date: /home/rsanz/git/learning/ROS2/RustROS2/install/std_msgs/include/std_msgs/std_msgs/msg/detail/empty__struct.hpp
-- Up-to-date: /home/rsanz/git/learning/ROS2/RustROS2/install/std_msgs/include/std_msgs/std_msgs/msg/detail/u_int8__traits.hpp
-- Up-to-date: /home/rsanz/git/learning/ROS2/RustROS2/install/std_msgs/include/std_msgs/std_msgs/msg/detail/int32_multi_array__type_support.hpp
-- Up-to-date: /home/rsanz/git/learning/ROS2/RustROS2/install/std_msgs/include/std_msgs/std_msgs/msg/detail/u_int8__builder.hpp
-- Up-to-date: /home/rsanz/git/learning/ROS2/RustROS2/install/std_msgs/include/std_msgs/std_msgs/msg/detail/u_int64__builder.hpp
-- Up-to-date: /home/rsanz/git/learning/ROS2/RustROS2/install/std_msgs/include/std_msgs/std_msgs/msg/detail/multi_array_layout__struct.hpp
-- Up-to-date: /home/rsanz/git/learning/ROS2/RustROS2/install/std_msgs/include/std_msgs/std_msgs/msg/detail/string__type_support.hpp
-- Up-to-date: /home/rsanz/git/learning/ROS2/RustROS2/install/std_msgs/include/std_msgs/std_msgs/msg/detail/u_int64_multi_array__builder.hpp
-- Up-to-date: /home/rsanz/git/learning/ROS2/RustROS2/install/std_msgs/include/std_msgs/std_msgs/msg/detail/empty__type_support.hpp
-- Up-to-date: /home/rsanz/git/learning/ROS2/RustROS2/install/std_msgs/include/std_msgs/std_msgs/msg/detail/empty__builder.hpp
-- Up-to-date: /home/rsanz/git/learning/ROS2/RustROS2/install/std_msgs/include/std_msgs/std_msgs/msg/detail/byte__traits.hpp
-- Up-to-date: /home/rsanz/git/learning/ROS2/RustROS2/install/std_msgs/include/std_msgs/std_msgs/msg/detail/int16__traits.hpp
-- Up-to-date: /home/rsanz/git/learning/ROS2/RustROS2/install/std_msgs/include/std_msgs/std_msgs/msg/detail/u_int8_multi_array__struct.hpp
-- Up-to-date: /home/rsanz/git/learning/ROS2/RustROS2/install/std_msgs/include/std_msgs/std_msgs/msg/detail/color_rgba__type_support.hpp
-- Up-to-date: /home/rsanz/git/learning/ROS2/RustROS2/install/std_msgs/include/std_msgs/std_msgs/msg/detail/u_int64_multi_array__type_support.hpp
-- Up-to-date: /home/rsanz/git/learning/ROS2/RustROS2/install/std_msgs/include/std_msgs/std_msgs/msg/detail/int64_multi_array__traits.hpp
-- Up-to-date: /home/rsanz/git/learning/ROS2/RustROS2/install/std_msgs/include/std_msgs/std_msgs/msg/detail/multi_array_layout__builder.hpp
-- Up-to-date: /home/rsanz/git/learning/ROS2/RustROS2/install/std_msgs/include/std_msgs/std_msgs/msg/detail/char__builder.hpp
-- Up-to-date: /home/rsanz/git/learning/ROS2/RustROS2/install/std_msgs/include/std_msgs/std_msgs/msg/detail/string__traits.hpp
-- Up-to-date: /home/rsanz/git/learning/ROS2/RustROS2/install/std_msgs/include/std_msgs/std_msgs/msg/detail/string__struct.hpp
-- Up-to-date: /home/rsanz/git/learning/ROS2/RustROS2/install/std_msgs/include/std_msgs/std_msgs/msg/detail/u_int16__traits.hpp
-- Up-to-date: /home/rsanz/git/learning/ROS2/RustROS2/install/std_msgs/include/std_msgs/std_msgs/msg/detail/multi_array_dimension__type_support.hpp
-- Up-to-date: /home/rsanz/git/learning/ROS2/RustROS2/install/std_msgs/include/std_msgs/std_msgs/msg/detail/int32__builder.hpp
-- Up-to-date: /home/rsanz/git/learning/ROS2/RustROS2/install/std_msgs/include/std_msgs/std_msgs/msg/detail/u_int64__type_support.hpp
-- Up-to-date: /home/rsanz/git/learning/ROS2/RustROS2/install/std_msgs/include/std_msgs/std_msgs/msg/detail/int16__struct.hpp
-- Up-to-date: /home/rsanz/git/learning/ROS2/RustROS2/install/std_msgs/include/std_msgs/std_msgs/msg/detail/int8__builder.hpp
-- Up-to-date: /home/rsanz/git/learning/ROS2/RustROS2/install/std_msgs/include/std_msgs/std_msgs/msg/detail/color_rgba__builder.hpp
-- Up-to-date: /home/rsanz/git/learning/ROS2/RustROS2/install/std_msgs/include/std_msgs/std_msgs/msg/detail/float64__builder.hpp
-- Up-to-date: /home/rsanz/git/learning/ROS2/RustROS2/install/std_msgs/include/std_msgs/std_msgs/msg/detail/header__struct.hpp
-- Up-to-date: /home/rsanz/git/learning/ROS2/RustROS2/install/std_msgs/include/std_msgs/std_msgs/msg/detail/int64_multi_array__struct.hpp
-- Up-to-date: /home/rsanz/git/learning/ROS2/RustROS2/install/std_msgs/include/std_msgs/std_msgs/msg/detail/int8__type_support.hpp
-- Up-to-date: /home/rsanz/git/learning/ROS2/RustROS2/install/std_msgs/include/std_msgs/std_msgs/msg/detail/int64__type_support.hpp
-- Up-to-date: /home/rsanz/git/learning/ROS2/RustROS2/install/std_msgs/include/std_msgs/std_msgs/msg/detail/int16_multi_array__type_support.hpp
-- Up-to-date: /home/rsanz/git/learning/ROS2/RustROS2/install/std_msgs/include/std_msgs/std_msgs/msg/detail/u_int32__type_support.hpp
-- Up-to-date: /home/rsanz/git/learning/ROS2/RustROS2/install/std_msgs/include/std_msgs/std_msgs/msg/detail/string__builder.hpp
-- Up-to-date: /home/rsanz/git/learning/ROS2/RustROS2/install/std_msgs/include/std_msgs/std_msgs/msg/detail/u_int32_multi_array__traits.hpp
-- Up-to-date: /home/rsanz/git/learning/ROS2/RustROS2/install/std_msgs/include/std_msgs/std_msgs/msg/detail/u_int16__builder.hpp
-- Up-to-date: /home/rsanz/git/learning/ROS2/RustROS2/install/std_msgs/include/std_msgs/std_msgs/msg/detail/u_int32__builder.hpp
-- Up-to-date: /home/rsanz/git/learning/ROS2/RustROS2/install/std_msgs/include/std_msgs/std_msgs/msg/detail/int8_multi_array__type_support.hpp
-- Up-to-date: /home/rsanz/git/learning/ROS2/RustROS2/install/std_msgs/include/std_msgs/std_msgs/msg/detail/header__type_support.hpp
-- Up-to-date: /home/rsanz/git/learning/ROS2/RustROS2/install/std_msgs/include/std_msgs/std_msgs/msg/detail/u_int64__traits.hpp
-- Up-to-date: /home/rsanz/git/learning/ROS2/RustROS2/install/std_msgs/include/std_msgs/std_msgs/msg/detail/float64_multi_array__struct.hpp
-- Up-to-date: /home/rsanz/git/learning/ROS2/RustROS2/install/std_msgs/include/std_msgs/std_msgs/msg/detail/float32_multi_array__traits.hpp
-- Up-to-date: /home/rsanz/git/learning/ROS2/RustROS2/install/std_msgs/include/std_msgs/std_msgs/msg/detail/int16__builder.hpp
-- Up-to-date: /home/rsanz/git/learning/ROS2/RustROS2/install/std_msgs/include/std_msgs/std_msgs/msg/detail/char__traits.hpp
-- Up-to-date: /home/rsanz/git/learning/ROS2/RustROS2/install/std_msgs/include/std_msgs/std_msgs/msg/detail/float64__traits.hpp
-- Up-to-date: /home/rsanz/git/learning/ROS2/RustROS2/install/std_msgs/include/std_msgs/std_msgs/msg/detail/float32__traits.hpp
-- Up-to-date: /home/rsanz/git/learning/ROS2/RustROS2/install/std_msgs/include/std_msgs/std_msgs/msg/detail/bool__type_support.hpp
-- Up-to-date: /home/rsanz/git/learning/ROS2/RustROS2/install/std_msgs/include/std_msgs/std_msgs/msg/header.hpp
-- Up-to-date: /home/rsanz/git/learning/ROS2/RustROS2/install/std_msgs/include/std_msgs/std_msgs/msg/char.hpp
-- Up-to-date: /home/rsanz/git/learning/ROS2/RustROS2/install/std_msgs/include/std_msgs/std_msgs/msg/u_int64.hpp
-- Up-to-date: /home/rsanz/git/learning/ROS2/RustROS2/install/std_msgs/include/std_msgs/std_msgs/msg/float64.hpp
-- Up-to-date: /home/rsanz/git/learning/ROS2/RustROS2/install/std_msgs/include/std_msgs/std_msgs/msg/float32_multi_array.hpp
-- Up-to-date: /home/rsanz/git/learning/ROS2/RustROS2/install/std_msgs/include/std_msgs/std_msgs/msg/int8_multi_array.hpp
-- Up-to-date: /home/rsanz/git/learning/ROS2/RustROS2/install/std_msgs/include/std_msgs/std_msgs/msg/u_int16.hpp
-- Up-to-date: /home/rsanz/git/learning/ROS2/RustROS2/install/std_msgs/include/std_msgs/std_msgs/msg/rosidl_generator_cpp__visibility_control.hpp
-- Up-to-date: /home/rsanz/git/learning/ROS2/RustROS2/install/std_msgs/include/std_msgs/std_msgs
-- Up-to-date: /home/rsanz/git/learning/ROS2/RustROS2/install/std_msgs/include/std_msgs/std_msgs/msg
-- Up-to-date: /home/rsanz/git/learning/ROS2/RustROS2/install/std_msgs/include/std_msgs/std_msgs/msg/rosidl_typesupport_fastrtps_cpp__visibility_control.h
-- Up-to-date: /home/rsanz/git/learning/ROS2/RustROS2/install/std_msgs/include/std_msgs/std_msgs/msg/detail
-- Up-to-date: /home/rsanz/git/learning/ROS2/RustROS2/install/std_msgs/include/std_msgs/std_msgs/msg/detail/float32__rosidl_typesupport_fastrtps_cpp.hpp
-- Up-to-date: /home/rsanz/git/learning/ROS2/RustROS2/install/std_msgs/include/std_msgs/std_msgs/msg/detail/int16__rosidl_typesupport_fastrtps_cpp.hpp
-- Up-to-date: /home/rsanz/git/learning/ROS2/RustROS2/install/std_msgs/include/std_msgs/std_msgs/msg/detail/int16_multi_array__rosidl_typesupport_fastrtps_cpp.hpp
-- Up-to-date: /home/rsanz/git/learning/ROS2/RustROS2/install/std_msgs/include/std_msgs/std_msgs/msg/detail/u_int16_multi_array__rosidl_typesupport_fastrtps_cpp.hpp
-- Up-to-date: /home/rsanz/git/learning/ROS2/RustROS2/install/std_msgs/include/std_msgs/std_msgs/msg/detail/multi_array_layout__rosidl_typesupport_fastrtps_cpp.hpp
-- Up-to-date: /home/rsanz/git/learning/ROS2/RustROS2/install/std_msgs/include/std_msgs/std_msgs/msg/detail/float64__rosidl_typesupport_fastrtps_cpp.hpp
-- Up-to-date: /home/rsanz/git/learning/ROS2/RustROS2/install/std_msgs/include/std_msgs/std_msgs/msg/detail/float64_multi_array__rosidl_typesupport_fastrtps_cpp.hpp
-- Up-to-date: /home/rsanz/git/learning/ROS2/RustROS2/install/std_msgs/include/std_msgs/std_msgs/msg/detail/u_int8_multi_array__rosidl_typesupport_fastrtps_cpp.hpp
-- Up-to-date: /home/rsanz/git/learning/ROS2/RustROS2/install/std_msgs/include/std_msgs/std_msgs/msg/detail/multi_array_dimension__rosidl_typesupport_fastrtps_cpp.hpp
-- Up-to-date: /home/rsanz/git/learning/ROS2/RustROS2/install/std_msgs/include/std_msgs/std_msgs/msg/detail/int32_multi_array__rosidl_typesupport_fastrtps_cpp.hpp
-- Up-to-date: /home/rsanz/git/learning/ROS2/RustROS2/install/std_msgs/include/std_msgs/std_msgs/msg/detail/u_int8__rosidl_typesupport_fastrtps_cpp.hpp
-- Up-to-date: /home/rsanz/git/learning/ROS2/RustROS2/install/std_msgs/include/std_msgs/std_msgs/msg/detail/empty__rosidl_typesupport_fastrtps_cpp.hpp
-- Up-to-date: /home/rsanz/git/learning/ROS2/RustROS2/install/std_msgs/include/std_msgs/std_msgs/msg/detail/u_int32_multi_array__rosidl_typesupport_fastrtps_cpp.hpp
-- Up-to-date: /home/rsanz/git/learning/ROS2/RustROS2/install/std_msgs/include/std_msgs/std_msgs/msg/detail/bool__rosidl_typesupport_fastrtps_cpp.hpp
-- Up-to-date: /home/rsanz/git/learning/ROS2/RustROS2/install/std_msgs/include/std_msgs/std_msgs/msg/detail/int64_multi_array__rosidl_typesupport_fastrtps_cpp.hpp
-- Up-to-date: /home/rsanz/git/learning/ROS2/RustROS2/install/std_msgs/include/std_msgs/std_msgs/msg/detail/float32_multi_array__rosidl_typesupport_fastrtps_cpp.hpp
-- Up-to-date: /home/rsanz/git/learning/ROS2/RustROS2/install/std_msgs/include/std_msgs/std_msgs/msg/detail/color_rgba__rosidl_typesupport_fastrtps_cpp.hpp
-- Up-to-date: /home/rsanz/git/learning/ROS2/RustROS2/install/std_msgs/include/std_msgs/std_msgs/msg/detail/u_int16__rosidl_typesupport_fastrtps_cpp.hpp
-- Up-to-date: /home/rsanz/git/learning/ROS2/RustROS2/install/std_msgs/include/std_msgs/std_msgs/msg/detail/byte_multi_array__rosidl_typesupport_fastrtps_cpp.hpp
-- Up-to-date: /home/rsanz/git/learning/ROS2/RustROS2/install/std_msgs/include/std_msgs/std_msgs/msg/detail/byte__rosidl_typesupport_fastrtps_cpp.hpp
-- Up-to-date: /home/rsanz/git/learning/ROS2/RustROS2/install/std_msgs/include/std_msgs/std_msgs/msg/detail/int64__rosidl_typesupport_fastrtps_cpp.hpp
-- Up-to-date: /home/rsanz/git/learning/ROS2/RustROS2/install/std_msgs/include/std_msgs/std_msgs/msg/detail/int8_multi_array__rosidl_typesupport_fastrtps_cpp.hpp
-- Up-to-date: /home/rsanz/git/learning/ROS2/RustROS2/install/std_msgs/include/std_msgs/std_msgs/msg/detail/u_int64__rosidl_typesupport_fastrtps_cpp.hpp
-- Up-to-date: /home/rsanz/git/learning/ROS2/RustROS2/install/std_msgs/include/std_msgs/std_msgs/msg/detail/string__rosidl_typesupport_fastrtps_cpp.hpp
-- Up-to-date: /home/rsanz/git/learning/ROS2/RustROS2/install/std_msgs/include/std_msgs/std_msgs/msg/detail/char__rosidl_typesupport_fastrtps_cpp.hpp
-- Up-to-date: /home/rsanz/git/learning/ROS2/RustROS2/install/std_msgs/include/std_msgs/std_msgs/msg/detail/u_int64_multi_array__rosidl_typesupport_fastrtps_cpp.hpp
-- Up-to-date: /home/rsanz/git/learning/ROS2/RustROS2/install/std_msgs/include/std_msgs/std_msgs/msg/detail/int8__rosidl_typesupport_fastrtps_cpp.hpp
-- Up-to-date: /home/rsanz/git/learning/ROS2/RustROS2/install/std_msgs/include/std_msgs/std_msgs/msg/detail/header__rosidl_typesupport_fastrtps_cpp.hpp
-- Up-to-date: /home/rsanz/git/learning/ROS2/RustROS2/install/std_msgs/include/std_msgs/std_msgs/msg/detail/dds_fastrtps
-- Up-to-date: /home/rsanz/git/learning/ROS2/RustROS2/install/std_msgs/include/std_msgs/std_msgs/msg/detail/int32__rosidl_typesupport_fastrtps_cpp.hpp
-- Up-to-date: /home/rsanz/git/learning/ROS2/RustROS2/install/std_msgs/include/std_msgs/std_msgs/msg/detail/u_int32__rosidl_typesupport_fastrtps_cpp.hpp
-- Up-to-date: /home/rsanz/git/learning/ROS2/RustROS2/install/std_msgs/lib/libstd_msgs__rosidl_typesupport_fastrtps_cpp.so
-- Up-to-date: /home/rsanz/git/learning/ROS2/RustROS2/install/std_msgs/include/std_msgs/std_msgs
-- Up-to-date: /home/rsanz/git/learning/ROS2/RustROS2/install/std_msgs/include/std_msgs/std_msgs/msg
-- Up-to-date: /home/rsanz/git/learning/ROS2/RustROS2/install/std_msgs/include/std_msgs/std_msgs/msg/rosidl_typesupport_introspection_c__visibility_control.h
-- Up-to-date: /home/rsanz/git/learning/ROS2/RustROS2/install/std_msgs/include/std_msgs/std_msgs/msg/detail
-- Up-to-date: /home/rsanz/git/learning/ROS2/RustROS2/install/std_msgs/include/std_msgs/std_msgs/msg/detail/empty__rosidl_typesupport_introspection_c.h
-- Up-to-date: /home/rsanz/git/learning/ROS2/RustROS2/install/std_msgs/include/std_msgs/std_msgs/msg/detail/bool__rosidl_typesupport_introspection_c.h
-- Up-to-date: /home/rsanz/git/learning/ROS2/RustROS2/install/std_msgs/include/std_msgs/std_msgs/msg/detail/u_int16__rosidl_typesupport_introspection_c.h
-- Up-to-date: /home/rsanz/git/learning/ROS2/RustROS2/install/std_msgs/include/std_msgs/std_msgs/msg/detail/u_int32__rosidl_typesupport_introspection_c.h
-- Up-to-date: /home/rsanz/git/learning/ROS2/RustROS2/install/std_msgs/include/std_msgs/std_msgs/msg/detail/header__type_support.c
-- Up-to-date: /home/rsanz/git/learning/ROS2/RustROS2/install/std_msgs/include/std_msgs/std_msgs/msg/detail/int16_multi_array__type_support.c
-- Up-to-date: /home/rsanz/git/learning/ROS2/RustROS2/install/std_msgs/include/std_msgs/std_msgs/msg/detail/u_int64_multi_array__rosidl_typesupport_introspection_c.h
-- Up-to-date: /home/rsanz/git/learning/ROS2/RustROS2/install/std_msgs/include/std_msgs/std_msgs/msg/detail/u_int64__rosidl_typesupport_introspection_c.h
-- Up-to-date: /home/rsanz/git/learning/ROS2/RustROS2/install/std_msgs/include/std_msgs/std_msgs/msg/detail/int8__rosidl_typesupport_introspection_c.h
-- Up-to-date: /home/rsanz/git/learning/ROS2/RustROS2/install/std_msgs/include/std_msgs/std_msgs/msg/detail/int64__type_support.c
-- Up-to-date: /home/rsanz/git/learning/ROS2/RustROS2/install/std_msgs/include/std_msgs/std_msgs/msg/detail/byte__type_support.c
-- Up-to-date: /home/rsanz/git/learning/ROS2/RustROS2/install/std_msgs/include/std_msgs/std_msgs/msg/detail/int64_multi_array__rosidl_typesupport_introspection_c.h
-- Up-to-date: /home/rsanz/git/learning/ROS2/RustROS2/install/std_msgs/include/std_msgs/std_msgs/msg/detail/int64__rosidl_typesupport_introspection_c.h
-- Up-to-date: /home/rsanz/git/learning/ROS2/RustROS2/install/std_msgs/include/std_msgs/std_msgs/msg/detail/u_int32_multi_array__rosidl_typesupport_introspection_c.h
-- Up-to-date: /home/rsanz/git/learning/ROS2/RustROS2/install/std_msgs/include/std_msgs/std_msgs/msg/detail/char__rosidl_typesupport_introspection_c.h
-- Up-to-date: /home/rsanz/git/learning/ROS2/RustROS2/install/std_msgs/include/std_msgs/std_msgs/msg/detail/int16__rosidl_typesupport_introspection_c.h
-- Up-to-date: /home/rsanz/git/learning/ROS2/RustROS2/install/std_msgs/include/std_msgs/std_msgs/msg/detail/string__rosidl_typesupport_introspection_c.h
-- Up-to-date: /home/rsanz/git/learning/ROS2/RustROS2/install/std_msgs/include/std_msgs/std_msgs/msg/detail/int16__type_support.c
-- Up-to-date: /home/rsanz/git/learning/ROS2/RustROS2/install/std_msgs/include/std_msgs/std_msgs/msg/detail/int16_multi_array__rosidl_typesupport_introspection_c.h
-- Up-to-date: /home/rsanz/git/learning/ROS2/RustROS2/install/std_msgs/include/std_msgs/std_msgs/msg/detail/multi_array_dimension__rosidl_typesupport_introspection_c.h
-- Up-to-date: /home/rsanz/git/learning/ROS2/RustROS2/install/std_msgs/include/std_msgs/std_msgs/msg/detail/u_int32_multi_array__type_support.c
-- Up-to-date: /home/rsanz/git/learning/ROS2/RustROS2/install/std_msgs/include/std_msgs/std_msgs/msg/detail/int8__type_support.c
-- Up-to-date: /home/rsanz/git/learning/ROS2/RustROS2/install/std_msgs/include/std_msgs/std_msgs/msg/detail/float64__rosidl_typesupport_introspection_c.h
-- Up-to-date: /home/rsanz/git/learning/ROS2/RustROS2/install/std_msgs/include/std_msgs/std_msgs/msg/detail/u_int16__type_support.c
-- Up-to-date: /home/rsanz/git/learning/ROS2/RustROS2/install/std_msgs/include/std_msgs/std_msgs/msg/detail/int8_multi_array__rosidl_typesupport_introspection_c.h
-- Up-to-date: /home/rsanz/git/learning/ROS2/RustROS2/install/std_msgs/include/std_msgs/std_msgs/msg/detail/u_int8_multi_array__type_support.c
-- Up-to-date: /home/rsanz/git/learning/ROS2/RustROS2/install/std_msgs/include/std_msgs/std_msgs/msg/detail/u_int32__type_support.c
-- Up-to-date: /home/rsanz/git/learning/ROS2/RustROS2/install/std_msgs/include/std_msgs/std_msgs/msg/detail/float32_multi_array__type_support.c
-- Up-to-date: /home/rsanz/git/learning/ROS2/RustROS2/install/std_msgs/include/std_msgs/std_msgs/msg/detail/bool__type_support.c
-- Up-to-date: /home/rsanz/git/learning/ROS2/RustROS2/install/std_msgs/include/std_msgs/std_msgs/msg/detail/int32_multi_array__rosidl_typesupport_introspection_c.h
-- Up-to-date: /home/rsanz/git/learning/ROS2/RustROS2/install/std_msgs/include/std_msgs/std_msgs/msg/detail/int32__rosidl_typesupport_introspection_c.h
-- Up-to-date: /home/rsanz/git/learning/ROS2/RustROS2/install/std_msgs/include/std_msgs/std_msgs/msg/detail/char__type_support.c
-- Up-to-date: /home/rsanz/git/learning/ROS2/RustROS2/install/std_msgs/include/std_msgs/std_msgs/msg/detail/int64_multi_array__type_support.c
-- Up-to-date: /home/rsanz/git/learning/ROS2/RustROS2/install/std_msgs/include/std_msgs/std_msgs/msg/detail/u_int8__type_support.c
-- Up-to-date: /home/rsanz/git/learning/ROS2/RustROS2/install/std_msgs/include/std_msgs/std_msgs/msg/detail/color_rgba__rosidl_typesupport_introspection_c.h
-- Up-to-date: /home/rsanz/git/learning/ROS2/RustROS2/install/std_msgs/include/std_msgs/std_msgs/msg/detail/float64_multi_array__type_support.c
-- Up-to-date: /home/rsanz/git/learning/ROS2/RustROS2/install/std_msgs/include/std_msgs/std_msgs/msg/detail/u_int16_multi_array__type_support.c
-- Up-to-date: /home/rsanz/git/learning/ROS2/RustROS2/install/std_msgs/include/std_msgs/std_msgs/msg/detail/u_int64_multi_array__type_support.c
-- Up-to-date: /home/rsanz/git/learning/ROS2/RustROS2/install/std_msgs/include/std_msgs/std_msgs/msg/detail/header__rosidl_typesupport_introspection_c.h
-- Up-to-date: /home/rsanz/git/learning/ROS2/RustROS2/install/std_msgs/include/std_msgs/std_msgs/msg/detail/byte_multi_array__type_support.c
-- Up-to-date: /home/rsanz/git/learning/ROS2/RustROS2/install/std_msgs/include/std_msgs/std_msgs/msg/detail/int32__type_support.c
-- Up-to-date: /home/rsanz/git/learning/ROS2/RustROS2/install/std_msgs/include/std_msgs/std_msgs/msg/detail/int8_multi_array__type_support.c
-- Up-to-date: /home/rsanz/git/learning/ROS2/RustROS2/install/std_msgs/include/std_msgs/std_msgs/msg/detail/multi_array_layout__type_support.c
-- Up-to-date: /home/rsanz/git/learning/ROS2/RustROS2/install/std_msgs/include/std_msgs/std_msgs/msg/detail/float32_multi_array__rosidl_typesupport_introspection_c.h
-- Up-to-date: /home/rsanz/git/learning/ROS2/RustROS2/install/std_msgs/include/std_msgs/std_msgs/msg/detail/u_int16_multi_array__rosidl_typesupport_introspection_c.h
-- Up-to-date: /home/rsanz/git/learning/ROS2/RustROS2/install/std_msgs/include/std_msgs/std_msgs/msg/detail/u_int8_multi_array__rosidl_typesupport_introspection_c.h
-- Up-to-date: /home/rsanz/git/learning/ROS2/RustROS2/install/std_msgs/include/std_msgs/std_msgs/msg/detail/multi_array_dimension__type_support.c
-- Up-to-date: /home/rsanz/git/learning/ROS2/RustROS2/install/std_msgs/include/std_msgs/std_msgs/msg/detail/color_rgba__type_support.c
-- Up-to-date: /home/rsanz/git/learning/ROS2/RustROS2/install/std_msgs/include/std_msgs/std_msgs/msg/detail/float32__type_support.c
-- Up-to-date: /home/rsanz/git/learning/ROS2/RustROS2/install/std_msgs/include/std_msgs/std_msgs/msg/detail/int32_multi_array__type_support.c
-- Up-to-date: /home/rsanz/git/learning/ROS2/RustROS2/install/std_msgs/include/std_msgs/std_msgs/msg/detail/byte_multi_array__rosidl_typesupport_introspection_c.h
-- Up-to-date: /home/rsanz/git/learning/ROS2/RustROS2/install/std_msgs/include/std_msgs/std_msgs/msg/detail/byte__rosidl_typesupport_introspection_c.h
-- Up-to-date: /home/rsanz/git/learning/ROS2/RustROS2/install/std_msgs/include/std_msgs/std_msgs/msg/detail/multi_array_layout__rosidl_typesupport_introspection_c.h
-- Up-to-date: /home/rsanz/git/learning/ROS2/RustROS2/install/std_msgs/include/std_msgs/std_msgs/msg/detail/float32__rosidl_typesupport_introspection_c.h
-- Up-to-date: /home/rsanz/git/learning/ROS2/RustROS2/install/std_msgs/include/std_msgs/std_msgs/msg/detail/empty__type_support.c
-- Up-to-date: /home/rsanz/git/learning/ROS2/RustROS2/install/std_msgs/include/std_msgs/std_msgs/msg/detail/u_int64__type_support.c
-- Up-to-date: /home/rsanz/git/learning/ROS2/RustROS2/install/std_msgs/include/std_msgs/std_msgs/msg/detail/float64_multi_array__rosidl_typesupport_introspection_c.h
-- Up-to-date: /home/rsanz/git/learning/ROS2/RustROS2/install/std_msgs/include/std_msgs/std_msgs/msg/detail/float64__type_support.c
-- Up-to-date: /home/rsanz/git/learning/ROS2/RustROS2/install/std_msgs/include/std_msgs/std_msgs/msg/detail/u_int8__rosidl_typesupport_introspection_c.h
-- Up-to-date: /home/rsanz/git/learning/ROS2/RustROS2/install/std_msgs/include/std_msgs/std_msgs/msg/detail/string__type_support.c
-- Up-to-date: /home/rsanz/git/learning/ROS2/RustROS2/install/std_msgs/lib/libstd_msgs__rosidl_typesupport_introspection_c.so
-- Up-to-date: /home/rsanz/git/learning/ROS2/RustROS2/install/std_msgs/lib/libstd_msgs__rosidl_typesupport_c.so
-- Up-to-date: /home/rsanz/git/learning/ROS2/RustROS2/install/std_msgs/include/std_msgs/std_msgs
-- Up-to-date: /home/rsanz/git/learning/ROS2/RustROS2/install/std_msgs/include/std_msgs/std_msgs/msg
-- Up-to-date: /home/rsanz/git/learning/ROS2/RustROS2/install/std_msgs/include/std_msgs/std_msgs/msg/detail
-- Up-to-date: /home/rsanz/git/learning/ROS2/RustROS2/install/std_msgs/include/std_msgs/std_msgs/msg/detail/int64_multi_array__rosidl_typesupport_introspection_cpp.hpp
-- Up-to-date: /home/rsanz/git/learning/ROS2/RustROS2/install/std_msgs/include/std_msgs/std_msgs/msg/detail/int8__rosidl_typesupport_introspection_cpp.hpp
-- Up-to-date: /home/rsanz/git/learning/ROS2/RustROS2/install/std_msgs/include/std_msgs/std_msgs/msg/detail/int32_multi_array__type_support.cpp
-- Up-to-date: /home/rsanz/git/learning/ROS2/RustROS2/install/std_msgs/include/std_msgs/std_msgs/msg/detail/u_int32__rosidl_typesupport_introspection_cpp.hpp
-- Up-to-date: /home/rsanz/git/learning/ROS2/RustROS2/install/std_msgs/include/std_msgs/std_msgs/msg/detail/color_rgba__rosidl_typesupport_introspection_cpp.hpp
-- Up-to-date: /home/rsanz/git/learning/ROS2/RustROS2/install/std_msgs/include/std_msgs/std_msgs/msg/detail/float64__rosidl_typesupport_introspection_cpp.hpp
-- Up-to-date: /home/rsanz/git/learning/ROS2/RustROS2/install/std_msgs/include/std_msgs/std_msgs/msg/detail/bool__rosidl_typesupport_introspection_cpp.hpp
-- Up-to-date: /home/rsanz/git/learning/ROS2/RustROS2/install/std_msgs/include/std_msgs/std_msgs/msg/detail/float64_multi_array__rosidl_typesupport_introspection_cpp.hpp
-- Up-to-date: /home/rsanz/git/learning/ROS2/RustROS2/install/std_msgs/include/std_msgs/std_msgs/msg/detail/float32_multi_array__rosidl_typesupport_introspection_cpp.hpp
-- Up-to-date: /home/rsanz/git/learning/ROS2/RustROS2/install/std_msgs/include/std_msgs/std_msgs/msg/detail/int16__type_support.cpp
-- Up-to-date: /home/rsanz/git/learning/ROS2/RustROS2/install/std_msgs/include/std_msgs/std_msgs/msg/detail/bool__type_support.cpp
-- Up-to-date: /home/rsanz/git/learning/ROS2/RustROS2/install/std_msgs/include/std_msgs/std_msgs/msg/detail/u_int8_multi_array__type_support.cpp
-- Up-to-date: /home/rsanz/git/learning/ROS2/RustROS2/install/std_msgs/include/std_msgs/std_msgs/msg/detail/float64_multi_array__type_support.cpp
-- Up-to-date: /home/rsanz/git/learning/ROS2/RustROS2/install/std_msgs/include/std_msgs/std_msgs/msg/detail/u_int32_multi_array__type_support.cpp
-- Up-to-date: /home/rsanz/git/learning/ROS2/RustROS2/install/std_msgs/include/std_msgs/std_msgs/msg/detail/byte__type_support.cpp
-- Up-to-date: /home/rsanz/git/learning/ROS2/RustROS2/install/std_msgs/include/std_msgs/std_msgs/msg/detail/u_int64__type_support.cpp
-- Up-to-date: /home/rsanz/git/learning/ROS2/RustROS2/install/std_msgs/include/std_msgs/std_msgs/msg/detail/header__type_support.cpp
-- Up-to-date: /home/rsanz/git/learning/ROS2/RustROS2/install/std_msgs/include/std_msgs/std_msgs/msg/detail/u_int8_multi_array__rosidl_typesupport_introspection_cpp.hpp
-- Up-to-date: /home/rsanz/git/learning/ROS2/RustROS2/install/std_msgs/include/std_msgs/std_msgs/msg/detail/int32__type_support.cpp
-- Up-to-date: /home/rsanz/git/learning/ROS2/RustROS2/install/std_msgs/include/std_msgs/std_msgs/msg/detail/int16__rosidl_typesupport_introspection_cpp.hpp
-- Up-to-date: /home/rsanz/git/learning/ROS2/RustROS2/install/std_msgs/include/std_msgs/std_msgs/msg/detail/byte_multi_array__type_support.cpp
-- Up-to-date: /home/rsanz/git/learning/ROS2/RustROS2/install/std_msgs/include/std_msgs/std_msgs/msg/detail/int16_multi_array__type_support.cpp
-- Up-to-date: /home/rsanz/git/learning/ROS2/RustROS2/install/std_msgs/include/std_msgs/std_msgs/msg/detail/float32_multi_array__type_support.cpp
-- Up-to-date: /home/rsanz/git/learning/ROS2/RustROS2/install/std_msgs/include/std_msgs/std_msgs/msg/detail/multi_array_dimension__type_support.cpp
-- Up-to-date: /home/rsanz/git/learning/ROS2/RustROS2/install/std_msgs/include/std_msgs/std_msgs/msg/detail/multi_array_layout__rosidl_typesupport_introspection_cpp.hpp
-- Up-to-date: /home/rsanz/git/learning/ROS2/RustROS2/install/std_msgs/include/std_msgs/std_msgs/msg/detail/int8__type_support.cpp
-- Up-to-date: /home/rsanz/git/learning/ROS2/RustROS2/install/std_msgs/include/std_msgs/std_msgs/msg/detail/int16_multi_array__rosidl_typesupport_introspection_cpp.hpp
-- Up-to-date: /home/rsanz/git/learning/ROS2/RustROS2/install/std_msgs/include/std_msgs/std_msgs/msg/detail/u_int16_multi_array__type_support.cpp
-- Up-to-date: /home/rsanz/git/learning/ROS2/RustROS2/install/std_msgs/include/std_msgs/std_msgs/msg/detail/u_int64__rosidl_typesupport_introspection_cpp.hpp
-- Up-to-date: /home/rsanz/git/learning/ROS2/RustROS2/install/std_msgs/include/std_msgs/std_msgs/msg/detail/header__rosidl_typesupport_introspection_cpp.hpp
-- Up-to-date: /home/rsanz/git/learning/ROS2/RustROS2/install/std_msgs/include/std_msgs/std_msgs/msg/detail/u_int64_multi_array__rosidl_typesupport_introspection_cpp.hpp
-- Up-to-date: /home/rsanz/git/learning/ROS2/RustROS2/install/std_msgs/include/std_msgs/std_msgs/msg/detail/int64__type_support.cpp
-- Up-to-date: /home/rsanz/git/learning/ROS2/RustROS2/install/std_msgs/include/std_msgs/std_msgs/msg/detail/u_int16__type_support.cpp
-- Up-to-date: /home/rsanz/git/learning/ROS2/RustROS2/install/std_msgs/include/std_msgs/std_msgs/msg/detail/char__type_support.cpp
-- Up-to-date: /home/rsanz/git/learning/ROS2/RustROS2/install/std_msgs/include/std_msgs/std_msgs/msg/detail/color_rgba__type_support.cpp
-- Up-to-date: /home/rsanz/git/learning/ROS2/RustROS2/install/std_msgs/include/std_msgs/std_msgs/msg/detail/float32__rosidl_typesupport_introspection_cpp.hpp
-- Up-to-date: /home/rsanz/git/learning/ROS2/RustROS2/install/std_msgs/include/std_msgs/std_msgs/msg/detail/int32_multi_array__rosidl_typesupport_introspection_cpp.hpp
-- Up-to-date: /home/rsanz/git/learning/ROS2/RustROS2/install/std_msgs/include/std_msgs/std_msgs/msg/detail/byte_multi_array__rosidl_typesupport_introspection_cpp.hpp
-- Up-to-date: /home/rsanz/git/learning/ROS2/RustROS2/install/std_msgs/include/std_msgs/std_msgs/msg/detail/int64__rosidl_typesupport_introspection_cpp.hpp
-- Up-to-date: /home/rsanz/git/learning/ROS2/RustROS2/install/std_msgs/include/std_msgs/std_msgs/msg/detail/u_int16__rosidl_typesupport_introspection_cpp.hpp
-- Up-to-date: /home/rsanz/git/learning/ROS2/RustROS2/install/std_msgs/include/std_msgs/std_msgs/msg/detail/empty__rosidl_typesupport_introspection_cpp.hpp
-- Up-to-date: /home/rsanz/git/learning/ROS2/RustROS2/install/std_msgs/include/std_msgs/std_msgs/msg/detail/byte__rosidl_typesupport_introspection_cpp.hpp
-- Up-to-date: /home/rsanz/git/learning/ROS2/RustROS2/install/std_msgs/include/std_msgs/std_msgs/msg/detail/string__type_support.cpp
-- Up-to-date: /home/rsanz/git/learning/ROS2/RustROS2/install/std_msgs/include/std_msgs/std_msgs/msg/detail/string__rosidl_typesupport_introspection_cpp.hpp
-- Up-to-date: /home/rsanz/git/learning/ROS2/RustROS2/install/std_msgs/include/std_msgs/std_msgs/msg/detail/u_int8__rosidl_typesupport_introspection_cpp.hpp
-- Up-to-date: /home/rsanz/git/learning/ROS2/RustROS2/install/std_msgs/include/std_msgs/std_msgs/msg/detail/u_int64_multi_array__type_support.cpp
-- Up-to-date: /home/rsanz/git/learning/ROS2/RustROS2/install/std_msgs/include/std_msgs/std_msgs/msg/detail/int8_multi_array__rosidl_typesupport_introspection_cpp.hpp
-- Up-to-date: /home/rsanz/git/learning/ROS2/RustROS2/install/std_msgs/include/std_msgs/std_msgs/msg/detail/u_int32_multi_array__rosidl_typesupport_introspection_cpp.hpp
-- Up-to-date: /home/rsanz/git/learning/ROS2/RustROS2/install/std_msgs/include/std_msgs/std_msgs/msg/detail/int8_multi_array__type_support.cpp
-- Up-to-date: /home/rsanz/git/learning/ROS2/RustROS2/install/std_msgs/include/std_msgs/std_msgs/msg/detail/int32__rosidl_typesupport_introspection_cpp.hpp
-- Up-to-date: /home/rsanz/git/learning/ROS2/RustROS2/install/std_msgs/include/std_msgs/std_msgs/msg/detail/int64_multi_array__type_support.cpp
-- Up-to-date: /home/rsanz/git/learning/ROS2/RustROS2/install/std_msgs/include/std_msgs/std_msgs/msg/detail/float32__type_support.cpp
-- Up-to-date: /home/rsanz/git/learning/ROS2/RustROS2/install/std_msgs/include/std_msgs/std_msgs/msg/detail/u_int16_multi_array__rosidl_typesupport_introspection_cpp.hpp
-- Up-to-date: /home/rsanz/git/learning/ROS2/RustROS2/install/std_msgs/include/std_msgs/std_msgs/msg/detail/u_int32__type_support.cpp
-- Up-to-date: /home/rsanz/git/learning/ROS2/RustROS2/install/std_msgs/include/std_msgs/std_msgs/msg/detail/char__rosidl_typesupport_introspection_cpp.hpp
-- Up-to-date: /home/rsanz/git/learning/ROS2/RustROS2/install/std_msgs/include/std_msgs/std_msgs/msg/detail/multi_array_dimension__rosidl_typesupport_introspection_cpp.hpp
-- Up-to-date: /home/rsanz/git/learning/ROS2/RustROS2/install/std_msgs/include/std_msgs/std_msgs/msg/detail/float64__type_support.cpp
-- Up-to-date: /home/rsanz/git/learning/ROS2/RustROS2/install/std_msgs/include/std_msgs/std_msgs/msg/detail/multi_array_layout__type_support.cpp
-- Up-to-date: /home/rsanz/git/learning/ROS2/RustROS2/install/std_msgs/include/std_msgs/std_msgs/msg/detail/empty__type_support.cpp
-- Up-to-date: /home/rsanz/git/learning/ROS2/RustROS2/install/std_msgs/include/std_msgs/std_msgs/msg/detail/u_int8__type_support.cpp
-- Up-to-date: /home/rsanz/git/learning/ROS2/RustROS2/install/std_msgs/lib/libstd_msgs__rosidl_typesupport_introspection_cpp.so
-- Up-to-date: /home/rsanz/git/learning/ROS2/RustROS2/install/std_msgs/lib/libstd_msgs__rosidl_typesupport_cpp.so
-- Up-to-date: /home/rsanz/git/learning/ROS2/RustROS2/install/std_msgs/share/ament_index/resource_index/rust_packages/std_msgs
-- Up-to-date: /home/rsanz/git/learning/ROS2/RustROS2/install/std_msgs/share/std_msgs/rust
-- Up-to-date: /home/rsanz/git/learning/ROS2/RustROS2/install/std_msgs/share/std_msgs/rust/src
-- Up-to-date: /home/rsanz/git/learning/ROS2/RustROS2/install/std_msgs/share/std_msgs/rust/src/msg.rs
-- Up-to-date: /home/rsanz/git/learning/ROS2/RustROS2/install/std_msgs/share/std_msgs/rust/src/msg
-- Up-to-date: /home/rsanz/git/learning/ROS2/RustROS2/install/std_msgs/share/std_msgs/rust/src/msg/rmw.rs
-- Up-to-date: /home/rsanz/git/learning/ROS2/RustROS2/install/std_msgs/share/std_msgs/rust/src/lib.rs
-- Up-to-date: /home/rsanz/git/learning/ROS2/RustROS2/install/std_msgs/share/std_msgs/rust/build.rs
-- Up-to-date: /home/rsanz/git/learning/ROS2/RustROS2/install/std_msgs/share/std_msgs/rust/Cargo.toml
-- Up-to-date: /home/rsanz/git/learning/ROS2/RustROS2/install/std_msgs/share/std_msgs/environment/pythonpath.sh
-- Up-to-date: /home/rsanz/git/learning/ROS2/RustROS2/install/std_msgs/share/std_msgs/environment/pythonpath.dsv
-- Up-to-date: /home/rsanz/git/learning/ROS2/RustROS2/install/std_msgs/lib/python3.12/site-packages/std_msgs-5.3.7-py3.12.egg-info
-- Installing: /home/rsanz/git/learning/ROS2/RustROS2/install/std_msgs/lib/python3.12/site-packages/std_msgs-5.3.7-py3.12.egg-info/dependency_links.txt
-- Installing: /home/rsanz/git/learning/ROS2/RustROS2/install/std_msgs/lib/python3.12/site-packages/std_msgs-5.3.7-py3.12.egg-info/PKG-INFO
-- Installing: /home/rsanz/git/learning/ROS2/RustROS2/install/std_msgs/lib/python3.12/site-packages/std_msgs-5.3.7-py3.12.egg-info/top_level.txt
-- Installing: /home/rsanz/git/learning/ROS2/RustROS2/install/std_msgs/lib/python3.12/site-packages/std_msgs-5.3.7-py3.12.egg-info/SOURCES.txt
-- Up-to-date: /home/rsanz/git/learning/ROS2/RustROS2/install/std_msgs/lib/python3.12/site-packages/std_msgs
-- Up-to-date: /home/rsanz/git/learning/ROS2/RustROS2/install/std_msgs/lib/python3.12/site-packages/std_msgs/_std_msgs_s.ep.rosidl_typesupport_fastrtps_c.c
-- Up-to-date: /home/rsanz/git/learning/ROS2/RustROS2/install/std_msgs/lib/python3.12/site-packages/std_msgs/std_msgs_s__rosidl_typesupport_fastrtps_c.so
-- Up-to-date: /home/rsanz/git/learning/ROS2/RustROS2/install/std_msgs/lib/python3.12/site-packages/std_msgs/std_msgs_s__rosidl_typesupport_introspection_c.so
-- Up-to-date: /home/rsanz/git/learning/ROS2/RustROS2/install/std_msgs/lib/python3.12/site-packages/std_msgs/msg
-- Up-to-date: /home/rsanz/git/learning/ROS2/RustROS2/install/std_msgs/lib/python3.12/site-packages/std_msgs/msg/_float32_multi_array.py
-- Up-to-date: /home/rsanz/git/learning/ROS2/RustROS2/install/std_msgs/lib/python3.12/site-packages/std_msgs/msg/_int8_s.c
-- Up-to-date: /home/rsanz/git/learning/ROS2/RustROS2/install/std_msgs/lib/python3.12/site-packages/std_msgs/msg/_header_s.c
-- Up-to-date: /home/rsanz/git/learning/ROS2/RustROS2/install/std_msgs/lib/python3.12/site-packages/std_msgs/msg/_byte.py
-- Up-to-date: /home/rsanz/git/learning/ROS2/RustROS2/install/std_msgs/lib/python3.12/site-packages/std_msgs/msg/_empty_s.c
-- Up-to-date: /home/rsanz/git/learning/ROS2/RustROS2/install/std_msgs/lib/python3.12/site-packages/std_msgs/msg/_float32_multi_array_s.c
-- Up-to-date: /home/rsanz/git/learning/ROS2/RustROS2/install/std_msgs/lib/python3.12/site-packages/std_msgs/msg/_u_int64_s.c
-- Up-to-date: /home/rsanz/git/learning/ROS2/RustROS2/install/std_msgs/lib/python3.12/site-packages/std_msgs/msg/_int16_s.c
-- Up-to-date: /home/rsanz/git/learning/ROS2/RustROS2/install/std_msgs/lib/python3.12/site-packages/std_msgs/msg/_u_int32_multi_array_s.c
-- Up-to-date: /home/rsanz/git/learning/ROS2/RustROS2/install/std_msgs/lib/python3.12/site-packages/std_msgs/msg/_bool_s.c
-- Up-to-date: /home/rsanz/git/learning/ROS2/RustROS2/install/std_msgs/lib/python3.12/site-packages/std_msgs/msg/_u_int32_multi_array.py
-- Up-to-date: /home/rsanz/git/learning/ROS2/RustROS2/install/std_msgs/lib/python3.12/site-packages/std_msgs/msg/_u_int32.py
-- Up-to-date: /home/rsanz/git/learning/ROS2/RustROS2/install/std_msgs/lib/python3.12/site-packages/std_msgs/msg/_header.py
-- Up-to-date: /home/rsanz/git/learning/ROS2/RustROS2/install/std_msgs/lib/python3.12/site-packages/std_msgs/msg/_empty.py
-- Up-to-date: /home/rsanz/git/learning/ROS2/RustROS2/install/std_msgs/lib/python3.12/site-packages/std_msgs/msg/_multi_array_dimension.py
-- Up-to-date: /home/rsanz/git/learning/ROS2/RustROS2/install/std_msgs/lib/python3.12/site-packages/std_msgs/msg/_bool.py
-- Up-to-date: /home/rsanz/git/learning/ROS2/RustROS2/install/std_msgs/lib/python3.12/site-packages/std_msgs/msg/_u_int8_multi_array_s.c
-- Up-to-date: /home/rsanz/git/learning/ROS2/RustROS2/install/std_msgs/lib/python3.12/site-packages/std_msgs/msg/_int16_multi_array_s.c
-- Up-to-date: /home/rsanz/git/learning/ROS2/RustROS2/install/std_msgs/lib/python3.12/site-packages/std_msgs/msg/_int64_multi_array.py
-- Up-to-date: /home/rsanz/git/learning/ROS2/RustROS2/install/std_msgs/lib/python3.12/site-packages/std_msgs/msg/_int8.py
-- Up-to-date: /home/rsanz/git/learning/ROS2/RustROS2/install/std_msgs/lib/python3.12/site-packages/std_msgs/msg/_int64.py
-- Up-to-date: /home/rsanz/git/learning/ROS2/RustROS2/install/std_msgs/lib/python3.12/site-packages/std_msgs/msg/_multi_array_layout.py
-- Up-to-date: /home/rsanz/git/learning/ROS2/RustROS2/install/std_msgs/lib/python3.12/site-packages/std_msgs/msg/_char.py
-- Up-to-date: /home/rsanz/git/learning/ROS2/RustROS2/install/std_msgs/lib/python3.12/site-packages/std_msgs/msg/_u_int8_multi_array.py
-- Up-to-date: /home/rsanz/git/learning/ROS2/RustROS2/install/std_msgs/lib/python3.12/site-packages/std_msgs/msg/_byte_multi_array_s.c
-- Up-to-date: /home/rsanz/git/learning/ROS2/RustROS2/install/std_msgs/lib/python3.12/site-packages/std_msgs/msg/_string.py
-- Up-to-date: /home/rsanz/git/learning/ROS2/RustROS2/install/std_msgs/lib/python3.12/site-packages/std_msgs/msg/_u_int8_s.c
-- Up-to-date: /home/rsanz/git/learning/ROS2/RustROS2/install/std_msgs/lib/python3.12/site-packages/std_msgs/msg/_multi_array_dimension_s.c
-- Up-to-date: /home/rsanz/git/learning/ROS2/RustROS2/install/std_msgs/lib/python3.12/site-packages/std_msgs/msg/_int16_multi_array.py
-- Up-to-date: /home/rsanz/git/learning/ROS2/RustROS2/install/std_msgs/lib/python3.12/site-packages/std_msgs/msg/_u_int16_s.c
-- Up-to-date: /home/rsanz/git/learning/ROS2/RustROS2/install/std_msgs/lib/python3.12/site-packages/std_msgs/msg/_int8_multi_array_s.c
-- Up-to-date: /home/rsanz/git/learning/ROS2/RustROS2/install/std_msgs/lib/python3.12/site-packages/std_msgs/msg/_string_s.c
-- Up-to-date: /home/rsanz/git/learning/ROS2/RustROS2/install/std_msgs/lib/python3.12/site-packages/std_msgs/msg/_color_rgba.py
-- Up-to-date: /home/rsanz/git/learning/ROS2/RustROS2/install/std_msgs/lib/python3.12/site-packages/std_msgs/msg/__init__.py
-- Up-to-date: /home/rsanz/git/learning/ROS2/RustROS2/install/std_msgs/lib/python3.12/site-packages/std_msgs/msg/_u_int16_multi_array.py
-- Up-to-date: /home/rsanz/git/learning/ROS2/RustROS2/install/std_msgs/lib/python3.12/site-packages/std_msgs/msg/_float64_s.c
-- Up-to-date: /home/rsanz/git/learning/ROS2/RustROS2/install/std_msgs/lib/python3.12/site-packages/std_msgs/msg/_float32.py
-- Up-to-date: /home/rsanz/git/learning/ROS2/RustROS2/install/std_msgs/lib/python3.12/site-packages/std_msgs/msg/_float32_s.c
-- Up-to-date: /home/rsanz/git/learning/ROS2/RustROS2/install/std_msgs/lib/python3.12/site-packages/std_msgs/msg/_u_int64.py
-- Up-to-date: /home/rsanz/git/learning/ROS2/RustROS2/install/std_msgs/lib/python3.12/site-packages/std_msgs/msg/_int32_s.c
-- Up-to-date: /home/rsanz/git/learning/ROS2/RustROS2/install/std_msgs/lib/python3.12/site-packages/std_msgs/msg/_int64_s.c
-- Up-to-date: /home/rsanz/git/learning/ROS2/RustROS2/install/std_msgs/lib/python3.12/site-packages/std_msgs/msg/_int8_multi_array.py
-- Up-to-date: /home/rsanz/git/learning/ROS2/RustROS2/install/std_msgs/lib/python3.12/site-packages/std_msgs/msg/_int64_multi_array_s.c
-- Up-to-date: /home/rsanz/git/learning/ROS2/RustROS2/install/std_msgs/lib/python3.12/site-packages/std_msgs/msg/_u_int16_multi_array_s.c
-- Up-to-date: /home/rsanz/git/learning/ROS2/RustROS2/install/std_msgs/lib/python3.12/site-packages/std_msgs/msg/_color_rgba_s.c
-- Up-to-date: /home/rsanz/git/learning/ROS2/RustROS2/install/std_msgs/lib/python3.12/site-packages/std_msgs/msg/_u_int16.py
-- Up-to-date: /home/rsanz/git/learning/ROS2/RustROS2/install/std_msgs/lib/python3.12/site-packages/std_msgs/msg/_int32.py
-- Up-to-date: /home/rsanz/git/learning/ROS2/RustROS2/install/std_msgs/lib/python3.12/site-packages/std_msgs/msg/_u_int64_multi_array.py
-- Up-to-date: /home/rsanz/git/learning/ROS2/RustROS2/install/std_msgs/lib/python3.12/site-packages/std_msgs/msg/_float64_multi_array_s.c
-- Up-to-date: /home/rsanz/git/learning/ROS2/RustROS2/install/std_msgs/lib/python3.12/site-packages/std_msgs/msg/_u_int64_multi_array_s.c
-- Up-to-date: /home/rsanz/git/learning/ROS2/RustROS2/install/std_msgs/lib/python3.12/site-packages/std_msgs/msg/_int32_multi_array_s.c
-- Up-to-date: /home/rsanz/git/learning/ROS2/RustROS2/install/std_msgs/lib/python3.12/site-packages/std_msgs/msg/_int16.py
-- Up-to-date: /home/rsanz/git/learning/ROS2/RustROS2/install/std_msgs/lib/python3.12/site-packages/std_msgs/msg/_byte_multi_array.py
-- Up-to-date: /home/rsanz/git/learning/ROS2/RustROS2/install/std_msgs/lib/python3.12/site-packages/std_msgs/msg/_char_s.c
-- Up-to-date: /home/rsanz/git/learning/ROS2/RustROS2/install/std_msgs/lib/python3.12/site-packages/std_msgs/msg/_byte_s.c
-- Up-to-date: /home/rsanz/git/learning/ROS2/RustROS2/install/std_msgs/lib/python3.12/site-packages/std_msgs/msg/_float64.py
-- Up-to-date: /home/rsanz/git/learning/ROS2/RustROS2/install/std_msgs/lib/python3.12/site-packages/std_msgs/msg/_u_int8.py
-- Up-to-date: /home/rsanz/git/learning/ROS2/RustROS2/install/std_msgs/lib/python3.12/site-packages/std_msgs/msg/_multi_array_layout_s.c
-- Up-to-date: /home/rsanz/git/learning/ROS2/RustROS2/install/std_msgs/lib/python3.12/site-packages/std_msgs/msg/_float64_multi_array.py
-- Up-to-date: /home/rsanz/git/learning/ROS2/RustROS2/install/std_msgs/lib/python3.12/site-packages/std_msgs/msg/_u_int32_s.c
-- Up-to-date: /home/rsanz/git/learning/ROS2/RustROS2/install/std_msgs/lib/python3.12/site-packages/std_msgs/msg/_int32_multi_array.py
-- Up-to-date: /home/rsanz/git/learning/ROS2/RustROS2/install/std_msgs/lib/python3.12/site-packages/std_msgs/__init__.py
-- Up-to-date: /home/rsanz/git/learning/ROS2/RustROS2/install/std_msgs/lib/python3.12/site-packages/std_msgs/std_msgs_s__rosidl_typesupport_c.so
-- Up-to-date: /home/rsanz/git/learning/ROS2/RustROS2/install/std_msgs/lib/python3.12/site-packages/std_msgs/_std_msgs_s.ep.rosidl_typesupport_introspection_c.c
-- Up-to-date: /home/rsanz/git/learning/ROS2/RustROS2/install/std_msgs/lib/python3.12/site-packages/std_msgs/_std_msgs_s.ep.rosidl_typesupport_c.c
Listing '/home/rsanz/git/learning/ROS2/RustROS2/install/std_msgs/lib/python3.12/site-packages/std_msgs'...
Listing '/home/rsanz/git/learning/ROS2/RustROS2/install/std_msgs/lib/python3.12/site-packages/std_msgs/msg'...
-- Up-to-date: /home/rsanz/git/learning/ROS2/RustROS2/install/std_msgs/lib/python3.12/site-packages/std_msgs/std_msgs_s__rosidl_typesupport_fastrtps_c.so
-- Up-to-date: /home/rsanz/git/learning/ROS2/RustROS2/install/std_msgs/lib/python3.12/site-packages/std_msgs/std_msgs_s__rosidl_typesupport_introspection_c.so
-- Up-to-date: /home/rsanz/git/learning/ROS2/RustROS2/install/std_msgs/lib/python3.12/site-packages/std_msgs/std_msgs_s__rosidl_typesupport_c.so
-- Up-to-date: /home/rsanz/git/learning/ROS2/RustROS2/install/std_msgs/lib/libstd_msgs__rosidl_generator_py.so
-- Up-to-date: /home/rsanz/git/learning/ROS2/RustROS2/install/std_msgs/share/std_msgs/msg/Bool.idl
-- Up-to-date: /home/rsanz/git/learning/ROS2/RustROS2/install/std_msgs/share/std_msgs/msg/Byte.idl
-- Up-to-date: /home/rsanz/git/learning/ROS2/RustROS2/install/std_msgs/share/std_msgs/msg/ByteMultiArray.idl
-- Up-to-date: /home/rsanz/git/learning/ROS2/RustROS2/install/std_msgs/share/std_msgs/msg/Char.idl
-- Up-to-date: /home/rsanz/git/learning/ROS2/RustROS2/install/std_msgs/share/std_msgs/msg/ColorRGBA.idl
-- Up-to-date: /home/rsanz/git/learning/ROS2/RustROS2/install/std_msgs/share/std_msgs/msg/Empty.idl
-- Up-to-date: /home/rsanz/git/learning/ROS2/RustROS2/install/std_msgs/share/std_msgs/msg/Float32.idl
-- Up-to-date: /home/rsanz/git/learning/ROS2/RustROS2/install/std_msgs/share/std_msgs/msg/Float32MultiArray.idl
-- Up-to-date: /home/rsanz/git/learning/ROS2/RustROS2/install/std_msgs/share/std_msgs/msg/Float64.idl
-- Up-to-date: /home/rsanz/git/learning/ROS2/RustROS2/install/std_msgs/share/std_msgs/msg/Float64MultiArray.idl
-- Up-to-date: /home/rsanz/git/learning/ROS2/RustROS2/install/std_msgs/share/std_msgs/msg/Header.idl
-- Up-to-date: /home/rsanz/git/learning/ROS2/RustROS2/install/std_msgs/share/std_msgs/msg/Int16.idl
-- Up-to-date: /home/rsanz/git/learning/ROS2/RustROS2/install/std_msgs/share/std_msgs/msg/Int16MultiArray.idl
-- Up-to-date: /home/rsanz/git/learning/ROS2/RustROS2/install/std_msgs/share/std_msgs/msg/Int32.idl
-- Up-to-date: /home/rsanz/git/learning/ROS2/RustROS2/install/std_msgs/share/std_msgs/msg/Int32MultiArray.idl
-- Up-to-date: /home/rsanz/git/learning/ROS2/RustROS2/install/std_msgs/share/std_msgs/msg/Int64.idl
-- Up-to-date: /home/rsanz/git/learning/ROS2/RustROS2/install/std_msgs/share/std_msgs/msg/Int64MultiArray.idl
-- Up-to-date: /home/rsanz/git/learning/ROS2/RustROS2/install/std_msgs/share/std_msgs/msg/Int8.idl
-- Up-to-date: /home/rsanz/git/learning/ROS2/RustROS2/install/std_msgs/share/std_msgs/msg/Int8MultiArray.idl
-- Up-to-date: /home/rsanz/git/learning/ROS2/RustROS2/install/std_msgs/share/std_msgs/msg/MultiArrayDimension.idl
-- Up-to-date: /home/rsanz/git/learning/ROS2/RustROS2/install/std_msgs/share/std_msgs/msg/MultiArrayLayout.idl
-- Up-to-date: /home/rsanz/git/learning/ROS2/RustROS2/install/std_msgs/share/std_msgs/msg/String.idl
-- Up-to-date: /home/rsanz/git/learning/ROS2/RustROS2/install/std_msgs/share/std_msgs/msg/UInt16.idl
-- Up-to-date: /home/rsanz/git/learning/ROS2/RustROS2/install/std_msgs/share/std_msgs/msg/UInt16MultiArray.idl
-- Up-to-date: /home/rsanz/git/learning/ROS2/RustROS2/install/std_msgs/share/std_msgs/msg/UInt32.idl
-- Up-to-date: /home/rsanz/git/learning/ROS2/RustROS2/install/std_msgs/share/std_msgs/msg/UInt32MultiArray.idl
-- Up-to-date: /home/rsanz/git/learning/ROS2/RustROS2/install/std_msgs/share/std_msgs/msg/UInt64.idl
-- Up-to-date: /home/rsanz/git/learning/ROS2/RustROS2/install/std_msgs/share/std_msgs/msg/UInt64MultiArray.idl
-- Up-to-date: /home/rsanz/git/learning/ROS2/RustROS2/install/std_msgs/share/std_msgs/msg/UInt8.idl
-- Up-to-date: /home/rsanz/git/learning/ROS2/RustROS2/install/std_msgs/share/std_msgs/msg/UInt8MultiArray.idl
-- Up-to-date: /home/rsanz/git/learning/ROS2/RustROS2/install/std_msgs/share/std_msgs/msg/Bool.msg
-- Up-to-date: /home/rsanz/git/learning/ROS2/RustROS2/install/std_msgs/share/std_msgs/msg/Byte.msg
-- Up-to-date: /home/rsanz/git/learning/ROS2/RustROS2/install/std_msgs/share/std_msgs/msg/ByteMultiArray.msg
-- Up-to-date: /home/rsanz/git/learning/ROS2/RustROS2/install/std_msgs/share/std_msgs/msg/Char.msg
-- Up-to-date: /home/rsanz/git/learning/ROS2/RustROS2/install/std_msgs/share/std_msgs/msg/ColorRGBA.msg
-- Up-to-date: /home/rsanz/git/learning/ROS2/RustROS2/install/std_msgs/share/std_msgs/msg/Empty.msg
-- Up-to-date: /home/rsanz/git/learning/ROS2/RustROS2/install/std_msgs/share/std_msgs/msg/Float32.msg
-- Up-to-date: /home/rsanz/git/learning/ROS2/RustROS2/install/std_msgs/share/std_msgs/msg/Float32MultiArray.msg
-- Up-to-date: /home/rsanz/git/learning/ROS2/RustROS2/install/std_msgs/share/std_msgs/msg/Float64.msg
-- Up-to-date: /home/rsanz/git/learning/ROS2/RustROS2/install/std_msgs/share/std_msgs/msg/Float64MultiArray.msg
-- Up-to-date: /home/rsanz/git/learning/ROS2/RustROS2/install/std_msgs/share/std_msgs/msg/Header.msg
-- Up-to-date: /home/rsanz/git/learning/ROS2/RustROS2/install/std_msgs/share/std_msgs/msg/Int16.msg
-- Up-to-date: /home/rsanz/git/learning/ROS2/RustROS2/install/std_msgs/share/std_msgs/msg/Int16MultiArray.msg
-- Up-to-date: /home/rsanz/git/learning/ROS2/RustROS2/install/std_msgs/share/std_msgs/msg/Int32.msg
-- Up-to-date: /home/rsanz/git/learning/ROS2/RustROS2/install/std_msgs/share/std_msgs/msg/Int32MultiArray.msg
-- Up-to-date: /home/rsanz/git/learning/ROS2/RustROS2/install/std_msgs/share/std_msgs/msg/Int64.msg
-- Up-to-date: /home/rsanz/git/learning/ROS2/RustROS2/install/std_msgs/share/std_msgs/msg/Int64MultiArray.msg
-- Up-to-date: /home/rsanz/git/learning/ROS2/RustROS2/install/std_msgs/share/std_msgs/msg/Int8.msg
-- Up-to-date: /home/rsanz/git/learning/ROS2/RustROS2/install/std_msgs/share/std_msgs/msg/Int8MultiArray.msg
-- Up-to-date: /home/rsanz/git/learning/ROS2/RustROS2/install/std_msgs/share/std_msgs/msg/MultiArrayDimension.msg
-- Up-to-date: /home/rsanz/git/learning/ROS2/RustROS2/install/std_msgs/share/std_msgs/msg/MultiArrayLayout.msg
-- Up-to-date: /home/rsanz/git/learning/ROS2/RustROS2/install/std_msgs/share/std_msgs/msg/String.msg
-- Up-to-date: /home/rsanz/git/learning/ROS2/RustROS2/install/std_msgs/share/std_msgs/msg/UInt16.msg
-- Up-to-date: /home/rsanz/git/learning/ROS2/RustROS2/install/std_msgs/share/std_msgs/msg/UInt16MultiArray.msg
-- Up-to-date: /home/rsanz/git/learning/ROS2/RustROS2/install/std_msgs/share/std_msgs/msg/UInt32.msg
-- Up-to-date: /home/rsanz/git/learning/ROS2/RustROS2/install/std_msgs/share/std_msgs/msg/UInt32MultiArray.msg
-- Up-to-date: /home/rsanz/git/learning/ROS2/RustROS2/install/std_msgs/share/std_msgs/msg/UInt64.msg
-- Up-to-date: /home/rsanz/git/learning/ROS2/RustROS2/install/std_msgs/share/std_msgs/msg/UInt64MultiArray.msg
-- Up-to-date: /home/rsanz/git/learning/ROS2/RustROS2/install/std_msgs/share/std_msgs/msg/UInt8.msg
-- Up-to-date: /home/rsanz/git/learning/ROS2/RustROS2/install/std_msgs/share/std_msgs/msg/UInt8MultiArray.msg
-- Up-to-date: /home/rsanz/git/learning/ROS2/RustROS2/install/std_msgs/share/ament_index/resource_index/package_run_dependencies/std_msgs
-- Up-to-date: /home/rsanz/git/learning/ROS2/RustROS2/install/std_msgs/share/ament_index/resource_index/parent_prefix_path/std_msgs
-- Up-to-date: /home/rsanz/git/learning/ROS2/RustROS2/install/std_msgs/share/std_msgs/environment/ament_prefix_path.sh
-- Up-to-date: /home/rsanz/git/learning/ROS2/RustROS2/install/std_msgs/share/std_msgs/environment/ament_prefix_path.dsv
-- Up-to-date: /home/rsanz/git/learning/ROS2/RustROS2/install/std_msgs/share/std_msgs/environment/path.sh
-- Up-to-date: /home/rsanz/git/learning/ROS2/RustROS2/install/std_msgs/share/std_msgs/environment/path.dsv
-- Up-to-date: /home/rsanz/git/learning/ROS2/RustROS2/install/std_msgs/share/std_msgs/local_setup.bash
-- Up-to-date: /home/rsanz/git/learning/ROS2/RustROS2/install/std_msgs/share/std_msgs/local_setup.sh
-- Up-to-date: /home/rsanz/git/learning/ROS2/RustROS2/install/std_msgs/share/std_msgs/local_setup.zsh
-- Up-to-date: /home/rsanz/git/learning/ROS2/RustROS2/install/std_msgs/share/std_msgs/local_setup.dsv
-- Installing: /home/rsanz/git/learning/ROS2/RustROS2/install/std_msgs/share/std_msgs/package.dsv
-- Up-to-date: /home/rsanz/git/learning/ROS2/RustROS2/install/std_msgs/share/ament_index/resource_index/packages/std_msgs
-- Up-to-date: /home/rsanz/git/learning/ROS2/RustROS2/install/std_msgs/share/std_msgs/cmake/export_std_msgs__rosidl_generator_cExport.cmake
-- Up-to-date: /home/rsanz/git/learning/ROS2/RustROS2/install/std_msgs/share/std_msgs/cmake/export_std_msgs__rosidl_generator_cExport-noconfig.cmake
-- Up-to-date: /home/rsanz/git/learning/ROS2/RustROS2/install/std_msgs/share/std_msgs/cmake/export_std_msgs__rosidl_typesupport_fastrtps_cExport.cmake
-- Up-to-date: /home/rsanz/git/learning/ROS2/RustROS2/install/std_msgs/share/std_msgs/cmake/export_std_msgs__rosidl_typesupport_fastrtps_cExport-noconfig.cmake
-- Up-to-date: /home/rsanz/git/learning/ROS2/RustROS2/install/std_msgs/share/std_msgs/cmake/export_std_msgs__rosidl_generator_cppExport.cmake
-- Up-to-date: /home/rsanz/git/learning/ROS2/RustROS2/install/std_msgs/share/std_msgs/cmake/export_std_msgs__rosidl_typesupport_fastrtps_cppExport.cmake
-- Up-to-date: /home/rsanz/git/learning/ROS2/RustROS2/install/std_msgs/share/std_msgs/cmake/export_std_msgs__rosidl_typesupport_fastrtps_cppExport-noconfig.cmake
-- Up-to-date: /home/rsanz/git/learning/ROS2/RustROS2/install/std_msgs/share/std_msgs/cmake/std_msgs__rosidl_typesupport_introspection_cExport.cmake
-- Up-to-date: /home/rsanz/git/learning/ROS2/RustROS2/install/std_msgs/share/std_msgs/cmake/std_msgs__rosidl_typesupport_introspection_cExport-noconfig.cmake
-- Up-to-date: /home/rsanz/git/learning/ROS2/RustROS2/install/std_msgs/share/std_msgs/cmake/std_msgs__rosidl_typesupport_cExport.cmake
-- Up-to-date: /home/rsanz/git/learning/ROS2/RustROS2/install/std_msgs/share/std_msgs/cmake/std_msgs__rosidl_typesupport_cExport-noconfig.cmake
-- Up-to-date: /home/rsanz/git/learning/ROS2/RustROS2/install/std_msgs/share/std_msgs/cmake/std_msgs__rosidl_typesupport_introspection_cppExport.cmake
-- Up-to-date: /home/rsanz/git/learning/ROS2/RustROS2/install/std_msgs/share/std_msgs/cmake/std_msgs__rosidl_typesupport_introspection_cppExport-noconfig.cmake
-- Up-to-date: /home/rsanz/git/learning/ROS2/RustROS2/install/std_msgs/share/std_msgs/cmake/std_msgs__rosidl_typesupport_cppExport.cmake
-- Up-to-date: /home/rsanz/git/learning/ROS2/RustROS2/install/std_msgs/share/std_msgs/cmake/std_msgs__rosidl_typesupport_cppExport-noconfig.cmake
-- Up-to-date: /home/rsanz/git/learning/ROS2/RustROS2/install/std_msgs/share/std_msgs/cmake/export_std_msgs__rosidl_generator_pyExport.cmake
-- Up-to-date: /home/rsanz/git/learning/ROS2/RustROS2/install/std_msgs/share/std_msgs/cmake/export_std_msgs__rosidl_generator_pyExport-noconfig.cmake
-- Up-to-date: /home/rsanz/git/learning/ROS2/RustROS2/install/std_msgs/share/std_msgs/cmake/rosidl_cmake-extras.cmake
-- Up-to-date: /home/rsanz/git/learning/ROS2/RustROS2/install/std_msgs/share/std_msgs/cmake/ament_cmake_export_dependencies-extras.cmake
-- Up-to-date: /home/rsanz/git/learning/ROS2/RustROS2/install/std_msgs/share/std_msgs/cmake/ament_cmake_export_include_directories-extras.cmake
-- Up-to-date: /home/rsanz/git/learning/ROS2/RustROS2/install/std_msgs/share/std_msgs/cmake/ament_cmake_export_libraries-extras.cmake
-- Up-to-date: /home/rsanz/git/learning/ROS2/RustROS2/install/std_msgs/share/std_msgs/cmake/ament_cmake_export_targets-extras.cmake
-- Up-to-date: /home/rsanz/git/learning/ROS2/RustROS2/install/std_msgs/share/std_msgs/cmake/rosidl_cmake_export_typesupport_targets-extras.cmake
-- Up-to-date: /home/rsanz/git/learning/ROS2/RustROS2/install/std_msgs/share/std_msgs/cmake/rosidl_cmake_export_typesupport_libraries-extras.cmake
-- Up-to-date: /home/rsanz/git/learning/ROS2/RustROS2/install/std_msgs/share/std_msgs/cmake/std_msgsConfig.cmake
-- Up-to-date: /home/rsanz/git/learning/ROS2/RustROS2/install/std_msgs/share/std_msgs/cmake/std_msgsConfig-version.cmake
-- Up-to-date: /home/rsanz/git/learning/ROS2/RustROS2/install/std_msgs/share/std_msgs/package.xml
