[0.019s] Invoking command in '/home/rsanz/git/learning/ROS2/RustROS2/build/std_msgs': AMENT_PREFIX_PATH=/home/rsanz/git/learning/ROS2/RustROS2/install/rosidl_default_runtime:/home/rsanz/git/learning/ROS2/RustROS2/install/rosidl_default_generators:/home/rsanz/git/learning/ROS2/RustROS2/install/action_msgs:/home/rsanz/git/learning/ROS2/RustROS2/install/service_msgs:/home/rsanz/git/learning/ROS2/RustROS2/install/unique_identifier_msgs:/home/rsanz/git/learning/ROS2/RustROS2/install/builtin_interfaces:/home/rsanz/git/learning/ROS2/RustROS2/install/rosidl_core_runtime:/home/rsanz/git/learning/ROS2/RustROS2/install/rosidl_core_generators:/home/rsanz/git/learning/ROS2/RustROS2/install/rosidl_generator_rs:${AMENT_PREFIX_PATH} CMAKE_PREFIX_PATH=/home/rsanz/git/learning/ROS2/RustROS2/install/rosidl_default_runtime:/home/rsanz/git/learning/ROS2/RustROS2/install/rosidl_default_generators:/home/rsanz/git/learning/ROS2/RustROS2/install/action_msgs:/home/rsanz/git/learning/ROS2/RustROS2/install/service_msgs:/home/rsanz/git/learning/ROS2/RustROS2/install/unique_identifier_msgs:/home/rsanz/git/learning/ROS2/RustROS2/install/builtin_interfaces:/home/rsanz/git/learning/ROS2/RustROS2/install/rosidl_core_runtime:/home/rsanz/git/learning/ROS2/RustROS2/install/rosidl_core_generators:/home/rsanz/git/learning/ROS2/RustROS2/install/rosidl_generator_rs:/opt/ros/jazzy/opt/gz_math_vendor:/opt/ros/jazzy/opt/gz_utils_vendor:/opt/ros/jazzy/opt/gz_cmake_vendor:/opt/ros/jazzy DEBUGINFOD_URLS=https://debuginfod.ubuntu.com LD_LIBRARY_PATH=/home/rsanz/git/learning/ROS2/RustROS2/install/action_msgs/lib:/home/rsanz/git/learning/ROS2/RustROS2/install/service_msgs/lib:/home/rsanz/git/learning/ROS2/RustROS2/install/unique_identifier_msgs/lib:/home/rsanz/git/learning/ROS2/RustROS2/install/builtin_interfaces/lib:${LD_LIBRARY_PATH} PYTHONPATH=/home/rsanz/git/learning/ROS2/RustROS2/install/action_msgs/lib/python3.12/site-packages:/home/rsanz/git/learning/ROS2/RustROS2/install/service_msgs/lib/python3.12/site-packages:/home/rsanz/git/learning/ROS2/RustROS2/install/unique_identifier_msgs/lib/python3.12/site-packages:/home/rsanz/git/learning/ROS2/RustROS2/install/builtin_interfaces/lib/python3.12/site-packages:/home/rsanz/git/learning/ROS2/RustROS2/install/rosidl_generator_rs/lib/python3.12/site-packages:${PYTHONPATH} /usr/bin/cmake --build /home/rsanz/git/learning/ROS2/RustROS2/build/std_msgs -- -j24 -l24
[0.078s] [  0%] Built target std_msgs__rosidl_generator_type_description
[0.078s] [  1%] Built target std_msgs__rs
[0.094s] [  1%] Built target ament_cmake_python_copy_std_msgs
[0.100s] [  1%] Built target std_msgs__cpp
[0.119s] [ 29%] Built target std_msgs__rosidl_generator_c
[0.148s] [ 39%] Built target std_msgs__rosidl_typesupport_c
[0.148s] [ 49%] Built target std_msgs__rosidl_typesupport_introspection_c
[0.149s] [ 59%] Built target std_msgs__rosidl_typesupport_cpp
[0.153s] [ 69%] Built target std_msgs__rosidl_typesupport_fastrtps_c
[0.154s] [ 83%] Built target std_msgs__rosidl_typesupport_introspection_cpp
[0.154s] [ 88%] Built target std_msgs__rosidl_typesupport_fastrtps_cpp
[0.173s] [ 88%] Built target std_msgs
[0.197s] [ 88%] Built target std_msgs__py
[0.227s] [ 98%] Built target std_msgs__rosidl_generator_py
[0.249s] [ 99%] Built target std_msgs_s__rosidl_typesupport_fastrtps_c
[0.249s] [100%] Built target std_msgs_s__rosidl_typesupport_introspection_c
[0.249s] [100%] Built target std_msgs_s__rosidl_typesupport_c
[0.300s] running egg_info
[0.321s] writing std_msgs.egg-info/PKG-INFO
[0.321s] writing dependency_links to std_msgs.egg-info/dependency_links.txt
[0.322s] writing top-level names to std_msgs.egg-info/top_level.txt
[0.384s] reading manifest file 'std_msgs.egg-info/SOURCES.txt'
[0.385s] writing manifest file 'std_msgs.egg-info/SOURCES.txt'
[0.407s] [100%] Built target ament_cmake_python_build_std_msgs_egg
[0.421s] Invoked command in '/home/rsanz/git/learning/ROS2/RustROS2/build/std_msgs' returned '0': AMENT_PREFIX_PATH=/home/rsanz/git/learning/ROS2/RustROS2/install/rosidl_default_runtime:/home/rsanz/git/learning/ROS2/RustROS2/install/rosidl_default_generators:/home/rsanz/git/learning/ROS2/RustROS2/install/action_msgs:/home/rsanz/git/learning/ROS2/RustROS2/install/service_msgs:/home/rsanz/git/learning/ROS2/RustROS2/install/unique_identifier_msgs:/home/rsanz/git/learning/ROS2/RustROS2/install/builtin_interfaces:/home/rsanz/git/learning/ROS2/RustROS2/install/rosidl_core_runtime:/home/rsanz/git/learning/ROS2/RustROS2/install/rosidl_core_generators:/home/rsanz/git/learning/ROS2/RustROS2/install/rosidl_generator_rs:${AMENT_PREFIX_PATH} CMAKE_PREFIX_PATH=/home/rsanz/git/learning/ROS2/RustROS2/install/rosidl_default_runtime:/home/rsanz/git/learning/ROS2/RustROS2/install/rosidl_default_generators:/home/rsanz/git/learning/ROS2/RustROS2/install/action_msgs:/home/rsanz/git/learning/ROS2/RustROS2/install/service_msgs:/home/rsanz/git/learning/ROS2/RustROS2/install/unique_identifier_msgs:/home/rsanz/git/learning/ROS2/RustROS2/install/builtin_interfaces:/home/rsanz/git/learning/ROS2/RustROS2/install/rosidl_core_runtime:/home/rsanz/git/learning/ROS2/RustROS2/install/rosidl_core_generators:/home/rsanz/git/learning/ROS2/RustROS2/install/rosidl_generator_rs:/opt/ros/jazzy/opt/gz_math_vendor:/opt/ros/jazzy/opt/gz_utils_vendor:/opt/ros/jazzy/opt/gz_cmake_vendor:/opt/ros/jazzy DEBUGINFOD_URLS=https://debuginfod.ubuntu.com LD_LIBRARY_PATH=/home/rsanz/git/learning/ROS2/RustROS2/install/action_msgs/lib:/home/rsanz/git/learning/ROS2/RustROS2/install/service_msgs/lib:/home/rsanz/git/learning/ROS2/RustROS2/install/unique_identifier_msgs/lib:/home/rsanz/git/learning/ROS2/RustROS2/install/builtin_interfaces/lib:${LD_LIBRARY_PATH} PYTHONPATH=/home/rsanz/git/learning/ROS2/RustROS2/install/action_msgs/lib/python3.12/site-packages:/home/rsanz/git/learning/ROS2/RustROS2/install/service_msgs/lib/python3.12/site-packages:/home/rsanz/git/learning/ROS2/RustROS2/install/unique_identifier_msgs/lib/python3.12/site-packages:/home/rsanz/git/learning/ROS2/RustROS2/install/builtin_interfaces/lib/python3.12/site-packages:/home/rsanz/git/learning/ROS2/RustROS2/install/rosidl_generator_rs/lib/python3.12/site-packages:${PYTHONPATH} /usr/bin/cmake --build /home/rsanz/git/learning/ROS2/RustROS2/build/std_msgs -- -j24 -l24
[0.422s] Invoking command in '/home/rsanz/git/learning/ROS2/RustROS2/build/std_msgs': AMENT_PREFIX_PATH=/home/rsanz/git/learning/ROS2/RustROS2/install/rosidl_default_runtime:/home/rsanz/git/learning/ROS2/RustROS2/install/rosidl_default_generators:/home/rsanz/git/learning/ROS2/RustROS2/install/action_msgs:/home/rsanz/git/learning/ROS2/RustROS2/install/service_msgs:/home/rsanz/git/learning/ROS2/RustROS2/install/unique_identifier_msgs:/home/rsanz/git/learning/ROS2/RustROS2/install/builtin_interfaces:/home/rsanz/git/learning/ROS2/RustROS2/install/rosidl_core_runtime:/home/rsanz/git/learning/ROS2/RustROS2/install/rosidl_core_generators:/home/rsanz/git/learning/ROS2/RustROS2/install/rosidl_generator_rs:${AMENT_PREFIX_PATH} CMAKE_PREFIX_PATH=/home/rsanz/git/learning/ROS2/RustROS2/install/rosidl_default_runtime:/home/rsanz/git/learning/ROS2/RustROS2/install/rosidl_default_generators:/home/rsanz/git/learning/ROS2/RustROS2/install/action_msgs:/home/rsanz/git/learning/ROS2/RustROS2/install/service_msgs:/home/rsanz/git/learning/ROS2/RustROS2/install/unique_identifier_msgs:/home/rsanz/git/learning/ROS2/RustROS2/install/builtin_interfaces:/home/rsanz/git/learning/ROS2/RustROS2/install/rosidl_core_runtime:/home/rsanz/git/learning/ROS2/RustROS2/install/rosidl_core_generators:/home/rsanz/git/learning/ROS2/RustROS2/install/rosidl_generator_rs:/opt/ros/jazzy/opt/gz_math_vendor:/opt/ros/jazzy/opt/gz_utils_vendor:/opt/ros/jazzy/opt/gz_cmake_vendor:/opt/ros/jazzy DEBUGINFOD_URLS=https://debuginfod.ubuntu.com LD_LIBRARY_PATH=/home/rsanz/git/learning/ROS2/RustROS2/install/action_msgs/lib:/home/rsanz/git/learning/ROS2/RustROS2/install/service_msgs/lib:/home/rsanz/git/learning/ROS2/RustROS2/install/unique_identifier_msgs/lib:/home/rsanz/git/learning/ROS2/RustROS2/install/builtin_interfaces/lib:${LD_LIBRARY_PATH} PYTHONPATH=/home/rsanz/git/learning/ROS2/RustROS2/install/action_msgs/lib/python3.12/site-packages:/home/rsanz/git/learning/ROS2/RustROS2/install/service_msgs/lib/python3.12/site-packages:/home/rsanz/git/learning/ROS2/RustROS2/install/unique_identifier_msgs/lib/python3.12/site-packages:/home/rsanz/git/learning/ROS2/RustROS2/install/builtin_interfaces/lib/python3.12/site-packages:/home/rsanz/git/learning/ROS2/RustROS2/install/rosidl_generator_rs/lib/python3.12/site-packages:${PYTHONPATH} /usr/bin/cmake --install /home/rsanz/git/learning/ROS2/RustROS2/build/std_msgs
[0.429s] -- Install configuration: ""
[0.429s] -- Up-to-date: /home/rsanz/git/learning/ROS2/RustROS2/install/std_msgs/share/ament_index/resource_index/rosidl_interfaces/std_msgs
[0.429s] -- Up-to-date: /home/rsanz/git/learning/ROS2/RustROS2/install/std_msgs/share/std_msgs/msg/Bool.json
[0.429s] -- Up-to-date: /home/rsanz/git/learning/ROS2/RustROS2/install/std_msgs/share/std_msgs/msg/Byte.json
[0.430s] -- Up-to-date: /home/rsanz/git/learning/ROS2/RustROS2/install/std_msgs/share/std_msgs/msg/ByteMultiArray.json
[0.430s] -- Up-to-date: /home/rsanz/git/learning/ROS2/RustROS2/install/std_msgs/share/std_msgs/msg/Char.json
[0.430s] -- Up-to-date: /home/rsanz/git/learning/ROS2/RustROS2/install/std_msgs/share/std_msgs/msg/ColorRGBA.json
[0.430s] -- Up-to-date: /home/rsanz/git/learning/ROS2/RustROS2/install/std_msgs/share/std_msgs/msg/Empty.json
[0.430s] -- Up-to-date: /home/rsanz/git/learning/ROS2/RustROS2/install/std_msgs/share/std_msgs/msg/Float32.json
[0.430s] -- Up-to-date: /home/rsanz/git/learning/ROS2/RustROS2/install/std_msgs/share/std_msgs/msg/Float32MultiArray.json
[0.430s] -- Up-to-date: /home/rsanz/git/learning/ROS2/RustROS2/install/std_msgs/share/std_msgs/msg/Float64.json
[0.430s] -- Up-to-date: /home/rsanz/git/learning/ROS2/RustROS2/install/std_msgs/share/std_msgs/msg/Float64MultiArray.json
[0.430s] -- Up-to-date: /home/rsanz/git/learning/ROS2/RustROS2/install/std_msgs/share/std_msgs/msg/Header.json
[0.430s] -- Up-to-date: /home/rsanz/git/learning/ROS2/RustROS2/install/std_msgs/share/std_msgs/msg/Int16.json
[0.430s] -- Up-to-date: /home/rsanz/git/learning/ROS2/RustROS2/install/std_msgs/share/std_msgs/msg/Int16MultiArray.json
[0.431s] -- Up-to-date: /home/rsanz/git/learning/ROS2/RustROS2/install/std_msgs/share/std_msgs/msg/Int32.json
[0.431s] -- Up-to-date: /home/rsanz/git/learning/ROS2/RustROS2/install/std_msgs/share/std_msgs/msg/Int32MultiArray.json
[0.431s] -- Up-to-date: /home/rsanz/git/learning/ROS2/RustROS2/install/std_msgs/share/std_msgs/msg/Int64.json
[0.431s] -- Up-to-date: /home/rsanz/git/learning/ROS2/RustROS2/install/std_msgs/share/std_msgs/msg/Int64MultiArray.json
[0.431s] -- Up-to-date: /home/rsanz/git/learning/ROS2/RustROS2/install/std_msgs/share/std_msgs/msg/Int8.json
[0.431s] -- Up-to-date: /home/rsanz/git/learning/ROS2/RustROS2/install/std_msgs/share/std_msgs/msg/Int8MultiArray.json
[0.431s] -- Up-to-date: /home/rsanz/git/learning/ROS2/RustROS2/install/std_msgs/share/std_msgs/msg/MultiArrayDimension.json
[0.431s] -- Up-to-date: /home/rsanz/git/learning/ROS2/RustROS2/install/std_msgs/share/std_msgs/msg/MultiArrayLayout.json
[0.432s] -- Up-to-date: /home/rsanz/git/learning/ROS2/RustROS2/install/std_msgs/share/std_msgs/msg/String.json
[0.432s] -- Up-to-date: /home/rsanz/git/learning/ROS2/RustROS2/install/std_msgs/share/std_msgs/msg/UInt16.json
[0.432s] -- Up-to-date: /home/rsanz/git/learning/ROS2/RustROS2/install/std_msgs/share/std_msgs/msg/UInt16MultiArray.json
[0.432s] -- Up-to-date: /home/rsanz/git/learning/ROS2/RustROS2/install/std_msgs/share/std_msgs/msg/UInt32.json
[0.432s] -- Up-to-date: /home/rsanz/git/learning/ROS2/RustROS2/install/std_msgs/share/std_msgs/msg/UInt32MultiArray.json
[0.432s] -- Up-to-date: /home/rsanz/git/learning/ROS2/RustROS2/install/std_msgs/share/std_msgs/msg/UInt64.json
[0.432s] -- Up-to-date: /home/rsanz/git/learning/ROS2/RustROS2/install/std_msgs/share/std_msgs/msg/UInt64MultiArray.json
[0.433s] -- Up-to-date: /home/rsanz/git/learning/ROS2/RustROS2/install/std_msgs/share/std_msgs/msg/UInt8.json
[0.433s] -- Up-to-date: /home/rsanz/git/learning/ROS2/RustROS2/install/std_msgs/share/std_msgs/msg/UInt8MultiArray.json
[0.433s] -- Up-to-date: /home/rsanz/git/learning/ROS2/RustROS2/install/std_msgs/include/std_msgs/std_msgs
[0.433s] -- Up-to-date: /home/rsanz/git/learning/ROS2/RustROS2/install/std_msgs/include/std_msgs/std_msgs/msg
[0.433s] -- Up-to-date: /home/rsanz/git/learning/ROS2/RustROS2/install/std_msgs/include/std_msgs/std_msgs/msg/bool.h
[0.433s] -- Up-to-date: /home/rsanz/git/learning/ROS2/RustROS2/install/std_msgs/include/std_msgs/std_msgs/msg/rosidl_generator_c__visibility_control.h
[0.433s] -- Up-to-date: /home/rsanz/git/learning/ROS2/RustROS2/install/std_msgs/include/std_msgs/std_msgs/msg/u_int32.h
[0.433s] -- Up-to-date: /home/rsanz/git/learning/ROS2/RustROS2/install/std_msgs/include/std_msgs/std_msgs/msg/int64_multi_array.h
[0.433s] -- Up-to-date: /home/rsanz/git/learning/ROS2/RustROS2/install/std_msgs/include/std_msgs/std_msgs/msg/u_int8.h
[0.433s] -- Up-to-date: /home/rsanz/git/learning/ROS2/RustROS2/install/std_msgs/include/std_msgs/std_msgs/msg/int64.h
[0.434s] -- Up-to-date: /home/rsanz/git/learning/ROS2/RustROS2/install/std_msgs/include/std_msgs/std_msgs/msg/u_int16_multi_array.h
[0.434s] -- Up-to-date: /home/rsanz/git/learning/ROS2/RustROS2/install/std_msgs/include/std_msgs/std_msgs/msg/int32_multi_array.h
[0.434s] -- Up-to-date: /home/rsanz/git/learning/ROS2/RustROS2/install/std_msgs/include/std_msgs/std_msgs/msg/int32.h
[0.434s] -- Up-to-date: /home/rsanz/git/learning/ROS2/RustROS2/install/std_msgs/include/std_msgs/std_msgs/msg/header.h
[0.434s] -- Up-to-date: /home/rsanz/git/learning/ROS2/RustROS2/install/std_msgs/include/std_msgs/std_msgs/msg/char.h
[0.434s] -- Up-to-date: /home/rsanz/git/learning/ROS2/RustROS2/install/std_msgs/include/std_msgs/std_msgs/msg/byte_multi_array.h
[0.434s] -- Up-to-date: /home/rsanz/git/learning/ROS2/RustROS2/install/std_msgs/include/std_msgs/std_msgs/msg/int16_multi_array.h
[0.434s] -- Up-to-date: /home/rsanz/git/learning/ROS2/RustROS2/install/std_msgs/include/std_msgs/std_msgs/msg/int8.h
[0.435s] -- Up-to-date: /home/rsanz/git/learning/ROS2/RustROS2/install/std_msgs/include/std_msgs/std_msgs/msg/u_int64.h
[0.435s] -- Up-to-date: /home/rsanz/git/learning/ROS2/RustROS2/install/std_msgs/include/std_msgs/std_msgs/msg/multi_array_dimension.h
[0.435s] -- Up-to-date: /home/rsanz/git/learning/ROS2/RustROS2/install/std_msgs/include/std_msgs/std_msgs/msg/float32_multi_array.h
[0.435s] -- Up-to-date: /home/rsanz/git/learning/ROS2/RustROS2/install/std_msgs/include/std_msgs/std_msgs/msg/u_int32_multi_array.h
[0.435s] -- Up-to-date: /home/rsanz/git/learning/ROS2/RustROS2/install/std_msgs/include/std_msgs/std_msgs/msg/empty.h
[0.435s] -- Up-to-date: /home/rsanz/git/learning/ROS2/RustROS2/install/std_msgs/include/std_msgs/std_msgs/msg/float64.h
[0.435s] -- Up-to-date: /home/rsanz/git/learning/ROS2/RustROS2/install/std_msgs/include/std_msgs/std_msgs/msg/byte.h
[0.435s] -- Up-to-date: /home/rsanz/git/learning/ROS2/RustROS2/install/std_msgs/include/std_msgs/std_msgs/msg/u_int16.h
[0.435s] -- Up-to-date: /home/rsanz/git/learning/ROS2/RustROS2/install/std_msgs/include/std_msgs/std_msgs/msg/detail
[0.436s] -- Up-to-date: /home/rsanz/git/learning/ROS2/RustROS2/install/std_msgs/include/std_msgs/std_msgs/msg/detail/float64_multi_array__struct.h
[0.436s] -- Up-to-date: /home/rsanz/git/learning/ROS2/RustROS2/install/std_msgs/include/std_msgs/std_msgs/msg/detail/int32__type_support.h
[0.436s] -- Up-to-date: /home/rsanz/git/learning/ROS2/RustROS2/install/std_msgs/include/std_msgs/std_msgs/msg/detail/u_int64__struct.h
[0.436s] -- Up-to-date: /home/rsanz/git/learning/ROS2/RustROS2/install/std_msgs/include/std_msgs/std_msgs/msg/detail/float64_multi_array__description.c
[0.436s] -- Up-to-date: /home/rsanz/git/learning/ROS2/RustROS2/install/std_msgs/include/std_msgs/std_msgs/msg/detail/u_int8__functions.c
[0.436s] -- Up-to-date: /home/rsanz/git/learning/ROS2/RustROS2/install/std_msgs/include/std_msgs/std_msgs/msg/detail/char__functions.h
[0.436s] -- Up-to-date: /home/rsanz/git/learning/ROS2/RustROS2/install/std_msgs/include/std_msgs/std_msgs/msg/detail/float64__type_support.h
[0.436s] -- Up-to-date: /home/rsanz/git/learning/ROS2/RustROS2/install/std_msgs/include/std_msgs/std_msgs/msg/detail/u_int16__type_support.h
[0.437s] -- Up-to-date: /home/rsanz/git/learning/ROS2/RustROS2/install/std_msgs/include/std_msgs/std_msgs/msg/detail/int64_multi_array__type_support.h
[0.437s] -- Up-to-date: /home/rsanz/git/learning/ROS2/RustROS2/install/std_msgs/include/std_msgs/std_msgs/msg/detail/u_int16__description.c
[0.437s] -- Up-to-date: /home/rsanz/git/learning/ROS2/RustROS2/install/std_msgs/include/std_msgs/std_msgs/msg/detail/u_int32__struct.h
[0.437s] -- Up-to-date: /home/rsanz/git/learning/ROS2/RustROS2/install/std_msgs/include/std_msgs/std_msgs/msg/detail/u_int8_multi_array__type_support.h
[0.437s] -- Up-to-date: /home/rsanz/git/learning/ROS2/RustROS2/install/std_msgs/include/std_msgs/std_msgs/msg/detail/header__type_support.c
[0.437s] -- Up-to-date: /home/rsanz/git/learning/ROS2/RustROS2/install/std_msgs/include/std_msgs/std_msgs/msg/detail/int16_multi_array__type_support.c
[0.437s] -- Up-to-date: /home/rsanz/git/learning/ROS2/RustROS2/install/std_msgs/include/std_msgs/std_msgs/msg/detail/int8__struct.h
[0.437s] -- Up-to-date: /home/rsanz/git/learning/ROS2/RustROS2/install/std_msgs/include/std_msgs/std_msgs/msg/detail/u_int32_multi_array__functions.h
[0.437s] -- Up-to-date: /home/rsanz/git/learning/ROS2/RustROS2/install/std_msgs/include/std_msgs/std_msgs/msg/detail/multi_array_layout__functions.h
[0.437s] -- Up-to-date: /home/rsanz/git/learning/ROS2/RustROS2/install/std_msgs/include/std_msgs/std_msgs/msg/detail/header__type_support.h
[0.437s] -- Up-to-date: /home/rsanz/git/learning/ROS2/RustROS2/install/std_msgs/include/std_msgs/std_msgs/msg/detail/int8__description.c
[0.437s] -- Up-to-date: /home/rsanz/git/learning/ROS2/RustROS2/install/std_msgs/include/std_msgs/std_msgs/msg/detail/float32_multi_array__functions.c
[0.437s] -- Up-to-date: /home/rsanz/git/learning/ROS2/RustROS2/install/std_msgs/include/std_msgs/std_msgs/msg/detail/float32__struct.h
[0.437s] -- Up-to-date: /home/rsanz/git/learning/ROS2/RustROS2/install/std_msgs/include/std_msgs/std_msgs/msg/detail/char__description.c
[0.437s] -- Up-to-date: /home/rsanz/git/learning/ROS2/RustROS2/install/std_msgs/include/std_msgs/std_msgs/msg/detail/u_int16__functions.c
[0.437s] -- Up-to-date: /home/rsanz/git/learning/ROS2/RustROS2/install/std_msgs/include/std_msgs/std_msgs/msg/detail/float32_multi_array__functions.h
[0.438s] -- Up-to-date: /home/rsanz/git/learning/ROS2/RustROS2/install/std_msgs/include/std_msgs/std_msgs/msg/detail/int8__functions.c
[0.438s] -- Up-to-date: /home/rsanz/git/learning/ROS2/RustROS2/install/std_msgs/include/std_msgs/std_msgs/msg/detail/byte_multi_array__description.c
[0.438s] -- Up-to-date: /home/rsanz/git/learning/ROS2/RustROS2/install/std_msgs/include/std_msgs/std_msgs/msg/detail/u_int16__functions.h
[0.438s] -- Up-to-date: /home/rsanz/git/learning/ROS2/RustROS2/install/std_msgs/include/std_msgs/std_msgs/msg/detail/color_rgba__description.c
[0.438s] -- Up-to-date: /home/rsanz/git/learning/ROS2/RustROS2/install/std_msgs/include/std_msgs/std_msgs/msg/detail/int64__type_support.c
[0.438s] -- Up-to-date: /home/rsanz/git/learning/ROS2/RustROS2/install/std_msgs/include/std_msgs/std_msgs/msg/detail/int64__functions.c
[0.438s] -- Up-to-date: /home/rsanz/git/learning/ROS2/RustROS2/install/std_msgs/include/std_msgs/std_msgs/msg/detail/bool__description.c
[0.438s] -- Up-to-date: /home/rsanz/git/learning/ROS2/RustROS2/install/std_msgs/include/std_msgs/std_msgs/msg/detail/byte__type_support.c
[0.438s] -- Up-to-date: /home/rsanz/git/learning/ROS2/RustROS2/install/std_msgs/include/std_msgs/std_msgs/msg/detail/byte_multi_array__functions.c
[0.438s] -- Up-to-date: /home/rsanz/git/learning/ROS2/RustROS2/install/std_msgs/include/std_msgs/std_msgs/msg/detail/float64_multi_array__functions.h
[0.438s] -- Up-to-date: /home/rsanz/git/learning/ROS2/RustROS2/install/std_msgs/include/std_msgs/std_msgs/msg/detail/color_rgba__functions.h
[0.438s] -- Up-to-date: /home/rsanz/git/learning/ROS2/RustROS2/install/std_msgs/include/std_msgs/std_msgs/msg/detail/u_int64__type_support.h
[0.438s] -- Up-to-date: /home/rsanz/git/learning/ROS2/RustROS2/install/std_msgs/include/std_msgs/std_msgs/msg/detail/string__functions.h
[0.438s] -- Up-to-date: /home/rsanz/git/learning/ROS2/RustROS2/install/std_msgs/include/std_msgs/std_msgs/msg/detail/int16__functions.c
[0.438s] -- Up-to-date: /home/rsanz/git/learning/ROS2/RustROS2/install/std_msgs/include/std_msgs/std_msgs/msg/detail/u_int8__type_support.h
[0.438s] -- Up-to-date: /home/rsanz/git/learning/ROS2/RustROS2/install/std_msgs/include/std_msgs/std_msgs/msg/detail/empty__struct.h
[0.438s] -- Up-to-date: /home/rsanz/git/learning/ROS2/RustROS2/install/std_msgs/include/std_msgs/std_msgs/msg/detail/float64__description.c
[0.439s] -- Up-to-date: /home/rsanz/git/learning/ROS2/RustROS2/install/std_msgs/include/std_msgs/std_msgs/msg/detail/int16_multi_array__functions.c
[0.439s] -- Up-to-date: /home/rsanz/git/learning/ROS2/RustROS2/install/std_msgs/include/std_msgs/std_msgs/msg/detail/byte_multi_array__type_support.h
[0.439s] -- Up-to-date: /home/rsanz/git/learning/ROS2/RustROS2/install/std_msgs/include/std_msgs/std_msgs/msg/detail/float32_multi_array__struct.h
[0.439s] -- Up-to-date: /home/rsanz/git/learning/ROS2/RustROS2/install/std_msgs/include/std_msgs/std_msgs/msg/detail/int64__functions.h
[0.439s] -- Up-to-date: /home/rsanz/git/learning/ROS2/RustROS2/install/std_msgs/include/std_msgs/std_msgs/msg/detail/int64__description.c
[0.439s] -- Up-to-date: /home/rsanz/git/learning/ROS2/RustROS2/install/std_msgs/include/std_msgs/std_msgs/msg/detail/header__description.c
[0.439s] -- Up-to-date: /home/rsanz/git/learning/ROS2/RustROS2/install/std_msgs/include/std_msgs/std_msgs/msg/detail/int32__struct.h
[0.439s] -- Up-to-date: /home/rsanz/git/learning/ROS2/RustROS2/install/std_msgs/include/std_msgs/std_msgs/msg/detail/int16__type_support.c
[0.439s] -- Up-to-date: /home/rsanz/git/learning/ROS2/RustROS2/install/std_msgs/include/std_msgs/std_msgs/msg/detail/int8_multi_array__functions.c
[0.439s] -- Up-to-date: /home/rsanz/git/learning/ROS2/RustROS2/install/std_msgs/include/std_msgs/std_msgs/msg/detail/float64__functions.h
[0.439s] -- Up-to-date: /home/rsanz/git/learning/ROS2/RustROS2/install/std_msgs/include/std_msgs/std_msgs/msg/detail/float32_multi_array__description.c
[0.439s] -- Up-to-date: /home/rsanz/git/learning/ROS2/RustROS2/install/std_msgs/include/std_msgs/std_msgs/msg/detail/byte_multi_array__functions.h
[0.439s] -- Up-to-date: /home/rsanz/git/learning/ROS2/RustROS2/install/std_msgs/include/std_msgs/std_msgs/msg/detail/u_int64_multi_array__description.c
[0.439s] -- Up-to-date: /home/rsanz/git/learning/ROS2/RustROS2/install/std_msgs/include/std_msgs/std_msgs/msg/detail/int16__description.c
[0.439s] -- Up-to-date: /home/rsanz/git/learning/ROS2/RustROS2/install/std_msgs/include/std_msgs/std_msgs/msg/detail/string__description.c
[0.439s] -- Up-to-date: /home/rsanz/git/learning/ROS2/RustROS2/install/std_msgs/include/std_msgs/std_msgs/msg/detail/empty__functions.h
[0.439s] -- Up-to-date: /home/rsanz/git/learning/ROS2/RustROS2/install/std_msgs/include/std_msgs/std_msgs/msg/detail/u_int32_multi_array__type_support.c
[0.440s] -- Up-to-date: /home/rsanz/git/learning/ROS2/RustROS2/install/std_msgs/include/std_msgs/std_msgs/msg/detail/multi_array_layout__description.c
[0.440s] -- Up-to-date: /home/rsanz/git/learning/ROS2/RustROS2/install/std_msgs/include/std_msgs/std_msgs/msg/detail/u_int64_multi_array__functions.h
[0.440s] -- Up-to-date: /home/rsanz/git/learning/ROS2/RustROS2/install/std_msgs/include/std_msgs/std_msgs/msg/detail/byte__functions.c
[0.440s] -- Up-to-date: /home/rsanz/git/learning/ROS2/RustROS2/install/std_msgs/include/std_msgs/std_msgs/msg/detail/int64_multi_array__struct.h
[0.440s] -- Up-to-date: /home/rsanz/git/learning/ROS2/RustROS2/install/std_msgs/include/std_msgs/std_msgs/msg/detail/u_int32_multi_array__type_support.h
[0.440s] -- Up-to-date: /home/rsanz/git/learning/ROS2/RustROS2/install/std_msgs/include/std_msgs/std_msgs/msg/detail/u_int16_multi_array__functions.h
[0.440s] -- Up-to-date: /home/rsanz/git/learning/ROS2/RustROS2/install/std_msgs/include/std_msgs/std_msgs/msg/detail/u_int8_multi_array__description.c
[0.440s] -- Up-to-date: /home/rsanz/git/learning/ROS2/RustROS2/install/std_msgs/include/std_msgs/std_msgs/msg/detail/int8__type_support.c
[0.440s] -- Up-to-date: /home/rsanz/git/learning/ROS2/RustROS2/install/std_msgs/include/std_msgs/std_msgs/msg/detail/header__functions.c
[0.440s] -- Up-to-date: /home/rsanz/git/learning/ROS2/RustROS2/install/std_msgs/include/std_msgs/std_msgs/msg/detail/string__struct.h
[0.440s] -- Up-to-date: /home/rsanz/git/learning/ROS2/RustROS2/install/std_msgs/include/std_msgs/std_msgs/msg/detail/u_int64_multi_array__struct.h
[0.440s] -- Up-to-date: /home/rsanz/git/learning/ROS2/RustROS2/install/std_msgs/include/std_msgs/std_msgs/msg/detail/multi_array_dimension__struct.h
[0.440s] -- Up-to-date: /home/rsanz/git/learning/ROS2/RustROS2/install/std_msgs/include/std_msgs/std_msgs/msg/detail/float32__functions.c
[0.440s] -- Up-to-date: /home/rsanz/git/learning/ROS2/RustROS2/install/std_msgs/include/std_msgs/std_msgs/msg/detail/u_int16__type_support.c
[0.440s] -- Up-to-date: /home/rsanz/git/learning/ROS2/RustROS2/install/std_msgs/include/std_msgs/std_msgs/msg/detail/float32__description.c
[0.440s] -- Up-to-date: /home/rsanz/git/learning/ROS2/RustROS2/install/std_msgs/include/std_msgs/std_msgs/msg/detail/empty__type_support.h
[0.440s] -- Up-to-date: /home/rsanz/git/learning/ROS2/RustROS2/install/std_msgs/include/std_msgs/std_msgs/msg/detail/u_int16_multi_array__description.c
[0.440s] -- Up-to-date: /home/rsanz/git/learning/ROS2/RustROS2/install/std_msgs/include/std_msgs/std_msgs/msg/detail/char__type_support.h
[0.441s] -- Up-to-date: /home/rsanz/git/learning/ROS2/RustROS2/install/std_msgs/include/std_msgs/std_msgs/msg/detail/int16_multi_array__type_support.h
[0.441s] -- Up-to-date: /home/rsanz/git/learning/ROS2/RustROS2/install/std_msgs/include/std_msgs/std_msgs/msg/detail/u_int8_multi_array__type_support.c
[0.441s] -- Up-to-date: /home/rsanz/git/learning/ROS2/RustROS2/install/std_msgs/include/std_msgs/std_msgs/msg/detail/int32__functions.h
[0.441s] -- Up-to-date: /home/rsanz/git/learning/ROS2/RustROS2/install/std_msgs/include/std_msgs/std_msgs/msg/detail/u_int16_multi_array__struct.h
[0.441s] -- Up-to-date: /home/rsanz/git/learning/ROS2/RustROS2/install/std_msgs/include/std_msgs/std_msgs/msg/detail/bool__functions.c
[0.441s] -- Up-to-date: /home/rsanz/git/learning/ROS2/RustROS2/install/std_msgs/include/std_msgs/std_msgs/msg/detail/u_int32__type_support.c
[0.441s] -- Up-to-date: /home/rsanz/git/learning/ROS2/RustROS2/install/std_msgs/include/std_msgs/std_msgs/msg/detail/int64__struct.h
[0.441s] -- Up-to-date: /home/rsanz/git/learning/ROS2/RustROS2/install/std_msgs/include/std_msgs/std_msgs/msg/detail/u_int32_multi_array__struct.h
[0.441s] -- Up-to-date: /home/rsanz/git/learning/ROS2/RustROS2/install/std_msgs/include/std_msgs/std_msgs/msg/detail/u_int64__functions.c
[0.441s] -- Up-to-date: /home/rsanz/git/learning/ROS2/RustROS2/install/std_msgs/include/std_msgs/std_msgs/msg/detail/u_int8_multi_array__struct.h
[0.441s] -- Up-to-date: /home/rsanz/git/learning/ROS2/RustROS2/install/std_msgs/include/std_msgs/std_msgs/msg/detail/int16__type_support.h
[0.441s] -- Up-to-date: /home/rsanz/git/learning/ROS2/RustROS2/install/std_msgs/include/std_msgs/std_msgs/msg/detail/byte__type_support.h
[0.441s] -- Up-to-date: /home/rsanz/git/learning/ROS2/RustROS2/install/std_msgs/include/std_msgs/std_msgs/msg/detail/float32_multi_array__type_support.c
[0.441s] -- Up-to-date: /home/rsanz/git/learning/ROS2/RustROS2/install/std_msgs/include/std_msgs/std_msgs/msg/detail/int16__functions.h
[0.441s] -- Up-to-date: /home/rsanz/git/learning/ROS2/RustROS2/install/std_msgs/include/std_msgs/std_msgs/msg/detail/bool__type_support.c
[0.441s] -- Up-to-date: /home/rsanz/git/learning/ROS2/RustROS2/install/std_msgs/include/std_msgs/std_msgs/msg/detail/u_int32__description.c
[0.441s] -- Up-to-date: /home/rsanz/git/learning/ROS2/RustROS2/install/std_msgs/include/std_msgs/std_msgs/msg/detail/float32_multi_array__type_support.h
[0.442s] -- Up-to-date: /home/rsanz/git/learning/ROS2/RustROS2/install/std_msgs/include/std_msgs/std_msgs/msg/detail/int8_multi_array__description.c
[0.442s] -- Up-to-date: /home/rsanz/git/learning/ROS2/RustROS2/install/std_msgs/include/std_msgs/std_msgs/msg/detail/int8_multi_array__type_support.h
[0.442s] -- Up-to-date: /home/rsanz/git/learning/ROS2/RustROS2/install/std_msgs/include/std_msgs/std_msgs/msg/detail/int8__functions.h
[0.442s] -- Up-to-date: /home/rsanz/git/learning/ROS2/RustROS2/install/std_msgs/include/std_msgs/std_msgs/msg/detail/u_int16__struct.h
[0.442s] -- Up-to-date: /home/rsanz/git/learning/ROS2/RustROS2/install/std_msgs/include/std_msgs/std_msgs/msg/detail/int64__type_support.h
[0.442s] -- Up-to-date: /home/rsanz/git/learning/ROS2/RustROS2/install/std_msgs/include/std_msgs/std_msgs/msg/detail/int32_multi_array__struct.h
[0.442s] -- Up-to-date: /home/rsanz/git/learning/ROS2/RustROS2/install/std_msgs/include/std_msgs/std_msgs/msg/detail/u_int64__description.c
[0.442s] -- Up-to-date: /home/rsanz/git/learning/ROS2/RustROS2/install/std_msgs/include/std_msgs/std_msgs/msg/detail/char__type_support.c
[0.442s] -- Up-to-date: /home/rsanz/git/learning/ROS2/RustROS2/install/std_msgs/include/std_msgs/std_msgs/msg/detail/int64_multi_array__type_support.c
[0.442s] -- Up-to-date: /home/rsanz/git/learning/ROS2/RustROS2/install/std_msgs/include/std_msgs/std_msgs/msg/detail/int16__struct.h
[0.442s] -- Up-to-date: /home/rsanz/git/learning/ROS2/RustROS2/install/std_msgs/include/std_msgs/std_msgs/msg/detail/int64_multi_array__description.c
[0.442s] -- Up-to-date: /home/rsanz/git/learning/ROS2/RustROS2/install/std_msgs/include/std_msgs/std_msgs/msg/detail/u_int8__description.c
[0.443s] -- Up-to-date: /home/rsanz/git/learning/ROS2/RustROS2/install/std_msgs/include/std_msgs/std_msgs/msg/detail/empty__functions.c
[0.443s] -- Up-to-date: /home/rsanz/git/learning/ROS2/RustROS2/install/std_msgs/include/std_msgs/std_msgs/msg/detail/color_rgba__type_support.h
[0.443s] -- Up-to-date: /home/rsanz/git/learning/ROS2/RustROS2/install/std_msgs/include/std_msgs/std_msgs/msg/detail/u_int8__type_support.c
[0.443s] -- Up-to-date: /home/rsanz/git/learning/ROS2/RustROS2/install/std_msgs/include/std_msgs/std_msgs/msg/detail/int64_multi_array__functions.c
[0.443s] -- Up-to-date: /home/rsanz/git/learning/ROS2/RustROS2/install/std_msgs/include/std_msgs/std_msgs/msg/detail/header__functions.h
[0.443s] -- Up-to-date: /home/rsanz/git/learning/ROS2/RustROS2/install/std_msgs/include/std_msgs/std_msgs/msg/detail/int32_multi_array__functions.c
[0.443s] -- Up-to-date: /home/rsanz/git/learning/ROS2/RustROS2/install/std_msgs/include/std_msgs/std_msgs/msg/detail/char__struct.h
[0.443s] -- Up-to-date: /home/rsanz/git/learning/ROS2/RustROS2/install/std_msgs/include/std_msgs/std_msgs/msg/detail/float32__type_support.h
[0.444s] -- Up-to-date: /home/rsanz/git/learning/ROS2/RustROS2/install/std_msgs/include/std_msgs/std_msgs/msg/detail/u_int64_multi_array__type_support.h
[0.444s] -- Up-to-date: /home/rsanz/git/learning/ROS2/RustROS2/install/std_msgs/include/std_msgs/std_msgs/msg/detail/float64__struct.h
[0.444s] -- Up-to-date: /home/rsanz/git/learning/ROS2/RustROS2/install/std_msgs/include/std_msgs/std_msgs/msg/detail/u_int8_multi_array__functions.c
[0.444s] -- Up-to-date: /home/rsanz/git/learning/ROS2/RustROS2/install/std_msgs/include/std_msgs/std_msgs/msg/detail/int16_multi_array__description.c
[0.444s] -- Up-to-date: /home/rsanz/git/learning/ROS2/RustROS2/install/std_msgs/include/std_msgs/std_msgs/msg/detail/u_int16_multi_array__type_support.h
[0.444s] -- Up-to-date: /home/rsanz/git/learning/ROS2/RustROS2/install/std_msgs/include/std_msgs/std_msgs/msg/detail/u_int8__functions.h
[0.444s] -- Up-to-date: /home/rsanz/git/learning/ROS2/RustROS2/install/std_msgs/include/std_msgs/std_msgs/msg/detail/int32__description.c
[0.444s] -- Up-to-date: /home/rsanz/git/learning/ROS2/RustROS2/install/std_msgs/include/std_msgs/std_msgs/msg/detail/float32__functions.h
[0.444s] -- Up-to-date: /home/rsanz/git/learning/ROS2/RustROS2/install/std_msgs/include/std_msgs/std_msgs/msg/detail/u_int8_multi_array__functions.h
[0.444s] -- Up-to-date: /home/rsanz/git/learning/ROS2/RustROS2/install/std_msgs/include/std_msgs/std_msgs/msg/detail/header__struct.h
[0.445s] -- Up-to-date: /home/rsanz/git/learning/ROS2/RustROS2/install/std_msgs/include/std_msgs/std_msgs/msg/detail/int16_multi_array__functions.h
[0.445s] -- Up-to-date: /home/rsanz/git/learning/ROS2/RustROS2/install/std_msgs/include/std_msgs/std_msgs/msg/detail/multi_array_dimension__type_support.h
[0.445s] -- Up-to-date: /home/rsanz/git/learning/ROS2/RustROS2/install/std_msgs/include/std_msgs/std_msgs/msg/detail/multi_array_dimension__description.c
[0.445s] -- Up-to-date: /home/rsanz/git/learning/ROS2/RustROS2/install/std_msgs/include/std_msgs/std_msgs/msg/detail/u_int64_multi_array__functions.c
[0.445s] -- Up-to-date: /home/rsanz/git/learning/ROS2/RustROS2/install/std_msgs/include/std_msgs/std_msgs/msg/detail/multi_array_layout__struct.h
[0.445s] -- Up-to-date: /home/rsanz/git/learning/ROS2/RustROS2/install/std_msgs/include/std_msgs/std_msgs/msg/detail/float64_multi_array__type_support.c
[0.445s] -- Up-to-date: /home/rsanz/git/learning/ROS2/RustROS2/install/std_msgs/include/std_msgs/std_msgs/msg/detail/byte__description.c
[0.445s] -- Up-to-date: /home/rsanz/git/learning/ROS2/RustROS2/install/std_msgs/include/std_msgs/std_msgs/msg/detail/u_int16_multi_array__type_support.c
[0.446s] -- Up-to-date: /home/rsanz/git/learning/ROS2/RustROS2/install/std_msgs/include/std_msgs/std_msgs/msg/detail/u_int32_multi_array__description.c
[0.446s] -- Up-to-date: /home/rsanz/git/learning/ROS2/RustROS2/install/std_msgs/include/std_msgs/std_msgs/msg/detail/u_int32__type_support.h
[0.446s] -- Up-to-date: /home/rsanz/git/learning/ROS2/RustROS2/install/std_msgs/include/std_msgs/std_msgs/msg/detail/u_int64_multi_array__type_support.c
[0.446s] -- Up-to-date: /home/rsanz/git/learning/ROS2/RustROS2/install/std_msgs/include/std_msgs/std_msgs/msg/detail/u_int32__functions.h
[0.446s] -- Up-to-date: /home/rsanz/git/learning/ROS2/RustROS2/install/std_msgs/include/std_msgs/std_msgs/msg/detail/int32_multi_array__type_support.h
[0.446s] -- Up-to-date: /home/rsanz/git/learning/ROS2/RustROS2/install/std_msgs/include/std_msgs/std_msgs/msg/detail/multi_array_dimension__functions.c
[0.446s] -- Up-to-date: /home/rsanz/git/learning/ROS2/RustROS2/install/std_msgs/include/std_msgs/std_msgs/msg/detail/color_rgba__functions.c
[0.446s] -- Up-to-date: /home/rsanz/git/learning/ROS2/RustROS2/install/std_msgs/include/std_msgs/std_msgs/msg/detail/byte_multi_array__type_support.c
[0.446s] -- Up-to-date: /home/rsanz/git/learning/ROS2/RustROS2/install/std_msgs/include/std_msgs/std_msgs/msg/detail/color_rgba__struct.h
[0.447s] -- Up-to-date: /home/rsanz/git/learning/ROS2/RustROS2/install/std_msgs/include/std_msgs/std_msgs/msg/detail/bool__struct.h
[0.447s] -- Up-to-date: /home/rsanz/git/learning/ROS2/RustROS2/install/std_msgs/include/std_msgs/std_msgs/msg/detail/int32__type_support.c
[0.447s] -- Up-to-date: /home/rsanz/git/learning/ROS2/RustROS2/install/std_msgs/include/std_msgs/std_msgs/msg/detail/byte__struct.h
[0.447s] -- Up-to-date: /home/rsanz/git/learning/ROS2/RustROS2/install/std_msgs/include/std_msgs/std_msgs/msg/detail/u_int32_multi_array__functions.c
[0.447s] -- Up-to-date: /home/rsanz/git/learning/ROS2/RustROS2/install/std_msgs/include/std_msgs/std_msgs/msg/detail/int8_multi_array__type_support.c
[0.447s] -- Up-to-date: /home/rsanz/git/learning/ROS2/RustROS2/install/std_msgs/include/std_msgs/std_msgs/msg/detail/multi_array_layout__type_support.c
[0.447s] -- Up-to-date: /home/rsanz/git/learning/ROS2/RustROS2/install/std_msgs/include/std_msgs/std_msgs/msg/detail/u_int8__struct.h
[0.447s] -- Up-to-date: /home/rsanz/git/learning/ROS2/RustROS2/install/std_msgs/include/std_msgs/std_msgs/msg/detail/char__functions.c
[0.447s] -- Up-to-date: /home/rsanz/git/learning/ROS2/RustROS2/install/std_msgs/include/std_msgs/std_msgs/msg/detail/multi_array_dimension__type_support.c
[0.447s] -- Up-to-date: /home/rsanz/git/learning/ROS2/RustROS2/install/std_msgs/include/std_msgs/std_msgs/msg/detail/color_rgba__type_support.c
[0.447s] -- Up-to-date: /home/rsanz/git/learning/ROS2/RustROS2/install/std_msgs/include/std_msgs/std_msgs/msg/detail/float32__type_support.c
[0.447s] -- Up-to-date: /home/rsanz/git/learning/ROS2/RustROS2/install/std_msgs/include/std_msgs/std_msgs/msg/detail/int32_multi_array__type_support.c
[0.447s] -- Up-to-date: /home/rsanz/git/learning/ROS2/RustROS2/install/std_msgs/include/std_msgs/std_msgs/msg/detail/int8__type_support.h
[0.447s] -- Up-to-date: /home/rsanz/git/learning/ROS2/RustROS2/install/std_msgs/include/std_msgs/std_msgs/msg/detail/string__type_support.h
[0.447s] -- Up-to-date: /home/rsanz/git/learning/ROS2/RustROS2/install/std_msgs/include/std_msgs/std_msgs/msg/detail/int64_multi_array__functions.h
[0.447s] -- Up-to-date: /home/rsanz/git/learning/ROS2/RustROS2/install/std_msgs/include/std_msgs/std_msgs/msg/detail/float64_multi_array__functions.c
[0.448s] -- Up-to-date: /home/rsanz/git/learning/ROS2/RustROS2/install/std_msgs/include/std_msgs/std_msgs/msg/detail/byte_multi_array__struct.h
[0.448s] -- Up-to-date: /home/rsanz/git/learning/ROS2/RustROS2/install/std_msgs/include/std_msgs/std_msgs/msg/detail/float64__functions.c
[0.448s] -- Up-to-date: /home/rsanz/git/learning/ROS2/RustROS2/install/std_msgs/include/std_msgs/std_msgs/msg/detail/int8_multi_array__functions.h
[0.448s] -- Up-to-date: /home/rsanz/git/learning/ROS2/RustROS2/install/std_msgs/include/std_msgs/std_msgs/msg/detail/int8_multi_array__struct.h
[0.448s] -- Up-to-date: /home/rsanz/git/learning/ROS2/RustROS2/install/std_msgs/include/std_msgs/std_msgs/msg/detail/empty__type_support.c
[0.448s] -- Up-to-date: /home/rsanz/git/learning/ROS2/RustROS2/install/std_msgs/include/std_msgs/std_msgs/msg/detail/multi_array_layout__functions.c
[0.448s] -- Up-to-date: /home/rsanz/git/learning/ROS2/RustROS2/install/std_msgs/include/std_msgs/std_msgs/msg/detail/u_int16_multi_array__functions.c
[0.448s] -- Up-to-date: /home/rsanz/git/learning/ROS2/RustROS2/install/std_msgs/include/std_msgs/std_msgs/msg/detail/u_int64__type_support.c
[0.448s] -- Up-to-date: /home/rsanz/git/learning/ROS2/RustROS2/install/std_msgs/include/std_msgs/std_msgs/msg/detail/int16_multi_array__struct.h
[0.448s] -- Up-to-date: /home/rsanz/git/learning/ROS2/RustROS2/install/std_msgs/include/std_msgs/std_msgs/msg/detail/u_int64__functions.h
[0.448s] -- Up-to-date: /home/rsanz/git/learning/ROS2/RustROS2/install/std_msgs/include/std_msgs/std_msgs/msg/detail/byte__functions.h
[0.448s] -- Up-to-date: /home/rsanz/git/learning/ROS2/RustROS2/install/std_msgs/include/std_msgs/std_msgs/msg/detail/float64__type_support.c
[0.448s] -- Up-to-date: /home/rsanz/git/learning/ROS2/RustROS2/install/std_msgs/include/std_msgs/std_msgs/msg/detail/int32__functions.c
[0.449s] -- Up-to-date: /home/rsanz/git/learning/ROS2/RustROS2/install/std_msgs/include/std_msgs/std_msgs/msg/detail/string__functions.c
[0.449s] -- Up-to-date: /home/rsanz/git/learning/ROS2/RustROS2/install/std_msgs/include/std_msgs/std_msgs/msg/detail/int32_multi_array__description.c
[0.449s] -- Up-to-date: /home/rsanz/git/learning/ROS2/RustROS2/install/std_msgs/include/std_msgs/std_msgs/msg/detail/multi_array_dimension__functions.h
[0.449s] -- Up-to-date: /home/rsanz/git/learning/ROS2/RustROS2/install/std_msgs/include/std_msgs/std_msgs/msg/detail/empty__description.c
[0.449s] -- Up-to-date: /home/rsanz/git/learning/ROS2/RustROS2/install/std_msgs/include/std_msgs/std_msgs/msg/detail/bool__functions.h
[0.449s] -- Up-to-date: /home/rsanz/git/learning/ROS2/RustROS2/install/std_msgs/include/std_msgs/std_msgs/msg/detail/multi_array_layout__type_support.h
[0.449s] -- Up-to-date: /home/rsanz/git/learning/ROS2/RustROS2/install/std_msgs/include/std_msgs/std_msgs/msg/detail/u_int32__functions.c
[0.449s] -- Up-to-date: /home/rsanz/git/learning/ROS2/RustROS2/install/std_msgs/include/std_msgs/std_msgs/msg/detail/string__type_support.c
[0.449s] -- Up-to-date: /home/rsanz/git/learning/ROS2/RustROS2/install/std_msgs/include/std_msgs/std_msgs/msg/detail/bool__type_support.h
[0.449s] -- Up-to-date: /home/rsanz/git/learning/ROS2/RustROS2/install/std_msgs/include/std_msgs/std_msgs/msg/detail/int32_multi_array__functions.h
[0.449s] -- Up-to-date: /home/rsanz/git/learning/ROS2/RustROS2/install/std_msgs/include/std_msgs/std_msgs/msg/detail/float64_multi_array__type_support.h
[0.449s] -- Up-to-date: /home/rsanz/git/learning/ROS2/RustROS2/install/std_msgs/include/std_msgs/std_msgs/msg/u_int64_multi_array.h
[0.449s] -- Up-to-date: /home/rsanz/git/learning/ROS2/RustROS2/install/std_msgs/include/std_msgs/std_msgs/msg/multi_array_layout.h
[0.449s] -- Up-to-date: /home/rsanz/git/learning/ROS2/RustROS2/install/std_msgs/include/std_msgs/std_msgs/msg/int16.h
[0.449s] -- Up-to-date: /home/rsanz/git/learning/ROS2/RustROS2/install/std_msgs/include/std_msgs/std_msgs/msg/float32.h
[0.450s] -- Up-to-date: /home/rsanz/git/learning/ROS2/RustROS2/install/std_msgs/include/std_msgs/std_msgs/msg/float64_multi_array.h
[0.450s] -- Up-to-date: /home/rsanz/git/learning/ROS2/RustROS2/install/std_msgs/include/std_msgs/std_msgs/msg/string.h
[0.450s] -- Up-to-date: /home/rsanz/git/learning/ROS2/RustROS2/install/std_msgs/include/std_msgs/std_msgs/msg/color_rgba.h
[0.450s] -- Up-to-date: /home/rsanz/git/learning/ROS2/RustROS2/install/std_msgs/include/std_msgs/std_msgs/msg/u_int8_multi_array.h
[0.450s] -- Up-to-date: /home/rsanz/git/learning/ROS2/RustROS2/install/std_msgs/include/std_msgs/std_msgs/msg/int8_multi_array.h
[0.450s] -- Up-to-date: /home/rsanz/git/learning/ROS2/RustROS2/install/std_msgs/share/std_msgs/environment/library_path.sh
[0.450s] -- Up-to-date: /home/rsanz/git/learning/ROS2/RustROS2/install/std_msgs/share/std_msgs/environment/library_path.dsv
[0.450s] -- Up-to-date: /home/rsanz/git/learning/ROS2/RustROS2/install/std_msgs/lib/libstd_msgs__rosidl_generator_c.so
[0.450s] -- Up-to-date: /home/rsanz/git/learning/ROS2/RustROS2/install/std_msgs/include/std_msgs/std_msgs
[0.450s] -- Up-to-date: /home/rsanz/git/learning/ROS2/RustROS2/install/std_msgs/include/std_msgs/std_msgs/msg
[0.450s] -- Up-to-date: /home/rsanz/git/learning/ROS2/RustROS2/install/std_msgs/include/std_msgs/std_msgs/msg/rosidl_typesupport_fastrtps_c__visibility_control.h
[0.450s] -- Up-to-date: /home/rsanz/git/learning/ROS2/RustROS2/install/std_msgs/include/std_msgs/std_msgs/msg/detail
[0.451s] -- Up-to-date: /home/rsanz/git/learning/ROS2/RustROS2/install/std_msgs/include/std_msgs/std_msgs/msg/detail/int64__rosidl_typesupport_fastrtps_c.h
[0.451s] -- Up-to-date: /home/rsanz/git/learning/ROS2/RustROS2/install/std_msgs/include/std_msgs/std_msgs/msg/detail/u_int64_multi_array__rosidl_typesupport_fastrtps_c.h
[0.451s] -- Up-to-date: /home/rsanz/git/learning/ROS2/RustROS2/install/std_msgs/include/std_msgs/std_msgs/msg/detail/u_int8_multi_array__rosidl_typesupport_fastrtps_c.h
[0.451s] -- Up-to-date: /home/rsanz/git/learning/ROS2/RustROS2/install/std_msgs/include/std_msgs/std_msgs/msg/detail/int64_multi_array__rosidl_typesupport_fastrtps_c.h
[0.451s] -- Up-to-date: /home/rsanz/git/learning/ROS2/RustROS2/install/std_msgs/include/std_msgs/std_msgs/msg/detail/int16__rosidl_typesupport_fastrtps_c.h
[0.451s] -- Up-to-date: /home/rsanz/git/learning/ROS2/RustROS2/install/std_msgs/include/std_msgs/std_msgs/msg/detail/float32__rosidl_typesupport_fastrtps_c.h
[0.451s] -- Up-to-date: /home/rsanz/git/learning/ROS2/RustROS2/install/std_msgs/include/std_msgs/std_msgs/msg/detail/multi_array_dimension__rosidl_typesupport_fastrtps_c.h
[0.451s] -- Up-to-date: /home/rsanz/git/learning/ROS2/RustROS2/install/std_msgs/include/std_msgs/std_msgs/msg/detail/u_int16_multi_array__rosidl_typesupport_fastrtps_c.h
[0.451s] -- Up-to-date: /home/rsanz/git/learning/ROS2/RustROS2/install/std_msgs/include/std_msgs/std_msgs/msg/detail/color_rgba__rosidl_typesupport_fastrtps_c.h
[0.451s] -- Up-to-date: /home/rsanz/git/learning/ROS2/RustROS2/install/std_msgs/include/std_msgs/std_msgs/msg/detail/header__rosidl_typesupport_fastrtps_c.h
[0.451s] -- Up-to-date: /home/rsanz/git/learning/ROS2/RustROS2/install/std_msgs/include/std_msgs/std_msgs/msg/detail/string__rosidl_typesupport_fastrtps_c.h
[0.451s] -- Up-to-date: /home/rsanz/git/learning/ROS2/RustROS2/install/std_msgs/include/std_msgs/std_msgs/msg/detail/byte_multi_array__rosidl_typesupport_fastrtps_c.h
[0.451s] -- Up-to-date: /home/rsanz/git/learning/ROS2/RustROS2/install/std_msgs/include/std_msgs/std_msgs/msg/detail/int16_multi_array__rosidl_typesupport_fastrtps_c.h
[0.451s] -- Up-to-date: /home/rsanz/git/learning/ROS2/RustROS2/install/std_msgs/include/std_msgs/std_msgs/msg/detail/bool__rosidl_typesupport_fastrtps_c.h
[0.451s] -- Up-to-date: /home/rsanz/git/learning/ROS2/RustROS2/install/std_msgs/include/std_msgs/std_msgs/msg/detail/empty__rosidl_typesupport_fastrtps_c.h
[0.451s] -- Up-to-date: /home/rsanz/git/learning/ROS2/RustROS2/install/std_msgs/include/std_msgs/std_msgs/msg/detail/char__rosidl_typesupport_fastrtps_c.h
[0.451s] -- Up-to-date: /home/rsanz/git/learning/ROS2/RustROS2/install/std_msgs/include/std_msgs/std_msgs/msg/detail/u_int8__rosidl_typesupport_fastrtps_c.h
[0.451s] -- Up-to-date: /home/rsanz/git/learning/ROS2/RustROS2/install/std_msgs/include/std_msgs/std_msgs/msg/detail/float64__rosidl_typesupport_fastrtps_c.h
[0.452s] -- Up-to-date: /home/rsanz/git/learning/ROS2/RustROS2/install/std_msgs/include/std_msgs/std_msgs/msg/detail/u_int16__rosidl_typesupport_fastrtps_c.h
[0.452s] -- Up-to-date: /home/rsanz/git/learning/ROS2/RustROS2/install/std_msgs/include/std_msgs/std_msgs/msg/detail/int32__rosidl_typesupport_fastrtps_c.h
[0.452s] -- Up-to-date: /home/rsanz/git/learning/ROS2/RustROS2/install/std_msgs/include/std_msgs/std_msgs/msg/detail/u_int32__rosidl_typesupport_fastrtps_c.h
[0.452s] -- Up-to-date: /home/rsanz/git/learning/ROS2/RustROS2/install/std_msgs/include/std_msgs/std_msgs/msg/detail/byte__rosidl_typesupport_fastrtps_c.h
[0.452s] -- Up-to-date: /home/rsanz/git/learning/ROS2/RustROS2/install/std_msgs/include/std_msgs/std_msgs/msg/detail/int32_multi_array__rosidl_typesupport_fastrtps_c.h
[0.452s] -- Up-to-date: /home/rsanz/git/learning/ROS2/RustROS2/install/std_msgs/include/std_msgs/std_msgs/msg/detail/float32_multi_array__rosidl_typesupport_fastrtps_c.h
[0.452s] -- Up-to-date: /home/rsanz/git/learning/ROS2/RustROS2/install/std_msgs/include/std_msgs/std_msgs/msg/detail/float64_multi_array__rosidl_typesupport_fastrtps_c.h
[0.452s] -- Up-to-date: /home/rsanz/git/learning/ROS2/RustROS2/install/std_msgs/include/std_msgs/std_msgs/msg/detail/u_int64__rosidl_typesupport_fastrtps_c.h
[0.452s] -- Up-to-date: /home/rsanz/git/learning/ROS2/RustROS2/install/std_msgs/include/std_msgs/std_msgs/msg/detail/u_int32_multi_array__rosidl_typesupport_fastrtps_c.h
[0.452s] -- Up-to-date: /home/rsanz/git/learning/ROS2/RustROS2/install/std_msgs/include/std_msgs/std_msgs/msg/detail/int8__rosidl_typesupport_fastrtps_c.h
[0.452s] -- Up-to-date: /home/rsanz/git/learning/ROS2/RustROS2/install/std_msgs/include/std_msgs/std_msgs/msg/detail/multi_array_layout__rosidl_typesupport_fastrtps_c.h
[0.452s] -- Up-to-date: /home/rsanz/git/learning/ROS2/RustROS2/install/std_msgs/include/std_msgs/std_msgs/msg/detail/int8_multi_array__rosidl_typesupport_fastrtps_c.h
[0.452s] -- Up-to-date: /home/rsanz/git/learning/ROS2/RustROS2/install/std_msgs/lib/libstd_msgs__rosidl_typesupport_fastrtps_c.so
[0.452s] -- Up-to-date: /home/rsanz/git/learning/ROS2/RustROS2/install/std_msgs/include/std_msgs/std_msgs
[0.453s] -- Up-to-date: /home/rsanz/git/learning/ROS2/RustROS2/install/std_msgs/include/std_msgs/std_msgs/msg
[0.453s] -- Up-to-date: /home/rsanz/git/learning/ROS2/RustROS2/install/std_msgs/include/std_msgs/std_msgs/msg/multi_array_dimension.hpp
[0.453s] -- Up-to-date: /home/rsanz/git/learning/ROS2/RustROS2/install/std_msgs/include/std_msgs/std_msgs/msg/float64_multi_array.hpp
[0.453s] -- Up-to-date: /home/rsanz/git/learning/ROS2/RustROS2/install/std_msgs/include/std_msgs/std_msgs/msg/empty.hpp
[0.453s] -- Up-to-date: /home/rsanz/git/learning/ROS2/RustROS2/install/std_msgs/include/std_msgs/std_msgs/msg/byte.hpp
[0.453s] -- Up-to-date: /home/rsanz/git/learning/ROS2/RustROS2/install/std_msgs/include/std_msgs/std_msgs/msg/string.hpp
[0.453s] -- Up-to-date: /home/rsanz/git/learning/ROS2/RustROS2/install/std_msgs/include/std_msgs/std_msgs/msg/u_int8_multi_array.hpp
[0.453s] -- Up-to-date: /home/rsanz/git/learning/ROS2/RustROS2/install/std_msgs/include/std_msgs/std_msgs/msg/bool.hpp
[0.453s] -- Up-to-date: /home/rsanz/git/learning/ROS2/RustROS2/install/std_msgs/include/std_msgs/std_msgs/msg/int32_multi_array.hpp
[0.453s] -- Up-to-date: /home/rsanz/git/learning/ROS2/RustROS2/install/std_msgs/include/std_msgs/std_msgs/msg/u_int32.hpp
[0.453s] -- Up-to-date: /home/rsanz/git/learning/ROS2/RustROS2/install/std_msgs/include/std_msgs/std_msgs/msg/int8.hpp
[0.454s] -- Up-to-date: /home/rsanz/git/learning/ROS2/RustROS2/install/std_msgs/include/std_msgs/std_msgs/msg/color_rgba.hpp
[0.454s] -- Up-to-date: /home/rsanz/git/learning/ROS2/RustROS2/install/std_msgs/include/std_msgs/std_msgs/msg/float32.hpp
[0.454s] -- Up-to-date: /home/rsanz/git/learning/ROS2/RustROS2/install/std_msgs/include/std_msgs/std_msgs/msg/int16.hpp
[0.454s] -- Up-to-date: /home/rsanz/git/learning/ROS2/RustROS2/install/std_msgs/include/std_msgs/std_msgs/msg/int64.hpp
[0.454s] -- Up-to-date: /home/rsanz/git/learning/ROS2/RustROS2/install/std_msgs/include/std_msgs/std_msgs/msg/u_int8.hpp
[0.454s] -- Up-to-date: /home/rsanz/git/learning/ROS2/RustROS2/install/std_msgs/include/std_msgs/std_msgs/msg/multi_array_layout.hpp
[0.454s] -- Up-to-date: /home/rsanz/git/learning/ROS2/RustROS2/install/std_msgs/include/std_msgs/std_msgs/msg/u_int64_multi_array.hpp
[0.454s] -- Up-to-date: /home/rsanz/git/learning/ROS2/RustROS2/install/std_msgs/include/std_msgs/std_msgs/msg/int16_multi_array.hpp
[0.454s] -- Up-to-date: /home/rsanz/git/learning/ROS2/RustROS2/install/std_msgs/include/std_msgs/std_msgs/msg/byte_multi_array.hpp
[0.454s] -- Up-to-date: /home/rsanz/git/learning/ROS2/RustROS2/install/std_msgs/include/std_msgs/std_msgs/msg/u_int32_multi_array.hpp
[0.454s] -- Up-to-date: /home/rsanz/git/learning/ROS2/RustROS2/install/std_msgs/include/std_msgs/std_msgs/msg/u_int16_multi_array.hpp
[0.454s] -- Up-to-date: /home/rsanz/git/learning/ROS2/RustROS2/install/std_msgs/include/std_msgs/std_msgs/msg/int64_multi_array.hpp
[0.454s] -- Up-to-date: /home/rsanz/git/learning/ROS2/RustROS2/install/std_msgs/include/std_msgs/std_msgs/msg/int32.hpp
[0.454s] -- Up-to-date: /home/rsanz/git/learning/ROS2/RustROS2/install/std_msgs/include/std_msgs/std_msgs/msg/detail
[0.454s] -- Up-to-date: /home/rsanz/git/learning/ROS2/RustROS2/install/std_msgs/include/std_msgs/std_msgs/msg/detail/u_int8_multi_array__traits.hpp
[0.454s] -- Up-to-date: /home/rsanz/git/learning/ROS2/RustROS2/install/std_msgs/include/std_msgs/std_msgs/msg/detail/u_int8__type_support.hpp
[0.454s] -- Up-to-date: /home/rsanz/git/learning/ROS2/RustROS2/install/std_msgs/include/std_msgs/std_msgs/msg/detail/u_int16_multi_array__builder.hpp
[0.455s] -- Up-to-date: /home/rsanz/git/learning/ROS2/RustROS2/install/std_msgs/include/std_msgs/std_msgs/msg/detail/byte__builder.hpp
[0.455s] -- Up-to-date: /home/rsanz/git/learning/ROS2/RustROS2/install/std_msgs/include/std_msgs/std_msgs/msg/detail/multi_array_dimension__struct.hpp
[0.455s] -- Up-to-date: /home/rsanz/git/learning/ROS2/RustROS2/install/std_msgs/include/std_msgs/std_msgs/msg/detail/int32_multi_array__builder.hpp
[0.455s] -- Up-to-date: /home/rsanz/git/learning/ROS2/RustROS2/install/std_msgs/include/std_msgs/std_msgs/msg/detail/int32_multi_array__traits.hpp
[0.455s] -- Up-to-date: /home/rsanz/git/learning/ROS2/RustROS2/install/std_msgs/include/std_msgs/std_msgs/msg/detail/int64__struct.hpp
[0.455s] -- Up-to-date: /home/rsanz/git/learning/ROS2/RustROS2/install/std_msgs/include/std_msgs/std_msgs/msg/detail/header__builder.hpp
[0.455s] -- Up-to-date: /home/rsanz/git/learning/ROS2/RustROS2/install/std_msgs/include/std_msgs/std_msgs/msg/detail/int32_multi_array__struct.hpp
[0.455s] -- Up-to-date: /home/rsanz/git/learning/ROS2/RustROS2/install/std_msgs/include/std_msgs/std_msgs/msg/detail/byte_multi_array__struct.hpp
[0.455s] -- Up-to-date: /home/rsanz/git/learning/ROS2/RustROS2/install/std_msgs/include/std_msgs/std_msgs/msg/detail/float64__struct.hpp
[0.455s] -- Up-to-date: /home/rsanz/git/learning/ROS2/RustROS2/install/std_msgs/include/std_msgs/std_msgs/msg/detail/int64_multi_array__type_support.hpp
[0.455s] -- Up-to-date: /home/rsanz/git/learning/ROS2/RustROS2/install/std_msgs/include/std_msgs/std_msgs/msg/detail/int64__traits.hpp
[0.455s] -- Up-to-date: /home/rsanz/git/learning/ROS2/RustROS2/install/std_msgs/include/std_msgs/std_msgs/msg/detail/u_int64_multi_array__traits.hpp
[0.455s] -- Up-to-date: /home/rsanz/git/learning/ROS2/RustROS2/install/std_msgs/include/std_msgs/std_msgs/msg/detail/float64_multi_array__type_support.hpp
[0.455s] -- Up-to-date: /home/rsanz/git/learning/ROS2/RustROS2/install/std_msgs/include/std_msgs/std_msgs/msg/detail/u_int32_multi_array__type_support.hpp
[0.455s] -- Up-to-date: /home/rsanz/git/learning/ROS2/RustROS2/install/std_msgs/include/std_msgs/std_msgs/msg/detail/int8_multi_array__struct.hpp
[0.455s] -- Up-to-date: /home/rsanz/git/learning/ROS2/RustROS2/install/std_msgs/include/std_msgs/std_msgs/msg/detail/float32_multi_array__type_support.hpp
[0.455s] -- Up-to-date: /home/rsanz/git/learning/ROS2/RustROS2/install/std_msgs/include/std_msgs/std_msgs/msg/detail/u_int32_multi_array__builder.hpp
[0.455s] -- Up-to-date: /home/rsanz/git/learning/ROS2/RustROS2/install/std_msgs/include/std_msgs/std_msgs/msg/detail/u_int16_multi_array__traits.hpp
[0.456s] -- Up-to-date: /home/rsanz/git/learning/ROS2/RustROS2/install/std_msgs/include/std_msgs/std_msgs/msg/detail/int16_multi_array__builder.hpp
[0.456s] -- Up-to-date: /home/rsanz/git/learning/ROS2/RustROS2/install/std_msgs/include/std_msgs/std_msgs/msg/detail/u_int32__traits.hpp
[0.456s] -- Up-to-date: /home/rsanz/git/learning/ROS2/RustROS2/install/std_msgs/include/std_msgs/std_msgs/msg/detail/int16_multi_array__traits.hpp
[0.456s] -- Up-to-date: /home/rsanz/git/learning/ROS2/RustROS2/install/std_msgs/include/std_msgs/std_msgs/msg/detail/float64_multi_array__traits.hpp
[0.456s] -- Up-to-date: /home/rsanz/git/learning/ROS2/RustROS2/install/std_msgs/include/std_msgs/std_msgs/msg/detail/byte__type_support.hpp
[0.456s] -- Up-to-date: /home/rsanz/git/learning/ROS2/RustROS2/install/std_msgs/include/std_msgs/std_msgs/msg/detail/u_int8__struct.hpp
[0.456s] -- Up-to-date: /home/rsanz/git/learning/ROS2/RustROS2/install/std_msgs/include/std_msgs/std_msgs/msg/detail/u_int64__struct.hpp
[0.456s] -- Up-to-date: /home/rsanz/git/learning/ROS2/RustROS2/install/std_msgs/include/std_msgs/std_msgs/msg/detail/multi_array_dimension__builder.hpp
[0.456s] -- Up-to-date: /home/rsanz/git/learning/ROS2/RustROS2/install/std_msgs/include/std_msgs/std_msgs/msg/detail/int8_multi_array__traits.hpp
[0.456s] -- Up-to-date: /home/rsanz/git/learning/ROS2/RustROS2/install/std_msgs/include/std_msgs/std_msgs/msg/detail/char__struct.hpp
[0.456s] -- Up-to-date: /home/rsanz/git/learning/ROS2/RustROS2/install/std_msgs/include/std_msgs/std_msgs/msg/detail/bool__traits.hpp
[0.456s] -- Up-to-date: /home/rsanz/git/learning/ROS2/RustROS2/install/std_msgs/include/std_msgs/std_msgs/msg/detail/u_int16_multi_array__type_support.hpp
[0.456s] -- Up-to-date: /home/rsanz/git/learning/ROS2/RustROS2/install/std_msgs/include/std_msgs/std_msgs/msg/detail/byte__struct.hpp
[0.456s] -- Up-to-date: /home/rsanz/git/learning/ROS2/RustROS2/install/std_msgs/include/std_msgs/std_msgs/msg/detail/u_int16__struct.hpp
[0.457s] -- Up-to-date: /home/rsanz/git/learning/ROS2/RustROS2/install/std_msgs/include/std_msgs/std_msgs/msg/detail/char__type_support.hpp
[0.457s] -- Up-to-date: /home/rsanz/git/learning/ROS2/RustROS2/install/std_msgs/include/std_msgs/std_msgs/msg/detail/int8__struct.hpp
[0.457s] -- Up-to-date: /home/rsanz/git/learning/ROS2/RustROS2/install/std_msgs/include/std_msgs/std_msgs/msg/detail/float64_multi_array__builder.hpp
[0.457s] -- Up-to-date: /home/rsanz/git/learning/ROS2/RustROS2/install/std_msgs/include/std_msgs/std_msgs/msg/detail/int16_multi_array__struct.hpp
[0.457s] -- Up-to-date: /home/rsanz/git/learning/ROS2/RustROS2/install/std_msgs/include/std_msgs/std_msgs/msg/detail/float32_multi_array__struct.hpp
[0.457s] -- Up-to-date: /home/rsanz/git/learning/ROS2/RustROS2/install/std_msgs/include/std_msgs/std_msgs/msg/detail/color_rgba__traits.hpp
[0.457s] -- Up-to-date: /home/rsanz/git/learning/ROS2/RustROS2/install/std_msgs/include/std_msgs/std_msgs/msg/detail/int8_multi_array__builder.hpp
[0.457s] -- Up-to-date: /home/rsanz/git/learning/ROS2/RustROS2/install/std_msgs/include/std_msgs/std_msgs/msg/detail/empty__traits.hpp
[0.457s] -- Up-to-date: /home/rsanz/git/learning/ROS2/RustROS2/install/std_msgs/include/std_msgs/std_msgs/msg/detail/bool__struct.hpp
[0.457s] -- Up-to-date: /home/rsanz/git/learning/ROS2/RustROS2/install/std_msgs/include/std_msgs/std_msgs/msg/detail/u_int8_multi_array__builder.hpp
[0.457s] -- Up-to-date: /home/rsanz/git/learning/ROS2/RustROS2/install/std_msgs/include/std_msgs/std_msgs/msg/detail/int16__type_support.hpp
[0.457s] -- Up-to-date: /home/rsanz/git/learning/ROS2/RustROS2/install/std_msgs/include/std_msgs/std_msgs/msg/detail/multi_array_layout__traits.hpp
[0.458s] -- Up-to-date: /home/rsanz/git/learning/ROS2/RustROS2/install/std_msgs/include/std_msgs/std_msgs/msg/detail/float32_multi_array__builder.hpp
[0.458s] -- Up-to-date: /home/rsanz/git/learning/ROS2/RustROS2/install/std_msgs/include/std_msgs/std_msgs/msg/detail/int32__struct.hpp
[0.458s] -- Up-to-date: /home/rsanz/git/learning/ROS2/RustROS2/install/std_msgs/include/std_msgs/std_msgs/msg/detail/float32__struct.hpp
[0.458s] -- Up-to-date: /home/rsanz/git/learning/ROS2/RustROS2/install/std_msgs/include/std_msgs/std_msgs/msg/detail/int64_multi_array__builder.hpp
[0.458s] -- Up-to-date: /home/rsanz/git/learning/ROS2/RustROS2/install/std_msgs/include/std_msgs/std_msgs/msg/detail/int32__traits.hpp
[0.458s] -- Up-to-date: /home/rsanz/git/learning/ROS2/RustROS2/install/std_msgs/include/std_msgs/std_msgs/msg/detail/color_rgba__struct.hpp
[0.458s] -- Up-to-date: /home/rsanz/git/learning/ROS2/RustROS2/install/std_msgs/include/std_msgs/std_msgs/msg/detail/header__traits.hpp
[0.458s] -- Up-to-date: /home/rsanz/git/learning/ROS2/RustROS2/install/std_msgs/include/std_msgs/std_msgs/msg/detail/byte_multi_array__builder.hpp
[0.458s] -- Up-to-date: /home/rsanz/git/learning/ROS2/RustROS2/install/std_msgs/include/std_msgs/std_msgs/msg/detail/u_int32__struct.hpp
[0.458s] -- Up-to-date: /home/rsanz/git/learning/ROS2/RustROS2/install/std_msgs/include/std_msgs/std_msgs/msg/detail/int32__type_support.hpp
[0.458s] -- Up-to-date: /home/rsanz/git/learning/ROS2/RustROS2/install/std_msgs/include/std_msgs/std_msgs/msg/detail/float32__type_support.hpp
[0.458s] -- Up-to-date: /home/rsanz/git/learning/ROS2/RustROS2/install/std_msgs/include/std_msgs/std_msgs/msg/detail/int64__builder.hpp
[0.458s] -- Up-to-date: /home/rsanz/git/learning/ROS2/RustROS2/install/std_msgs/include/std_msgs/std_msgs/msg/detail/u_int64_multi_array__struct.hpp
[0.458s] -- Up-to-date: /home/rsanz/git/learning/ROS2/RustROS2/install/std_msgs/include/std_msgs/std_msgs/msg/detail/u_int16__type_support.hpp
[0.458s] -- Up-to-date: /home/rsanz/git/learning/ROS2/RustROS2/install/std_msgs/include/std_msgs/std_msgs/msg/detail/byte_multi_array__type_support.hpp
[0.458s] -- Up-to-date: /home/rsanz/git/learning/ROS2/RustROS2/install/std_msgs/include/std_msgs/std_msgs/msg/detail/u_int16_multi_array__struct.hpp
[0.459s] -- Up-to-date: /home/rsanz/git/learning/ROS2/RustROS2/install/std_msgs/include/std_msgs/std_msgs/msg/detail/float32__builder.hpp
[0.459s] -- Up-to-date: /home/rsanz/git/learning/ROS2/RustROS2/install/std_msgs/include/std_msgs/std_msgs/msg/detail/bool__builder.hpp
[0.459s] -- Up-to-date: /home/rsanz/git/learning/ROS2/RustROS2/install/std_msgs/include/std_msgs/std_msgs/msg/detail/byte_multi_array__traits.hpp
[0.459s] -- Up-to-date: /home/rsanz/git/learning/ROS2/RustROS2/install/std_msgs/include/std_msgs/std_msgs/msg/detail/u_int8_multi_array__type_support.hpp
[0.459s] -- Up-to-date: /home/rsanz/git/learning/ROS2/RustROS2/install/std_msgs/include/std_msgs/std_msgs/msg/detail/multi_array_dimension__traits.hpp
[0.459s] -- Up-to-date: /home/rsanz/git/learning/ROS2/RustROS2/install/std_msgs/include/std_msgs/std_msgs/msg/detail/u_int32_multi_array__struct.hpp
[0.459s] -- Up-to-date: /home/rsanz/git/learning/ROS2/RustROS2/install/std_msgs/include/std_msgs/std_msgs/msg/detail/float64__type_support.hpp
[0.459s] -- Up-to-date: /home/rsanz/git/learning/ROS2/RustROS2/install/std_msgs/include/std_msgs/std_msgs/msg/detail/int8__traits.hpp
[0.459s] -- Up-to-date: /home/rsanz/git/learning/ROS2/RustROS2/install/std_msgs/include/std_msgs/std_msgs/msg/detail/multi_array_layout__type_support.hpp
[0.459s] -- Up-to-date: /home/rsanz/git/learning/ROS2/RustROS2/install/std_msgs/include/std_msgs/std_msgs/msg/detail/empty__struct.hpp
[0.459s] -- Up-to-date: /home/rsanz/git/learning/ROS2/RustROS2/install/std_msgs/include/std_msgs/std_msgs/msg/detail/u_int8__traits.hpp
[0.459s] -- Up-to-date: /home/rsanz/git/learning/ROS2/RustROS2/install/std_msgs/include/std_msgs/std_msgs/msg/detail/int32_multi_array__type_support.hpp
[0.459s] -- Up-to-date: /home/rsanz/git/learning/ROS2/RustROS2/install/std_msgs/include/std_msgs/std_msgs/msg/detail/u_int8__builder.hpp
[0.459s] -- Up-to-date: /home/rsanz/git/learning/ROS2/RustROS2/install/std_msgs/include/std_msgs/std_msgs/msg/detail/u_int64__builder.hpp
[0.459s] -- Up-to-date: /home/rsanz/git/learning/ROS2/RustROS2/install/std_msgs/include/std_msgs/std_msgs/msg/detail/multi_array_layout__struct.hpp
[0.459s] -- Up-to-date: /home/rsanz/git/learning/ROS2/RustROS2/install/std_msgs/include/std_msgs/std_msgs/msg/detail/string__type_support.hpp
[0.459s] -- Up-to-date: /home/rsanz/git/learning/ROS2/RustROS2/install/std_msgs/include/std_msgs/std_msgs/msg/detail/u_int64_multi_array__builder.hpp
[0.459s] -- Up-to-date: /home/rsanz/git/learning/ROS2/RustROS2/install/std_msgs/include/std_msgs/std_msgs/msg/detail/empty__type_support.hpp
[0.459s] -- Up-to-date: /home/rsanz/git/learning/ROS2/RustROS2/install/std_msgs/include/std_msgs/std_msgs/msg/detail/empty__builder.hpp
[0.460s] -- Up-to-date: /home/rsanz/git/learning/ROS2/RustROS2/install/std_msgs/include/std_msgs/std_msgs/msg/detail/byte__traits.hpp
[0.460s] -- Up-to-date: /home/rsanz/git/learning/ROS2/RustROS2/install/std_msgs/include/std_msgs/std_msgs/msg/detail/int16__traits.hpp
[0.460s] -- Up-to-date: /home/rsanz/git/learning/ROS2/RustROS2/install/std_msgs/include/std_msgs/std_msgs/msg/detail/u_int8_multi_array__struct.hpp
[0.460s] -- Up-to-date: /home/rsanz/git/learning/ROS2/RustROS2/install/std_msgs/include/std_msgs/std_msgs/msg/detail/color_rgba__type_support.hpp
[0.460s] -- Up-to-date: /home/rsanz/git/learning/ROS2/RustROS2/install/std_msgs/include/std_msgs/std_msgs/msg/detail/u_int64_multi_array__type_support.hpp
[0.460s] -- Up-to-date: /home/rsanz/git/learning/ROS2/RustROS2/install/std_msgs/include/std_msgs/std_msgs/msg/detail/int64_multi_array__traits.hpp
[0.460s] -- Up-to-date: /home/rsanz/git/learning/ROS2/RustROS2/install/std_msgs/include/std_msgs/std_msgs/msg/detail/multi_array_layout__builder.hpp
[0.460s] -- Up-to-date: /home/rsanz/git/learning/ROS2/RustROS2/install/std_msgs/include/std_msgs/std_msgs/msg/detail/char__builder.hpp
[0.460s] -- Up-to-date: /home/rsanz/git/learning/ROS2/RustROS2/install/std_msgs/include/std_msgs/std_msgs/msg/detail/string__traits.hpp
[0.460s] -- Up-to-date: /home/rsanz/git/learning/ROS2/RustROS2/install/std_msgs/include/std_msgs/std_msgs/msg/detail/string__struct.hpp
[0.460s] -- Up-to-date: /home/rsanz/git/learning/ROS2/RustROS2/install/std_msgs/include/std_msgs/std_msgs/msg/detail/u_int16__traits.hpp
[0.460s] -- Up-to-date: /home/rsanz/git/learning/ROS2/RustROS2/install/std_msgs/include/std_msgs/std_msgs/msg/detail/multi_array_dimension__type_support.hpp
[0.460s] -- Up-to-date: /home/rsanz/git/learning/ROS2/RustROS2/install/std_msgs/include/std_msgs/std_msgs/msg/detail/int32__builder.hpp
[0.460s] -- Up-to-date: /home/rsanz/git/learning/ROS2/RustROS2/install/std_msgs/include/std_msgs/std_msgs/msg/detail/u_int64__type_support.hpp
[0.460s] -- Up-to-date: /home/rsanz/git/learning/ROS2/RustROS2/install/std_msgs/include/std_msgs/std_msgs/msg/detail/int16__struct.hpp
[0.460s] -- Up-to-date: /home/rsanz/git/learning/ROS2/RustROS2/install/std_msgs/include/std_msgs/std_msgs/msg/detail/int8__builder.hpp
[0.460s] -- Up-to-date: /home/rsanz/git/learning/ROS2/RustROS2/install/std_msgs/include/std_msgs/std_msgs/msg/detail/color_rgba__builder.hpp
[0.460s] -- Up-to-date: /home/rsanz/git/learning/ROS2/RustROS2/install/std_msgs/include/std_msgs/std_msgs/msg/detail/float64__builder.hpp
[0.460s] -- Up-to-date: /home/rsanz/git/learning/ROS2/RustROS2/install/std_msgs/include/std_msgs/std_msgs/msg/detail/header__struct.hpp
[0.460s] -- Up-to-date: /home/rsanz/git/learning/ROS2/RustROS2/install/std_msgs/include/std_msgs/std_msgs/msg/detail/int64_multi_array__struct.hpp
[0.461s] -- Up-to-date: /home/rsanz/git/learning/ROS2/RustROS2/install/std_msgs/include/std_msgs/std_msgs/msg/detail/int8__type_support.hpp
[0.461s] -- Up-to-date: /home/rsanz/git/learning/ROS2/RustROS2/install/std_msgs/include/std_msgs/std_msgs/msg/detail/int64__type_support.hpp
[0.461s] -- Up-to-date: /home/rsanz/git/learning/ROS2/RustROS2/install/std_msgs/include/std_msgs/std_msgs/msg/detail/int16_multi_array__type_support.hpp
[0.461s] -- Up-to-date: /home/rsanz/git/learning/ROS2/RustROS2/install/std_msgs/include/std_msgs/std_msgs/msg/detail/u_int32__type_support.hpp
[0.461s] -- Up-to-date: /home/rsanz/git/learning/ROS2/RustROS2/install/std_msgs/include/std_msgs/std_msgs/msg/detail/string__builder.hpp
[0.461s] -- Up-to-date: /home/rsanz/git/learning/ROS2/RustROS2/install/std_msgs/include/std_msgs/std_msgs/msg/detail/u_int32_multi_array__traits.hpp
[0.461s] -- Up-to-date: /home/rsanz/git/learning/ROS2/RustROS2/install/std_msgs/include/std_msgs/std_msgs/msg/detail/u_int16__builder.hpp
[0.461s] -- Up-to-date: /home/rsanz/git/learning/ROS2/RustROS2/install/std_msgs/include/std_msgs/std_msgs/msg/detail/u_int32__builder.hpp
[0.461s] -- Up-to-date: /home/rsanz/git/learning/ROS2/RustROS2/install/std_msgs/include/std_msgs/std_msgs/msg/detail/int8_multi_array__type_support.hpp
[0.461s] -- Up-to-date: /home/rsanz/git/learning/ROS2/RustROS2/install/std_msgs/include/std_msgs/std_msgs/msg/detail/header__type_support.hpp
[0.461s] -- Up-to-date: /home/rsanz/git/learning/ROS2/RustROS2/install/std_msgs/include/std_msgs/std_msgs/msg/detail/u_int64__traits.hpp
[0.461s] -- Up-to-date: /home/rsanz/git/learning/ROS2/RustROS2/install/std_msgs/include/std_msgs/std_msgs/msg/detail/float64_multi_array__struct.hpp
[0.461s] -- Up-to-date: /home/rsanz/git/learning/ROS2/RustROS2/install/std_msgs/include/std_msgs/std_msgs/msg/detail/float32_multi_array__traits.hpp
[0.461s] -- Up-to-date: /home/rsanz/git/learning/ROS2/RustROS2/install/std_msgs/include/std_msgs/std_msgs/msg/detail/int16__builder.hpp
[0.461s] -- Up-to-date: /home/rsanz/git/learning/ROS2/RustROS2/install/std_msgs/include/std_msgs/std_msgs/msg/detail/char__traits.hpp
[0.461s] -- Up-to-date: /home/rsanz/git/learning/ROS2/RustROS2/install/std_msgs/include/std_msgs/std_msgs/msg/detail/float64__traits.hpp
[0.461s] -- Up-to-date: /home/rsanz/git/learning/ROS2/RustROS2/install/std_msgs/include/std_msgs/std_msgs/msg/detail/float32__traits.hpp
[0.461s] -- Up-to-date: /home/rsanz/git/learning/ROS2/RustROS2/install/std_msgs/include/std_msgs/std_msgs/msg/detail/bool__type_support.hpp
[0.461s] -- Up-to-date: /home/rsanz/git/learning/ROS2/RustROS2/install/std_msgs/include/std_msgs/std_msgs/msg/header.hpp
[0.461s] -- Up-to-date: /home/rsanz/git/learning/ROS2/RustROS2/install/std_msgs/include/std_msgs/std_msgs/msg/char.hpp
[0.462s] -- Up-to-date: /home/rsanz/git/learning/ROS2/RustROS2/install/std_msgs/include/std_msgs/std_msgs/msg/u_int64.hpp
[0.462s] -- Up-to-date: /home/rsanz/git/learning/ROS2/RustROS2/install/std_msgs/include/std_msgs/std_msgs/msg/float64.hpp
[0.462s] -- Up-to-date: /home/rsanz/git/learning/ROS2/RustROS2/install/std_msgs/include/std_msgs/std_msgs/msg/float32_multi_array.hpp
[0.462s] -- Up-to-date: /home/rsanz/git/learning/ROS2/RustROS2/install/std_msgs/include/std_msgs/std_msgs/msg/int8_multi_array.hpp
[0.462s] -- Up-to-date: /home/rsanz/git/learning/ROS2/RustROS2/install/std_msgs/include/std_msgs/std_msgs/msg/u_int16.hpp
[0.462s] -- Up-to-date: /home/rsanz/git/learning/ROS2/RustROS2/install/std_msgs/include/std_msgs/std_msgs/msg/rosidl_generator_cpp__visibility_control.hpp
[0.462s] -- Up-to-date: /home/rsanz/git/learning/ROS2/RustROS2/install/std_msgs/include/std_msgs/std_msgs
[0.462s] -- Up-to-date: /home/rsanz/git/learning/ROS2/RustROS2/install/std_msgs/include/std_msgs/std_msgs/msg
[0.462s] -- Up-to-date: /home/rsanz/git/learning/ROS2/RustROS2/install/std_msgs/include/std_msgs/std_msgs/msg/rosidl_typesupport_fastrtps_cpp__visibility_control.h
[0.462s] -- Up-to-date: /home/rsanz/git/learning/ROS2/RustROS2/install/std_msgs/include/std_msgs/std_msgs/msg/detail
[0.462s] -- Up-to-date: /home/rsanz/git/learning/ROS2/RustROS2/install/std_msgs/include/std_msgs/std_msgs/msg/detail/float32__rosidl_typesupport_fastrtps_cpp.hpp
[0.462s] -- Up-to-date: /home/rsanz/git/learning/ROS2/RustROS2/install/std_msgs/include/std_msgs/std_msgs/msg/detail/int16__rosidl_typesupport_fastrtps_cpp.hpp
[0.462s] -- Up-to-date: /home/rsanz/git/learning/ROS2/RustROS2/install/std_msgs/include/std_msgs/std_msgs/msg/detail/int16_multi_array__rosidl_typesupport_fastrtps_cpp.hpp
[0.462s] -- Up-to-date: /home/rsanz/git/learning/ROS2/RustROS2/install/std_msgs/include/std_msgs/std_msgs/msg/detail/u_int16_multi_array__rosidl_typesupport_fastrtps_cpp.hpp
[0.462s] -- Up-to-date: /home/rsanz/git/learning/ROS2/RustROS2/install/std_msgs/include/std_msgs/std_msgs/msg/detail/multi_array_layout__rosidl_typesupport_fastrtps_cpp.hpp
[0.462s] -- Up-to-date: /home/rsanz/git/learning/ROS2/RustROS2/install/std_msgs/include/std_msgs/std_msgs/msg/detail/float64__rosidl_typesupport_fastrtps_cpp.hpp
[0.462s] -- Up-to-date: /home/rsanz/git/learning/ROS2/RustROS2/install/std_msgs/include/std_msgs/std_msgs/msg/detail/float64_multi_array__rosidl_typesupport_fastrtps_cpp.hpp
[0.462s] -- Up-to-date: /home/rsanz/git/learning/ROS2/RustROS2/install/std_msgs/include/std_msgs/std_msgs/msg/detail/u_int8_multi_array__rosidl_typesupport_fastrtps_cpp.hpp
[0.462s] -- Up-to-date: /home/rsanz/git/learning/ROS2/RustROS2/install/std_msgs/include/std_msgs/std_msgs/msg/detail/multi_array_dimension__rosidl_typesupport_fastrtps_cpp.hpp
[0.462s] -- Up-to-date: /home/rsanz/git/learning/ROS2/RustROS2/install/std_msgs/include/std_msgs/std_msgs/msg/detail/int32_multi_array__rosidl_typesupport_fastrtps_cpp.hpp
[0.463s] -- Up-to-date: /home/rsanz/git/learning/ROS2/RustROS2/install/std_msgs/include/std_msgs/std_msgs/msg/detail/u_int8__rosidl_typesupport_fastrtps_cpp.hpp
[0.463s] -- Up-to-date: /home/rsanz/git/learning/ROS2/RustROS2/install/std_msgs/include/std_msgs/std_msgs/msg/detail/empty__rosidl_typesupport_fastrtps_cpp.hpp
[0.463s] -- Up-to-date: /home/rsanz/git/learning/ROS2/RustROS2/install/std_msgs/include/std_msgs/std_msgs/msg/detail/u_int32_multi_array__rosidl_typesupport_fastrtps_cpp.hpp
[0.463s] -- Up-to-date: /home/rsanz/git/learning/ROS2/RustROS2/install/std_msgs/include/std_msgs/std_msgs/msg/detail/bool__rosidl_typesupport_fastrtps_cpp.hpp
[0.463s] -- Up-to-date: /home/rsanz/git/learning/ROS2/RustROS2/install/std_msgs/include/std_msgs/std_msgs/msg/detail/int64_multi_array__rosidl_typesupport_fastrtps_cpp.hpp
[0.463s] -- Up-to-date: /home/rsanz/git/learning/ROS2/RustROS2/install/std_msgs/include/std_msgs/std_msgs/msg/detail/float32_multi_array__rosidl_typesupport_fastrtps_cpp.hpp
[0.463s] -- Up-to-date: /home/rsanz/git/learning/ROS2/RustROS2/install/std_msgs/include/std_msgs/std_msgs/msg/detail/color_rgba__rosidl_typesupport_fastrtps_cpp.hpp
[0.463s] -- Up-to-date: /home/rsanz/git/learning/ROS2/RustROS2/install/std_msgs/include/std_msgs/std_msgs/msg/detail/u_int16__rosidl_typesupport_fastrtps_cpp.hpp
[0.463s] -- Up-to-date: /home/rsanz/git/learning/ROS2/RustROS2/install/std_msgs/include/std_msgs/std_msgs/msg/detail/byte_multi_array__rosidl_typesupport_fastrtps_cpp.hpp
[0.463s] -- Up-to-date: /home/rsanz/git/learning/ROS2/RustROS2/install/std_msgs/include/std_msgs/std_msgs/msg/detail/byte__rosidl_typesupport_fastrtps_cpp.hpp
[0.463s] -- Up-to-date: /home/rsanz/git/learning/ROS2/RustROS2/install/std_msgs/include/std_msgs/std_msgs/msg/detail/int64__rosidl_typesupport_fastrtps_cpp.hpp
[0.463s] -- Up-to-date: /home/rsanz/git/learning/ROS2/RustROS2/install/std_msgs/include/std_msgs/std_msgs/msg/detail/int8_multi_array__rosidl_typesupport_fastrtps_cpp.hpp
[0.463s] -- Up-to-date: /home/rsanz/git/learning/ROS2/RustROS2/install/std_msgs/include/std_msgs/std_msgs/msg/detail/u_int64__rosidl_typesupport_fastrtps_cpp.hpp
[0.463s] -- Up-to-date: /home/rsanz/git/learning/ROS2/RustROS2/install/std_msgs/include/std_msgs/std_msgs/msg/detail/string__rosidl_typesupport_fastrtps_cpp.hpp
[0.463s] -- Up-to-date: /home/rsanz/git/learning/ROS2/RustROS2/install/std_msgs/include/std_msgs/std_msgs/msg/detail/char__rosidl_typesupport_fastrtps_cpp.hpp
[0.463s] -- Up-to-date: /home/rsanz/git/learning/ROS2/RustROS2/install/std_msgs/include/std_msgs/std_msgs/msg/detail/u_int64_multi_array__rosidl_typesupport_fastrtps_cpp.hpp
[0.463s] -- Up-to-date: /home/rsanz/git/learning/ROS2/RustROS2/install/std_msgs/include/std_msgs/std_msgs/msg/detail/int8__rosidl_typesupport_fastrtps_cpp.hpp
[0.463s] -- Up-to-date: /home/rsanz/git/learning/ROS2/RustROS2/install/std_msgs/include/std_msgs/std_msgs/msg/detail/header__rosidl_typesupport_fastrtps_cpp.hpp
[0.463s] -- Up-to-date: /home/rsanz/git/learning/ROS2/RustROS2/install/std_msgs/include/std_msgs/std_msgs/msg/detail/dds_fastrtps
[0.463s] -- Up-to-date: /home/rsanz/git/learning/ROS2/RustROS2/install/std_msgs/include/std_msgs/std_msgs/msg/detail/int32__rosidl_typesupport_fastrtps_cpp.hpp
[0.463s] -- Up-to-date: /home/rsanz/git/learning/ROS2/RustROS2/install/std_msgs/include/std_msgs/std_msgs/msg/detail/u_int32__rosidl_typesupport_fastrtps_cpp.hpp
[0.464s] -- Up-to-date: /home/rsanz/git/learning/ROS2/RustROS2/install/std_msgs/lib/libstd_msgs__rosidl_typesupport_fastrtps_cpp.so
[0.464s] -- Up-to-date: /home/rsanz/git/learning/ROS2/RustROS2/install/std_msgs/include/std_msgs/std_msgs
[0.464s] -- Up-to-date: /home/rsanz/git/learning/ROS2/RustROS2/install/std_msgs/include/std_msgs/std_msgs/msg
[0.464s] -- Up-to-date: /home/rsanz/git/learning/ROS2/RustROS2/install/std_msgs/include/std_msgs/std_msgs/msg/rosidl_typesupport_introspection_c__visibility_control.h
[0.464s] -- Up-to-date: /home/rsanz/git/learning/ROS2/RustROS2/install/std_msgs/include/std_msgs/std_msgs/msg/detail
[0.464s] -- Up-to-date: /home/rsanz/git/learning/ROS2/RustROS2/install/std_msgs/include/std_msgs/std_msgs/msg/detail/empty__rosidl_typesupport_introspection_c.h
[0.464s] -- Up-to-date: /home/rsanz/git/learning/ROS2/RustROS2/install/std_msgs/include/std_msgs/std_msgs/msg/detail/bool__rosidl_typesupport_introspection_c.h
[0.464s] -- Up-to-date: /home/rsanz/git/learning/ROS2/RustROS2/install/std_msgs/include/std_msgs/std_msgs/msg/detail/u_int16__rosidl_typesupport_introspection_c.h
[0.464s] -- Up-to-date: /home/rsanz/git/learning/ROS2/RustROS2/install/std_msgs/include/std_msgs/std_msgs/msg/detail/u_int32__rosidl_typesupport_introspection_c.h
[0.464s] -- Up-to-date: /home/rsanz/git/learning/ROS2/RustROS2/install/std_msgs/include/std_msgs/std_msgs/msg/detail/header__type_support.c
[0.464s] -- Up-to-date: /home/rsanz/git/learning/ROS2/RustROS2/install/std_msgs/include/std_msgs/std_msgs/msg/detail/int16_multi_array__type_support.c
[0.464s] -- Up-to-date: /home/rsanz/git/learning/ROS2/RustROS2/install/std_msgs/include/std_msgs/std_msgs/msg/detail/u_int64_multi_array__rosidl_typesupport_introspection_c.h
[0.464s] -- Up-to-date: /home/rsanz/git/learning/ROS2/RustROS2/install/std_msgs/include/std_msgs/std_msgs/msg/detail/u_int64__rosidl_typesupport_introspection_c.h
[0.464s] -- Up-to-date: /home/rsanz/git/learning/ROS2/RustROS2/install/std_msgs/include/std_msgs/std_msgs/msg/detail/int8__rosidl_typesupport_introspection_c.h
[0.464s] -- Up-to-date: /home/rsanz/git/learning/ROS2/RustROS2/install/std_msgs/include/std_msgs/std_msgs/msg/detail/int64__type_support.c
[0.464s] -- Up-to-date: /home/rsanz/git/learning/ROS2/RustROS2/install/std_msgs/include/std_msgs/std_msgs/msg/detail/byte__type_support.c
[0.464s] -- Up-to-date: /home/rsanz/git/learning/ROS2/RustROS2/install/std_msgs/include/std_msgs/std_msgs/msg/detail/int64_multi_array__rosidl_typesupport_introspection_c.h
[0.464s] -- Up-to-date: /home/rsanz/git/learning/ROS2/RustROS2/install/std_msgs/include/std_msgs/std_msgs/msg/detail/int64__rosidl_typesupport_introspection_c.h
[0.464s] -- Up-to-date: /home/rsanz/git/learning/ROS2/RustROS2/install/std_msgs/include/std_msgs/std_msgs/msg/detail/u_int32_multi_array__rosidl_typesupport_introspection_c.h
[0.465s] -- Up-to-date: /home/rsanz/git/learning/ROS2/RustROS2/install/std_msgs/include/std_msgs/std_msgs/msg/detail/char__rosidl_typesupport_introspection_c.h
[0.465s] -- Up-to-date: /home/rsanz/git/learning/ROS2/RustROS2/install/std_msgs/include/std_msgs/std_msgs/msg/detail/int16__rosidl_typesupport_introspection_c.h
[0.465s] -- Up-to-date: /home/rsanz/git/learning/ROS2/RustROS2/install/std_msgs/include/std_msgs/std_msgs/msg/detail/string__rosidl_typesupport_introspection_c.h
[0.465s] -- Up-to-date: /home/rsanz/git/learning/ROS2/RustROS2/install/std_msgs/include/std_msgs/std_msgs/msg/detail/int16__type_support.c
[0.465s] -- Up-to-date: /home/rsanz/git/learning/ROS2/RustROS2/install/std_msgs/include/std_msgs/std_msgs/msg/detail/int16_multi_array__rosidl_typesupport_introspection_c.h
[0.465s] -- Up-to-date: /home/rsanz/git/learning/ROS2/RustROS2/install/std_msgs/include/std_msgs/std_msgs/msg/detail/multi_array_dimension__rosidl_typesupport_introspection_c.h
[0.465s] -- Up-to-date: /home/rsanz/git/learning/ROS2/RustROS2/install/std_msgs/include/std_msgs/std_msgs/msg/detail/u_int32_multi_array__type_support.c
[0.465s] -- Up-to-date: /home/rsanz/git/learning/ROS2/RustROS2/install/std_msgs/include/std_msgs/std_msgs/msg/detail/int8__type_support.c
[0.465s] -- Up-to-date: /home/rsanz/git/learning/ROS2/RustROS2/install/std_msgs/include/std_msgs/std_msgs/msg/detail/float64__rosidl_typesupport_introspection_c.h
[0.465s] -- Up-to-date: /home/rsanz/git/learning/ROS2/RustROS2/install/std_msgs/include/std_msgs/std_msgs/msg/detail/u_int16__type_support.c
[0.465s] -- Up-to-date: /home/rsanz/git/learning/ROS2/RustROS2/install/std_msgs/include/std_msgs/std_msgs/msg/detail/int8_multi_array__rosidl_typesupport_introspection_c.h
[0.465s] -- Up-to-date: /home/rsanz/git/learning/ROS2/RustROS2/install/std_msgs/include/std_msgs/std_msgs/msg/detail/u_int8_multi_array__type_support.c
[0.465s] -- Up-to-date: /home/rsanz/git/learning/ROS2/RustROS2/install/std_msgs/include/std_msgs/std_msgs/msg/detail/u_int32__type_support.c
[0.465s] -- Up-to-date: /home/rsanz/git/learning/ROS2/RustROS2/install/std_msgs/include/std_msgs/std_msgs/msg/detail/float32_multi_array__type_support.c
[0.466s] -- Up-to-date: /home/rsanz/git/learning/ROS2/RustROS2/install/std_msgs/include/std_msgs/std_msgs/msg/detail/bool__type_support.c
[0.466s] -- Up-to-date: /home/rsanz/git/learning/ROS2/RustROS2/install/std_msgs/include/std_msgs/std_msgs/msg/detail/int32_multi_array__rosidl_typesupport_introspection_c.h
[0.466s] -- Up-to-date: /home/rsanz/git/learning/ROS2/RustROS2/install/std_msgs/include/std_msgs/std_msgs/msg/detail/int32__rosidl_typesupport_introspection_c.h
[0.466s] -- Up-to-date: /home/rsanz/git/learning/ROS2/RustROS2/install/std_msgs/include/std_msgs/std_msgs/msg/detail/char__type_support.c
[0.466s] -- Up-to-date: /home/rsanz/git/learning/ROS2/RustROS2/install/std_msgs/include/std_msgs/std_msgs/msg/detail/int64_multi_array__type_support.c
[0.466s] -- Up-to-date: /home/rsanz/git/learning/ROS2/RustROS2/install/std_msgs/include/std_msgs/std_msgs/msg/detail/u_int8__type_support.c
[0.466s] -- Up-to-date: /home/rsanz/git/learning/ROS2/RustROS2/install/std_msgs/include/std_msgs/std_msgs/msg/detail/color_rgba__rosidl_typesupport_introspection_c.h
[0.466s] -- Up-to-date: /home/rsanz/git/learning/ROS2/RustROS2/install/std_msgs/include/std_msgs/std_msgs/msg/detail/float64_multi_array__type_support.c
[0.466s] -- Up-to-date: /home/rsanz/git/learning/ROS2/RustROS2/install/std_msgs/include/std_msgs/std_msgs/msg/detail/u_int16_multi_array__type_support.c
[0.466s] -- Up-to-date: /home/rsanz/git/learning/ROS2/RustROS2/install/std_msgs/include/std_msgs/std_msgs/msg/detail/u_int64_multi_array__type_support.c
[0.466s] -- Up-to-date: /home/rsanz/git/learning/ROS2/RustROS2/install/std_msgs/include/std_msgs/std_msgs/msg/detail/header__rosidl_typesupport_introspection_c.h
[0.466s] -- Up-to-date: /home/rsanz/git/learning/ROS2/RustROS2/install/std_msgs/include/std_msgs/std_msgs/msg/detail/byte_multi_array__type_support.c
[0.466s] -- Up-to-date: /home/rsanz/git/learning/ROS2/RustROS2/install/std_msgs/include/std_msgs/std_msgs/msg/detail/int32__type_support.c
[0.466s] -- Up-to-date: /home/rsanz/git/learning/ROS2/RustROS2/install/std_msgs/include/std_msgs/std_msgs/msg/detail/int8_multi_array__type_support.c
[0.466s] -- Up-to-date: /home/rsanz/git/learning/ROS2/RustROS2/install/std_msgs/include/std_msgs/std_msgs/msg/detail/multi_array_layout__type_support.c
[0.466s] -- Up-to-date: /home/rsanz/git/learning/ROS2/RustROS2/install/std_msgs/include/std_msgs/std_msgs/msg/detail/float32_multi_array__rosidl_typesupport_introspection_c.h
[0.466s] -- Up-to-date: /home/rsanz/git/learning/ROS2/RustROS2/install/std_msgs/include/std_msgs/std_msgs/msg/detail/u_int16_multi_array__rosidl_typesupport_introspection_c.h
[0.466s] -- Up-to-date: /home/rsanz/git/learning/ROS2/RustROS2/install/std_msgs/include/std_msgs/std_msgs/msg/detail/u_int8_multi_array__rosidl_typesupport_introspection_c.h
[0.466s] -- Up-to-date: /home/rsanz/git/learning/ROS2/RustROS2/install/std_msgs/include/std_msgs/std_msgs/msg/detail/multi_array_dimension__type_support.c
[0.467s] -- Up-to-date: /home/rsanz/git/learning/ROS2/RustROS2/install/std_msgs/include/std_msgs/std_msgs/msg/detail/color_rgba__type_support.c
[0.467s] -- Up-to-date: /home/rsanz/git/learning/ROS2/RustROS2/install/std_msgs/include/std_msgs/std_msgs/msg/detail/float32__type_support.c
[0.467s] -- Up-to-date: /home/rsanz/git/learning/ROS2/RustROS2/install/std_msgs/include/std_msgs/std_msgs/msg/detail/int32_multi_array__type_support.c
[0.467s] -- Up-to-date: /home/rsanz/git/learning/ROS2/RustROS2/install/std_msgs/include/std_msgs/std_msgs/msg/detail/byte_multi_array__rosidl_typesupport_introspection_c.h
[0.467s] -- Up-to-date: /home/rsanz/git/learning/ROS2/RustROS2/install/std_msgs/include/std_msgs/std_msgs/msg/detail/byte__rosidl_typesupport_introspection_c.h
[0.467s] -- Up-to-date: /home/rsanz/git/learning/ROS2/RustROS2/install/std_msgs/include/std_msgs/std_msgs/msg/detail/multi_array_layout__rosidl_typesupport_introspection_c.h
[0.467s] -- Up-to-date: /home/rsanz/git/learning/ROS2/RustROS2/install/std_msgs/include/std_msgs/std_msgs/msg/detail/float32__rosidl_typesupport_introspection_c.h
[0.467s] -- Up-to-date: /home/rsanz/git/learning/ROS2/RustROS2/install/std_msgs/include/std_msgs/std_msgs/msg/detail/empty__type_support.c
[0.467s] -- Up-to-date: /home/rsanz/git/learning/ROS2/RustROS2/install/std_msgs/include/std_msgs/std_msgs/msg/detail/u_int64__type_support.c
[0.467s] -- Up-to-date: /home/rsanz/git/learning/ROS2/RustROS2/install/std_msgs/include/std_msgs/std_msgs/msg/detail/float64_multi_array__rosidl_typesupport_introspection_c.h
[0.467s] -- Up-to-date: /home/rsanz/git/learning/ROS2/RustROS2/install/std_msgs/include/std_msgs/std_msgs/msg/detail/float64__type_support.c
[0.467s] -- Up-to-date: /home/rsanz/git/learning/ROS2/RustROS2/install/std_msgs/include/std_msgs/std_msgs/msg/detail/u_int8__rosidl_typesupport_introspection_c.h
[0.467s] -- Up-to-date: /home/rsanz/git/learning/ROS2/RustROS2/install/std_msgs/include/std_msgs/std_msgs/msg/detail/string__type_support.c
[0.467s] -- Up-to-date: /home/rsanz/git/learning/ROS2/RustROS2/install/std_msgs/lib/libstd_msgs__rosidl_typesupport_introspection_c.so
[0.468s] -- Up-to-date: /home/rsanz/git/learning/ROS2/RustROS2/install/std_msgs/lib/libstd_msgs__rosidl_typesupport_c.so
[0.468s] -- Up-to-date: /home/rsanz/git/learning/ROS2/RustROS2/install/std_msgs/include/std_msgs/std_msgs
[0.468s] -- Up-to-date: /home/rsanz/git/learning/ROS2/RustROS2/install/std_msgs/include/std_msgs/std_msgs/msg
[0.468s] -- Up-to-date: /home/rsanz/git/learning/ROS2/RustROS2/install/std_msgs/include/std_msgs/std_msgs/msg/detail
[0.468s] -- Up-to-date: /home/rsanz/git/learning/ROS2/RustROS2/install/std_msgs/include/std_msgs/std_msgs/msg/detail/int64_multi_array__rosidl_typesupport_introspection_cpp.hpp
[0.468s] -- Up-to-date: /home/rsanz/git/learning/ROS2/RustROS2/install/std_msgs/include/std_msgs/std_msgs/msg/detail/int8__rosidl_typesupport_introspection_cpp.hpp
[0.468s] -- Up-to-date: /home/rsanz/git/learning/ROS2/RustROS2/install/std_msgs/include/std_msgs/std_msgs/msg/detail/int32_multi_array__type_support.cpp
[0.468s] -- Up-to-date: /home/rsanz/git/learning/ROS2/RustROS2/install/std_msgs/include/std_msgs/std_msgs/msg/detail/u_int32__rosidl_typesupport_introspection_cpp.hpp
[0.468s] -- Up-to-date: /home/rsanz/git/learning/ROS2/RustROS2/install/std_msgs/include/std_msgs/std_msgs/msg/detail/color_rgba__rosidl_typesupport_introspection_cpp.hpp
[0.468s] -- Up-to-date: /home/rsanz/git/learning/ROS2/RustROS2/install/std_msgs/include/std_msgs/std_msgs/msg/detail/float64__rosidl_typesupport_introspection_cpp.hpp
[0.468s] -- Up-to-date: /home/rsanz/git/learning/ROS2/RustROS2/install/std_msgs/include/std_msgs/std_msgs/msg/detail/bool__rosidl_typesupport_introspection_cpp.hpp
[0.468s] -- Up-to-date: /home/rsanz/git/learning/ROS2/RustROS2/install/std_msgs/include/std_msgs/std_msgs/msg/detail/float64_multi_array__rosidl_typesupport_introspection_cpp.hpp
[0.468s] -- Up-to-date: /home/rsanz/git/learning/ROS2/RustROS2/install/std_msgs/include/std_msgs/std_msgs/msg/detail/float32_multi_array__rosidl_typesupport_introspection_cpp.hpp
[0.468s] -- Up-to-date: /home/rsanz/git/learning/ROS2/RustROS2/install/std_msgs/include/std_msgs/std_msgs/msg/detail/int16__type_support.cpp
[0.468s] -- Up-to-date: /home/rsanz/git/learning/ROS2/RustROS2/install/std_msgs/include/std_msgs/std_msgs/msg/detail/bool__type_support.cpp
[0.468s] -- Up-to-date: /home/rsanz/git/learning/ROS2/RustROS2/install/std_msgs/include/std_msgs/std_msgs/msg/detail/u_int8_multi_array__type_support.cpp
[0.468s] -- Up-to-date: /home/rsanz/git/learning/ROS2/RustROS2/install/std_msgs/include/std_msgs/std_msgs/msg/detail/float64_multi_array__type_support.cpp
[0.468s] -- Up-to-date: /home/rsanz/git/learning/ROS2/RustROS2/install/std_msgs/include/std_msgs/std_msgs/msg/detail/u_int32_multi_array__type_support.cpp
[0.469s] -- Up-to-date: /home/rsanz/git/learning/ROS2/RustROS2/install/std_msgs/include/std_msgs/std_msgs/msg/detail/byte__type_support.cpp
[0.469s] -- Up-to-date: /home/rsanz/git/learning/ROS2/RustROS2/install/std_msgs/include/std_msgs/std_msgs/msg/detail/u_int64__type_support.cpp
[0.469s] -- Up-to-date: /home/rsanz/git/learning/ROS2/RustROS2/install/std_msgs/include/std_msgs/std_msgs/msg/detail/header__type_support.cpp
[0.469s] -- Up-to-date: /home/rsanz/git/learning/ROS2/RustROS2/install/std_msgs/include/std_msgs/std_msgs/msg/detail/u_int8_multi_array__rosidl_typesupport_introspection_cpp.hpp
[0.469s] -- Up-to-date: /home/rsanz/git/learning/ROS2/RustROS2/install/std_msgs/include/std_msgs/std_msgs/msg/detail/int32__type_support.cpp
[0.469s] -- Up-to-date: /home/rsanz/git/learning/ROS2/RustROS2/install/std_msgs/include/std_msgs/std_msgs/msg/detail/int16__rosidl_typesupport_introspection_cpp.hpp
[0.469s] -- Up-to-date: /home/rsanz/git/learning/ROS2/RustROS2/install/std_msgs/include/std_msgs/std_msgs/msg/detail/byte_multi_array__type_support.cpp
[0.469s] -- Up-to-date: /home/rsanz/git/learning/ROS2/RustROS2/install/std_msgs/include/std_msgs/std_msgs/msg/detail/int16_multi_array__type_support.cpp
[0.469s] -- Up-to-date: /home/rsanz/git/learning/ROS2/RustROS2/install/std_msgs/include/std_msgs/std_msgs/msg/detail/float32_multi_array__type_support.cpp
[0.469s] -- Up-to-date: /home/rsanz/git/learning/ROS2/RustROS2/install/std_msgs/include/std_msgs/std_msgs/msg/detail/multi_array_dimension__type_support.cpp
[0.469s] -- Up-to-date: /home/rsanz/git/learning/ROS2/RustROS2/install/std_msgs/include/std_msgs/std_msgs/msg/detail/multi_array_layout__rosidl_typesupport_introspection_cpp.hpp
[0.469s] -- Up-to-date: /home/rsanz/git/learning/ROS2/RustROS2/install/std_msgs/include/std_msgs/std_msgs/msg/detail/int8__type_support.cpp
[0.469s] -- Up-to-date: /home/rsanz/git/learning/ROS2/RustROS2/install/std_msgs/include/std_msgs/std_msgs/msg/detail/int16_multi_array__rosidl_typesupport_introspection_cpp.hpp
[0.470s] -- Up-to-date: /home/rsanz/git/learning/ROS2/RustROS2/install/std_msgs/include/std_msgs/std_msgs/msg/detail/u_int16_multi_array__type_support.cpp
[0.470s] -- Up-to-date: /home/rsanz/git/learning/ROS2/RustROS2/install/std_msgs/include/std_msgs/std_msgs/msg/detail/u_int64__rosidl_typesupport_introspection_cpp.hpp
[0.470s] -- Up-to-date: /home/rsanz/git/learning/ROS2/RustROS2/install/std_msgs/include/std_msgs/std_msgs/msg/detail/header__rosidl_typesupport_introspection_cpp.hpp
[0.470s] -- Up-to-date: /home/rsanz/git/learning/ROS2/RustROS2/install/std_msgs/include/std_msgs/std_msgs/msg/detail/u_int64_multi_array__rosidl_typesupport_introspection_cpp.hpp
[0.470s] -- Up-to-date: /home/rsanz/git/learning/ROS2/RustROS2/install/std_msgs/include/std_msgs/std_msgs/msg/detail/int64__type_support.cpp
[0.470s] -- Up-to-date: /home/rsanz/git/learning/ROS2/RustROS2/install/std_msgs/include/std_msgs/std_msgs/msg/detail/u_int16__type_support.cpp
[0.470s] -- Up-to-date: /home/rsanz/git/learning/ROS2/RustROS2/install/std_msgs/include/std_msgs/std_msgs/msg/detail/char__type_support.cpp
[0.470s] -- Up-to-date: /home/rsanz/git/learning/ROS2/RustROS2/install/std_msgs/include/std_msgs/std_msgs/msg/detail/color_rgba__type_support.cpp
[0.470s] -- Up-to-date: /home/rsanz/git/learning/ROS2/RustROS2/install/std_msgs/include/std_msgs/std_msgs/msg/detail/float32__rosidl_typesupport_introspection_cpp.hpp
[0.470s] -- Up-to-date: /home/rsanz/git/learning/ROS2/RustROS2/install/std_msgs/include/std_msgs/std_msgs/msg/detail/int32_multi_array__rosidl_typesupport_introspection_cpp.hpp
[0.470s] -- Up-to-date: /home/rsanz/git/learning/ROS2/RustROS2/install/std_msgs/include/std_msgs/std_msgs/msg/detail/byte_multi_array__rosidl_typesupport_introspection_cpp.hpp
[0.471s] -- Up-to-date: /home/rsanz/git/learning/ROS2/RustROS2/install/std_msgs/include/std_msgs/std_msgs/msg/detail/int64__rosidl_typesupport_introspection_cpp.hpp
[0.471s] -- Up-to-date: /home/rsanz/git/learning/ROS2/RustROS2/install/std_msgs/include/std_msgs/std_msgs/msg/detail/u_int16__rosidl_typesupport_introspection_cpp.hpp
[0.471s] -- Up-to-date: /home/rsanz/git/learning/ROS2/RustROS2/install/std_msgs/include/std_msgs/std_msgs/msg/detail/empty__rosidl_typesupport_introspection_cpp.hpp
[0.471s] -- Up-to-date: /home/rsanz/git/learning/ROS2/RustROS2/install/std_msgs/include/std_msgs/std_msgs/msg/detail/byte__rosidl_typesupport_introspection_cpp.hpp
[0.471s] -- Up-to-date: /home/rsanz/git/learning/ROS2/RustROS2/install/std_msgs/include/std_msgs/std_msgs/msg/detail/string__type_support.cpp
[0.471s] -- Up-to-date: /home/rsanz/git/learning/ROS2/RustROS2/install/std_msgs/include/std_msgs/std_msgs/msg/detail/string__rosidl_typesupport_introspection_cpp.hpp
[0.471s] -- Up-to-date: /home/rsanz/git/learning/ROS2/RustROS2/install/std_msgs/include/std_msgs/std_msgs/msg/detail/u_int8__rosidl_typesupport_introspection_cpp.hpp
[0.471s] -- Up-to-date: /home/rsanz/git/learning/ROS2/RustROS2/install/std_msgs/include/std_msgs/std_msgs/msg/detail/u_int64_multi_array__type_support.cpp
[0.471s] -- Up-to-date: /home/rsanz/git/learning/ROS2/RustROS2/install/std_msgs/include/std_msgs/std_msgs/msg/detail/int8_multi_array__rosidl_typesupport_introspection_cpp.hpp
[0.471s] -- Up-to-date: /home/rsanz/git/learning/ROS2/RustROS2/install/std_msgs/include/std_msgs/std_msgs/msg/detail/u_int32_multi_array__rosidl_typesupport_introspection_cpp.hpp
[0.471s] -- Up-to-date: /home/rsanz/git/learning/ROS2/RustROS2/install/std_msgs/include/std_msgs/std_msgs/msg/detail/int8_multi_array__type_support.cpp
[0.472s] -- Up-to-date: /home/rsanz/git/learning/ROS2/RustROS2/install/std_msgs/include/std_msgs/std_msgs/msg/detail/int32__rosidl_typesupport_introspection_cpp.hpp
[0.472s] -- Up-to-date: /home/rsanz/git/learning/ROS2/RustROS2/install/std_msgs/include/std_msgs/std_msgs/msg/detail/int64_multi_array__type_support.cpp
[0.472s] -- Up-to-date: /home/rsanz/git/learning/ROS2/RustROS2/install/std_msgs/include/std_msgs/std_msgs/msg/detail/float32__type_support.cpp
[0.472s] -- Up-to-date: /home/rsanz/git/learning/ROS2/RustROS2/install/std_msgs/include/std_msgs/std_msgs/msg/detail/u_int16_multi_array__rosidl_typesupport_introspection_cpp.hpp
[0.472s] -- Up-to-date: /home/rsanz/git/learning/ROS2/RustROS2/install/std_msgs/include/std_msgs/std_msgs/msg/detail/u_int32__type_support.cpp
[0.472s] -- Up-to-date: /home/rsanz/git/learning/ROS2/RustROS2/install/std_msgs/include/std_msgs/std_msgs/msg/detail/char__rosidl_typesupport_introspection_cpp.hpp
[0.472s] -- Up-to-date: /home/rsanz/git/learning/ROS2/RustROS2/install/std_msgs/include/std_msgs/std_msgs/msg/detail/multi_array_dimension__rosidl_typesupport_introspection_cpp.hpp
[0.472s] -- Up-to-date: /home/rsanz/git/learning/ROS2/RustROS2/install/std_msgs/include/std_msgs/std_msgs/msg/detail/float64__type_support.cpp
[0.472s] -- Up-to-date: /home/rsanz/git/learning/ROS2/RustROS2/install/std_msgs/include/std_msgs/std_msgs/msg/detail/multi_array_layout__type_support.cpp
[0.472s] -- Up-to-date: /home/rsanz/git/learning/ROS2/RustROS2/install/std_msgs/include/std_msgs/std_msgs/msg/detail/empty__type_support.cpp
[0.472s] -- Up-to-date: /home/rsanz/git/learning/ROS2/RustROS2/install/std_msgs/include/std_msgs/std_msgs/msg/detail/u_int8__type_support.cpp
[0.473s] -- Up-to-date: /home/rsanz/git/learning/ROS2/RustROS2/install/std_msgs/lib/libstd_msgs__rosidl_typesupport_introspection_cpp.so
[0.473s] -- Up-to-date: /home/rsanz/git/learning/ROS2/RustROS2/install/std_msgs/lib/libstd_msgs__rosidl_typesupport_cpp.so
[0.473s] -- Up-to-date: /home/rsanz/git/learning/ROS2/RustROS2/install/std_msgs/share/ament_index/resource_index/rust_packages/std_msgs
[0.473s] -- Up-to-date: /home/rsanz/git/learning/ROS2/RustROS2/install/std_msgs/share/std_msgs/rust
[0.473s] -- Up-to-date: /home/rsanz/git/learning/ROS2/RustROS2/install/std_msgs/share/std_msgs/rust/src
[0.473s] -- Up-to-date: /home/rsanz/git/learning/ROS2/RustROS2/install/std_msgs/share/std_msgs/rust/src/msg.rs
[0.473s] -- Up-to-date: /home/rsanz/git/learning/ROS2/RustROS2/install/std_msgs/share/std_msgs/rust/src/msg
[0.473s] -- Up-to-date: /home/rsanz/git/learning/ROS2/RustROS2/install/std_msgs/share/std_msgs/rust/src/msg/rmw.rs
[0.473s] -- Up-to-date: /home/rsanz/git/learning/ROS2/RustROS2/install/std_msgs/share/std_msgs/rust/src/lib.rs
[0.473s] -- Up-to-date: /home/rsanz/git/learning/ROS2/RustROS2/install/std_msgs/share/std_msgs/rust/build.rs
[0.473s] -- Up-to-date: /home/rsanz/git/learning/ROS2/RustROS2/install/std_msgs/share/std_msgs/rust/Cargo.toml
[0.474s] -- Up-to-date: /home/rsanz/git/learning/ROS2/RustROS2/install/std_msgs/share/std_msgs/environment/pythonpath.sh
[0.474s] -- Up-to-date: /home/rsanz/git/learning/ROS2/RustROS2/install/std_msgs/share/std_msgs/environment/pythonpath.dsv
[0.474s] -- Up-to-date: /home/rsanz/git/learning/ROS2/RustROS2/install/std_msgs/lib/python3.12/site-packages/std_msgs-5.3.7-py3.12.egg-info
[0.474s] -- Installing: /home/rsanz/git/learning/ROS2/RustROS2/install/std_msgs/lib/python3.12/site-packages/std_msgs-5.3.7-py3.12.egg-info/dependency_links.txt
[0.474s] -- Installing: /home/rsanz/git/learning/ROS2/RustROS2/install/std_msgs/lib/python3.12/site-packages/std_msgs-5.3.7-py3.12.egg-info/PKG-INFO
[0.474s] -- Installing: /home/rsanz/git/learning/ROS2/RustROS2/install/std_msgs/lib/python3.12/site-packages/std_msgs-5.3.7-py3.12.egg-info/top_level.txt
[0.474s] -- Installing: /home/rsanz/git/learning/ROS2/RustROS2/install/std_msgs/lib/python3.12/site-packages/std_msgs-5.3.7-py3.12.egg-info/SOURCES.txt
[0.474s] -- Up-to-date: /home/rsanz/git/learning/ROS2/RustROS2/install/std_msgs/lib/python3.12/site-packages/std_msgs
[0.474s] -- Up-to-date: /home/rsanz/git/learning/ROS2/RustROS2/install/std_msgs/lib/python3.12/site-packages/std_msgs/_std_msgs_s.ep.rosidl_typesupport_fastrtps_c.c
[0.474s] -- Up-to-date: /home/rsanz/git/learning/ROS2/RustROS2/install/std_msgs/lib/python3.12/site-packages/std_msgs/std_msgs_s__rosidl_typesupport_fastrtps_c.so
[0.474s] -- Up-to-date: /home/rsanz/git/learning/ROS2/RustROS2/install/std_msgs/lib/python3.12/site-packages/std_msgs/std_msgs_s__rosidl_typesupport_introspection_c.so
[0.475s] -- Up-to-date: /home/rsanz/git/learning/ROS2/RustROS2/install/std_msgs/lib/python3.12/site-packages/std_msgs/msg
[0.475s] -- Up-to-date: /home/rsanz/git/learning/ROS2/RustROS2/install/std_msgs/lib/python3.12/site-packages/std_msgs/msg/_float32_multi_array.py
[0.475s] -- Up-to-date: /home/rsanz/git/learning/ROS2/RustROS2/install/std_msgs/lib/python3.12/site-packages/std_msgs/msg/_int8_s.c
[0.475s] -- Up-to-date: /home/rsanz/git/learning/ROS2/RustROS2/install/std_msgs/lib/python3.12/site-packages/std_msgs/msg/_header_s.c
[0.475s] -- Up-to-date: /home/rsanz/git/learning/ROS2/RustROS2/install/std_msgs/lib/python3.12/site-packages/std_msgs/msg/_byte.py
[0.475s] -- Up-to-date: /home/rsanz/git/learning/ROS2/RustROS2/install/std_msgs/lib/python3.12/site-packages/std_msgs/msg/_empty_s.c
[0.475s] -- Up-to-date: /home/rsanz/git/learning/ROS2/RustROS2/install/std_msgs/lib/python3.12/site-packages/std_msgs/msg/_float32_multi_array_s.c
[0.475s] -- Up-to-date: /home/rsanz/git/learning/ROS2/RustROS2/install/std_msgs/lib/python3.12/site-packages/std_msgs/msg/_u_int64_s.c
[0.475s] -- Up-to-date: /home/rsanz/git/learning/ROS2/RustROS2/install/std_msgs/lib/python3.12/site-packages/std_msgs/msg/_int16_s.c
[0.475s] -- Up-to-date: /home/rsanz/git/learning/ROS2/RustROS2/install/std_msgs/lib/python3.12/site-packages/std_msgs/msg/_u_int32_multi_array_s.c
[0.476s] -- Up-to-date: /home/rsanz/git/learning/ROS2/RustROS2/install/std_msgs/lib/python3.12/site-packages/std_msgs/msg/_bool_s.c
[0.476s] -- Up-to-date: /home/rsanz/git/learning/ROS2/RustROS2/install/std_msgs/lib/python3.12/site-packages/std_msgs/msg/_u_int32_multi_array.py
[0.476s] -- Up-to-date: /home/rsanz/git/learning/ROS2/RustROS2/install/std_msgs/lib/python3.12/site-packages/std_msgs/msg/_u_int32.py
[0.476s] -- Up-to-date: /home/rsanz/git/learning/ROS2/RustROS2/install/std_msgs/lib/python3.12/site-packages/std_msgs/msg/_header.py
[0.476s] -- Up-to-date: /home/rsanz/git/learning/ROS2/RustROS2/install/std_msgs/lib/python3.12/site-packages/std_msgs/msg/_empty.py
[0.476s] -- Up-to-date: /home/rsanz/git/learning/ROS2/RustROS2/install/std_msgs/lib/python3.12/site-packages/std_msgs/msg/_multi_array_dimension.py
[0.476s] -- Up-to-date: /home/rsanz/git/learning/ROS2/RustROS2/install/std_msgs/lib/python3.12/site-packages/std_msgs/msg/_bool.py
[0.476s] -- Up-to-date: /home/rsanz/git/learning/ROS2/RustROS2/install/std_msgs/lib/python3.12/site-packages/std_msgs/msg/_u_int8_multi_array_s.c
[0.476s] -- Up-to-date: /home/rsanz/git/learning/ROS2/RustROS2/install/std_msgs/lib/python3.12/site-packages/std_msgs/msg/_int16_multi_array_s.c
[0.476s] -- Up-to-date: /home/rsanz/git/learning/ROS2/RustROS2/install/std_msgs/lib/python3.12/site-packages/std_msgs/msg/_int64_multi_array.py
[0.476s] -- Up-to-date: /home/rsanz/git/learning/ROS2/RustROS2/install/std_msgs/lib/python3.12/site-packages/std_msgs/msg/_int8.py
[0.477s] -- Up-to-date: /home/rsanz/git/learning/ROS2/RustROS2/install/std_msgs/lib/python3.12/site-packages/std_msgs/msg/_int64.py
[0.477s] -- Up-to-date: /home/rsanz/git/learning/ROS2/RustROS2/install/std_msgs/lib/python3.12/site-packages/std_msgs/msg/_multi_array_layout.py
[0.477s] -- Up-to-date: /home/rsanz/git/learning/ROS2/RustROS2/install/std_msgs/lib/python3.12/site-packages/std_msgs/msg/_char.py
[0.477s] -- Up-to-date: /home/rsanz/git/learning/ROS2/RustROS2/install/std_msgs/lib/python3.12/site-packages/std_msgs/msg/_u_int8_multi_array.py
[0.477s] -- Up-to-date: /home/rsanz/git/learning/ROS2/RustROS2/install/std_msgs/lib/python3.12/site-packages/std_msgs/msg/_byte_multi_array_s.c
[0.477s] -- Up-to-date: /home/rsanz/git/learning/ROS2/RustROS2/install/std_msgs/lib/python3.12/site-packages/std_msgs/msg/_string.py
[0.477s] -- Up-to-date: /home/rsanz/git/learning/ROS2/RustROS2/install/std_msgs/lib/python3.12/site-packages/std_msgs/msg/_u_int8_s.c
[0.477s] -- Up-to-date: /home/rsanz/git/learning/ROS2/RustROS2/install/std_msgs/lib/python3.12/site-packages/std_msgs/msg/_multi_array_dimension_s.c
[0.477s] -- Up-to-date: /home/rsanz/git/learning/ROS2/RustROS2/install/std_msgs/lib/python3.12/site-packages/std_msgs/msg/_int16_multi_array.py
[0.478s] -- Up-to-date: /home/rsanz/git/learning/ROS2/RustROS2/install/std_msgs/lib/python3.12/site-packages/std_msgs/msg/_u_int16_s.c
[0.478s] -- Up-to-date: /home/rsanz/git/learning/ROS2/RustROS2/install/std_msgs/lib/python3.12/site-packages/std_msgs/msg/_int8_multi_array_s.c
[0.478s] -- Up-to-date: /home/rsanz/git/learning/ROS2/RustROS2/install/std_msgs/lib/python3.12/site-packages/std_msgs/msg/_string_s.c
[0.478s] -- Up-to-date: /home/rsanz/git/learning/ROS2/RustROS2/install/std_msgs/lib/python3.12/site-packages/std_msgs/msg/_color_rgba.py
[0.478s] -- Up-to-date: /home/rsanz/git/learning/ROS2/RustROS2/install/std_msgs/lib/python3.12/site-packages/std_msgs/msg/__init__.py
[0.478s] -- Up-to-date: /home/rsanz/git/learning/ROS2/RustROS2/install/std_msgs/lib/python3.12/site-packages/std_msgs/msg/_u_int16_multi_array.py
[0.478s] -- Up-to-date: /home/rsanz/git/learning/ROS2/RustROS2/install/std_msgs/lib/python3.12/site-packages/std_msgs/msg/_float64_s.c
[0.478s] -- Up-to-date: /home/rsanz/git/learning/ROS2/RustROS2/install/std_msgs/lib/python3.12/site-packages/std_msgs/msg/_float32.py
[0.478s] -- Up-to-date: /home/rsanz/git/learning/ROS2/RustROS2/install/std_msgs/lib/python3.12/site-packages/std_msgs/msg/_float32_s.c
[0.478s] -- Up-to-date: /home/rsanz/git/learning/ROS2/RustROS2/install/std_msgs/lib/python3.12/site-packages/std_msgs/msg/_u_int64.py
[0.478s] -- Up-to-date: /home/rsanz/git/learning/ROS2/RustROS2/install/std_msgs/lib/python3.12/site-packages/std_msgs/msg/_int32_s.c
[0.479s] -- Up-to-date: /home/rsanz/git/learning/ROS2/RustROS2/install/std_msgs/lib/python3.12/site-packages/std_msgs/msg/_int64_s.c
[0.479s] -- Up-to-date: /home/rsanz/git/learning/ROS2/RustROS2/install/std_msgs/lib/python3.12/site-packages/std_msgs/msg/_int8_multi_array.py
[0.479s] -- Up-to-date: /home/rsanz/git/learning/ROS2/RustROS2/install/std_msgs/lib/python3.12/site-packages/std_msgs/msg/_int64_multi_array_s.c
[0.479s] -- Up-to-date: /home/rsanz/git/learning/ROS2/RustROS2/install/std_msgs/lib/python3.12/site-packages/std_msgs/msg/_u_int16_multi_array_s.c
[0.479s] -- Up-to-date: /home/rsanz/git/learning/ROS2/RustROS2/install/std_msgs/lib/python3.12/site-packages/std_msgs/msg/_color_rgba_s.c
[0.479s] -- Up-to-date: /home/rsanz/git/learning/ROS2/RustROS2/install/std_msgs/lib/python3.12/site-packages/std_msgs/msg/_u_int16.py
[0.479s] -- Up-to-date: /home/rsanz/git/learning/ROS2/RustROS2/install/std_msgs/lib/python3.12/site-packages/std_msgs/msg/_int32.py
[0.479s] -- Up-to-date: /home/rsanz/git/learning/ROS2/RustROS2/install/std_msgs/lib/python3.12/site-packages/std_msgs/msg/_u_int64_multi_array.py
[0.479s] -- Up-to-date: /home/rsanz/git/learning/ROS2/RustROS2/install/std_msgs/lib/python3.12/site-packages/std_msgs/msg/_float64_multi_array_s.c
[0.479s] -- Up-to-date: /home/rsanz/git/learning/ROS2/RustROS2/install/std_msgs/lib/python3.12/site-packages/std_msgs/msg/_u_int64_multi_array_s.c
[0.480s] -- Up-to-date: /home/rsanz/git/learning/ROS2/RustROS2/install/std_msgs/lib/python3.12/site-packages/std_msgs/msg/_int32_multi_array_s.c
[0.480s] -- Up-to-date: /home/rsanz/git/learning/ROS2/RustROS2/install/std_msgs/lib/python3.12/site-packages/std_msgs/msg/_int16.py
[0.480s] -- Up-to-date: /home/rsanz/git/learning/ROS2/RustROS2/install/std_msgs/lib/python3.12/site-packages/std_msgs/msg/_byte_multi_array.py
[0.480s] -- Up-to-date: /home/rsanz/git/learning/ROS2/RustROS2/install/std_msgs/lib/python3.12/site-packages/std_msgs/msg/_char_s.c
[0.480s] -- Up-to-date: /home/rsanz/git/learning/ROS2/RustROS2/install/std_msgs/lib/python3.12/site-packages/std_msgs/msg/_byte_s.c
[0.480s] -- Up-to-date: /home/rsanz/git/learning/ROS2/RustROS2/install/std_msgs/lib/python3.12/site-packages/std_msgs/msg/_float64.py
[0.480s] -- Up-to-date: /home/rsanz/git/learning/ROS2/RustROS2/install/std_msgs/lib/python3.12/site-packages/std_msgs/msg/_u_int8.py
[0.480s] -- Up-to-date: /home/rsanz/git/learning/ROS2/RustROS2/install/std_msgs/lib/python3.12/site-packages/std_msgs/msg/_multi_array_layout_s.c
[0.480s] -- Up-to-date: /home/rsanz/git/learning/ROS2/RustROS2/install/std_msgs/lib/python3.12/site-packages/std_msgs/msg/_float64_multi_array.py
[0.480s] -- Up-to-date: /home/rsanz/git/learning/ROS2/RustROS2/install/std_msgs/lib/python3.12/site-packages/std_msgs/msg/_u_int32_s.c
[0.481s] -- Up-to-date: /home/rsanz/git/learning/ROS2/RustROS2/install/std_msgs/lib/python3.12/site-packages/std_msgs/msg/_int32_multi_array.py
[0.481s] -- Up-to-date: /home/rsanz/git/learning/ROS2/RustROS2/install/std_msgs/lib/python3.12/site-packages/std_msgs/__init__.py
[0.481s] -- Up-to-date: /home/rsanz/git/learning/ROS2/RustROS2/install/std_msgs/lib/python3.12/site-packages/std_msgs/std_msgs_s__rosidl_typesupport_c.so
[0.481s] -- Up-to-date: /home/rsanz/git/learning/ROS2/RustROS2/install/std_msgs/lib/python3.12/site-packages/std_msgs/_std_msgs_s.ep.rosidl_typesupport_introspection_c.c
[0.481s] -- Up-to-date: /home/rsanz/git/learning/ROS2/RustROS2/install/std_msgs/lib/python3.12/site-packages/std_msgs/_std_msgs_s.ep.rosidl_typesupport_c.c
[0.487s] Listing '/home/rsanz/git/learning/ROS2/RustROS2/install/std_msgs/lib/python3.12/site-packages/std_msgs'...
[0.488s] Listing '/home/rsanz/git/learning/ROS2/RustROS2/install/std_msgs/lib/python3.12/site-packages/std_msgs/msg'...
[0.492s] -- Up-to-date: /home/rsanz/git/learning/ROS2/RustROS2/install/std_msgs/lib/python3.12/site-packages/std_msgs/std_msgs_s__rosidl_typesupport_fastrtps_c.so
[0.492s] -- Up-to-date: /home/rsanz/git/learning/ROS2/RustROS2/install/std_msgs/lib/python3.12/site-packages/std_msgs/std_msgs_s__rosidl_typesupport_introspection_c.so
[0.492s] -- Up-to-date: /home/rsanz/git/learning/ROS2/RustROS2/install/std_msgs/lib/python3.12/site-packages/std_msgs/std_msgs_s__rosidl_typesupport_c.so
[0.493s] -- Up-to-date: /home/rsanz/git/learning/ROS2/RustROS2/install/std_msgs/lib/libstd_msgs__rosidl_generator_py.so
[0.493s] -- Up-to-date: /home/rsanz/git/learning/ROS2/RustROS2/install/std_msgs/share/std_msgs/msg/Bool.idl
[0.493s] -- Up-to-date: /home/rsanz/git/learning/ROS2/RustROS2/install/std_msgs/share/std_msgs/msg/Byte.idl
[0.493s] -- Up-to-date: /home/rsanz/git/learning/ROS2/RustROS2/install/std_msgs/share/std_msgs/msg/ByteMultiArray.idl
[0.493s] -- Up-to-date: /home/rsanz/git/learning/ROS2/RustROS2/install/std_msgs/share/std_msgs/msg/Char.idl
[0.493s] -- Up-to-date: /home/rsanz/git/learning/ROS2/RustROS2/install/std_msgs/share/std_msgs/msg/ColorRGBA.idl
[0.493s] -- Up-to-date: /home/rsanz/git/learning/ROS2/RustROS2/install/std_msgs/share/std_msgs/msg/Empty.idl
[0.494s] -- Up-to-date: /home/rsanz/git/learning/ROS2/RustROS2/install/std_msgs/share/std_msgs/msg/Float32.idl
[0.494s] -- Up-to-date: /home/rsanz/git/learning/ROS2/RustROS2/install/std_msgs/share/std_msgs/msg/Float32MultiArray.idl
[0.494s] -- Up-to-date: /home/rsanz/git/learning/ROS2/RustROS2/install/std_msgs/share/std_msgs/msg/Float64.idl
[0.494s] -- Up-to-date: /home/rsanz/git/learning/ROS2/RustROS2/install/std_msgs/share/std_msgs/msg/Float64MultiArray.idl
[0.494s] -- Up-to-date: /home/rsanz/git/learning/ROS2/RustROS2/install/std_msgs/share/std_msgs/msg/Header.idl
[0.494s] -- Up-to-date: /home/rsanz/git/learning/ROS2/RustROS2/install/std_msgs/share/std_msgs/msg/Int16.idl
[0.494s] -- Up-to-date: /home/rsanz/git/learning/ROS2/RustROS2/install/std_msgs/share/std_msgs/msg/Int16MultiArray.idl
[0.494s] -- Up-to-date: /home/rsanz/git/learning/ROS2/RustROS2/install/std_msgs/share/std_msgs/msg/Int32.idl
[0.494s] -- Up-to-date: /home/rsanz/git/learning/ROS2/RustROS2/install/std_msgs/share/std_msgs/msg/Int32MultiArray.idl
[0.494s] -- Up-to-date: /home/rsanz/git/learning/ROS2/RustROS2/install/std_msgs/share/std_msgs/msg/Int64.idl
[0.494s] -- Up-to-date: /home/rsanz/git/learning/ROS2/RustROS2/install/std_msgs/share/std_msgs/msg/Int64MultiArray.idl
[0.494s] -- Up-to-date: /home/rsanz/git/learning/ROS2/RustROS2/install/std_msgs/share/std_msgs/msg/Int8.idl
[0.494s] -- Up-to-date: /home/rsanz/git/learning/ROS2/RustROS2/install/std_msgs/share/std_msgs/msg/Int8MultiArray.idl
[0.495s] -- Up-to-date: /home/rsanz/git/learning/ROS2/RustROS2/install/std_msgs/share/std_msgs/msg/MultiArrayDimension.idl
[0.495s] -- Up-to-date: /home/rsanz/git/learning/ROS2/RustROS2/install/std_msgs/share/std_msgs/msg/MultiArrayLayout.idl
[0.495s] -- Up-to-date: /home/rsanz/git/learning/ROS2/RustROS2/install/std_msgs/share/std_msgs/msg/String.idl
[0.495s] -- Up-to-date: /home/rsanz/git/learning/ROS2/RustROS2/install/std_msgs/share/std_msgs/msg/UInt16.idl
[0.495s] -- Up-to-date: /home/rsanz/git/learning/ROS2/RustROS2/install/std_msgs/share/std_msgs/msg/UInt16MultiArray.idl
[0.495s] -- Up-to-date: /home/rsanz/git/learning/ROS2/RustROS2/install/std_msgs/share/std_msgs/msg/UInt32.idl
[0.495s] -- Up-to-date: /home/rsanz/git/learning/ROS2/RustROS2/install/std_msgs/share/std_msgs/msg/UInt32MultiArray.idl
[0.495s] -- Up-to-date: /home/rsanz/git/learning/ROS2/RustROS2/install/std_msgs/share/std_msgs/msg/UInt64.idl
[0.495s] -- Up-to-date: /home/rsanz/git/learning/ROS2/RustROS2/install/std_msgs/share/std_msgs/msg/UInt64MultiArray.idl
[0.495s] -- Up-to-date: /home/rsanz/git/learning/ROS2/RustROS2/install/std_msgs/share/std_msgs/msg/UInt8.idl
[0.495s] -- Up-to-date: /home/rsanz/git/learning/ROS2/RustROS2/install/std_msgs/share/std_msgs/msg/UInt8MultiArray.idl
[0.495s] -- Up-to-date: /home/rsanz/git/learning/ROS2/RustROS2/install/std_msgs/share/std_msgs/msg/Bool.msg
[0.496s] -- Up-to-date: /home/rsanz/git/learning/ROS2/RustROS2/install/std_msgs/share/std_msgs/msg/Byte.msg
[0.496s] -- Up-to-date: /home/rsanz/git/learning/ROS2/RustROS2/install/std_msgs/share/std_msgs/msg/ByteMultiArray.msg
[0.496s] -- Up-to-date: /home/rsanz/git/learning/ROS2/RustROS2/install/std_msgs/share/std_msgs/msg/Char.msg
[0.496s] -- Up-to-date: /home/rsanz/git/learning/ROS2/RustROS2/install/std_msgs/share/std_msgs/msg/ColorRGBA.msg
[0.496s] -- Up-to-date: /home/rsanz/git/learning/ROS2/RustROS2/install/std_msgs/share/std_msgs/msg/Empty.msg
[0.496s] -- Up-to-date: /home/rsanz/git/learning/ROS2/RustROS2/install/std_msgs/share/std_msgs/msg/Float32.msg
[0.496s] -- Up-to-date: /home/rsanz/git/learning/ROS2/RustROS2/install/std_msgs/share/std_msgs/msg/Float32MultiArray.msg
[0.496s] -- Up-to-date: /home/rsanz/git/learning/ROS2/RustROS2/install/std_msgs/share/std_msgs/msg/Float64.msg
[0.496s] -- Up-to-date: /home/rsanz/git/learning/ROS2/RustROS2/install/std_msgs/share/std_msgs/msg/Float64MultiArray.msg
[0.496s] -- Up-to-date: /home/rsanz/git/learning/ROS2/RustROS2/install/std_msgs/share/std_msgs/msg/Header.msg
[0.496s] -- Up-to-date: /home/rsanz/git/learning/ROS2/RustROS2/install/std_msgs/share/std_msgs/msg/Int16.msg
[0.497s] -- Up-to-date: /home/rsanz/git/learning/ROS2/RustROS2/install/std_msgs/share/std_msgs/msg/Int16MultiArray.msg
[0.497s] -- Up-to-date: /home/rsanz/git/learning/ROS2/RustROS2/install/std_msgs/share/std_msgs/msg/Int32.msg
[0.497s] -- Up-to-date: /home/rsanz/git/learning/ROS2/RustROS2/install/std_msgs/share/std_msgs/msg/Int32MultiArray.msg
[0.497s] -- Up-to-date: /home/rsanz/git/learning/ROS2/RustROS2/install/std_msgs/share/std_msgs/msg/Int64.msg
[0.497s] -- Up-to-date: /home/rsanz/git/learning/ROS2/RustROS2/install/std_msgs/share/std_msgs/msg/Int64MultiArray.msg
[0.497s] -- Up-to-date: /home/rsanz/git/learning/ROS2/RustROS2/install/std_msgs/share/std_msgs/msg/Int8.msg
[0.497s] -- Up-to-date: /home/rsanz/git/learning/ROS2/RustROS2/install/std_msgs/share/std_msgs/msg/Int8MultiArray.msg
[0.497s] -- Up-to-date: /home/rsanz/git/learning/ROS2/RustROS2/install/std_msgs/share/std_msgs/msg/MultiArrayDimension.msg
[0.497s] -- Up-to-date: /home/rsanz/git/learning/ROS2/RustROS2/install/std_msgs/share/std_msgs/msg/MultiArrayLayout.msg
[0.497s] -- Up-to-date: /home/rsanz/git/learning/ROS2/RustROS2/install/std_msgs/share/std_msgs/msg/String.msg
[0.497s] -- Up-to-date: /home/rsanz/git/learning/ROS2/RustROS2/install/std_msgs/share/std_msgs/msg/UInt16.msg
[0.497s] -- Up-to-date: /home/rsanz/git/learning/ROS2/RustROS2/install/std_msgs/share/std_msgs/msg/UInt16MultiArray.msg
[0.498s] -- Up-to-date: /home/rsanz/git/learning/ROS2/RustROS2/install/std_msgs/share/std_msgs/msg/UInt32.msg
[0.498s] -- Up-to-date: /home/rsanz/git/learning/ROS2/RustROS2/install/std_msgs/share/std_msgs/msg/UInt32MultiArray.msg
[0.498s] -- Up-to-date: /home/rsanz/git/learning/ROS2/RustROS2/install/std_msgs/share/std_msgs/msg/UInt64.msg
[0.498s] -- Up-to-date: /home/rsanz/git/learning/ROS2/RustROS2/install/std_msgs/share/std_msgs/msg/UInt64MultiArray.msg
[0.498s] -- Up-to-date: /home/rsanz/git/learning/ROS2/RustROS2/install/std_msgs/share/std_msgs/msg/UInt8.msg
[0.498s] -- Up-to-date: /home/rsanz/git/learning/ROS2/RustROS2/install/std_msgs/share/std_msgs/msg/UInt8MultiArray.msg
[0.498s] -- Up-to-date: /home/rsanz/git/learning/ROS2/RustROS2/install/std_msgs/share/ament_index/resource_index/package_run_dependencies/std_msgs
[0.498s] -- Up-to-date: /home/rsanz/git/learning/ROS2/RustROS2/install/std_msgs/share/ament_index/resource_index/parent_prefix_path/std_msgs
[0.498s] -- Up-to-date: /home/rsanz/git/learning/ROS2/RustROS2/install/std_msgs/share/std_msgs/environment/ament_prefix_path.sh
[0.498s] -- Up-to-date: /home/rsanz/git/learning/ROS2/RustROS2/install/std_msgs/share/std_msgs/environment/ament_prefix_path.dsv
[0.499s] -- Up-to-date: /home/rsanz/git/learning/ROS2/RustROS2/install/std_msgs/share/std_msgs/environment/path.sh
[0.499s] -- Up-to-date: /home/rsanz/git/learning/ROS2/RustROS2/install/std_msgs/share/std_msgs/environment/path.dsv
[0.499s] -- Up-to-date: /home/rsanz/git/learning/ROS2/RustROS2/install/std_msgs/share/std_msgs/local_setup.bash
[0.499s] -- Up-to-date: /home/rsanz/git/learning/ROS2/RustROS2/install/std_msgs/share/std_msgs/local_setup.sh
[0.499s] -- Up-to-date: /home/rsanz/git/learning/ROS2/RustROS2/install/std_msgs/share/std_msgs/local_setup.zsh
[0.499s] -- Up-to-date: /home/rsanz/git/learning/ROS2/RustROS2/install/std_msgs/share/std_msgs/local_setup.dsv
[0.499s] -- Installing: /home/rsanz/git/learning/ROS2/RustROS2/install/std_msgs/share/std_msgs/package.dsv
[0.499s] -- Up-to-date: /home/rsanz/git/learning/ROS2/RustROS2/install/std_msgs/share/ament_index/resource_index/packages/std_msgs
[0.499s] -- Up-to-date: /home/rsanz/git/learning/ROS2/RustROS2/install/std_msgs/share/std_msgs/cmake/export_std_msgs__rosidl_generator_cExport.cmake
[0.500s] -- Up-to-date: /home/rsanz/git/learning/ROS2/RustROS2/install/std_msgs/share/std_msgs/cmake/export_std_msgs__rosidl_generator_cExport-noconfig.cmake
[0.500s] -- Up-to-date: /home/rsanz/git/learning/ROS2/RustROS2/install/std_msgs/share/std_msgs/cmake/export_std_msgs__rosidl_typesupport_fastrtps_cExport.cmake
[0.500s] -- Up-to-date: /home/rsanz/git/learning/ROS2/RustROS2/install/std_msgs/share/std_msgs/cmake/export_std_msgs__rosidl_typesupport_fastrtps_cExport-noconfig.cmake
[0.500s] -- Up-to-date: /home/rsanz/git/learning/ROS2/RustROS2/install/std_msgs/share/std_msgs/cmake/export_std_msgs__rosidl_generator_cppExport.cmake
[0.500s] -- Up-to-date: /home/rsanz/git/learning/ROS2/RustROS2/install/std_msgs/share/std_msgs/cmake/export_std_msgs__rosidl_typesupport_fastrtps_cppExport.cmake
[0.500s] -- Up-to-date: /home/rsanz/git/learning/ROS2/RustROS2/install/std_msgs/share/std_msgs/cmake/export_std_msgs__rosidl_typesupport_fastrtps_cppExport-noconfig.cmake
[0.500s] -- Up-to-date: /home/rsanz/git/learning/ROS2/RustROS2/install/std_msgs/share/std_msgs/cmake/std_msgs__rosidl_typesupport_introspection_cExport.cmake
[0.500s] -- Up-to-date: /home/rsanz/git/learning/ROS2/RustROS2/install/std_msgs/share/std_msgs/cmake/std_msgs__rosidl_typesupport_introspection_cExport-noconfig.cmake
[0.500s] -- Up-to-date: /home/rsanz/git/learning/ROS2/RustROS2/install/std_msgs/share/std_msgs/cmake/std_msgs__rosidl_typesupport_cExport.cmake
[0.501s] -- Up-to-date: /home/rsanz/git/learning/ROS2/RustROS2/install/std_msgs/share/std_msgs/cmake/std_msgs__rosidl_typesupport_cExport-noconfig.cmake
[0.501s] -- Up-to-date: /home/rsanz/git/learning/ROS2/RustROS2/install/std_msgs/share/std_msgs/cmake/std_msgs__rosidl_typesupport_introspection_cppExport.cmake
[0.501s] -- Up-to-date: /home/rsanz/git/learning/ROS2/RustROS2/install/std_msgs/share/std_msgs/cmake/std_msgs__rosidl_typesupport_introspection_cppExport-noconfig.cmake
[0.501s] -- Up-to-date: /home/rsanz/git/learning/ROS2/RustROS2/install/std_msgs/share/std_msgs/cmake/std_msgs__rosidl_typesupport_cppExport.cmake
[0.501s] -- Up-to-date: /home/rsanz/git/learning/ROS2/RustROS2/install/std_msgs/share/std_msgs/cmake/std_msgs__rosidl_typesupport_cppExport-noconfig.cmake
[0.501s] -- Up-to-date: /home/rsanz/git/learning/ROS2/RustROS2/install/std_msgs/share/std_msgs/cmake/export_std_msgs__rosidl_generator_pyExport.cmake
[0.501s] -- Up-to-date: /home/rsanz/git/learning/ROS2/RustROS2/install/std_msgs/share/std_msgs/cmake/export_std_msgs__rosidl_generator_pyExport-noconfig.cmake
[0.501s] -- Up-to-date: /home/rsanz/git/learning/ROS2/RustROS2/install/std_msgs/share/std_msgs/cmake/rosidl_cmake-extras.cmake
[0.501s] -- Up-to-date: /home/rsanz/git/learning/ROS2/RustROS2/install/std_msgs/share/std_msgs/cmake/ament_cmake_export_dependencies-extras.cmake
[0.501s] -- Up-to-date: /home/rsanz/git/learning/ROS2/RustROS2/install/std_msgs/share/std_msgs/cmake/ament_cmake_export_include_directories-extras.cmake
[0.502s] -- Up-to-date: /home/rsanz/git/learning/ROS2/RustROS2/install/std_msgs/share/std_msgs/cmake/ament_cmake_export_libraries-extras.cmake
[0.502s] -- Up-to-date: /home/rsanz/git/learning/ROS2/RustROS2/install/std_msgs/share/std_msgs/cmake/ament_cmake_export_targets-extras.cmake
[0.502s] -- Up-to-date: /home/rsanz/git/learning/ROS2/RustROS2/install/std_msgs/share/std_msgs/cmake/rosidl_cmake_export_typesupport_targets-extras.cmake
[0.502s] -- Up-to-date: /home/rsanz/git/learning/ROS2/RustROS2/install/std_msgs/share/std_msgs/cmake/rosidl_cmake_export_typesupport_libraries-extras.cmake
[0.502s] -- Up-to-date: /home/rsanz/git/learning/ROS2/RustROS2/install/std_msgs/share/std_msgs/cmake/std_msgsConfig.cmake
[0.502s] -- Up-to-date: /home/rsanz/git/learning/ROS2/RustROS2/install/std_msgs/share/std_msgs/cmake/std_msgsConfig-version.cmake
[0.502s] -- Up-to-date: /home/rsanz/git/learning/ROS2/RustROS2/install/std_msgs/share/std_msgs/package.xml
[0.505s] Invoked command in '/home/rsanz/git/learning/ROS2/RustROS2/build/std_msgs' returned '0': AMENT_PREFIX_PATH=/home/rsanz/git/learning/ROS2/RustROS2/install/rosidl_default_runtime:/home/rsanz/git/learning/ROS2/RustROS2/install/rosidl_default_generators:/home/rsanz/git/learning/ROS2/RustROS2/install/action_msgs:/home/rsanz/git/learning/ROS2/RustROS2/install/service_msgs:/home/rsanz/git/learning/ROS2/RustROS2/install/unique_identifier_msgs:/home/rsanz/git/learning/ROS2/RustROS2/install/builtin_interfaces:/home/rsanz/git/learning/ROS2/RustROS2/install/rosidl_core_runtime:/home/rsanz/git/learning/ROS2/RustROS2/install/rosidl_core_generators:/home/rsanz/git/learning/ROS2/RustROS2/install/rosidl_generator_rs:${AMENT_PREFIX_PATH} CMAKE_PREFIX_PATH=/home/rsanz/git/learning/ROS2/RustROS2/install/rosidl_default_runtime:/home/rsanz/git/learning/ROS2/RustROS2/install/rosidl_default_generators:/home/rsanz/git/learning/ROS2/RustROS2/install/action_msgs:/home/rsanz/git/learning/ROS2/RustROS2/install/service_msgs:/home/rsanz/git/learning/ROS2/RustROS2/install/unique_identifier_msgs:/home/rsanz/git/learning/ROS2/RustROS2/install/builtin_interfaces:/home/rsanz/git/learning/ROS2/RustROS2/install/rosidl_core_runtime:/home/rsanz/git/learning/ROS2/RustROS2/install/rosidl_core_generators:/home/rsanz/git/learning/ROS2/RustROS2/install/rosidl_generator_rs:/opt/ros/jazzy/opt/gz_math_vendor:/opt/ros/jazzy/opt/gz_utils_vendor:/opt/ros/jazzy/opt/gz_cmake_vendor:/opt/ros/jazzy DEBUGINFOD_URLS=https://debuginfod.ubuntu.com LD_LIBRARY_PATH=/home/rsanz/git/learning/ROS2/RustROS2/install/action_msgs/lib:/home/rsanz/git/learning/ROS2/RustROS2/install/service_msgs/lib:/home/rsanz/git/learning/ROS2/RustROS2/install/unique_identifier_msgs/lib:/home/rsanz/git/learning/ROS2/RustROS2/install/builtin_interfaces/lib:${LD_LIBRARY_PATH} PYTHONPATH=/home/rsanz/git/learning/ROS2/RustROS2/install/action_msgs/lib/python3.12/site-packages:/home/rsanz/git/learning/ROS2/RustROS2/install/service_msgs/lib/python3.12/site-packages:/home/rsanz/git/learning/ROS2/RustROS2/install/unique_identifier_msgs/lib/python3.12/site-packages:/home/rsanz/git/learning/ROS2/RustROS2/install/builtin_interfaces/lib/python3.12/site-packages:/home/rsanz/git/learning/ROS2/RustROS2/install/rosidl_generator_rs/lib/python3.12/site-packages:${PYTHONPATH} /usr/bin/cmake --install /home/rsanz/git/learning/ROS2/RustROS2/build/std_msgs
