[0.085s] DEBUG:colcon:Command line arguments: ['/usr/bin/colcon', 'build', '--packages-up-to', 'rust_pubsub']
[0.085s] DEBUG:colcon:Parsed command line arguments: Namespace(log_base=None, log_level=None, verb_name='build', build_base='build', install_base='install', merge_install=False, symlink_install=False, test_result_base=None, continue_on_error=False, executor='parallel', parallel_workers=24, event_handlers=None, ignore_user_meta=False, metas=['./colcon.meta'], base_paths=['.'], packages_ignore=None, packages_ignore_regex=None, paths=None, packages_up_to=['rust_pubsub'], packages_up_to_regex=None, packages_above=None, packages_above_and_dependencies=None, packages_above_depth=None, packages_select_by_dep=None, packages_skip_by_dep=None, packages_skip_up_to=None, packages_select_build_failed=False, packages_skip_build_finished=False, packages_select_test_failures=False, packages_skip_test_passed=False, packages_select=None, packages_skip=None, packages_select_regex=None, packages_skip_regex=None, packages_start=None, packages_end=None, allow_overriding=[], lookup_in_workspace=False, cargo_args=None, clean_build=False, cmake_args=None, cmake_target=None, cmake_target_skip_unavailable=False, cmake_clean_cache=False, cmake_clean_first=False, cmake_force_configure=False, ament_cmake_args=None, catkin_cmake_args=None, catkin_skip_building_tests=False, mixin_files=None, mixin=None, verb_parser=<colcon_mixin.mixin.mixin_argument.MixinArgumentDecorator object at 0x7c4d57bc3fb0>, verb_extension=<colcon_core.verb.build.BuildVerb object at 0x7c4d57bc3cb0>, main=<bound method BuildVerb.main of <colcon_core.verb.build.BuildVerb object at 0x7c4d57bc3cb0>>, mixin_verb=('build',))
[0.128s] Level 1:colcon.colcon_core.package_discovery:discover_packages(colcon_meta) check parameters
[0.128s] Level 1:colcon.colcon_core.package_discovery:discover_packages(recursive) check parameters
[0.128s] Level 1:colcon.colcon_core.package_discovery:discover_packages(ignore) check parameters
[0.128s] Level 1:colcon.colcon_core.package_discovery:discover_packages(path) check parameters
[0.128s] Level 1:colcon.colcon_core.package_discovery:discover_packages(cargo_workspace) check parameters
[0.128s] Level 1:colcon.colcon_core.package_discovery:discover_packages(colcon_meta) discover
[0.128s] Level 1:colcon.colcon_core.package_discovery:discover_packages(recursive) discover
[0.128s] INFO:colcon.colcon_core.package_discovery:Crawling recursively for packages in '/home/rsanz/git/learning/ros2/tutorials/RustROS2/src'
[0.128s] Level 1:colcon.colcon_core.package_identification:_identify(.) by extensions ['ignore', 'ignore_ament_install']
[0.128s] Level 1:colcon.colcon_core.package_identification:_identify(.) by extension 'ignore'
[0.128s] Level 1:colcon.colcon_core.package_identification:_identify(.) by extension 'ignore_ament_install'
[0.128s] Level 1:colcon.colcon_core.package_identification:_identify(.) by extensions ['cargo_workspace']
[0.128s] Level 1:colcon.colcon_core.package_identification:_identify(.) by extension 'cargo_workspace'
[0.128s] Level 1:colcon.colcon_core.package_identification:_identify(.) by extensions ['colcon_pkg']
[0.128s] Level 1:colcon.colcon_core.package_identification:_identify(.) by extension 'colcon_pkg'
[0.129s] Level 1:colcon.colcon_core.package_identification:_identify(.) by extensions ['colcon_meta']
[0.129s] Level 1:colcon.colcon_core.package_identification:_identify(.) by extension 'colcon_meta'
[0.129s] Level 1:colcon.colcon_core.package_identification:_identify(.) by extensions ['ament_cargo']
[0.129s] Level 1:colcon.colcon_core.package_identification:_identify(.) by extension 'ament_cargo'
[0.129s] Level 1:colcon.colcon_core.package_identification:_identify(.) by extensions ['ros']
[0.129s] Level 1:colcon.colcon_core.package_identification:_identify(.) by extension 'ros'
[0.129s] Level 1:colcon.colcon_core.package_identification:_identify(.) by extensions ['cargo', 'cmake', 'python']
[0.129s] Level 1:colcon.colcon_core.package_identification:_identify(.) by extension 'cargo'
[0.129s] Level 1:colcon.colcon_core.package_identification:_identify(.) by extension 'cmake'
[0.129s] Level 1:colcon.colcon_core.package_identification:_identify(.) by extension 'python'
[0.129s] Level 1:colcon.colcon_core.package_identification:_identify(.) by extensions ['python_setup_py']
[0.129s] Level 1:colcon.colcon_core.package_identification:_identify(.) by extension 'python_setup_py'
[0.129s] Level 1:colcon.colcon_core.package_identification:_identify(build) by extensions ['ignore', 'ignore_ament_install']
[0.129s] Level 1:colcon.colcon_core.package_identification:_identify(build) by extension 'ignore'
[0.129s] Level 1:colcon.colcon_core.package_identification:_identify(build) ignored
[0.129s] Level 1:colcon.colcon_core.package_identification:_identify(common_interfaces) by extensions ['ignore', 'ignore_ament_install']
[0.129s] Level 1:colcon.colcon_core.package_identification:_identify(common_interfaces) by extension 'ignore'
[0.129s] Level 1:colcon.colcon_core.package_identification:_identify(common_interfaces) by extension 'ignore_ament_install'
[0.129s] Level 1:colcon.colcon_core.package_identification:_identify(common_interfaces) by extensions ['cargo_workspace']
[0.129s] Level 1:colcon.colcon_core.package_identification:_identify(common_interfaces) by extension 'cargo_workspace'
[0.129s] Level 1:colcon.colcon_core.package_identification:_identify(common_interfaces) by extensions ['colcon_pkg']
[0.129s] Level 1:colcon.colcon_core.package_identification:_identify(common_interfaces) by extension 'colcon_pkg'
[0.129s] Level 1:colcon.colcon_core.package_identification:_identify(common_interfaces) by extensions ['colcon_meta']
[0.129s] Level 1:colcon.colcon_core.package_identification:_identify(common_interfaces) by extension 'colcon_meta'
[0.129s] Level 1:colcon.colcon_core.package_identification:_identify(common_interfaces) by extensions ['ament_cargo']
[0.129s] Level 1:colcon.colcon_core.package_identification:_identify(common_interfaces) by extension 'ament_cargo'
[0.129s] Level 1:colcon.colcon_core.package_identification:_identify(common_interfaces) by extensions ['ros']
[0.129s] Level 1:colcon.colcon_core.package_identification:_identify(common_interfaces) by extension 'ros'
[0.129s] Level 1:colcon.colcon_core.package_identification:_identify(common_interfaces) by extensions ['cargo', 'cmake', 'python']
[0.129s] Level 1:colcon.colcon_core.package_identification:_identify(common_interfaces) by extension 'cargo'
[0.129s] Level 1:colcon.colcon_core.package_identification:_identify(common_interfaces) by extension 'cmake'
[0.130s] Level 1:colcon.colcon_core.package_identification:_identify(common_interfaces) by extension 'python'
[0.130s] Level 1:colcon.colcon_core.package_identification:_identify(common_interfaces) by extensions ['python_setup_py']
[0.130s] Level 1:colcon.colcon_core.package_identification:_identify(common_interfaces) by extension 'python_setup_py'
[0.130s] Level 1:colcon.colcon_core.package_identification:_identify(common_interfaces/actionlib_msgs) by extensions ['ignore', 'ignore_ament_install']
[0.130s] Level 1:colcon.colcon_core.package_identification:_identify(common_interfaces/actionlib_msgs) by extension 'ignore'
[0.130s] Level 1:colcon.colcon_core.package_identification:_identify(common_interfaces/actionlib_msgs) by extension 'ignore_ament_install'
[0.130s] Level 1:colcon.colcon_core.package_identification:_identify(common_interfaces/actionlib_msgs) by extensions ['cargo_workspace']
[0.130s] Level 1:colcon.colcon_core.package_identification:_identify(common_interfaces/actionlib_msgs) by extension 'cargo_workspace'
[0.130s] Level 1:colcon.colcon_core.package_identification:_identify(common_interfaces/actionlib_msgs) by extensions ['colcon_pkg']
[0.130s] Level 1:colcon.colcon_core.package_identification:_identify(common_interfaces/actionlib_msgs) by extension 'colcon_pkg'
[0.130s] Level 1:colcon.colcon_core.package_identification:_identify(common_interfaces/actionlib_msgs) by extensions ['colcon_meta']
[0.130s] Level 1:colcon.colcon_core.package_identification:_identify(common_interfaces/actionlib_msgs) by extension 'colcon_meta'
[0.130s] Level 1:colcon.colcon_core.package_identification:_identify(common_interfaces/actionlib_msgs) by extensions ['ament_cargo']
[0.130s] Level 1:colcon.colcon_core.package_identification:_identify(common_interfaces/actionlib_msgs) by extension 'ament_cargo'
[0.131s] Level 1:colcon.colcon_core.package_identification:_identify(common_interfaces/actionlib_msgs) by extensions ['ros']
[0.132s] Level 1:colcon.colcon_core.package_identification:_identify(common_interfaces/actionlib_msgs) by extension 'ros'
[0.132s] DEBUG:colcon.colcon_core.package_identification:Package 'common_interfaces/actionlib_msgs' with type 'ros.ament_cmake' and name 'actionlib_msgs'
[0.132s] Level 1:colcon.colcon_core.package_identification:_identify(common_interfaces/common_interfaces) by extensions ['ignore', 'ignore_ament_install']
[0.132s] Level 1:colcon.colcon_core.package_identification:_identify(common_interfaces/common_interfaces) by extension 'ignore'
[0.132s] Level 1:colcon.colcon_core.package_identification:_identify(common_interfaces/common_interfaces) by extension 'ignore_ament_install'
[0.132s] Level 1:colcon.colcon_core.package_identification:_identify(common_interfaces/common_interfaces) by extensions ['cargo_workspace']
[0.132s] Level 1:colcon.colcon_core.package_identification:_identify(common_interfaces/common_interfaces) by extension 'cargo_workspace'
[0.132s] Level 1:colcon.colcon_core.package_identification:_identify(common_interfaces/common_interfaces) by extensions ['colcon_pkg']
[0.132s] Level 1:colcon.colcon_core.package_identification:_identify(common_interfaces/common_interfaces) by extension 'colcon_pkg'
[0.132s] Level 1:colcon.colcon_core.package_identification:_identify(common_interfaces/common_interfaces) by extensions ['colcon_meta']
[0.132s] Level 1:colcon.colcon_core.package_identification:_identify(common_interfaces/common_interfaces) by extension 'colcon_meta'
[0.132s] Level 1:colcon.colcon_core.package_identification:_identify(common_interfaces/common_interfaces) by extensions ['ament_cargo']
[0.132s] Level 1:colcon.colcon_core.package_identification:_identify(common_interfaces/common_interfaces) by extension 'ament_cargo'
[0.133s] Level 1:colcon.colcon_core.package_identification:_identify(common_interfaces/common_interfaces) by extensions ['ros']
[0.133s] Level 1:colcon.colcon_core.package_identification:_identify(common_interfaces/common_interfaces) by extension 'ros'
[0.133s] DEBUG:colcon.colcon_core.package_identification:Package 'common_interfaces/common_interfaces' with type 'ros.ament_cmake' and name 'common_interfaces'
[0.133s] Level 1:colcon.colcon_core.package_identification:_identify(common_interfaces/diagnostic_msgs) by extensions ['ignore', 'ignore_ament_install']
[0.133s] Level 1:colcon.colcon_core.package_identification:_identify(common_interfaces/diagnostic_msgs) by extension 'ignore'
[0.133s] Level 1:colcon.colcon_core.package_identification:_identify(common_interfaces/diagnostic_msgs) by extension 'ignore_ament_install'
[0.133s] Level 1:colcon.colcon_core.package_identification:_identify(common_interfaces/diagnostic_msgs) by extensions ['cargo_workspace']
[0.133s] Level 1:colcon.colcon_core.package_identification:_identify(common_interfaces/diagnostic_msgs) by extension 'cargo_workspace'
[0.133s] Level 1:colcon.colcon_core.package_identification:_identify(common_interfaces/diagnostic_msgs) by extensions ['colcon_pkg']
[0.133s] Level 1:colcon.colcon_core.package_identification:_identify(common_interfaces/diagnostic_msgs) by extension 'colcon_pkg'
[0.133s] Level 1:colcon.colcon_core.package_identification:_identify(common_interfaces/diagnostic_msgs) by extensions ['colcon_meta']
[0.133s] Level 1:colcon.colcon_core.package_identification:_identify(common_interfaces/diagnostic_msgs) by extension 'colcon_meta'
[0.133s] Level 1:colcon.colcon_core.package_identification:_identify(common_interfaces/diagnostic_msgs) by extensions ['ament_cargo']
[0.134s] Level 1:colcon.colcon_core.package_identification:_identify(common_interfaces/diagnostic_msgs) by extension 'ament_cargo'
[0.134s] Level 1:colcon.colcon_core.package_identification:_identify(common_interfaces/diagnostic_msgs) by extensions ['ros']
[0.134s] Level 1:colcon.colcon_core.package_identification:_identify(common_interfaces/diagnostic_msgs) by extension 'ros'
[0.134s] DEBUG:colcon.colcon_core.package_identification:Package 'common_interfaces/diagnostic_msgs' with type 'ros.ament_cmake' and name 'diagnostic_msgs'
[0.134s] Level 1:colcon.colcon_core.package_identification:_identify(common_interfaces/docs) by extensions ['ignore', 'ignore_ament_install']
[0.135s] Level 1:colcon.colcon_core.package_identification:_identify(common_interfaces/docs) by extension 'ignore'
[0.135s] Level 1:colcon.colcon_core.package_identification:_identify(common_interfaces/docs) by extension 'ignore_ament_install'
[0.135s] Level 1:colcon.colcon_core.package_identification:_identify(common_interfaces/docs) by extensions ['cargo_workspace']
[0.135s] Level 1:colcon.colcon_core.package_identification:_identify(common_interfaces/docs) by extension 'cargo_workspace'
[0.135s] Level 1:colcon.colcon_core.package_identification:_identify(common_interfaces/docs) by extensions ['colcon_pkg']
[0.135s] Level 1:colcon.colcon_core.package_identification:_identify(common_interfaces/docs) by extension 'colcon_pkg'
[0.135s] Level 1:colcon.colcon_core.package_identification:_identify(common_interfaces/docs) by extensions ['colcon_meta']
[0.135s] Level 1:colcon.colcon_core.package_identification:_identify(common_interfaces/docs) by extension 'colcon_meta'
[0.135s] Level 1:colcon.colcon_core.package_identification:_identify(common_interfaces/docs) by extensions ['ament_cargo']
[0.135s] Level 1:colcon.colcon_core.package_identification:_identify(common_interfaces/docs) by extension 'ament_cargo'
[0.135s] Level 1:colcon.colcon_core.package_identification:_identify(common_interfaces/docs) by extensions ['ros']
[0.135s] Level 1:colcon.colcon_core.package_identification:_identify(common_interfaces/docs) by extension 'ros'
[0.135s] Level 1:colcon.colcon_core.package_identification:_identify(common_interfaces/docs) by extensions ['cargo', 'cmake', 'python']
[0.135s] Level 1:colcon.colcon_core.package_identification:_identify(common_interfaces/docs) by extension 'cargo'
[0.135s] Level 1:colcon.colcon_core.package_identification:_identify(common_interfaces/docs) by extension 'cmake'
[0.135s] Level 1:colcon.colcon_core.package_identification:_identify(common_interfaces/docs) by extension 'python'
[0.135s] Level 1:colcon.colcon_core.package_identification:_identify(common_interfaces/docs) by extensions ['python_setup_py']
[0.135s] Level 1:colcon.colcon_core.package_identification:_identify(common_interfaces/docs) by extension 'python_setup_py'
[0.135s] Level 1:colcon.colcon_core.package_identification:_identify(common_interfaces/geometry_msgs) by extensions ['ignore', 'ignore_ament_install']
[0.135s] Level 1:colcon.colcon_core.package_identification:_identify(common_interfaces/geometry_msgs) by extension 'ignore'
[0.135s] Level 1:colcon.colcon_core.package_identification:_identify(common_interfaces/geometry_msgs) by extension 'ignore_ament_install'
[0.135s] Level 1:colcon.colcon_core.package_identification:_identify(common_interfaces/geometry_msgs) by extensions ['cargo_workspace']
[0.135s] Level 1:colcon.colcon_core.package_identification:_identify(common_interfaces/geometry_msgs) by extension 'cargo_workspace'
[0.135s] Level 1:colcon.colcon_core.package_identification:_identify(common_interfaces/geometry_msgs) by extensions ['colcon_pkg']
[0.135s] Level 1:colcon.colcon_core.package_identification:_identify(common_interfaces/geometry_msgs) by extension 'colcon_pkg'
[0.135s] Level 1:colcon.colcon_core.package_identification:_identify(common_interfaces/geometry_msgs) by extensions ['colcon_meta']
[0.135s] Level 1:colcon.colcon_core.package_identification:_identify(common_interfaces/geometry_msgs) by extension 'colcon_meta'
[0.135s] Level 1:colcon.colcon_core.package_identification:_identify(common_interfaces/geometry_msgs) by extensions ['ament_cargo']
[0.135s] Level 1:colcon.colcon_core.package_identification:_identify(common_interfaces/geometry_msgs) by extension 'ament_cargo'
[0.136s] Level 1:colcon.colcon_core.package_identification:_identify(common_interfaces/geometry_msgs) by extensions ['ros']
[0.136s] Level 1:colcon.colcon_core.package_identification:_identify(common_interfaces/geometry_msgs) by extension 'ros'
[0.136s] DEBUG:colcon.colcon_core.package_identification:Package 'common_interfaces/geometry_msgs' with type 'ros.ament_cmake' and name 'geometry_msgs'
[0.136s] Level 1:colcon.colcon_core.package_identification:_identify(common_interfaces/nav_msgs) by extensions ['ignore', 'ignore_ament_install']
[0.136s] Level 1:colcon.colcon_core.package_identification:_identify(common_interfaces/nav_msgs) by extension 'ignore'
[0.136s] Level 1:colcon.colcon_core.package_identification:_identify(common_interfaces/nav_msgs) by extension 'ignore_ament_install'
[0.136s] Level 1:colcon.colcon_core.package_identification:_identify(common_interfaces/nav_msgs) by extensions ['cargo_workspace']
[0.136s] Level 1:colcon.colcon_core.package_identification:_identify(common_interfaces/nav_msgs) by extension 'cargo_workspace'
[0.136s] Level 1:colcon.colcon_core.package_identification:_identify(common_interfaces/nav_msgs) by extensions ['colcon_pkg']
[0.136s] Level 1:colcon.colcon_core.package_identification:_identify(common_interfaces/nav_msgs) by extension 'colcon_pkg'
[0.136s] Level 1:colcon.colcon_core.package_identification:_identify(common_interfaces/nav_msgs) by extensions ['colcon_meta']
[0.136s] Level 1:colcon.colcon_core.package_identification:_identify(common_interfaces/nav_msgs) by extension 'colcon_meta'
[0.136s] Level 1:colcon.colcon_core.package_identification:_identify(common_interfaces/nav_msgs) by extensions ['ament_cargo']
[0.136s] Level 1:colcon.colcon_core.package_identification:_identify(common_interfaces/nav_msgs) by extension 'ament_cargo'
[0.137s] Level 1:colcon.colcon_core.package_identification:_identify(common_interfaces/nav_msgs) by extensions ['ros']
[0.137s] Level 1:colcon.colcon_core.package_identification:_identify(common_interfaces/nav_msgs) by extension 'ros'
[0.137s] DEBUG:colcon.colcon_core.package_identification:Package 'common_interfaces/nav_msgs' with type 'ros.ament_cmake' and name 'nav_msgs'
[0.137s] Level 1:colcon.colcon_core.package_identification:_identify(common_interfaces/sensor_msgs) by extensions ['ignore', 'ignore_ament_install']
[0.137s] Level 1:colcon.colcon_core.package_identification:_identify(common_interfaces/sensor_msgs) by extension 'ignore'
[0.137s] Level 1:colcon.colcon_core.package_identification:_identify(common_interfaces/sensor_msgs) by extension 'ignore_ament_install'
[0.137s] Level 1:colcon.colcon_core.package_identification:_identify(common_interfaces/sensor_msgs) by extensions ['cargo_workspace']
[0.137s] Level 1:colcon.colcon_core.package_identification:_identify(common_interfaces/sensor_msgs) by extension 'cargo_workspace'
[0.137s] Level 1:colcon.colcon_core.package_identification:_identify(common_interfaces/sensor_msgs) by extensions ['colcon_pkg']
[0.137s] Level 1:colcon.colcon_core.package_identification:_identify(common_interfaces/sensor_msgs) by extension 'colcon_pkg'
[0.137s] Level 1:colcon.colcon_core.package_identification:_identify(common_interfaces/sensor_msgs) by extensions ['colcon_meta']
[0.137s] Level 1:colcon.colcon_core.package_identification:_identify(common_interfaces/sensor_msgs) by extension 'colcon_meta'
[0.137s] Level 1:colcon.colcon_core.package_identification:_identify(common_interfaces/sensor_msgs) by extensions ['ament_cargo']
[0.137s] Level 1:colcon.colcon_core.package_identification:_identify(common_interfaces/sensor_msgs) by extension 'ament_cargo'
[0.138s] Level 1:colcon.colcon_core.package_identification:_identify(common_interfaces/sensor_msgs) by extensions ['ros']
[0.138s] Level 1:colcon.colcon_core.package_identification:_identify(common_interfaces/sensor_msgs) by extension 'ros'
[0.138s] DEBUG:colcon.colcon_core.package_identification:Package 'common_interfaces/sensor_msgs' with type 'ros.ament_cmake' and name 'sensor_msgs'
[0.138s] Level 1:colcon.colcon_core.package_identification:_identify(common_interfaces/sensor_msgs_py) by extensions ['ignore', 'ignore_ament_install']
[0.138s] Level 1:colcon.colcon_core.package_identification:_identify(common_interfaces/sensor_msgs_py) by extension 'ignore'
[0.139s] Level 1:colcon.colcon_core.package_identification:_identify(common_interfaces/sensor_msgs_py) by extension 'ignore_ament_install'
[0.139s] Level 1:colcon.colcon_core.package_identification:_identify(common_interfaces/sensor_msgs_py) by extensions ['cargo_workspace']
[0.139s] Level 1:colcon.colcon_core.package_identification:_identify(common_interfaces/sensor_msgs_py) by extension 'cargo_workspace'
[0.139s] Level 1:colcon.colcon_core.package_identification:_identify(common_interfaces/sensor_msgs_py) by extensions ['colcon_pkg']
[0.139s] Level 1:colcon.colcon_core.package_identification:_identify(common_interfaces/sensor_msgs_py) by extension 'colcon_pkg'
[0.139s] Level 1:colcon.colcon_core.package_identification:_identify(common_interfaces/sensor_msgs_py) by extensions ['colcon_meta']
[0.139s] Level 1:colcon.colcon_core.package_identification:_identify(common_interfaces/sensor_msgs_py) by extension 'colcon_meta'
[0.139s] Level 1:colcon.colcon_core.package_identification:_identify(common_interfaces/sensor_msgs_py) by extensions ['ament_cargo']
[0.139s] Level 1:colcon.colcon_core.package_identification:_identify(common_interfaces/sensor_msgs_py) by extension 'ament_cargo'
[0.139s] Level 1:colcon.colcon_core.package_identification:_identify(common_interfaces/sensor_msgs_py) by extensions ['ros']
[0.139s] Level 1:colcon.colcon_core.package_identification:_identify(common_interfaces/sensor_msgs_py) by extension 'ros'
[0.139s] DEBUG:colcon.colcon_core.package_identification:Package 'common_interfaces/sensor_msgs_py' with type 'ros.ament_python' and name 'sensor_msgs_py'
[0.139s] Level 1:colcon.colcon_core.package_identification:_identify(common_interfaces/shape_msgs) by extensions ['ignore', 'ignore_ament_install']
[0.139s] Level 1:colcon.colcon_core.package_identification:_identify(common_interfaces/shape_msgs) by extension 'ignore'
[0.139s] Level 1:colcon.colcon_core.package_identification:_identify(common_interfaces/shape_msgs) by extension 'ignore_ament_install'
[0.140s] Level 1:colcon.colcon_core.package_identification:_identify(common_interfaces/shape_msgs) by extensions ['cargo_workspace']
[0.140s] Level 1:colcon.colcon_core.package_identification:_identify(common_interfaces/shape_msgs) by extension 'cargo_workspace'
[0.140s] Level 1:colcon.colcon_core.package_identification:_identify(common_interfaces/shape_msgs) by extensions ['colcon_pkg']
[0.140s] Level 1:colcon.colcon_core.package_identification:_identify(common_interfaces/shape_msgs) by extension 'colcon_pkg'
[0.140s] Level 1:colcon.colcon_core.package_identification:_identify(common_interfaces/shape_msgs) by extensions ['colcon_meta']
[0.140s] Level 1:colcon.colcon_core.package_identification:_identify(common_interfaces/shape_msgs) by extension 'colcon_meta'
[0.140s] Level 1:colcon.colcon_core.package_identification:_identify(common_interfaces/shape_msgs) by extensions ['ament_cargo']
[0.140s] Level 1:colcon.colcon_core.package_identification:_identify(common_interfaces/shape_msgs) by extension 'ament_cargo'
[0.140s] Level 1:colcon.colcon_core.package_identification:_identify(common_interfaces/shape_msgs) by extensions ['ros']
[0.140s] Level 1:colcon.colcon_core.package_identification:_identify(common_interfaces/shape_msgs) by extension 'ros'
[0.140s] DEBUG:colcon.colcon_core.package_identification:Package 'common_interfaces/shape_msgs' with type 'ros.ament_cmake' and name 'shape_msgs'
[0.140s] Level 1:colcon.colcon_core.package_identification:_identify(common_interfaces/std_msgs) by extensions ['ignore', 'ignore_ament_install']
[0.140s] Level 1:colcon.colcon_core.package_identification:_identify(common_interfaces/std_msgs) by extension 'ignore'
[0.140s] Level 1:colcon.colcon_core.package_identification:_identify(common_interfaces/std_msgs) by extension 'ignore_ament_install'
[0.141s] Level 1:colcon.colcon_core.package_identification:_identify(common_interfaces/std_msgs) by extensions ['cargo_workspace']
[0.141s] Level 1:colcon.colcon_core.package_identification:_identify(common_interfaces/std_msgs) by extension 'cargo_workspace'
[0.141s] Level 1:colcon.colcon_core.package_identification:_identify(common_interfaces/std_msgs) by extensions ['colcon_pkg']
[0.141s] Level 1:colcon.colcon_core.package_identification:_identify(common_interfaces/std_msgs) by extension 'colcon_pkg'
[0.141s] Level 1:colcon.colcon_core.package_identification:_identify(common_interfaces/std_msgs) by extensions ['colcon_meta']
[0.141s] Level 1:colcon.colcon_core.package_identification:_identify(common_interfaces/std_msgs) by extension 'colcon_meta'
[0.141s] Level 1:colcon.colcon_core.package_identification:_identify(common_interfaces/std_msgs) by extensions ['ament_cargo']
[0.141s] Level 1:colcon.colcon_core.package_identification:_identify(common_interfaces/std_msgs) by extension 'ament_cargo'
[0.141s] Level 1:colcon.colcon_core.package_identification:_identify(common_interfaces/std_msgs) by extensions ['ros']
[0.141s] Level 1:colcon.colcon_core.package_identification:_identify(common_interfaces/std_msgs) by extension 'ros'
[0.141s] DEBUG:colcon.colcon_core.package_identification:Package 'common_interfaces/std_msgs' with type 'ros.ament_cmake' and name 'std_msgs'
[0.141s] Level 1:colcon.colcon_core.package_identification:_identify(common_interfaces/std_srvs) by extensions ['ignore', 'ignore_ament_install']
[0.142s] Level 1:colcon.colcon_core.package_identification:_identify(common_interfaces/std_srvs) by extension 'ignore'
[0.142s] Level 1:colcon.colcon_core.package_identification:_identify(common_interfaces/std_srvs) by extension 'ignore_ament_install'
[0.142s] Level 1:colcon.colcon_core.package_identification:_identify(common_interfaces/std_srvs) by extensions ['cargo_workspace']
[0.142s] Level 1:colcon.colcon_core.package_identification:_identify(common_interfaces/std_srvs) by extension 'cargo_workspace'
[0.142s] Level 1:colcon.colcon_core.package_identification:_identify(common_interfaces/std_srvs) by extensions ['colcon_pkg']
[0.142s] Level 1:colcon.colcon_core.package_identification:_identify(common_interfaces/std_srvs) by extension 'colcon_pkg'
[0.142s] Level 1:colcon.colcon_core.package_identification:_identify(common_interfaces/std_srvs) by extensions ['colcon_meta']
[0.142s] Level 1:colcon.colcon_core.package_identification:_identify(common_interfaces/std_srvs) by extension 'colcon_meta'
[0.142s] Level 1:colcon.colcon_core.package_identification:_identify(common_interfaces/std_srvs) by extensions ['ament_cargo']
[0.142s] Level 1:colcon.colcon_core.package_identification:_identify(common_interfaces/std_srvs) by extension 'ament_cargo'
[0.142s] Level 1:colcon.colcon_core.package_identification:_identify(common_interfaces/std_srvs) by extensions ['ros']
[0.142s] Level 1:colcon.colcon_core.package_identification:_identify(common_interfaces/std_srvs) by extension 'ros'
[0.142s] DEBUG:colcon.colcon_core.package_identification:Package 'common_interfaces/std_srvs' with type 'ros.ament_cmake' and name 'std_srvs'
[0.142s] Level 1:colcon.colcon_core.package_identification:_identify(common_interfaces/stereo_msgs) by extensions ['ignore', 'ignore_ament_install']
[0.142s] Level 1:colcon.colcon_core.package_identification:_identify(common_interfaces/stereo_msgs) by extension 'ignore'
[0.142s] Level 1:colcon.colcon_core.package_identification:_identify(common_interfaces/stereo_msgs) by extension 'ignore_ament_install'
[0.143s] Level 1:colcon.colcon_core.package_identification:_identify(common_interfaces/stereo_msgs) by extensions ['cargo_workspace']
[0.143s] Level 1:colcon.colcon_core.package_identification:_identify(common_interfaces/stereo_msgs) by extension 'cargo_workspace'
[0.143s] Level 1:colcon.colcon_core.package_identification:_identify(common_interfaces/stereo_msgs) by extensions ['colcon_pkg']
[0.143s] Level 1:colcon.colcon_core.package_identification:_identify(common_interfaces/stereo_msgs) by extension 'colcon_pkg'
[0.143s] Level 1:colcon.colcon_core.package_identification:_identify(common_interfaces/stereo_msgs) by extensions ['colcon_meta']
[0.143s] Level 1:colcon.colcon_core.package_identification:_identify(common_interfaces/stereo_msgs) by extension 'colcon_meta'
[0.143s] Level 1:colcon.colcon_core.package_identification:_identify(common_interfaces/stereo_msgs) by extensions ['ament_cargo']
[0.143s] Level 1:colcon.colcon_core.package_identification:_identify(common_interfaces/stereo_msgs) by extension 'ament_cargo'
[0.143s] Level 1:colcon.colcon_core.package_identification:_identify(common_interfaces/stereo_msgs) by extensions ['ros']
[0.143s] Level 1:colcon.colcon_core.package_identification:_identify(common_interfaces/stereo_msgs) by extension 'ros'
[0.143s] DEBUG:colcon.colcon_core.package_identification:Package 'common_interfaces/stereo_msgs' with type 'ros.ament_cmake' and name 'stereo_msgs'
[0.143s] Level 1:colcon.colcon_core.package_identification:_identify(common_interfaces/trajectory_msgs) by extensions ['ignore', 'ignore_ament_install']
[0.144s] Level 1:colcon.colcon_core.package_identification:_identify(common_interfaces/trajectory_msgs) by extension 'ignore'
[0.144s] Level 1:colcon.colcon_core.package_identification:_identify(common_interfaces/trajectory_msgs) by extension 'ignore_ament_install'
[0.144s] Level 1:colcon.colcon_core.package_identification:_identify(common_interfaces/trajectory_msgs) by extensions ['cargo_workspace']
[0.144s] Level 1:colcon.colcon_core.package_identification:_identify(common_interfaces/trajectory_msgs) by extension 'cargo_workspace'
[0.144s] Level 1:colcon.colcon_core.package_identification:_identify(common_interfaces/trajectory_msgs) by extensions ['colcon_pkg']
[0.144s] Level 1:colcon.colcon_core.package_identification:_identify(common_interfaces/trajectory_msgs) by extension 'colcon_pkg'
[0.144s] Level 1:colcon.colcon_core.package_identification:_identify(common_interfaces/trajectory_msgs) by extensions ['colcon_meta']
[0.144s] Level 1:colcon.colcon_core.package_identification:_identify(common_interfaces/trajectory_msgs) by extension 'colcon_meta'
[0.144s] Level 1:colcon.colcon_core.package_identification:_identify(common_interfaces/trajectory_msgs) by extensions ['ament_cargo']
[0.144s] Level 1:colcon.colcon_core.package_identification:_identify(common_interfaces/trajectory_msgs) by extension 'ament_cargo'
[0.144s] Level 1:colcon.colcon_core.package_identification:_identify(common_interfaces/trajectory_msgs) by extensions ['ros']
[0.144s] Level 1:colcon.colcon_core.package_identification:_identify(common_interfaces/trajectory_msgs) by extension 'ros'
[0.145s] DEBUG:colcon.colcon_core.package_identification:Package 'common_interfaces/trajectory_msgs' with type 'ros.ament_cmake' and name 'trajectory_msgs'
[0.145s] Level 1:colcon.colcon_core.package_identification:_identify(common_interfaces/visualization_msgs) by extensions ['ignore', 'ignore_ament_install']
[0.145s] Level 1:colcon.colcon_core.package_identification:_identify(common_interfaces/visualization_msgs) by extension 'ignore'
[0.145s] Level 1:colcon.colcon_core.package_identification:_identify(common_interfaces/visualization_msgs) by extension 'ignore_ament_install'
[0.145s] Level 1:colcon.colcon_core.package_identification:_identify(common_interfaces/visualization_msgs) by extensions ['cargo_workspace']
[0.145s] Level 1:colcon.colcon_core.package_identification:_identify(common_interfaces/visualization_msgs) by extension 'cargo_workspace'
[0.145s] Level 1:colcon.colcon_core.package_identification:_identify(common_interfaces/visualization_msgs) by extensions ['colcon_pkg']
[0.145s] Level 1:colcon.colcon_core.package_identification:_identify(common_interfaces/visualization_msgs) by extension 'colcon_pkg'
[0.145s] Level 1:colcon.colcon_core.package_identification:_identify(common_interfaces/visualization_msgs) by extensions ['colcon_meta']
[0.145s] Level 1:colcon.colcon_core.package_identification:_identify(common_interfaces/visualization_msgs) by extension 'colcon_meta'
[0.145s] Level 1:colcon.colcon_core.package_identification:_identify(common_interfaces/visualization_msgs) by extensions ['ament_cargo']
[0.145s] Level 1:colcon.colcon_core.package_identification:_identify(common_interfaces/visualization_msgs) by extension 'ament_cargo'
[0.145s] Level 1:colcon.colcon_core.package_identification:_identify(common_interfaces/visualization_msgs) by extensions ['ros']
[0.145s] Level 1:colcon.colcon_core.package_identification:_identify(common_interfaces/visualization_msgs) by extension 'ros'
[0.146s] DEBUG:colcon.colcon_core.package_identification:Package 'common_interfaces/visualization_msgs' with type 'ros.ament_cmake' and name 'visualization_msgs'
[0.146s] Level 1:colcon.colcon_core.package_identification:_identify(install) by extensions ['ignore', 'ignore_ament_install']
[0.146s] Level 1:colcon.colcon_core.package_identification:_identify(install) by extension 'ignore'
[0.146s] Level 1:colcon.colcon_core.package_identification:_identify(install) ignored
[0.146s] Level 1:colcon.colcon_core.package_identification:_identify(log) by extensions ['ignore', 'ignore_ament_install']
[0.146s] Level 1:colcon.colcon_core.package_identification:_identify(log) by extension 'ignore'
[0.146s] Level 1:colcon.colcon_core.package_identification:_identify(log) ignored
[0.146s] Level 1:colcon.colcon_core.package_identification:_identify(rcl_interfaces) by extensions ['ignore', 'ignore_ament_install']
[0.146s] Level 1:colcon.colcon_core.package_identification:_identify(rcl_interfaces) by extension 'ignore'
[0.146s] Level 1:colcon.colcon_core.package_identification:_identify(rcl_interfaces) by extension 'ignore_ament_install'
[0.146s] Level 1:colcon.colcon_core.package_identification:_identify(rcl_interfaces) by extensions ['cargo_workspace']
[0.146s] Level 1:colcon.colcon_core.package_identification:_identify(rcl_interfaces) by extension 'cargo_workspace'
[0.146s] Level 1:colcon.colcon_core.package_identification:_identify(rcl_interfaces) by extensions ['colcon_pkg']
[0.146s] Level 1:colcon.colcon_core.package_identification:_identify(rcl_interfaces) by extension 'colcon_pkg'
[0.147s] Level 1:colcon.colcon_core.package_identification:_identify(rcl_interfaces) by extensions ['colcon_meta']
[0.147s] Level 1:colcon.colcon_core.package_identification:_identify(rcl_interfaces) by extension 'colcon_meta'
[0.147s] Level 1:colcon.colcon_core.package_identification:_identify(rcl_interfaces) by extensions ['ament_cargo']
[0.147s] Level 1:colcon.colcon_core.package_identification:_identify(rcl_interfaces) by extension 'ament_cargo'
[0.147s] Level 1:colcon.colcon_core.package_identification:_identify(rcl_interfaces) by extensions ['ros']
[0.147s] Level 1:colcon.colcon_core.package_identification:_identify(rcl_interfaces) by extension 'ros'
[0.147s] Level 1:colcon.colcon_core.package_identification:_identify(rcl_interfaces) by extensions ['cargo', 'cmake', 'python']
[0.147s] Level 1:colcon.colcon_core.package_identification:_identify(rcl_interfaces) by extension 'cargo'
[0.147s] Level 1:colcon.colcon_core.package_identification:_identify(rcl_interfaces) by extension 'cmake'
[0.147s] Level 1:colcon.colcon_core.package_identification:_identify(rcl_interfaces) by extension 'python'
[0.147s] Level 1:colcon.colcon_core.package_identification:_identify(rcl_interfaces) by extensions ['python_setup_py']
[0.147s] Level 1:colcon.colcon_core.package_identification:_identify(rcl_interfaces) by extension 'python_setup_py'
[0.147s] Level 1:colcon.colcon_core.package_identification:_identify(rcl_interfaces/action_msgs) by extensions ['ignore', 'ignore_ament_install']
[0.147s] Level 1:colcon.colcon_core.package_identification:_identify(rcl_interfaces/action_msgs) by extension 'ignore'
[0.147s] Level 1:colcon.colcon_core.package_identification:_identify(rcl_interfaces/action_msgs) by extension 'ignore_ament_install'
[0.147s] Level 1:colcon.colcon_core.package_identification:_identify(rcl_interfaces/action_msgs) by extensions ['cargo_workspace']
[0.147s] Level 1:colcon.colcon_core.package_identification:_identify(rcl_interfaces/action_msgs) by extension 'cargo_workspace'
[0.147s] Level 1:colcon.colcon_core.package_identification:_identify(rcl_interfaces/action_msgs) by extensions ['colcon_pkg']
[0.147s] Level 1:colcon.colcon_core.package_identification:_identify(rcl_interfaces/action_msgs) by extension 'colcon_pkg'
[0.147s] Level 1:colcon.colcon_core.package_identification:_identify(rcl_interfaces/action_msgs) by extensions ['colcon_meta']
[0.147s] Level 1:colcon.colcon_core.package_identification:_identify(rcl_interfaces/action_msgs) by extension 'colcon_meta'
[0.147s] Level 1:colcon.colcon_core.package_identification:_identify(rcl_interfaces/action_msgs) by extensions ['ament_cargo']
[0.147s] Level 1:colcon.colcon_core.package_identification:_identify(rcl_interfaces/action_msgs) by extension 'ament_cargo'
[0.148s] Level 1:colcon.colcon_core.package_identification:_identify(rcl_interfaces/action_msgs) by extensions ['ros']
[0.148s] Level 1:colcon.colcon_core.package_identification:_identify(rcl_interfaces/action_msgs) by extension 'ros'
[0.148s] DEBUG:colcon.colcon_core.package_identification:Package 'rcl_interfaces/action_msgs' with type 'ros.ament_cmake' and name 'action_msgs'
[0.148s] Level 1:colcon.colcon_core.package_identification:_identify(rcl_interfaces/builtin_interfaces) by extensions ['ignore', 'ignore_ament_install']
[0.148s] Level 1:colcon.colcon_core.package_identification:_identify(rcl_interfaces/builtin_interfaces) by extension 'ignore'
[0.148s] Level 1:colcon.colcon_core.package_identification:_identify(rcl_interfaces/builtin_interfaces) by extension 'ignore_ament_install'
[0.148s] Level 1:colcon.colcon_core.package_identification:_identify(rcl_interfaces/builtin_interfaces) by extensions ['cargo_workspace']
[0.148s] Level 1:colcon.colcon_core.package_identification:_identify(rcl_interfaces/builtin_interfaces) by extension 'cargo_workspace'
[0.148s] Level 1:colcon.colcon_core.package_identification:_identify(rcl_interfaces/builtin_interfaces) by extensions ['colcon_pkg']
[0.148s] Level 1:colcon.colcon_core.package_identification:_identify(rcl_interfaces/builtin_interfaces) by extension 'colcon_pkg'
[0.148s] Level 1:colcon.colcon_core.package_identification:_identify(rcl_interfaces/builtin_interfaces) by extensions ['colcon_meta']
[0.148s] Level 1:colcon.colcon_core.package_identification:_identify(rcl_interfaces/builtin_interfaces) by extension 'colcon_meta'
[0.148s] Level 1:colcon.colcon_core.package_identification:_identify(rcl_interfaces/builtin_interfaces) by extensions ['ament_cargo']
[0.148s] Level 1:colcon.colcon_core.package_identification:_identify(rcl_interfaces/builtin_interfaces) by extension 'ament_cargo'
[0.149s] Level 1:colcon.colcon_core.package_identification:_identify(rcl_interfaces/builtin_interfaces) by extensions ['ros']
[0.149s] Level 1:colcon.colcon_core.package_identification:_identify(rcl_interfaces/builtin_interfaces) by extension 'ros'
[0.149s] DEBUG:colcon.colcon_core.package_identification:Package 'rcl_interfaces/builtin_interfaces' with type 'ros.ament_cmake' and name 'builtin_interfaces'
[0.149s] Level 1:colcon.colcon_core.package_identification:_identify(rcl_interfaces/composition_interfaces) by extensions ['ignore', 'ignore_ament_install']
[0.149s] Level 1:colcon.colcon_core.package_identification:_identify(rcl_interfaces/composition_interfaces) by extension 'ignore'
[0.149s] Level 1:colcon.colcon_core.package_identification:_identify(rcl_interfaces/composition_interfaces) by extension 'ignore_ament_install'
[0.149s] Level 1:colcon.colcon_core.package_identification:_identify(rcl_interfaces/composition_interfaces) by extensions ['cargo_workspace']
[0.149s] Level 1:colcon.colcon_core.package_identification:_identify(rcl_interfaces/composition_interfaces) by extension 'cargo_workspace'
[0.149s] Level 1:colcon.colcon_core.package_identification:_identify(rcl_interfaces/composition_interfaces) by extensions ['colcon_pkg']
[0.149s] Level 1:colcon.colcon_core.package_identification:_identify(rcl_interfaces/composition_interfaces) by extension 'colcon_pkg'
[0.149s] Level 1:colcon.colcon_core.package_identification:_identify(rcl_interfaces/composition_interfaces) by extensions ['colcon_meta']
[0.149s] Level 1:colcon.colcon_core.package_identification:_identify(rcl_interfaces/composition_interfaces) by extension 'colcon_meta'
[0.149s] Level 1:colcon.colcon_core.package_identification:_identify(rcl_interfaces/composition_interfaces) by extensions ['ament_cargo']
[0.149s] Level 1:colcon.colcon_core.package_identification:_identify(rcl_interfaces/composition_interfaces) by extension 'ament_cargo'
[0.150s] Level 1:colcon.colcon_core.package_identification:_identify(rcl_interfaces/composition_interfaces) by extensions ['ros']
[0.150s] Level 1:colcon.colcon_core.package_identification:_identify(rcl_interfaces/composition_interfaces) by extension 'ros'
[0.150s] DEBUG:colcon.colcon_core.package_identification:Package 'rcl_interfaces/composition_interfaces' with type 'ros.ament_cmake' and name 'composition_interfaces'
[0.150s] Level 1:colcon.colcon_core.package_identification:_identify(rcl_interfaces/lifecycle_msgs) by extensions ['ignore', 'ignore_ament_install']
[0.150s] Level 1:colcon.colcon_core.package_identification:_identify(rcl_interfaces/lifecycle_msgs) by extension 'ignore'
[0.150s] Level 1:colcon.colcon_core.package_identification:_identify(rcl_interfaces/lifecycle_msgs) by extension 'ignore_ament_install'
[0.150s] Level 1:colcon.colcon_core.package_identification:_identify(rcl_interfaces/lifecycle_msgs) by extensions ['cargo_workspace']
[0.150s] Level 1:colcon.colcon_core.package_identification:_identify(rcl_interfaces/lifecycle_msgs) by extension 'cargo_workspace'
[0.150s] Level 1:colcon.colcon_core.package_identification:_identify(rcl_interfaces/lifecycle_msgs) by extensions ['colcon_pkg']
[0.150s] Level 1:colcon.colcon_core.package_identification:_identify(rcl_interfaces/lifecycle_msgs) by extension 'colcon_pkg'
[0.150s] Level 1:colcon.colcon_core.package_identification:_identify(rcl_interfaces/lifecycle_msgs) by extensions ['colcon_meta']
[0.150s] Level 1:colcon.colcon_core.package_identification:_identify(rcl_interfaces/lifecycle_msgs) by extension 'colcon_meta'
[0.150s] Level 1:colcon.colcon_core.package_identification:_identify(rcl_interfaces/lifecycle_msgs) by extensions ['ament_cargo']
[0.150s] Level 1:colcon.colcon_core.package_identification:_identify(rcl_interfaces/lifecycle_msgs) by extension 'ament_cargo'
[0.150s] Level 1:colcon.colcon_core.package_identification:_identify(rcl_interfaces/lifecycle_msgs) by extensions ['ros']
[0.151s] Level 1:colcon.colcon_core.package_identification:_identify(rcl_interfaces/lifecycle_msgs) by extension 'ros'
[0.152s] DEBUG:colcon.colcon_core.package_identification:Package 'rcl_interfaces/lifecycle_msgs' with type 'ros.ament_cmake' and name 'lifecycle_msgs'
[0.152s] Level 1:colcon.colcon_core.package_identification:_identify(rcl_interfaces/rcl_interfaces) by extensions ['ignore', 'ignore_ament_install']
[0.152s] Level 1:colcon.colcon_core.package_identification:_identify(rcl_interfaces/rcl_interfaces) by extension 'ignore'
[0.152s] Level 1:colcon.colcon_core.package_identification:_identify(rcl_interfaces/rcl_interfaces) by extension 'ignore_ament_install'
[0.152s] Level 1:colcon.colcon_core.package_identification:_identify(rcl_interfaces/rcl_interfaces) by extensions ['cargo_workspace']
[0.152s] Level 1:colcon.colcon_core.package_identification:_identify(rcl_interfaces/rcl_interfaces) by extension 'cargo_workspace'
[0.152s] Level 1:colcon.colcon_core.package_identification:_identify(rcl_interfaces/rcl_interfaces) by extensions ['colcon_pkg']
[0.152s] Level 1:colcon.colcon_core.package_identification:_identify(rcl_interfaces/rcl_interfaces) by extension 'colcon_pkg'
[0.152s] Level 1:colcon.colcon_core.package_identification:_identify(rcl_interfaces/rcl_interfaces) by extensions ['colcon_meta']
[0.152s] Level 1:colcon.colcon_core.package_identification:_identify(rcl_interfaces/rcl_interfaces) by extension 'colcon_meta'
[0.152s] Level 1:colcon.colcon_core.package_identification:_identify(rcl_interfaces/rcl_interfaces) by extensions ['ament_cargo']
[0.152s] Level 1:colcon.colcon_core.package_identification:_identify(rcl_interfaces/rcl_interfaces) by extension 'ament_cargo'
[0.152s] Level 1:colcon.colcon_core.package_identification:_identify(rcl_interfaces/rcl_interfaces) by extensions ['ros']
[0.152s] Level 1:colcon.colcon_core.package_identification:_identify(rcl_interfaces/rcl_interfaces) by extension 'ros'
[0.153s] DEBUG:colcon.colcon_core.package_identification:Package 'rcl_interfaces/rcl_interfaces' with type 'ros.ament_cmake' and name 'rcl_interfaces'
[0.153s] Level 1:colcon.colcon_core.package_identification:_identify(rcl_interfaces/rosgraph_msgs) by extensions ['ignore', 'ignore_ament_install']
[0.153s] Level 1:colcon.colcon_core.package_identification:_identify(rcl_interfaces/rosgraph_msgs) by extension 'ignore'
[0.153s] Level 1:colcon.colcon_core.package_identification:_identify(rcl_interfaces/rosgraph_msgs) by extension 'ignore_ament_install'
[0.153s] Level 1:colcon.colcon_core.package_identification:_identify(rcl_interfaces/rosgraph_msgs) by extensions ['cargo_workspace']
[0.153s] Level 1:colcon.colcon_core.package_identification:_identify(rcl_interfaces/rosgraph_msgs) by extension 'cargo_workspace'
[0.153s] Level 1:colcon.colcon_core.package_identification:_identify(rcl_interfaces/rosgraph_msgs) by extensions ['colcon_pkg']
[0.153s] Level 1:colcon.colcon_core.package_identification:_identify(rcl_interfaces/rosgraph_msgs) by extension 'colcon_pkg'
[0.153s] Level 1:colcon.colcon_core.package_identification:_identify(rcl_interfaces/rosgraph_msgs) by extensions ['colcon_meta']
[0.153s] Level 1:colcon.colcon_core.package_identification:_identify(rcl_interfaces/rosgraph_msgs) by extension 'colcon_meta'
[0.153s] Level 1:colcon.colcon_core.package_identification:_identify(rcl_interfaces/rosgraph_msgs) by extensions ['ament_cargo']
[0.153s] Level 1:colcon.colcon_core.package_identification:_identify(rcl_interfaces/rosgraph_msgs) by extension 'ament_cargo'
[0.153s] Level 1:colcon.colcon_core.package_identification:_identify(rcl_interfaces/rosgraph_msgs) by extensions ['ros']
[0.153s] Level 1:colcon.colcon_core.package_identification:_identify(rcl_interfaces/rosgraph_msgs) by extension 'ros'
[0.154s] DEBUG:colcon.colcon_core.package_identification:Package 'rcl_interfaces/rosgraph_msgs' with type 'ros.ament_cmake' and name 'rosgraph_msgs'
[0.154s] Level 1:colcon.colcon_core.package_identification:_identify(rcl_interfaces/service_msgs) by extensions ['ignore', 'ignore_ament_install']
[0.154s] Level 1:colcon.colcon_core.package_identification:_identify(rcl_interfaces/service_msgs) by extension 'ignore'
[0.154s] Level 1:colcon.colcon_core.package_identification:_identify(rcl_interfaces/service_msgs) by extension 'ignore_ament_install'
[0.154s] Level 1:colcon.colcon_core.package_identification:_identify(rcl_interfaces/service_msgs) by extensions ['cargo_workspace']
[0.154s] Level 1:colcon.colcon_core.package_identification:_identify(rcl_interfaces/service_msgs) by extension 'cargo_workspace'
[0.154s] Level 1:colcon.colcon_core.package_identification:_identify(rcl_interfaces/service_msgs) by extensions ['colcon_pkg']
[0.154s] Level 1:colcon.colcon_core.package_identification:_identify(rcl_interfaces/service_msgs) by extension 'colcon_pkg'
[0.154s] Level 1:colcon.colcon_core.package_identification:_identify(rcl_interfaces/service_msgs) by extensions ['colcon_meta']
[0.154s] Level 1:colcon.colcon_core.package_identification:_identify(rcl_interfaces/service_msgs) by extension 'colcon_meta'
[0.154s] Level 1:colcon.colcon_core.package_identification:_identify(rcl_interfaces/service_msgs) by extensions ['ament_cargo']
[0.154s] Level 1:colcon.colcon_core.package_identification:_identify(rcl_interfaces/service_msgs) by extension 'ament_cargo'
[0.154s] Level 1:colcon.colcon_core.package_identification:_identify(rcl_interfaces/service_msgs) by extensions ['ros']
[0.154s] Level 1:colcon.colcon_core.package_identification:_identify(rcl_interfaces/service_msgs) by extension 'ros'
[0.155s] DEBUG:colcon.colcon_core.package_identification:Package 'rcl_interfaces/service_msgs' with type 'ros.ament_cmake' and name 'service_msgs'
[0.155s] Level 1:colcon.colcon_core.package_identification:_identify(rcl_interfaces/statistics_msgs) by extensions ['ignore', 'ignore_ament_install']
[0.155s] Level 1:colcon.colcon_core.package_identification:_identify(rcl_interfaces/statistics_msgs) by extension 'ignore'
[0.155s] Level 1:colcon.colcon_core.package_identification:_identify(rcl_interfaces/statistics_msgs) by extension 'ignore_ament_install'
[0.155s] Level 1:colcon.colcon_core.package_identification:_identify(rcl_interfaces/statistics_msgs) by extensions ['cargo_workspace']
[0.155s] Level 1:colcon.colcon_core.package_identification:_identify(rcl_interfaces/statistics_msgs) by extension 'cargo_workspace'
[0.155s] Level 1:colcon.colcon_core.package_identification:_identify(rcl_interfaces/statistics_msgs) by extensions ['colcon_pkg']
[0.155s] Level 1:colcon.colcon_core.package_identification:_identify(rcl_interfaces/statistics_msgs) by extension 'colcon_pkg'
[0.155s] Level 1:colcon.colcon_core.package_identification:_identify(rcl_interfaces/statistics_msgs) by extensions ['colcon_meta']
[0.155s] Level 1:colcon.colcon_core.package_identification:_identify(rcl_interfaces/statistics_msgs) by extension 'colcon_meta'
[0.155s] Level 1:colcon.colcon_core.package_identification:_identify(rcl_interfaces/statistics_msgs) by extensions ['ament_cargo']
[0.155s] Level 1:colcon.colcon_core.package_identification:_identify(rcl_interfaces/statistics_msgs) by extension 'ament_cargo'
[0.156s] Level 1:colcon.colcon_core.package_identification:_identify(rcl_interfaces/statistics_msgs) by extensions ['ros']
[0.156s] Level 1:colcon.colcon_core.package_identification:_identify(rcl_interfaces/statistics_msgs) by extension 'ros'
[0.156s] DEBUG:colcon.colcon_core.package_identification:Package 'rcl_interfaces/statistics_msgs' with type 'ros.ament_cmake' and name 'statistics_msgs'
[0.156s] Level 1:colcon.colcon_core.package_identification:_identify(rcl_interfaces/test_msgs) by extensions ['ignore', 'ignore_ament_install']
[0.156s] Level 1:colcon.colcon_core.package_identification:_identify(rcl_interfaces/test_msgs) by extension 'ignore'
[0.156s] Level 1:colcon.colcon_core.package_identification:_identify(rcl_interfaces/test_msgs) by extension 'ignore_ament_install'
[0.156s] Level 1:colcon.colcon_core.package_identification:_identify(rcl_interfaces/test_msgs) by extensions ['cargo_workspace']
[0.156s] Level 1:colcon.colcon_core.package_identification:_identify(rcl_interfaces/test_msgs) by extension 'cargo_workspace'
[0.156s] Level 1:colcon.colcon_core.package_identification:_identify(rcl_interfaces/test_msgs) by extensions ['colcon_pkg']
[0.156s] Level 1:colcon.colcon_core.package_identification:_identify(rcl_interfaces/test_msgs) by extension 'colcon_pkg'
[0.156s] Level 1:colcon.colcon_core.package_identification:_identify(rcl_interfaces/test_msgs) by extensions ['colcon_meta']
[0.156s] Level 1:colcon.colcon_core.package_identification:_identify(rcl_interfaces/test_msgs) by extension 'colcon_meta'
[0.156s] Level 1:colcon.colcon_core.package_identification:_identify(rcl_interfaces/test_msgs) by extensions ['ament_cargo']
[0.156s] Level 1:colcon.colcon_core.package_identification:_identify(rcl_interfaces/test_msgs) by extension 'ament_cargo'
[0.157s] Level 1:colcon.colcon_core.package_identification:_identify(rcl_interfaces/test_msgs) by extensions ['ros']
[0.157s] Level 1:colcon.colcon_core.package_identification:_identify(rcl_interfaces/test_msgs) by extension 'ros'
[0.157s] DEBUG:colcon.colcon_core.package_identification:Package 'rcl_interfaces/test_msgs' with type 'ros.ament_cmake' and name 'test_msgs'
[0.157s] Level 1:colcon.colcon_core.package_identification:_identify(rcl_interfaces/type_description_interfaces) by extensions ['ignore', 'ignore_ament_install']
[0.157s] Level 1:colcon.colcon_core.package_identification:_identify(rcl_interfaces/type_description_interfaces) by extension 'ignore'
[0.157s] Level 1:colcon.colcon_core.package_identification:_identify(rcl_interfaces/type_description_interfaces) by extension 'ignore_ament_install'
[0.157s] Level 1:colcon.colcon_core.package_identification:_identify(rcl_interfaces/type_description_interfaces) by extensions ['cargo_workspace']
[0.157s] Level 1:colcon.colcon_core.package_identification:_identify(rcl_interfaces/type_description_interfaces) by extension 'cargo_workspace'
[0.157s] Level 1:colcon.colcon_core.package_identification:_identify(rcl_interfaces/type_description_interfaces) by extensions ['colcon_pkg']
[0.157s] Level 1:colcon.colcon_core.package_identification:_identify(rcl_interfaces/type_description_interfaces) by extension 'colcon_pkg'
[0.157s] Level 1:colcon.colcon_core.package_identification:_identify(rcl_interfaces/type_description_interfaces) by extensions ['colcon_meta']
[0.157s] Level 1:colcon.colcon_core.package_identification:_identify(rcl_interfaces/type_description_interfaces) by extension 'colcon_meta'
[0.157s] Level 1:colcon.colcon_core.package_identification:_identify(rcl_interfaces/type_description_interfaces) by extensions ['ament_cargo']
[0.157s] Level 1:colcon.colcon_core.package_identification:_identify(rcl_interfaces/type_description_interfaces) by extension 'ament_cargo'
[0.157s] Level 1:colcon.colcon_core.package_identification:_identify(rcl_interfaces/type_description_interfaces) by extensions ['ros']
[0.157s] Level 1:colcon.colcon_core.package_identification:_identify(rcl_interfaces/type_description_interfaces) by extension 'ros'
[0.158s] DEBUG:colcon.colcon_core.package_identification:Package 'rcl_interfaces/type_description_interfaces' with type 'ros.ament_cmake' and name 'type_description_interfaces'
[0.158s] Level 1:colcon.colcon_core.package_identification:_identify(rosidl_core) by extensions ['ignore', 'ignore_ament_install']
[0.158s] Level 1:colcon.colcon_core.package_identification:_identify(rosidl_core) by extension 'ignore'
[0.158s] Level 1:colcon.colcon_core.package_identification:_identify(rosidl_core) by extension 'ignore_ament_install'
[0.158s] Level 1:colcon.colcon_core.package_identification:_identify(rosidl_core) by extensions ['cargo_workspace']
[0.158s] Level 1:colcon.colcon_core.package_identification:_identify(rosidl_core) by extension 'cargo_workspace'
[0.158s] Level 1:colcon.colcon_core.package_identification:_identify(rosidl_core) by extensions ['colcon_pkg']
[0.158s] Level 1:colcon.colcon_core.package_identification:_identify(rosidl_core) by extension 'colcon_pkg'
[0.158s] Level 1:colcon.colcon_core.package_identification:_identify(rosidl_core) by extensions ['colcon_meta']
[0.158s] Level 1:colcon.colcon_core.package_identification:_identify(rosidl_core) by extension 'colcon_meta'
[0.158s] Level 1:colcon.colcon_core.package_identification:_identify(rosidl_core) by extensions ['ament_cargo']
[0.158s] Level 1:colcon.colcon_core.package_identification:_identify(rosidl_core) by extension 'ament_cargo'
[0.158s] Level 1:colcon.colcon_core.package_identification:_identify(rosidl_core) by extensions ['ros']
[0.158s] Level 1:colcon.colcon_core.package_identification:_identify(rosidl_core) by extension 'ros'
[0.158s] Level 1:colcon.colcon_core.package_identification:_identify(rosidl_core) by extensions ['cargo', 'cmake', 'python']
[0.158s] Level 1:colcon.colcon_core.package_identification:_identify(rosidl_core) by extension 'cargo'
[0.158s] Level 1:colcon.colcon_core.package_identification:_identify(rosidl_core) by extension 'cmake'
[0.158s] Level 1:colcon.colcon_core.package_identification:_identify(rosidl_core) by extension 'python'
[0.158s] Level 1:colcon.colcon_core.package_identification:_identify(rosidl_core) by extensions ['python_setup_py']
[0.158s] Level 1:colcon.colcon_core.package_identification:_identify(rosidl_core) by extension 'python_setup_py'
[0.159s] Level 1:colcon.colcon_core.package_identification:_identify(rosidl_core/rosidl_core_generators) by extensions ['ignore', 'ignore_ament_install']
[0.159s] Level 1:colcon.colcon_core.package_identification:_identify(rosidl_core/rosidl_core_generators) by extension 'ignore'
[0.159s] Level 1:colcon.colcon_core.package_identification:_identify(rosidl_core/rosidl_core_generators) by extension 'ignore_ament_install'
[0.159s] Level 1:colcon.colcon_core.package_identification:_identify(rosidl_core/rosidl_core_generators) by extensions ['cargo_workspace']
[0.159s] Level 1:colcon.colcon_core.package_identification:_identify(rosidl_core/rosidl_core_generators) by extension 'cargo_workspace'
[0.159s] Level 1:colcon.colcon_core.package_identification:_identify(rosidl_core/rosidl_core_generators) by extensions ['colcon_pkg']
[0.159s] Level 1:colcon.colcon_core.package_identification:_identify(rosidl_core/rosidl_core_generators) by extension 'colcon_pkg'
[0.159s] Level 1:colcon.colcon_core.package_identification:_identify(rosidl_core/rosidl_core_generators) by extensions ['colcon_meta']
[0.159s] Level 1:colcon.colcon_core.package_identification:_identify(rosidl_core/rosidl_core_generators) by extension 'colcon_meta'
[0.159s] Level 1:colcon.colcon_core.package_identification:_identify(rosidl_core/rosidl_core_generators) by extensions ['ament_cargo']
[0.159s] Level 1:colcon.colcon_core.package_identification:_identify(rosidl_core/rosidl_core_generators) by extension 'ament_cargo'
[0.159s] Level 1:colcon.colcon_core.package_identification:_identify(rosidl_core/rosidl_core_generators) by extensions ['ros']
[0.159s] Level 1:colcon.colcon_core.package_identification:_identify(rosidl_core/rosidl_core_generators) by extension 'ros'
[0.160s] DEBUG:colcon.colcon_core.package_identification:Package 'rosidl_core/rosidl_core_generators' with type 'ros.ament_cmake' and name 'rosidl_core_generators'
[0.160s] Level 1:colcon.colcon_core.package_identification:_identify(rosidl_core/rosidl_core_runtime) by extensions ['ignore', 'ignore_ament_install']
[0.160s] Level 1:colcon.colcon_core.package_identification:_identify(rosidl_core/rosidl_core_runtime) by extension 'ignore'
[0.160s] Level 1:colcon.colcon_core.package_identification:_identify(rosidl_core/rosidl_core_runtime) by extension 'ignore_ament_install'
[0.160s] Level 1:colcon.colcon_core.package_identification:_identify(rosidl_core/rosidl_core_runtime) by extensions ['cargo_workspace']
[0.160s] Level 1:colcon.colcon_core.package_identification:_identify(rosidl_core/rosidl_core_runtime) by extension 'cargo_workspace'
[0.160s] Level 1:colcon.colcon_core.package_identification:_identify(rosidl_core/rosidl_core_runtime) by extensions ['colcon_pkg']
[0.160s] Level 1:colcon.colcon_core.package_identification:_identify(rosidl_core/rosidl_core_runtime) by extension 'colcon_pkg'
[0.160s] Level 1:colcon.colcon_core.package_identification:_identify(rosidl_core/rosidl_core_runtime) by extensions ['colcon_meta']
[0.160s] Level 1:colcon.colcon_core.package_identification:_identify(rosidl_core/rosidl_core_runtime) by extension 'colcon_meta'
[0.160s] Level 1:colcon.colcon_core.package_identification:_identify(rosidl_core/rosidl_core_runtime) by extensions ['ament_cargo']
[0.160s] Level 1:colcon.colcon_core.package_identification:_identify(rosidl_core/rosidl_core_runtime) by extension 'ament_cargo'
[0.160s] Level 1:colcon.colcon_core.package_identification:_identify(rosidl_core/rosidl_core_runtime) by extensions ['ros']
[0.160s] Level 1:colcon.colcon_core.package_identification:_identify(rosidl_core/rosidl_core_runtime) by extension 'ros'
[0.161s] DEBUG:colcon.colcon_core.package_identification:Package 'rosidl_core/rosidl_core_runtime' with type 'ros.ament_cmake' and name 'rosidl_core_runtime'
[0.161s] Level 1:colcon.colcon_core.package_identification:_identify(rosidl_defaults) by extensions ['ignore', 'ignore_ament_install']
[0.161s] Level 1:colcon.colcon_core.package_identification:_identify(rosidl_defaults) by extension 'ignore'
[0.161s] Level 1:colcon.colcon_core.package_identification:_identify(rosidl_defaults) by extension 'ignore_ament_install'
[0.161s] Level 1:colcon.colcon_core.package_identification:_identify(rosidl_defaults) by extensions ['cargo_workspace']
[0.161s] Level 1:colcon.colcon_core.package_identification:_identify(rosidl_defaults) by extension 'cargo_workspace'
[0.161s] Level 1:colcon.colcon_core.package_identification:_identify(rosidl_defaults) by extensions ['colcon_pkg']
[0.161s] Level 1:colcon.colcon_core.package_identification:_identify(rosidl_defaults) by extension 'colcon_pkg'
[0.161s] Level 1:colcon.colcon_core.package_identification:_identify(rosidl_defaults) by extensions ['colcon_meta']
[0.161s] Level 1:colcon.colcon_core.package_identification:_identify(rosidl_defaults) by extension 'colcon_meta'
[0.161s] Level 1:colcon.colcon_core.package_identification:_identify(rosidl_defaults) by extensions ['ament_cargo']
[0.161s] Level 1:colcon.colcon_core.package_identification:_identify(rosidl_defaults) by extension 'ament_cargo'
[0.161s] Level 1:colcon.colcon_core.package_identification:_identify(rosidl_defaults) by extensions ['ros']
[0.161s] Level 1:colcon.colcon_core.package_identification:_identify(rosidl_defaults) by extension 'ros'
[0.161s] Level 1:colcon.colcon_core.package_identification:_identify(rosidl_defaults) by extensions ['cargo', 'cmake', 'python']
[0.161s] Level 1:colcon.colcon_core.package_identification:_identify(rosidl_defaults) by extension 'cargo'
[0.161s] Level 1:colcon.colcon_core.package_identification:_identify(rosidl_defaults) by extension 'cmake'
[0.161s] Level 1:colcon.colcon_core.package_identification:_identify(rosidl_defaults) by extension 'python'
[0.161s] Level 1:colcon.colcon_core.package_identification:_identify(rosidl_defaults) by extensions ['python_setup_py']
[0.161s] Level 1:colcon.colcon_core.package_identification:_identify(rosidl_defaults) by extension 'python_setup_py'
[0.161s] Level 1:colcon.colcon_core.package_identification:_identify(rosidl_defaults/rosidl_default_generators) by extensions ['ignore', 'ignore_ament_install']
[0.161s] Level 1:colcon.colcon_core.package_identification:_identify(rosidl_defaults/rosidl_default_generators) by extension 'ignore'
[0.162s] Level 1:colcon.colcon_core.package_identification:_identify(rosidl_defaults/rosidl_default_generators) by extension 'ignore_ament_install'
[0.162s] Level 1:colcon.colcon_core.package_identification:_identify(rosidl_defaults/rosidl_default_generators) by extensions ['cargo_workspace']
[0.162s] Level 1:colcon.colcon_core.package_identification:_identify(rosidl_defaults/rosidl_default_generators) by extension 'cargo_workspace'
[0.162s] Level 1:colcon.colcon_core.package_identification:_identify(rosidl_defaults/rosidl_default_generators) by extensions ['colcon_pkg']
[0.162s] Level 1:colcon.colcon_core.package_identification:_identify(rosidl_defaults/rosidl_default_generators) by extension 'colcon_pkg'
[0.162s] Level 1:colcon.colcon_core.package_identification:_identify(rosidl_defaults/rosidl_default_generators) by extensions ['colcon_meta']
[0.162s] Level 1:colcon.colcon_core.package_identification:_identify(rosidl_defaults/rosidl_default_generators) by extension 'colcon_meta'
[0.162s] Level 1:colcon.colcon_core.package_identification:_identify(rosidl_defaults/rosidl_default_generators) by extensions ['ament_cargo']
[0.162s] Level 1:colcon.colcon_core.package_identification:_identify(rosidl_defaults/rosidl_default_generators) by extension 'ament_cargo'
[0.162s] Level 1:colcon.colcon_core.package_identification:_identify(rosidl_defaults/rosidl_default_generators) by extensions ['ros']
[0.162s] Level 1:colcon.colcon_core.package_identification:_identify(rosidl_defaults/rosidl_default_generators) by extension 'ros'
[0.163s] DEBUG:colcon.colcon_core.package_identification:Package 'rosidl_defaults/rosidl_default_generators' with type 'ros.ament_cmake' and name 'rosidl_default_generators'
[0.163s] Level 1:colcon.colcon_core.package_identification:_identify(rosidl_defaults/rosidl_default_runtime) by extensions ['ignore', 'ignore_ament_install']
[0.163s] Level 1:colcon.colcon_core.package_identification:_identify(rosidl_defaults/rosidl_default_runtime) by extension 'ignore'
[0.163s] Level 1:colcon.colcon_core.package_identification:_identify(rosidl_defaults/rosidl_default_runtime) by extension 'ignore_ament_install'
[0.163s] Level 1:colcon.colcon_core.package_identification:_identify(rosidl_defaults/rosidl_default_runtime) by extensions ['cargo_workspace']
[0.163s] Level 1:colcon.colcon_core.package_identification:_identify(rosidl_defaults/rosidl_default_runtime) by extension 'cargo_workspace'
[0.163s] Level 1:colcon.colcon_core.package_identification:_identify(rosidl_defaults/rosidl_default_runtime) by extensions ['colcon_pkg']
[0.163s] Level 1:colcon.colcon_core.package_identification:_identify(rosidl_defaults/rosidl_default_runtime) by extension 'colcon_pkg'
[0.163s] Level 1:colcon.colcon_core.package_identification:_identify(rosidl_defaults/rosidl_default_runtime) by extensions ['colcon_meta']
[0.163s] Level 1:colcon.colcon_core.package_identification:_identify(rosidl_defaults/rosidl_default_runtime) by extension 'colcon_meta'
[0.163s] Level 1:colcon.colcon_core.package_identification:_identify(rosidl_defaults/rosidl_default_runtime) by extensions ['ament_cargo']
[0.163s] Level 1:colcon.colcon_core.package_identification:_identify(rosidl_defaults/rosidl_default_runtime) by extension 'ament_cargo'
[0.163s] Level 1:colcon.colcon_core.package_identification:_identify(rosidl_defaults/rosidl_default_runtime) by extensions ['ros']
[0.163s] Level 1:colcon.colcon_core.package_identification:_identify(rosidl_defaults/rosidl_default_runtime) by extension 'ros'
[0.164s] DEBUG:colcon.colcon_core.package_identification:Package 'rosidl_defaults/rosidl_default_runtime' with type 'ros.ament_cmake' and name 'rosidl_default_runtime'
[0.164s] Level 1:colcon.colcon_core.package_identification:_identify(rosidl_rust) by extensions ['ignore', 'ignore_ament_install']
[0.164s] Level 1:colcon.colcon_core.package_identification:_identify(rosidl_rust) by extension 'ignore'
[0.164s] Level 1:colcon.colcon_core.package_identification:_identify(rosidl_rust) by extension 'ignore_ament_install'
[0.164s] Level 1:colcon.colcon_core.package_identification:_identify(rosidl_rust) by extensions ['cargo_workspace']
[0.164s] Level 1:colcon.colcon_core.package_identification:_identify(rosidl_rust) by extension 'cargo_workspace'
[0.164s] Level 1:colcon.colcon_core.package_identification:_identify(rosidl_rust) by extensions ['colcon_pkg']
[0.164s] Level 1:colcon.colcon_core.package_identification:_identify(rosidl_rust) by extension 'colcon_pkg'
[0.164s] Level 1:colcon.colcon_core.package_identification:_identify(rosidl_rust) by extensions ['colcon_meta']
[0.164s] Level 1:colcon.colcon_core.package_identification:_identify(rosidl_rust) by extension 'colcon_meta'
[0.164s] Level 1:colcon.colcon_core.package_identification:_identify(rosidl_rust) by extensions ['ament_cargo']
[0.164s] Level 1:colcon.colcon_core.package_identification:_identify(rosidl_rust) by extension 'ament_cargo'
[0.164s] Level 1:colcon.colcon_core.package_identification:_identify(rosidl_rust) by extensions ['ros']
[0.164s] Level 1:colcon.colcon_core.package_identification:_identify(rosidl_rust) by extension 'ros'
[0.164s] Level 1:colcon.colcon_core.package_identification:_identify(rosidl_rust) by extensions ['cargo', 'cmake', 'python']
[0.164s] Level 1:colcon.colcon_core.package_identification:_identify(rosidl_rust) by extension 'cargo'
[0.164s] Level 1:colcon.colcon_core.package_identification:_identify(rosidl_rust) by extension 'cmake'
[0.164s] Level 1:colcon.colcon_core.package_identification:_identify(rosidl_rust) by extension 'python'
[0.164s] Level 1:colcon.colcon_core.package_identification:_identify(rosidl_rust) by extensions ['python_setup_py']
[0.164s] Level 1:colcon.colcon_core.package_identification:_identify(rosidl_rust) by extension 'python_setup_py'
[0.164s] Level 1:colcon.colcon_core.package_identification:_identify(rosidl_rust/rosidl_generator_rs) by extensions ['ignore', 'ignore_ament_install']
[0.164s] Level 1:colcon.colcon_core.package_identification:_identify(rosidl_rust/rosidl_generator_rs) by extension 'ignore'
[0.164s] Level 1:colcon.colcon_core.package_identification:_identify(rosidl_rust/rosidl_generator_rs) by extension 'ignore_ament_install'
[0.164s] Level 1:colcon.colcon_core.package_identification:_identify(rosidl_rust/rosidl_generator_rs) by extensions ['cargo_workspace']
[0.164s] Level 1:colcon.colcon_core.package_identification:_identify(rosidl_rust/rosidl_generator_rs) by extension 'cargo_workspace'
[0.164s] Level 1:colcon.colcon_core.package_identification:_identify(rosidl_rust/rosidl_generator_rs) by extensions ['colcon_pkg']
[0.164s] Level 1:colcon.colcon_core.package_identification:_identify(rosidl_rust/rosidl_generator_rs) by extension 'colcon_pkg'
[0.165s] Level 1:colcon.colcon_core.package_identification:_identify(rosidl_rust/rosidl_generator_rs) by extensions ['colcon_meta']
[0.165s] Level 1:colcon.colcon_core.package_identification:_identify(rosidl_rust/rosidl_generator_rs) by extension 'colcon_meta'
[0.165s] Level 1:colcon.colcon_core.package_identification:_identify(rosidl_rust/rosidl_generator_rs) by extensions ['ament_cargo']
[0.165s] Level 1:colcon.colcon_core.package_identification:_identify(rosidl_rust/rosidl_generator_rs) by extension 'ament_cargo'
[0.165s] Level 1:colcon.colcon_core.package_identification:_identify(rosidl_rust/rosidl_generator_rs) by extensions ['ros']
[0.165s] Level 1:colcon.colcon_core.package_identification:_identify(rosidl_rust/rosidl_generator_rs) by extension 'ros'
[0.168s] DEBUG:colcon.colcon_core.package_identification:Package 'rosidl_rust/rosidl_generator_rs' with type 'ros.ament_cmake' and name 'rosidl_generator_rs'
[0.168s] Level 1:colcon.colcon_core.package_identification:_identify(rust_pubsub) by extensions ['ignore', 'ignore_ament_install']
[0.168s] Level 1:colcon.colcon_core.package_identification:_identify(rust_pubsub) by extension 'ignore'
[0.168s] Level 1:colcon.colcon_core.package_identification:_identify(rust_pubsub) by extension 'ignore_ament_install'
[0.168s] Level 1:colcon.colcon_core.package_identification:_identify(rust_pubsub) by extensions ['cargo_workspace']
[0.168s] Level 1:colcon.colcon_core.package_identification:_identify(rust_pubsub) by extension 'cargo_workspace'
[0.168s] Level 1:colcon.colcon_core.package_identification:_identify(rust_pubsub) by extensions ['colcon_pkg']
[0.168s] Level 1:colcon.colcon_core.package_identification:_identify(rust_pubsub) by extension 'colcon_pkg'
[0.168s] Level 1:colcon.colcon_core.package_identification:_identify(rust_pubsub) by extensions ['colcon_meta']
[0.168s] Level 1:colcon.colcon_core.package_identification:_identify(rust_pubsub) by extension 'colcon_meta'
[0.168s] Level 1:colcon.colcon_core.package_identification:_identify(rust_pubsub) by extensions ['ament_cargo']
[0.168s] Level 1:colcon.colcon_core.package_identification:_identify(rust_pubsub) by extension 'ament_cargo'
[0.184s] DEBUG:colcon.colcon_core.package_identification:Package 'rust_pubsub' with type 'ament_cargo' and name 'rust_pubsub'
[0.184s] Level 1:colcon.colcon_core.package_identification:_identify(unique_identifier_msgs) by extensions ['ignore', 'ignore_ament_install']
[0.184s] Level 1:colcon.colcon_core.package_identification:_identify(unique_identifier_msgs) by extension 'ignore'
[0.184s] Level 1:colcon.colcon_core.package_identification:_identify(unique_identifier_msgs) by extension 'ignore_ament_install'
[0.184s] Level 1:colcon.colcon_core.package_identification:_identify(unique_identifier_msgs) by extensions ['cargo_workspace']
[0.184s] Level 1:colcon.colcon_core.package_identification:_identify(unique_identifier_msgs) by extension 'cargo_workspace'
[0.184s] Level 1:colcon.colcon_core.package_identification:_identify(unique_identifier_msgs) by extensions ['colcon_pkg']
[0.184s] Level 1:colcon.colcon_core.package_identification:_identify(unique_identifier_msgs) by extension 'colcon_pkg'
[0.185s] Level 1:colcon.colcon_core.package_identification:_identify(unique_identifier_msgs) by extensions ['colcon_meta']
[0.185s] Level 1:colcon.colcon_core.package_identification:_identify(unique_identifier_msgs) by extension 'colcon_meta'
[0.185s] Level 1:colcon.colcon_core.package_identification:_identify(unique_identifier_msgs) by extensions ['ament_cargo']
[0.185s] Level 1:colcon.colcon_core.package_identification:_identify(unique_identifier_msgs) by extension 'ament_cargo'
[0.185s] Level 1:colcon.colcon_core.package_identification:_identify(unique_identifier_msgs) by extensions ['ros']
[0.185s] Level 1:colcon.colcon_core.package_identification:_identify(unique_identifier_msgs) by extension 'ros'
[0.185s] DEBUG:colcon.colcon_core.package_identification:Package 'unique_identifier_msgs' with type 'ros.ament_cmake' and name 'unique_identifier_msgs'
[0.185s] Level 1:colcon.colcon_core.package_discovery:discover_packages(recursive) using defaults
[0.185s] Level 1:colcon.colcon_core.package_discovery:discover_packages(ignore) discover
[0.185s] Level 1:colcon.colcon_core.package_discovery:discover_packages(ignore) using defaults
[0.185s] Level 1:colcon.colcon_core.package_discovery:discover_packages(path) discover
[0.185s] Level 1:colcon.colcon_core.package_discovery:discover_packages(path) using defaults
[0.185s] Level 1:colcon.colcon_core.package_discovery:discover_packages(cargo_workspace) discover
[0.185s] Level 1:colcon.colcon_core.package_discovery:discover_packages(cargo_workspace) using defaults
[0.208s] INFO:colcon.colcon_core.package_selection:Skipping package 'common_interfaces' in 'common_interfaces/common_interfaces'
[0.208s] INFO:colcon.colcon_core.package_selection:Skipping package 'visualization_msgs' in 'common_interfaces/visualization_msgs'
[0.208s] INFO:colcon.colcon_core.package_selection:Skipping package 'stereo_msgs' in 'common_interfaces/stereo_msgs'
[0.208s] INFO:colcon.colcon_core.package_selection:Skipping package 'sensor_msgs_py' in 'common_interfaces/sensor_msgs_py'
[0.208s] INFO:colcon.colcon_core.package_selection:Skipping package 'trajectory_msgs' in 'common_interfaces/trajectory_msgs'
[0.208s] INFO:colcon.colcon_core.package_selection:Skipping package 'shape_msgs' in 'common_interfaces/shape_msgs'
[0.208s] INFO:colcon.colcon_core.package_selection:Skipping package 'sensor_msgs' in 'common_interfaces/sensor_msgs'
[0.208s] INFO:colcon.colcon_core.package_selection:Skipping package 'nav_msgs' in 'common_interfaces/nav_msgs'
[0.208s] INFO:colcon.colcon_core.package_selection:Skipping package 'diagnostic_msgs' in 'common_interfaces/diagnostic_msgs'
[0.208s] INFO:colcon.colcon_core.package_selection:Skipping package 'rosgraph_msgs' in 'rcl_interfaces/rosgraph_msgs'
[0.208s] INFO:colcon.colcon_core.package_selection:Skipping package 'geometry_msgs' in 'common_interfaces/geometry_msgs'
[0.208s] INFO:colcon.colcon_core.package_selection:Skipping package 'composition_interfaces' in 'rcl_interfaces/composition_interfaces'
[0.208s] INFO:colcon.colcon_core.package_selection:Skipping package 'actionlib_msgs' in 'common_interfaces/actionlib_msgs'
[0.208s] INFO:colcon.colcon_core.package_selection:Skipping package 'test_msgs' in 'rcl_interfaces/test_msgs'
[0.208s] INFO:colcon.colcon_core.package_selection:Skipping package 'std_srvs' in 'common_interfaces/std_srvs'
[0.208s] INFO:colcon.colcon_core.package_selection:Skipping package 'statistics_msgs' in 'rcl_interfaces/statistics_msgs'
[0.208s] INFO:colcon.colcon_core.package_selection:Skipping package 'rcl_interfaces' in 'rcl_interfaces/rcl_interfaces'
[0.208s] INFO:colcon.colcon_core.package_selection:Skipping package 'lifecycle_msgs' in 'rcl_interfaces/lifecycle_msgs'
[0.208s] INFO:colcon.colcon_core.package_selection:Skipping package 'type_description_interfaces' in 'rcl_interfaces/type_description_interfaces'
[0.208s] Level 1:colcon.colcon_core.package_discovery:discover_packages(prefix_path) check parameters
[0.208s] Level 1:colcon.colcon_core.package_discovery:discover_packages(prefix_path) discover
[0.211s] DEBUG:colcon.colcon_installed_package_information.package_discovery:Found 289 installed packages in /opt/ros/jazzy
[0.211s] Level 1:colcon.colcon_core.package_discovery:discover_packages(prefix_path) using defaults
[0.256s] WARNING:colcon.colcon_core.package_selection:Some selected packages are already built in one or more underlay workspaces:
	'service_msgs' is in: /opt/ros/jazzy
	'rosidl_default_generators' is in: /opt/ros/jazzy
	'std_msgs' is in: /opt/ros/jazzy
	'rosidl_default_runtime' is in: /opt/ros/jazzy
	'rosidl_core_runtime' is in: /opt/ros/jazzy
	'builtin_interfaces' is in: /opt/ros/jazzy
	'unique_identifier_msgs' is in: /opt/ros/jazzy
	'action_msgs' is in: /opt/ros/jazzy
If a package in a merged underlay workspace is overridden and it installs headers, then all packages in the overlay must sort their include directories by workspace order. Failure to do so may result in build failures or undefined behavior at run time.
If the overridden package is used by another package in any underlay, then the overriding package in the overlay must be API and ABI compatible or undefined behavior at run time may occur.

If you understand the risks and want to override a package anyways, add the following to the command line:
	--allow-overriding action_msgs builtin_interfaces rosidl_core_runtime rosidl_default_generators rosidl_default_runtime service_msgs std_msgs unique_identifier_msgs

This may be promoted to an error in a future release of colcon-override-check.
[0.257s] Level 5:colcon.colcon_core.verb:set package 'rosidl_generator_rs' build argument 'lookup_in_workspace' from command line to 'False'
[0.257s] Level 5:colcon.colcon_core.verb:set package 'rosidl_generator_rs' build argument 'cargo_args' from command line to 'None'
[0.257s] Level 5:colcon.colcon_core.verb:set package 'rosidl_generator_rs' build argument 'clean_build' from command line to 'False'
[0.257s] Level 5:colcon.colcon_core.verb:set package 'rosidl_generator_rs' build argument 'cmake_args' from command line to 'None'
[0.257s] Level 5:colcon.colcon_core.verb:set package 'rosidl_generator_rs' build argument 'cmake_target' from command line to 'None'
[0.257s] Level 5:colcon.colcon_core.verb:set package 'rosidl_generator_rs' build argument 'cmake_target_skip_unavailable' from command line to 'False'
[0.257s] Level 5:colcon.colcon_core.verb:set package 'rosidl_generator_rs' build argument 'cmake_clean_cache' from command line to 'False'
[0.257s] Level 5:colcon.colcon_core.verb:set package 'rosidl_generator_rs' build argument 'cmake_clean_first' from command line to 'False'
[0.257s] Level 5:colcon.colcon_core.verb:set package 'rosidl_generator_rs' build argument 'cmake_force_configure' from command line to 'False'
[0.257s] Level 5:colcon.colcon_core.verb:set package 'rosidl_generator_rs' build argument 'ament_cmake_args' from command line to 'None'
[0.257s] Level 5:colcon.colcon_core.verb:set package 'rosidl_generator_rs' build argument 'catkin_cmake_args' from command line to 'None'
[0.257s] Level 5:colcon.colcon_core.verb:set package 'rosidl_generator_rs' build argument 'catkin_skip_building_tests' from command line to 'False'
[0.257s] DEBUG:colcon.colcon_core.verb:Building package 'rosidl_generator_rs' with the following arguments: {'ament_cmake_args': None, 'build_base': '/home/rsanz/git/learning/ros2/tutorials/RustROS2/src/build/rosidl_generator_rs', 'cargo_args': None, 'catkin_cmake_args': None, 'catkin_skip_building_tests': False, 'clean_build': False, 'cmake_args': None, 'cmake_clean_cache': False, 'cmake_clean_first': False, 'cmake_force_configure': False, 'cmake_target': None, 'cmake_target_skip_unavailable': False, 'install_base': '/home/rsanz/git/learning/ros2/tutorials/RustROS2/src/install/rosidl_generator_rs', 'lookup_in_workspace': False, 'merge_install': False, 'path': '/home/rsanz/git/learning/ros2/tutorials/RustROS2/src/rosidl_rust/rosidl_generator_rs', 'symlink_install': False, 'test_result_base': None}
[0.257s] Level 5:colcon.colcon_core.verb:set package 'rosidl_core_generators' build argument 'lookup_in_workspace' from command line to 'False'
[0.257s] Level 5:colcon.colcon_core.verb:set package 'rosidl_core_generators' build argument 'cargo_args' from command line to 'None'
[0.257s] Level 5:colcon.colcon_core.verb:set package 'rosidl_core_generators' build argument 'clean_build' from command line to 'False'
[0.257s] Level 5:colcon.colcon_core.verb:set package 'rosidl_core_generators' build argument 'cmake_args' from command line to 'None'
[0.257s] Level 5:colcon.colcon_core.verb:set package 'rosidl_core_generators' build argument 'cmake_target' from command line to 'None'
[0.257s] Level 5:colcon.colcon_core.verb:set package 'rosidl_core_generators' build argument 'cmake_target_skip_unavailable' from command line to 'False'
[0.257s] Level 5:colcon.colcon_core.verb:set package 'rosidl_core_generators' build argument 'cmake_clean_cache' from command line to 'False'
[0.257s] Level 5:colcon.colcon_core.verb:set package 'rosidl_core_generators' build argument 'cmake_clean_first' from command line to 'False'
[0.257s] Level 5:colcon.colcon_core.verb:set package 'rosidl_core_generators' build argument 'cmake_force_configure' from command line to 'False'
[0.257s] Level 5:colcon.colcon_core.verb:set package 'rosidl_core_generators' build argument 'ament_cmake_args' from command line to 'None'
[0.257s] Level 5:colcon.colcon_core.verb:set package 'rosidl_core_generators' build argument 'catkin_cmake_args' from command line to 'None'
[0.257s] Level 5:colcon.colcon_core.verb:set package 'rosidl_core_generators' build argument 'catkin_skip_building_tests' from command line to 'False'
[0.257s] DEBUG:colcon.colcon_core.verb:Building package 'rosidl_core_generators' with the following arguments: {'ament_cmake_args': None, 'build_base': '/home/rsanz/git/learning/ros2/tutorials/RustROS2/src/build/rosidl_core_generators', 'cargo_args': None, 'catkin_cmake_args': None, 'catkin_skip_building_tests': False, 'clean_build': False, 'cmake_args': None, 'cmake_clean_cache': False, 'cmake_clean_first': False, 'cmake_force_configure': False, 'cmake_target': None, 'cmake_target_skip_unavailable': False, 'install_base': '/home/rsanz/git/learning/ros2/tutorials/RustROS2/src/install/rosidl_core_generators', 'lookup_in_workspace': False, 'merge_install': False, 'path': '/home/rsanz/git/learning/ros2/tutorials/RustROS2/src/rosidl_core/rosidl_core_generators', 'symlink_install': False, 'test_result_base': None}
[0.258s] Level 5:colcon.colcon_core.verb:set package 'rosidl_core_runtime' build argument 'lookup_in_workspace' from command line to 'False'
[0.258s] Level 5:colcon.colcon_core.verb:set package 'rosidl_core_runtime' build argument 'cargo_args' from command line to 'None'
[0.258s] Level 5:colcon.colcon_core.verb:set package 'rosidl_core_runtime' build argument 'clean_build' from command line to 'False'
[0.258s] Level 5:colcon.colcon_core.verb:set package 'rosidl_core_runtime' build argument 'cmake_args' from command line to 'None'
[0.258s] Level 5:colcon.colcon_core.verb:set package 'rosidl_core_runtime' build argument 'cmake_target' from command line to 'None'
[0.258s] Level 5:colcon.colcon_core.verb:set package 'rosidl_core_runtime' build argument 'cmake_target_skip_unavailable' from command line to 'False'
[0.258s] Level 5:colcon.colcon_core.verb:set package 'rosidl_core_runtime' build argument 'cmake_clean_cache' from command line to 'False'
[0.258s] Level 5:colcon.colcon_core.verb:set package 'rosidl_core_runtime' build argument 'cmake_clean_first' from command line to 'False'
[0.258s] Level 5:colcon.colcon_core.verb:set package 'rosidl_core_runtime' build argument 'cmake_force_configure' from command line to 'False'
[0.258s] Level 5:colcon.colcon_core.verb:set package 'rosidl_core_runtime' build argument 'ament_cmake_args' from command line to 'None'
[0.258s] Level 5:colcon.colcon_core.verb:set package 'rosidl_core_runtime' build argument 'catkin_cmake_args' from command line to 'None'
[0.258s] Level 5:colcon.colcon_core.verb:set package 'rosidl_core_runtime' build argument 'catkin_skip_building_tests' from command line to 'False'
[0.258s] DEBUG:colcon.colcon_core.verb:Building package 'rosidl_core_runtime' with the following arguments: {'ament_cmake_args': None, 'build_base': '/home/rsanz/git/learning/ros2/tutorials/RustROS2/src/build/rosidl_core_runtime', 'cargo_args': None, 'catkin_cmake_args': None, 'catkin_skip_building_tests': False, 'clean_build': False, 'cmake_args': None, 'cmake_clean_cache': False, 'cmake_clean_first': False, 'cmake_force_configure': False, 'cmake_target': None, 'cmake_target_skip_unavailable': False, 'install_base': '/home/rsanz/git/learning/ros2/tutorials/RustROS2/src/install/rosidl_core_runtime', 'lookup_in_workspace': False, 'merge_install': False, 'path': '/home/rsanz/git/learning/ros2/tutorials/RustROS2/src/rosidl_core/rosidl_core_runtime', 'symlink_install': False, 'test_result_base': None}
[0.258s] Level 5:colcon.colcon_core.verb:set package 'builtin_interfaces' build argument 'lookup_in_workspace' from command line to 'False'
[0.258s] Level 5:colcon.colcon_core.verb:set package 'builtin_interfaces' build argument 'cargo_args' from command line to 'None'
[0.258s] Level 5:colcon.colcon_core.verb:set package 'builtin_interfaces' build argument 'clean_build' from command line to 'False'
[0.258s] Level 5:colcon.colcon_core.verb:set package 'builtin_interfaces' build argument 'cmake_args' from command line to 'None'
[0.258s] Level 5:colcon.colcon_core.verb:set package 'builtin_interfaces' build argument 'cmake_target' from command line to 'None'
[0.258s] Level 5:colcon.colcon_core.verb:set package 'builtin_interfaces' build argument 'cmake_target_skip_unavailable' from command line to 'False'
[0.258s] Level 5:colcon.colcon_core.verb:set package 'builtin_interfaces' build argument 'cmake_clean_cache' from command line to 'False'
[0.258s] Level 5:colcon.colcon_core.verb:set package 'builtin_interfaces' build argument 'cmake_clean_first' from command line to 'False'
[0.258s] Level 5:colcon.colcon_core.verb:set package 'builtin_interfaces' build argument 'cmake_force_configure' from command line to 'False'
[0.258s] Level 5:colcon.colcon_core.verb:set package 'builtin_interfaces' build argument 'ament_cmake_args' from command line to 'None'
[0.258s] Level 5:colcon.colcon_core.verb:set package 'builtin_interfaces' build argument 'catkin_cmake_args' from command line to 'None'
[0.258s] Level 5:colcon.colcon_core.verb:set package 'builtin_interfaces' build argument 'catkin_skip_building_tests' from command line to 'False'
[0.258s] DEBUG:colcon.colcon_core.verb:Building package 'builtin_interfaces' with the following arguments: {'ament_cmake_args': None, 'build_base': '/home/rsanz/git/learning/ros2/tutorials/RustROS2/src/build/builtin_interfaces', 'cargo_args': None, 'catkin_cmake_args': None, 'catkin_skip_building_tests': False, 'clean_build': False, 'cmake_args': None, 'cmake_clean_cache': False, 'cmake_clean_first': False, 'cmake_force_configure': False, 'cmake_target': None, 'cmake_target_skip_unavailable': False, 'install_base': '/home/rsanz/git/learning/ros2/tutorials/RustROS2/src/install/builtin_interfaces', 'lookup_in_workspace': False, 'merge_install': False, 'path': '/home/rsanz/git/learning/ros2/tutorials/RustROS2/src/rcl_interfaces/builtin_interfaces', 'symlink_install': False, 'test_result_base': None}
[0.258s] Level 5:colcon.colcon_core.verb:set package 'unique_identifier_msgs' build argument 'lookup_in_workspace' from command line to 'False'
[0.258s] Level 5:colcon.colcon_core.verb:set package 'unique_identifier_msgs' build argument 'cargo_args' from command line to 'None'
[0.258s] Level 5:colcon.colcon_core.verb:set package 'unique_identifier_msgs' build argument 'clean_build' from command line to 'False'
[0.258s] Level 5:colcon.colcon_core.verb:set package 'unique_identifier_msgs' build argument 'cmake_args' from command line to 'None'
[0.258s] Level 5:colcon.colcon_core.verb:set package 'unique_identifier_msgs' build argument 'cmake_target' from command line to 'None'
[0.258s] Level 5:colcon.colcon_core.verb:set package 'unique_identifier_msgs' build argument 'cmake_target_skip_unavailable' from command line to 'False'
[0.258s] Level 5:colcon.colcon_core.verb:set package 'unique_identifier_msgs' build argument 'cmake_clean_cache' from command line to 'False'
[0.258s] Level 5:colcon.colcon_core.verb:set package 'unique_identifier_msgs' build argument 'cmake_clean_first' from command line to 'False'
[0.258s] Level 5:colcon.colcon_core.verb:set package 'unique_identifier_msgs' build argument 'cmake_force_configure' from command line to 'False'
[0.258s] Level 5:colcon.colcon_core.verb:set package 'unique_identifier_msgs' build argument 'ament_cmake_args' from command line to 'None'
[0.258s] Level 5:colcon.colcon_core.verb:set package 'unique_identifier_msgs' build argument 'catkin_cmake_args' from command line to 'None'
[0.258s] Level 5:colcon.colcon_core.verb:set package 'unique_identifier_msgs' build argument 'catkin_skip_building_tests' from command line to 'False'
[0.258s] DEBUG:colcon.colcon_core.verb:Building package 'unique_identifier_msgs' with the following arguments: {'ament_cmake_args': None, 'build_base': '/home/rsanz/git/learning/ros2/tutorials/RustROS2/src/build/unique_identifier_msgs', 'cargo_args': None, 'catkin_cmake_args': None, 'catkin_skip_building_tests': False, 'clean_build': False, 'cmake_args': None, 'cmake_clean_cache': False, 'cmake_clean_first': False, 'cmake_force_configure': False, 'cmake_target': None, 'cmake_target_skip_unavailable': False, 'install_base': '/home/rsanz/git/learning/ros2/tutorials/RustROS2/src/install/unique_identifier_msgs', 'lookup_in_workspace': False, 'merge_install': False, 'path': '/home/rsanz/git/learning/ros2/tutorials/RustROS2/src/unique_identifier_msgs', 'symlink_install': False, 'test_result_base': None}
[0.259s] Level 5:colcon.colcon_core.verb:set package 'service_msgs' build argument 'lookup_in_workspace' from command line to 'False'
[0.259s] Level 5:colcon.colcon_core.verb:set package 'service_msgs' build argument 'cargo_args' from command line to 'None'
[0.259s] Level 5:colcon.colcon_core.verb:set package 'service_msgs' build argument 'clean_build' from command line to 'False'
[0.259s] Level 5:colcon.colcon_core.verb:set package 'service_msgs' build argument 'cmake_args' from command line to 'None'
[0.259s] Level 5:colcon.colcon_core.verb:set package 'service_msgs' build argument 'cmake_target' from command line to 'None'
[0.259s] Level 5:colcon.colcon_core.verb:set package 'service_msgs' build argument 'cmake_target_skip_unavailable' from command line to 'False'
[0.259s] Level 5:colcon.colcon_core.verb:set package 'service_msgs' build argument 'cmake_clean_cache' from command line to 'False'
[0.259s] Level 5:colcon.colcon_core.verb:set package 'service_msgs' build argument 'cmake_clean_first' from command line to 'False'
[0.259s] Level 5:colcon.colcon_core.verb:set package 'service_msgs' build argument 'cmake_force_configure' from command line to 'False'
[0.259s] Level 5:colcon.colcon_core.verb:set package 'service_msgs' build argument 'ament_cmake_args' from command line to 'None'
[0.259s] Level 5:colcon.colcon_core.verb:set package 'service_msgs' build argument 'catkin_cmake_args' from command line to 'None'
[0.259s] Level 5:colcon.colcon_core.verb:set package 'service_msgs' build argument 'catkin_skip_building_tests' from command line to 'False'
[0.259s] DEBUG:colcon.colcon_core.verb:Building package 'service_msgs' with the following arguments: {'ament_cmake_args': None, 'build_base': '/home/rsanz/git/learning/ros2/tutorials/RustROS2/src/build/service_msgs', 'cargo_args': None, 'catkin_cmake_args': None, 'catkin_skip_building_tests': False, 'clean_build': False, 'cmake_args': None, 'cmake_clean_cache': False, 'cmake_clean_first': False, 'cmake_force_configure': False, 'cmake_target': None, 'cmake_target_skip_unavailable': False, 'install_base': '/home/rsanz/git/learning/ros2/tutorials/RustROS2/src/install/service_msgs', 'lookup_in_workspace': False, 'merge_install': False, 'path': '/home/rsanz/git/learning/ros2/tutorials/RustROS2/src/rcl_interfaces/service_msgs', 'symlink_install': False, 'test_result_base': None}
[0.259s] Level 5:colcon.colcon_core.verb:set package 'action_msgs' build argument 'lookup_in_workspace' from command line to 'False'
[0.259s] Level 5:colcon.colcon_core.verb:set package 'action_msgs' build argument 'cargo_args' from command line to 'None'
[0.259s] Level 5:colcon.colcon_core.verb:set package 'action_msgs' build argument 'clean_build' from command line to 'False'
[0.259s] Level 5:colcon.colcon_core.verb:set package 'action_msgs' build argument 'cmake_args' from command line to 'None'
[0.259s] Level 5:colcon.colcon_core.verb:set package 'action_msgs' build argument 'cmake_target' from command line to 'None'
[0.259s] Level 5:colcon.colcon_core.verb:set package 'action_msgs' build argument 'cmake_target_skip_unavailable' from command line to 'False'
[0.259s] Level 5:colcon.colcon_core.verb:set package 'action_msgs' build argument 'cmake_clean_cache' from command line to 'False'
[0.259s] Level 5:colcon.colcon_core.verb:set package 'action_msgs' build argument 'cmake_clean_first' from command line to 'False'
[0.259s] Level 5:colcon.colcon_core.verb:set package 'action_msgs' build argument 'cmake_force_configure' from command line to 'False'
[0.259s] Level 5:colcon.colcon_core.verb:set package 'action_msgs' build argument 'ament_cmake_args' from command line to 'None'
[0.259s] Level 5:colcon.colcon_core.verb:set package 'action_msgs' build argument 'catkin_cmake_args' from command line to 'None'
[0.259s] Level 5:colcon.colcon_core.verb:set package 'action_msgs' build argument 'catkin_skip_building_tests' from command line to 'False'
[0.259s] DEBUG:colcon.colcon_core.verb:Building package 'action_msgs' with the following arguments: {'ament_cmake_args': None, 'build_base': '/home/rsanz/git/learning/ros2/tutorials/RustROS2/src/build/action_msgs', 'cargo_args': None, 'catkin_cmake_args': None, 'catkin_skip_building_tests': False, 'clean_build': False, 'cmake_args': None, 'cmake_clean_cache': False, 'cmake_clean_first': False, 'cmake_force_configure': False, 'cmake_target': None, 'cmake_target_skip_unavailable': False, 'install_base': '/home/rsanz/git/learning/ros2/tutorials/RustROS2/src/install/action_msgs', 'lookup_in_workspace': False, 'merge_install': False, 'path': '/home/rsanz/git/learning/ros2/tutorials/RustROS2/src/rcl_interfaces/action_msgs', 'symlink_install': False, 'test_result_base': None}
[0.259s] Level 5:colcon.colcon_core.verb:set package 'rosidl_default_generators' build argument 'lookup_in_workspace' from command line to 'False'
[0.259s] Level 5:colcon.colcon_core.verb:set package 'rosidl_default_generators' build argument 'cargo_args' from command line to 'None'
[0.259s] Level 5:colcon.colcon_core.verb:set package 'rosidl_default_generators' build argument 'clean_build' from command line to 'False'
[0.259s] Level 5:colcon.colcon_core.verb:set package 'rosidl_default_generators' build argument 'cmake_args' from command line to 'None'
[0.259s] Level 5:colcon.colcon_core.verb:set package 'rosidl_default_generators' build argument 'cmake_target' from command line to 'None'
[0.259s] Level 5:colcon.colcon_core.verb:set package 'rosidl_default_generators' build argument 'cmake_target_skip_unavailable' from command line to 'False'
[0.260s] Level 5:colcon.colcon_core.verb:set package 'rosidl_default_generators' build argument 'cmake_clean_cache' from command line to 'False'
[0.260s] Level 5:colcon.colcon_core.verb:set package 'rosidl_default_generators' build argument 'cmake_clean_first' from command line to 'False'
[0.260s] Level 5:colcon.colcon_core.verb:set package 'rosidl_default_generators' build argument 'cmake_force_configure' from command line to 'False'
[0.260s] Level 5:colcon.colcon_core.verb:set package 'rosidl_default_generators' build argument 'ament_cmake_args' from command line to 'None'
[0.260s] Level 5:colcon.colcon_core.verb:set package 'rosidl_default_generators' build argument 'catkin_cmake_args' from command line to 'None'
[0.260s] Level 5:colcon.colcon_core.verb:set package 'rosidl_default_generators' build argument 'catkin_skip_building_tests' from command line to 'False'
[0.260s] DEBUG:colcon.colcon_core.verb:Building package 'rosidl_default_generators' with the following arguments: {'ament_cmake_args': None, 'build_base': '/home/rsanz/git/learning/ros2/tutorials/RustROS2/src/build/rosidl_default_generators', 'cargo_args': None, 'catkin_cmake_args': None, 'catkin_skip_building_tests': False, 'clean_build': False, 'cmake_args': None, 'cmake_clean_cache': False, 'cmake_clean_first': False, 'cmake_force_configure': False, 'cmake_target': None, 'cmake_target_skip_unavailable': False, 'install_base': '/home/rsanz/git/learning/ros2/tutorials/RustROS2/src/install/rosidl_default_generators', 'lookup_in_workspace': False, 'merge_install': False, 'path': '/home/rsanz/git/learning/ros2/tutorials/RustROS2/src/rosidl_defaults/rosidl_default_generators', 'symlink_install': False, 'test_result_base': None}
[0.260s] Level 5:colcon.colcon_core.verb:set package 'rosidl_default_runtime' build argument 'lookup_in_workspace' from command line to 'False'
[0.260s] Level 5:colcon.colcon_core.verb:set package 'rosidl_default_runtime' build argument 'cargo_args' from command line to 'None'
[0.260s] Level 5:colcon.colcon_core.verb:set package 'rosidl_default_runtime' build argument 'clean_build' from command line to 'False'
[0.260s] Level 5:colcon.colcon_core.verb:set package 'rosidl_default_runtime' build argument 'cmake_args' from command line to 'None'
[0.260s] Level 5:colcon.colcon_core.verb:set package 'rosidl_default_runtime' build argument 'cmake_target' from command line to 'None'
[0.260s] Level 5:colcon.colcon_core.verb:set package 'rosidl_default_runtime' build argument 'cmake_target_skip_unavailable' from command line to 'False'
[0.260s] Level 5:colcon.colcon_core.verb:set package 'rosidl_default_runtime' build argument 'cmake_clean_cache' from command line to 'False'
[0.260s] Level 5:colcon.colcon_core.verb:set package 'rosidl_default_runtime' build argument 'cmake_clean_first' from command line to 'False'
[0.260s] Level 5:colcon.colcon_core.verb:set package 'rosidl_default_runtime' build argument 'cmake_force_configure' from command line to 'False'
[0.260s] Level 5:colcon.colcon_core.verb:set package 'rosidl_default_runtime' build argument 'ament_cmake_args' from command line to 'None'
[0.260s] Level 5:colcon.colcon_core.verb:set package 'rosidl_default_runtime' build argument 'catkin_cmake_args' from command line to 'None'
[0.260s] Level 5:colcon.colcon_core.verb:set package 'rosidl_default_runtime' build argument 'catkin_skip_building_tests' from command line to 'False'
[0.260s] DEBUG:colcon.colcon_core.verb:Building package 'rosidl_default_runtime' with the following arguments: {'ament_cmake_args': None, 'build_base': '/home/rsanz/git/learning/ros2/tutorials/RustROS2/src/build/rosidl_default_runtime', 'cargo_args': None, 'catkin_cmake_args': None, 'catkin_skip_building_tests': False, 'clean_build': False, 'cmake_args': None, 'cmake_clean_cache': False, 'cmake_clean_first': False, 'cmake_force_configure': False, 'cmake_target': None, 'cmake_target_skip_unavailable': False, 'install_base': '/home/rsanz/git/learning/ros2/tutorials/RustROS2/src/install/rosidl_default_runtime', 'lookup_in_workspace': False, 'merge_install': False, 'path': '/home/rsanz/git/learning/ros2/tutorials/RustROS2/src/rosidl_defaults/rosidl_default_runtime', 'symlink_install': False, 'test_result_base': None}
[0.260s] Level 5:colcon.colcon_core.verb:set package 'std_msgs' build argument 'lookup_in_workspace' from command line to 'False'
[0.260s] Level 5:colcon.colcon_core.verb:set package 'std_msgs' build argument 'cargo_args' from command line to 'None'
[0.260s] Level 5:colcon.colcon_core.verb:set package 'std_msgs' build argument 'clean_build' from command line to 'False'
[0.260s] Level 5:colcon.colcon_core.verb:set package 'std_msgs' build argument 'cmake_args' from command line to 'None'
[0.260s] Level 5:colcon.colcon_core.verb:set package 'std_msgs' build argument 'cmake_target' from command line to 'None'
[0.260s] Level 5:colcon.colcon_core.verb:set package 'std_msgs' build argument 'cmake_target_skip_unavailable' from command line to 'False'
[0.260s] Level 5:colcon.colcon_core.verb:set package 'std_msgs' build argument 'cmake_clean_cache' from command line to 'False'
[0.261s] Level 5:colcon.colcon_core.verb:set package 'std_msgs' build argument 'cmake_clean_first' from command line to 'False'
[0.261s] Level 5:colcon.colcon_core.verb:set package 'std_msgs' build argument 'cmake_force_configure' from command line to 'False'
[0.261s] Level 5:colcon.colcon_core.verb:set package 'std_msgs' build argument 'ament_cmake_args' from command line to 'None'
[0.261s] Level 5:colcon.colcon_core.verb:set package 'std_msgs' build argument 'catkin_cmake_args' from command line to 'None'
[0.261s] Level 5:colcon.colcon_core.verb:set package 'std_msgs' build argument 'catkin_skip_building_tests' from command line to 'False'
[0.261s] DEBUG:colcon.colcon_core.verb:Building package 'std_msgs' with the following arguments: {'ament_cmake_args': None, 'build_base': '/home/rsanz/git/learning/ros2/tutorials/RustROS2/src/build/std_msgs', 'cargo_args': None, 'catkin_cmake_args': None, 'catkin_skip_building_tests': False, 'clean_build': False, 'cmake_args': None, 'cmake_clean_cache': False, 'cmake_clean_first': False, 'cmake_force_configure': False, 'cmake_target': None, 'cmake_target_skip_unavailable': False, 'install_base': '/home/rsanz/git/learning/ros2/tutorials/RustROS2/src/install/std_msgs', 'lookup_in_workspace': False, 'merge_install': False, 'path': '/home/rsanz/git/learning/ros2/tutorials/RustROS2/src/common_interfaces/std_msgs', 'symlink_install': False, 'test_result_base': None}
[0.261s] Level 5:colcon.colcon_core.verb:set package 'rust_pubsub' build argument 'lookup_in_workspace' from command line to 'False'
[0.261s] Level 5:colcon.colcon_core.verb:set package 'rust_pubsub' build argument 'cargo_args' from command line to 'None'
[0.261s] Level 5:colcon.colcon_core.verb:set package 'rust_pubsub' build argument 'clean_build' from command line to 'False'
[0.261s] Level 5:colcon.colcon_core.verb:set package 'rust_pubsub' build argument 'cmake_args' from command line to 'None'
[0.261s] Level 5:colcon.colcon_core.verb:set package 'rust_pubsub' build argument 'cmake_target' from command line to 'None'
[0.261s] Level 5:colcon.colcon_core.verb:set package 'rust_pubsub' build argument 'cmake_target_skip_unavailable' from command line to 'False'
[0.261s] Level 5:colcon.colcon_core.verb:set package 'rust_pubsub' build argument 'cmake_clean_cache' from command line to 'False'
[0.261s] Level 5:colcon.colcon_core.verb:set package 'rust_pubsub' build argument 'cmake_clean_first' from command line to 'False'
[0.261s] Level 5:colcon.colcon_core.verb:set package 'rust_pubsub' build argument 'cmake_force_configure' from command line to 'False'
[0.261s] Level 5:colcon.colcon_core.verb:set package 'rust_pubsub' build argument 'ament_cmake_args' from command line to 'None'
[0.261s] Level 5:colcon.colcon_core.verb:set package 'rust_pubsub' build argument 'catkin_cmake_args' from command line to 'None'
[0.261s] Level 5:colcon.colcon_core.verb:set package 'rust_pubsub' build argument 'catkin_skip_building_tests' from command line to 'False'
[0.261s] DEBUG:colcon.colcon_core.verb:Building package 'rust_pubsub' with the following arguments: {'ament_cmake_args': None, 'build_base': '/home/rsanz/git/learning/ros2/tutorials/RustROS2/src/build/rust_pubsub', 'cargo_args': None, 'catkin_cmake_args': None, 'catkin_skip_building_tests': False, 'clean_build': False, 'cmake_args': None, 'cmake_clean_cache': False, 'cmake_clean_first': False, 'cmake_force_configure': False, 'cmake_target': None, 'cmake_target_skip_unavailable': False, 'install_base': '/home/rsanz/git/learning/ros2/tutorials/RustROS2/src/install/rust_pubsub', 'lookup_in_workspace': False, 'merge_install': False, 'path': '/home/rsanz/git/learning/ros2/tutorials/RustROS2/src/rust_pubsub', 'symlink_install': False, 'test_result_base': None}
[0.261s] INFO:colcon.colcon_core.executor:Executing jobs using 'parallel' executor
[0.262s] DEBUG:colcon.colcon_parallel_executor.executor.parallel:run_until_complete
[0.262s] INFO:colcon.colcon_ros.task.ament_cmake.build:Building ROS package in '/home/rsanz/git/learning/ros2/tutorials/RustROS2/src/rosidl_rust/rosidl_generator_rs' with build type 'ament_cmake'
[0.262s] INFO:colcon.colcon_cmake.task.cmake.build:Building CMake package in '/home/rsanz/git/learning/ros2/tutorials/RustROS2/src/rosidl_rust/rosidl_generator_rs'
[0.265s] INFO:colcon.colcon_core.plugin_system:Skipping extension 'colcon_core.shell.bat': Not used on non-Windows systems
[0.265s] INFO:colcon.colcon_core.shell:Skip shell extension 'powershell' for command environment: Not usable outside of PowerShell
[0.265s] DEBUG:colcon.colcon_core.shell:Skip shell extension 'dsv' for command environment
[0.273s] DEBUG:colcon.colcon_core.event_handler.log_command:Invoking command in '/home/rsanz/git/learning/ros2/tutorials/RustROS2/src/build/rosidl_generator_rs': CMAKE_PREFIX_PATH=${CMAKE_PREFIX_PATH}:/opt/ros/jazzy DEBUGINFOD_URLS=https://debuginfod.ubuntu.com /usr/bin/cmake /home/rsanz/git/learning/ros2/tutorials/RustROS2/src/rosidl_rust/rosidl_generator_rs -DCMAKE_INSTALL_PREFIX=/home/rsanz/git/learning/ros2/tutorials/RustROS2/src/install/rosidl_generator_rs
[0.890s] DEBUG:colcon.colcon_core.event_handler.log_command:Invoked command in '/home/rsanz/git/learning/ros2/tutorials/RustROS2/src/build/rosidl_generator_rs' returned '0': CMAKE_PREFIX_PATH=${CMAKE_PREFIX_PATH}:/opt/ros/jazzy DEBUGINFOD_URLS=https://debuginfod.ubuntu.com /usr/bin/cmake /home/rsanz/git/learning/ros2/tutorials/RustROS2/src/rosidl_rust/rosidl_generator_rs -DCMAKE_INSTALL_PREFIX=/home/rsanz/git/learning/ros2/tutorials/RustROS2/src/install/rosidl_generator_rs
[0.891s] DEBUG:colcon.colcon_core.event_handler.log_command:Invoking command in '/home/rsanz/git/learning/ros2/tutorials/RustROS2/src/build/rosidl_generator_rs': CMAKE_PREFIX_PATH=${CMAKE_PREFIX_PATH}:/opt/ros/jazzy DEBUGINFOD_URLS=https://debuginfod.ubuntu.com /usr/bin/cmake --build /home/rsanz/git/learning/ros2/tutorials/RustROS2/src/build/rosidl_generator_rs -- -j24 -l24
[1.234s] DEBUG:colcon.colcon_core.event_handler.log_command:Invoked command in '/home/rsanz/git/learning/ros2/tutorials/RustROS2/src/build/rosidl_generator_rs' returned '0': CMAKE_PREFIX_PATH=${CMAKE_PREFIX_PATH}:/opt/ros/jazzy DEBUGINFOD_URLS=https://debuginfod.ubuntu.com /usr/bin/cmake --build /home/rsanz/git/learning/ros2/tutorials/RustROS2/src/build/rosidl_generator_rs -- -j24 -l24
[1.242s] DEBUG:colcon.colcon_core.event_handler.log_command:Invoking command in '/home/rsanz/git/learning/ros2/tutorials/RustROS2/src/build/rosidl_generator_rs': CMAKE_PREFIX_PATH=${CMAKE_PREFIX_PATH}:/opt/ros/jazzy DEBUGINFOD_URLS=https://debuginfod.ubuntu.com /usr/bin/cmake --install /home/rsanz/git/learning/ros2/tutorials/RustROS2/src/build/rosidl_generator_rs
[1.290s] Level 1:colcon.colcon_core.environment:create_environment_scripts_only(rosidl_generator_rs)
[1.290s] DEBUG:colcon.colcon_core.event_handler.log_command:Invoked command in '/home/rsanz/git/learning/ros2/tutorials/RustROS2/src/build/rosidl_generator_rs' returned '0': CMAKE_PREFIX_PATH=${CMAKE_PREFIX_PATH}:/opt/ros/jazzy DEBUGINFOD_URLS=https://debuginfod.ubuntu.com /usr/bin/cmake --install /home/rsanz/git/learning/ros2/tutorials/RustROS2/src/build/rosidl_generator_rs
[1.292s] Level 1:colcon.colcon_core.environment:checking '/home/rsanz/git/learning/ros2/tutorials/RustROS2/src/install/rosidl_generator_rs' for CMake module files
[1.292s] Level 1:colcon.colcon_core.environment:checking '/home/rsanz/git/learning/ros2/tutorials/RustROS2/src/install/rosidl_generator_rs' for CMake config files
[1.293s] Level 1:colcon.colcon_core.shell:create_environment_hook('rosidl_generator_rs', 'cmake_prefix_path')
[1.293s] INFO:colcon.colcon_core.shell:Creating environment hook '/home/rsanz/git/learning/ros2/tutorials/RustROS2/src/install/rosidl_generator_rs/share/rosidl_generator_rs/hook/cmake_prefix_path.ps1'
[1.293s] INFO:colcon.colcon_core.shell:Creating environment descriptor '/home/rsanz/git/learning/ros2/tutorials/RustROS2/src/install/rosidl_generator_rs/share/rosidl_generator_rs/hook/cmake_prefix_path.dsv'
[1.294s] INFO:colcon.colcon_core.shell:Creating environment hook '/home/rsanz/git/learning/ros2/tutorials/RustROS2/src/install/rosidl_generator_rs/share/rosidl_generator_rs/hook/cmake_prefix_path.sh'
[1.294s] Level 1:colcon.colcon_core.environment:checking '/home/rsanz/git/learning/ros2/tutorials/RustROS2/src/install/rosidl_generator_rs/lib'
[1.295s] Level 1:colcon.colcon_core.environment:checking '/home/rsanz/git/learning/ros2/tutorials/RustROS2/src/install/rosidl_generator_rs/bin'
[1.295s] Level 1:colcon.colcon_core.environment:checking '/home/rsanz/git/learning/ros2/tutorials/RustROS2/src/install/rosidl_generator_rs/lib/pkgconfig/rosidl_generator_rs.pc'
[1.295s] Level 1:colcon.colcon_core.environment:checking '/home/rsanz/git/learning/ros2/tutorials/RustROS2/src/install/rosidl_generator_rs/lib/python3.12/site-packages'
[1.295s] Level 1:colcon.colcon_core.shell:create_environment_hook('rosidl_generator_rs', 'pythonpath')
[1.295s] INFO:colcon.colcon_core.shell:Creating environment hook '/home/rsanz/git/learning/ros2/tutorials/RustROS2/src/install/rosidl_generator_rs/share/rosidl_generator_rs/hook/pythonpath.ps1'
[1.295s] INFO:colcon.colcon_core.shell:Creating environment descriptor '/home/rsanz/git/learning/ros2/tutorials/RustROS2/src/install/rosidl_generator_rs/share/rosidl_generator_rs/hook/pythonpath.dsv'
[1.295s] INFO:colcon.colcon_core.shell:Creating environment hook '/home/rsanz/git/learning/ros2/tutorials/RustROS2/src/install/rosidl_generator_rs/share/rosidl_generator_rs/hook/pythonpath.sh'
[1.296s] Level 1:colcon.colcon_core.environment:checking '/home/rsanz/git/learning/ros2/tutorials/RustROS2/src/install/rosidl_generator_rs/bin'
[1.296s] INFO:colcon.colcon_core.shell:Creating package script '/home/rsanz/git/learning/ros2/tutorials/RustROS2/src/install/rosidl_generator_rs/share/rosidl_generator_rs/package.ps1'
[1.297s] INFO:colcon.colcon_core.shell:Creating package descriptor '/home/rsanz/git/learning/ros2/tutorials/RustROS2/src/install/rosidl_generator_rs/share/rosidl_generator_rs/package.dsv'
[1.297s] INFO:colcon.colcon_core.shell:Creating package script '/home/rsanz/git/learning/ros2/tutorials/RustROS2/src/install/rosidl_generator_rs/share/rosidl_generator_rs/package.sh'
[1.298s] INFO:colcon.colcon_core.shell:Creating package script '/home/rsanz/git/learning/ros2/tutorials/RustROS2/src/install/rosidl_generator_rs/share/rosidl_generator_rs/package.bash'
[1.298s] INFO:colcon.colcon_core.shell:Creating package script '/home/rsanz/git/learning/ros2/tutorials/RustROS2/src/install/rosidl_generator_rs/share/rosidl_generator_rs/package.zsh'
[1.298s] Level 1:colcon.colcon_core.environment:create_file_with_runtime_dependencies(/home/rsanz/git/learning/ros2/tutorials/RustROS2/src/install/rosidl_generator_rs/share/colcon-core/packages/rosidl_generator_rs)
[1.299s] Level 1:colcon.colcon_core.environment:create_environment_scripts_only(rosidl_generator_rs)
[1.299s] Level 1:colcon.colcon_core.environment:checking '/home/rsanz/git/learning/ros2/tutorials/RustROS2/src/install/rosidl_generator_rs' for CMake module files
[1.299s] Level 1:colcon.colcon_core.environment:checking '/home/rsanz/git/learning/ros2/tutorials/RustROS2/src/install/rosidl_generator_rs' for CMake config files
[1.300s] Level 1:colcon.colcon_core.shell:create_environment_hook('rosidl_generator_rs', 'cmake_prefix_path')
[1.300s] INFO:colcon.colcon_core.shell:Creating environment hook '/home/rsanz/git/learning/ros2/tutorials/RustROS2/src/install/rosidl_generator_rs/share/rosidl_generator_rs/hook/cmake_prefix_path.ps1'
[1.300s] INFO:colcon.colcon_core.shell:Creating environment descriptor '/home/rsanz/git/learning/ros2/tutorials/RustROS2/src/install/rosidl_generator_rs/share/rosidl_generator_rs/hook/cmake_prefix_path.dsv'
[1.300s] INFO:colcon.colcon_core.shell:Creating environment hook '/home/rsanz/git/learning/ros2/tutorials/RustROS2/src/install/rosidl_generator_rs/share/rosidl_generator_rs/hook/cmake_prefix_path.sh'
[1.301s] Level 1:colcon.colcon_core.environment:checking '/home/rsanz/git/learning/ros2/tutorials/RustROS2/src/install/rosidl_generator_rs/lib'
[1.301s] Level 1:colcon.colcon_core.environment:checking '/home/rsanz/git/learning/ros2/tutorials/RustROS2/src/install/rosidl_generator_rs/bin'
[1.301s] Level 1:colcon.colcon_core.environment:checking '/home/rsanz/git/learning/ros2/tutorials/RustROS2/src/install/rosidl_generator_rs/lib/pkgconfig/rosidl_generator_rs.pc'
[1.301s] Level 1:colcon.colcon_core.environment:checking '/home/rsanz/git/learning/ros2/tutorials/RustROS2/src/install/rosidl_generator_rs/lib/python3.12/site-packages'
[1.301s] Level 1:colcon.colcon_core.shell:create_environment_hook('rosidl_generator_rs', 'pythonpath')
[1.301s] INFO:colcon.colcon_core.shell:Creating environment hook '/home/rsanz/git/learning/ros2/tutorials/RustROS2/src/install/rosidl_generator_rs/share/rosidl_generator_rs/hook/pythonpath.ps1'
[1.301s] INFO:colcon.colcon_core.shell:Creating environment descriptor '/home/rsanz/git/learning/ros2/tutorials/RustROS2/src/install/rosidl_generator_rs/share/rosidl_generator_rs/hook/pythonpath.dsv'
[1.302s] INFO:colcon.colcon_core.shell:Creating environment hook '/home/rsanz/git/learning/ros2/tutorials/RustROS2/src/install/rosidl_generator_rs/share/rosidl_generator_rs/hook/pythonpath.sh'
[1.302s] Level 1:colcon.colcon_core.environment:checking '/home/rsanz/git/learning/ros2/tutorials/RustROS2/src/install/rosidl_generator_rs/bin'
[1.302s] INFO:colcon.colcon_core.shell:Creating package script '/home/rsanz/git/learning/ros2/tutorials/RustROS2/src/install/rosidl_generator_rs/share/rosidl_generator_rs/package.ps1'
[1.303s] INFO:colcon.colcon_core.shell:Creating package descriptor '/home/rsanz/git/learning/ros2/tutorials/RustROS2/src/install/rosidl_generator_rs/share/rosidl_generator_rs/package.dsv'
[1.303s] INFO:colcon.colcon_core.shell:Creating package script '/home/rsanz/git/learning/ros2/tutorials/RustROS2/src/install/rosidl_generator_rs/share/rosidl_generator_rs/package.sh'
[1.303s] INFO:colcon.colcon_core.shell:Creating package script '/home/rsanz/git/learning/ros2/tutorials/RustROS2/src/install/rosidl_generator_rs/share/rosidl_generator_rs/package.bash'
[1.303s] INFO:colcon.colcon_core.shell:Creating package script '/home/rsanz/git/learning/ros2/tutorials/RustROS2/src/install/rosidl_generator_rs/share/rosidl_generator_rs/package.zsh'
[1.304s] Level 1:colcon.colcon_core.environment:create_file_with_runtime_dependencies(/home/rsanz/git/learning/ros2/tutorials/RustROS2/src/install/rosidl_generator_rs/share/colcon-core/packages/rosidl_generator_rs)
[1.304s] INFO:colcon.colcon_ros.task.ament_cmake.build:Building ROS package in '/home/rsanz/git/learning/ros2/tutorials/RustROS2/src/rosidl_core/rosidl_core_generators' with build type 'ament_cmake'
[1.304s] INFO:colcon.colcon_cmake.task.cmake.build:Building CMake package in '/home/rsanz/git/learning/ros2/tutorials/RustROS2/src/rosidl_core/rosidl_core_generators'
[1.304s] INFO:colcon.colcon_core.shell:Skip shell extension 'powershell' for command environment: Not usable outside of PowerShell
[1.304s] DEBUG:colcon.colcon_core.shell:Skip shell extension 'dsv' for command environment
[1.306s] INFO:colcon.colcon_ros.task.ament_cmake.build:Building ROS package in '/home/rsanz/git/learning/ros2/tutorials/RustROS2/src/rosidl_core/rosidl_core_runtime' with build type 'ament_cmake'
[1.306s] INFO:colcon.colcon_cmake.task.cmake.build:Building CMake package in '/home/rsanz/git/learning/ros2/tutorials/RustROS2/src/rosidl_core/rosidl_core_runtime'
[1.307s] INFO:colcon.colcon_core.shell:Skip shell extension 'powershell' for command environment: Not usable outside of PowerShell
[1.307s] DEBUG:colcon.colcon_core.shell:Skip shell extension 'dsv' for command environment
[1.311s] DEBUG:colcon.colcon_core.event_handler.log_command:Invoking command in '/home/rsanz/git/learning/ros2/tutorials/RustROS2/src/build/rosidl_core_generators': AMENT_PREFIX_PATH=/home/rsanz/git/learning/ros2/tutorials/RustROS2/src/install/rosidl_generator_rs:${AMENT_PREFIX_PATH} CMAKE_PREFIX_PATH=/home/rsanz/git/learning/ros2/tutorials/RustROS2/src/install/rosidl_generator_rs:/opt/ros/jazzy/opt/gz_math_vendor:/opt/ros/jazzy/opt/gz_utils_vendor:/opt/ros/jazzy/opt/gz_cmake_vendor:/opt/ros/jazzy DEBUGINFOD_URLS=https://debuginfod.ubuntu.com PYTHONPATH=/home/rsanz/git/learning/ros2/tutorials/RustROS2/src/install/rosidl_generator_rs/lib/python3.12/site-packages:${PYTHONPATH} /usr/bin/cmake /home/rsanz/git/learning/ros2/tutorials/RustROS2/src/rosidl_core/rosidl_core_generators -DCMAKE_INSTALL_PREFIX=/home/rsanz/git/learning/ros2/tutorials/RustROS2/src/install/rosidl_core_generators
[1.313s] DEBUG:colcon.colcon_core.event_handler.log_command:Invoking command in '/home/rsanz/git/learning/ros2/tutorials/RustROS2/src/build/rosidl_core_runtime': AMENT_PREFIX_PATH=/home/rsanz/git/learning/ros2/tutorials/RustROS2/src/install/rosidl_generator_rs:${AMENT_PREFIX_PATH} CMAKE_PREFIX_PATH=/home/rsanz/git/learning/ros2/tutorials/RustROS2/src/install/rosidl_generator_rs:/opt/ros/jazzy/opt/gz_math_vendor:/opt/ros/jazzy/opt/gz_utils_vendor:/opt/ros/jazzy/opt/gz_cmake_vendor:/opt/ros/jazzy DEBUGINFOD_URLS=https://debuginfod.ubuntu.com PYTHONPATH=/home/rsanz/git/learning/ros2/tutorials/RustROS2/src/install/rosidl_generator_rs/lib/python3.12/site-packages:${PYTHONPATH} /usr/bin/cmake /home/rsanz/git/learning/ros2/tutorials/RustROS2/src/rosidl_core/rosidl_core_runtime -DCMAKE_INSTALL_PREFIX=/home/rsanz/git/learning/ros2/tutorials/RustROS2/src/install/rosidl_core_runtime
[1.624s] DEBUG:colcon.colcon_core.event_handler.log_command:Invoked command in '/home/rsanz/git/learning/ros2/tutorials/RustROS2/src/build/rosidl_core_generators' returned '0': AMENT_PREFIX_PATH=/home/rsanz/git/learning/ros2/tutorials/RustROS2/src/install/rosidl_generator_rs:${AMENT_PREFIX_PATH} CMAKE_PREFIX_PATH=/home/rsanz/git/learning/ros2/tutorials/RustROS2/src/install/rosidl_generator_rs:/opt/ros/jazzy/opt/gz_math_vendor:/opt/ros/jazzy/opt/gz_utils_vendor:/opt/ros/jazzy/opt/gz_cmake_vendor:/opt/ros/jazzy DEBUGINFOD_URLS=https://debuginfod.ubuntu.com PYTHONPATH=/home/rsanz/git/learning/ros2/tutorials/RustROS2/src/install/rosidl_generator_rs/lib/python3.12/site-packages:${PYTHONPATH} /usr/bin/cmake /home/rsanz/git/learning/ros2/tutorials/RustROS2/src/rosidl_core/rosidl_core_generators -DCMAKE_INSTALL_PREFIX=/home/rsanz/git/learning/ros2/tutorials/RustROS2/src/install/rosidl_core_generators
[1.625s] DEBUG:colcon.colcon_core.event_handler.log_command:Invoking command in '/home/rsanz/git/learning/ros2/tutorials/RustROS2/src/build/rosidl_core_generators': AMENT_PREFIX_PATH=/home/rsanz/git/learning/ros2/tutorials/RustROS2/src/install/rosidl_generator_rs:${AMENT_PREFIX_PATH} CMAKE_PREFIX_PATH=/home/rsanz/git/learning/ros2/tutorials/RustROS2/src/install/rosidl_generator_rs:/opt/ros/jazzy/opt/gz_math_vendor:/opt/ros/jazzy/opt/gz_utils_vendor:/opt/ros/jazzy/opt/gz_cmake_vendor:/opt/ros/jazzy DEBUGINFOD_URLS=https://debuginfod.ubuntu.com PYTHONPATH=/home/rsanz/git/learning/ros2/tutorials/RustROS2/src/install/rosidl_generator_rs/lib/python3.12/site-packages:${PYTHONPATH} /usr/bin/cmake --build /home/rsanz/git/learning/ros2/tutorials/RustROS2/src/build/rosidl_core_generators -- -j24 -l24
[1.626s] DEBUG:colcon.colcon_core.event_handler.log_command:Invoked command in '/home/rsanz/git/learning/ros2/tutorials/RustROS2/src/build/rosidl_core_runtime' returned '0': AMENT_PREFIX_PATH=/home/rsanz/git/learning/ros2/tutorials/RustROS2/src/install/rosidl_generator_rs:${AMENT_PREFIX_PATH} CMAKE_PREFIX_PATH=/home/rsanz/git/learning/ros2/tutorials/RustROS2/src/install/rosidl_generator_rs:/opt/ros/jazzy/opt/gz_math_vendor:/opt/ros/jazzy/opt/gz_utils_vendor:/opt/ros/jazzy/opt/gz_cmake_vendor:/opt/ros/jazzy DEBUGINFOD_URLS=https://debuginfod.ubuntu.com PYTHONPATH=/home/rsanz/git/learning/ros2/tutorials/RustROS2/src/install/rosidl_generator_rs/lib/python3.12/site-packages:${PYTHONPATH} /usr/bin/cmake /home/rsanz/git/learning/ros2/tutorials/RustROS2/src/rosidl_core/rosidl_core_runtime -DCMAKE_INSTALL_PREFIX=/home/rsanz/git/learning/ros2/tutorials/RustROS2/src/install/rosidl_core_runtime
[1.627s] DEBUG:colcon.colcon_core.event_handler.log_command:Invoking command in '/home/rsanz/git/learning/ros2/tutorials/RustROS2/src/build/rosidl_core_runtime': AMENT_PREFIX_PATH=/home/rsanz/git/learning/ros2/tutorials/RustROS2/src/install/rosidl_generator_rs:${AMENT_PREFIX_PATH} CMAKE_PREFIX_PATH=/home/rsanz/git/learning/ros2/tutorials/RustROS2/src/install/rosidl_generator_rs:/opt/ros/jazzy/opt/gz_math_vendor:/opt/ros/jazzy/opt/gz_utils_vendor:/opt/ros/jazzy/opt/gz_cmake_vendor:/opt/ros/jazzy DEBUGINFOD_URLS=https://debuginfod.ubuntu.com PYTHONPATH=/home/rsanz/git/learning/ros2/tutorials/RustROS2/src/install/rosidl_generator_rs/lib/python3.12/site-packages:${PYTHONPATH} /usr/bin/cmake --build /home/rsanz/git/learning/ros2/tutorials/RustROS2/src/build/rosidl_core_runtime -- -j24 -l24
[1.655s] DEBUG:colcon.colcon_core.event_handler.log_command:Invoked command in '/home/rsanz/git/learning/ros2/tutorials/RustROS2/src/build/rosidl_core_generators' returned '0': AMENT_PREFIX_PATH=/home/rsanz/git/learning/ros2/tutorials/RustROS2/src/install/rosidl_generator_rs:${AMENT_PREFIX_PATH} CMAKE_PREFIX_PATH=/home/rsanz/git/learning/ros2/tutorials/RustROS2/src/install/rosidl_generator_rs:/opt/ros/jazzy/opt/gz_math_vendor:/opt/ros/jazzy/opt/gz_utils_vendor:/opt/ros/jazzy/opt/gz_cmake_vendor:/opt/ros/jazzy DEBUGINFOD_URLS=https://debuginfod.ubuntu.com PYTHONPATH=/home/rsanz/git/learning/ros2/tutorials/RustROS2/src/install/rosidl_generator_rs/lib/python3.12/site-packages:${PYTHONPATH} /usr/bin/cmake --build /home/rsanz/git/learning/ros2/tutorials/RustROS2/src/build/rosidl_core_generators -- -j24 -l24
[1.656s] DEBUG:colcon.colcon_core.event_handler.log_command:Invoking command in '/home/rsanz/git/learning/ros2/tutorials/RustROS2/src/build/rosidl_core_generators': AMENT_PREFIX_PATH=/home/rsanz/git/learning/ros2/tutorials/RustROS2/src/install/rosidl_generator_rs:${AMENT_PREFIX_PATH} CMAKE_PREFIX_PATH=/home/rsanz/git/learning/ros2/tutorials/RustROS2/src/install/rosidl_generator_rs:/opt/ros/jazzy/opt/gz_math_vendor:/opt/ros/jazzy/opt/gz_utils_vendor:/opt/ros/jazzy/opt/gz_cmake_vendor:/opt/ros/jazzy DEBUGINFOD_URLS=https://debuginfod.ubuntu.com PYTHONPATH=/home/rsanz/git/learning/ros2/tutorials/RustROS2/src/install/rosidl_generator_rs/lib/python3.12/site-packages:${PYTHONPATH} /usr/bin/cmake --install /home/rsanz/git/learning/ros2/tutorials/RustROS2/src/build/rosidl_core_generators
[1.656s] DEBUG:colcon.colcon_core.event_handler.log_command:Invoked command in '/home/rsanz/git/learning/ros2/tutorials/RustROS2/src/build/rosidl_core_runtime' returned '0': AMENT_PREFIX_PATH=/home/rsanz/git/learning/ros2/tutorials/RustROS2/src/install/rosidl_generator_rs:${AMENT_PREFIX_PATH} CMAKE_PREFIX_PATH=/home/rsanz/git/learning/ros2/tutorials/RustROS2/src/install/rosidl_generator_rs:/opt/ros/jazzy/opt/gz_math_vendor:/opt/ros/jazzy/opt/gz_utils_vendor:/opt/ros/jazzy/opt/gz_cmake_vendor:/opt/ros/jazzy DEBUGINFOD_URLS=https://debuginfod.ubuntu.com PYTHONPATH=/home/rsanz/git/learning/ros2/tutorials/RustROS2/src/install/rosidl_generator_rs/lib/python3.12/site-packages:${PYTHONPATH} /usr/bin/cmake --build /home/rsanz/git/learning/ros2/tutorials/RustROS2/src/build/rosidl_core_runtime -- -j24 -l24
[1.657s] DEBUG:colcon.colcon_core.event_handler.log_command:Invoking command in '/home/rsanz/git/learning/ros2/tutorials/RustROS2/src/build/rosidl_core_runtime': AMENT_PREFIX_PATH=/home/rsanz/git/learning/ros2/tutorials/RustROS2/src/install/rosidl_generator_rs:${AMENT_PREFIX_PATH} CMAKE_PREFIX_PATH=/home/rsanz/git/learning/ros2/tutorials/RustROS2/src/install/rosidl_generator_rs:/opt/ros/jazzy/opt/gz_math_vendor:/opt/ros/jazzy/opt/gz_utils_vendor:/opt/ros/jazzy/opt/gz_cmake_vendor:/opt/ros/jazzy DEBUGINFOD_URLS=https://debuginfod.ubuntu.com PYTHONPATH=/home/rsanz/git/learning/ros2/tutorials/RustROS2/src/install/rosidl_generator_rs/lib/python3.12/site-packages:${PYTHONPATH} /usr/bin/cmake --install /home/rsanz/git/learning/ros2/tutorials/RustROS2/src/build/rosidl_core_runtime
[1.665s] Level 1:colcon.colcon_core.environment:create_environment_scripts_only(rosidl_core_generators)
[1.666s] Level 1:colcon.colcon_core.environment:checking '/home/rsanz/git/learning/ros2/tutorials/RustROS2/src/install/rosidl_core_generators' for CMake module files
[1.666s] DEBUG:colcon.colcon_core.event_handler.log_command:Invoked command in '/home/rsanz/git/learning/ros2/tutorials/RustROS2/src/build/rosidl_core_generators' returned '0': AMENT_PREFIX_PATH=/home/rsanz/git/learning/ros2/tutorials/RustROS2/src/install/rosidl_generator_rs:${AMENT_PREFIX_PATH} CMAKE_PREFIX_PATH=/home/rsanz/git/learning/ros2/tutorials/RustROS2/src/install/rosidl_generator_rs:/opt/ros/jazzy/opt/gz_math_vendor:/opt/ros/jazzy/opt/gz_utils_vendor:/opt/ros/jazzy/opt/gz_cmake_vendor:/opt/ros/jazzy DEBUGINFOD_URLS=https://debuginfod.ubuntu.com PYTHONPATH=/home/rsanz/git/learning/ros2/tutorials/RustROS2/src/install/rosidl_generator_rs/lib/python3.12/site-packages:${PYTHONPATH} /usr/bin/cmake --install /home/rsanz/git/learning/ros2/tutorials/RustROS2/src/build/rosidl_core_generators
[1.667s] Level 1:colcon.colcon_core.environment:checking '/home/rsanz/git/learning/ros2/tutorials/RustROS2/src/install/rosidl_core_generators' for CMake config files
[1.667s] Level 1:colcon.colcon_core.shell:create_environment_hook('rosidl_core_generators', 'cmake_prefix_path')
[1.667s] INFO:colcon.colcon_core.shell:Creating environment hook '/home/rsanz/git/learning/ros2/tutorials/RustROS2/src/install/rosidl_core_generators/share/rosidl_core_generators/hook/cmake_prefix_path.ps1'
[1.667s] INFO:colcon.colcon_core.shell:Creating environment descriptor '/home/rsanz/git/learning/ros2/tutorials/RustROS2/src/install/rosidl_core_generators/share/rosidl_core_generators/hook/cmake_prefix_path.dsv'
[1.667s] INFO:colcon.colcon_core.shell:Creating environment hook '/home/rsanz/git/learning/ros2/tutorials/RustROS2/src/install/rosidl_core_generators/share/rosidl_core_generators/hook/cmake_prefix_path.sh'
[1.668s] Level 1:colcon.colcon_core.environment:checking '/home/rsanz/git/learning/ros2/tutorials/RustROS2/src/install/rosidl_core_generators/bin'
[1.668s] Level 1:colcon.colcon_core.environment:checking '/home/rsanz/git/learning/ros2/tutorials/RustROS2/src/install/rosidl_core_generators/lib/pkgconfig/rosidl_core_generators.pc'
[1.668s] Level 1:colcon.colcon_core.environment:checking '/home/rsanz/git/learning/ros2/tutorials/RustROS2/src/install/rosidl_core_generators/lib/python3.12/site-packages'
[1.668s] Level 1:colcon.colcon_core.environment:checking '/home/rsanz/git/learning/ros2/tutorials/RustROS2/src/install/rosidl_core_generators/bin'
[1.668s] INFO:colcon.colcon_core.shell:Creating package script '/home/rsanz/git/learning/ros2/tutorials/RustROS2/src/install/rosidl_core_generators/share/rosidl_core_generators/package.ps1'
[1.668s] INFO:colcon.colcon_core.shell:Creating package descriptor '/home/rsanz/git/learning/ros2/tutorials/RustROS2/src/install/rosidl_core_generators/share/rosidl_core_generators/package.dsv'
[1.669s] INFO:colcon.colcon_core.shell:Creating package script '/home/rsanz/git/learning/ros2/tutorials/RustROS2/src/install/rosidl_core_generators/share/rosidl_core_generators/package.sh'
[1.669s] INFO:colcon.colcon_core.shell:Creating package script '/home/rsanz/git/learning/ros2/tutorials/RustROS2/src/install/rosidl_core_generators/share/rosidl_core_generators/package.bash'
[1.669s] INFO:colcon.colcon_core.shell:Creating package script '/home/rsanz/git/learning/ros2/tutorials/RustROS2/src/install/rosidl_core_generators/share/rosidl_core_generators/package.zsh'
[1.669s] Level 1:colcon.colcon_core.environment:create_file_with_runtime_dependencies(/home/rsanz/git/learning/ros2/tutorials/RustROS2/src/install/rosidl_core_generators/share/colcon-core/packages/rosidl_core_generators)
[1.670s] Level 1:colcon.colcon_core.environment:create_environment_scripts_only(rosidl_core_generators)
[1.670s] Level 1:colcon.colcon_core.environment:checking '/home/rsanz/git/learning/ros2/tutorials/RustROS2/src/install/rosidl_core_generators' for CMake module files
[1.670s] Level 1:colcon.colcon_core.environment:checking '/home/rsanz/git/learning/ros2/tutorials/RustROS2/src/install/rosidl_core_generators' for CMake config files
[1.670s] Level 1:colcon.colcon_core.shell:create_environment_hook('rosidl_core_generators', 'cmake_prefix_path')
[1.670s] INFO:colcon.colcon_core.shell:Creating environment hook '/home/rsanz/git/learning/ros2/tutorials/RustROS2/src/install/rosidl_core_generators/share/rosidl_core_generators/hook/cmake_prefix_path.ps1'
[1.671s] INFO:colcon.colcon_core.shell:Creating environment descriptor '/home/rsanz/git/learning/ros2/tutorials/RustROS2/src/install/rosidl_core_generators/share/rosidl_core_generators/hook/cmake_prefix_path.dsv'
[1.671s] INFO:colcon.colcon_core.shell:Creating environment hook '/home/rsanz/git/learning/ros2/tutorials/RustROS2/src/install/rosidl_core_generators/share/rosidl_core_generators/hook/cmake_prefix_path.sh'
[1.671s] Level 1:colcon.colcon_core.environment:checking '/home/rsanz/git/learning/ros2/tutorials/RustROS2/src/install/rosidl_core_generators/bin'
[1.671s] Level 1:colcon.colcon_core.environment:checking '/home/rsanz/git/learning/ros2/tutorials/RustROS2/src/install/rosidl_core_generators/lib/pkgconfig/rosidl_core_generators.pc'
[1.671s] Level 1:colcon.colcon_core.environment:checking '/home/rsanz/git/learning/ros2/tutorials/RustROS2/src/install/rosidl_core_generators/lib/python3.12/site-packages'
[1.672s] Level 1:colcon.colcon_core.environment:checking '/home/rsanz/git/learning/ros2/tutorials/RustROS2/src/install/rosidl_core_generators/bin'
[1.672s] INFO:colcon.colcon_core.shell:Creating package script '/home/rsanz/git/learning/ros2/tutorials/RustROS2/src/install/rosidl_core_generators/share/rosidl_core_generators/package.ps1'
[1.672s] INFO:colcon.colcon_core.shell:Creating package descriptor '/home/rsanz/git/learning/ros2/tutorials/RustROS2/src/install/rosidl_core_generators/share/rosidl_core_generators/package.dsv'
[1.672s] INFO:colcon.colcon_core.shell:Creating package script '/home/rsanz/git/learning/ros2/tutorials/RustROS2/src/install/rosidl_core_generators/share/rosidl_core_generators/package.sh'
[1.673s] INFO:colcon.colcon_core.shell:Creating package script '/home/rsanz/git/learning/ros2/tutorials/RustROS2/src/install/rosidl_core_generators/share/rosidl_core_generators/package.bash'
[1.673s] INFO:colcon.colcon_core.shell:Creating package script '/home/rsanz/git/learning/ros2/tutorials/RustROS2/src/install/rosidl_core_generators/share/rosidl_core_generators/package.zsh'
[1.673s] Level 1:colcon.colcon_core.environment:create_file_with_runtime_dependencies(/home/rsanz/git/learning/ros2/tutorials/RustROS2/src/install/rosidl_core_generators/share/colcon-core/packages/rosidl_core_generators)
[1.674s] Level 1:colcon.colcon_core.environment:create_environment_scripts_only(rosidl_core_runtime)
[1.674s] Level 1:colcon.colcon_core.environment:checking '/home/rsanz/git/learning/ros2/tutorials/RustROS2/src/install/rosidl_core_runtime' for CMake module files
[1.674s] DEBUG:colcon.colcon_core.event_handler.log_command:Invoked command in '/home/rsanz/git/learning/ros2/tutorials/RustROS2/src/build/rosidl_core_runtime' returned '0': AMENT_PREFIX_PATH=/home/rsanz/git/learning/ros2/tutorials/RustROS2/src/install/rosidl_generator_rs:${AMENT_PREFIX_PATH} CMAKE_PREFIX_PATH=/home/rsanz/git/learning/ros2/tutorials/RustROS2/src/install/rosidl_generator_rs:/opt/ros/jazzy/opt/gz_math_vendor:/opt/ros/jazzy/opt/gz_utils_vendor:/opt/ros/jazzy/opt/gz_cmake_vendor:/opt/ros/jazzy DEBUGINFOD_URLS=https://debuginfod.ubuntu.com PYTHONPATH=/home/rsanz/git/learning/ros2/tutorials/RustROS2/src/install/rosidl_generator_rs/lib/python3.12/site-packages:${PYTHONPATH} /usr/bin/cmake --install /home/rsanz/git/learning/ros2/tutorials/RustROS2/src/build/rosidl_core_runtime
[1.675s] Level 1:colcon.colcon_core.environment:checking '/home/rsanz/git/learning/ros2/tutorials/RustROS2/src/install/rosidl_core_runtime' for CMake config files
[1.675s] Level 1:colcon.colcon_core.shell:create_environment_hook('rosidl_core_runtime', 'cmake_prefix_path')
[1.675s] INFO:colcon.colcon_core.shell:Creating environment hook '/home/rsanz/git/learning/ros2/tutorials/RustROS2/src/install/rosidl_core_runtime/share/rosidl_core_runtime/hook/cmake_prefix_path.ps1'
[1.675s] INFO:colcon.colcon_core.shell:Creating environment descriptor '/home/rsanz/git/learning/ros2/tutorials/RustROS2/src/install/rosidl_core_runtime/share/rosidl_core_runtime/hook/cmake_prefix_path.dsv'
[1.675s] INFO:colcon.colcon_core.shell:Creating environment hook '/home/rsanz/git/learning/ros2/tutorials/RustROS2/src/install/rosidl_core_runtime/share/rosidl_core_runtime/hook/cmake_prefix_path.sh'
[1.676s] Level 1:colcon.colcon_core.environment:checking '/home/rsanz/git/learning/ros2/tutorials/RustROS2/src/install/rosidl_core_runtime/bin'
[1.676s] Level 1:colcon.colcon_core.environment:checking '/home/rsanz/git/learning/ros2/tutorials/RustROS2/src/install/rosidl_core_runtime/lib/pkgconfig/rosidl_core_runtime.pc'
[1.676s] Level 1:colcon.colcon_core.environment:checking '/home/rsanz/git/learning/ros2/tutorials/RustROS2/src/install/rosidl_core_runtime/lib/python3.12/site-packages'
[1.676s] Level 1:colcon.colcon_core.environment:checking '/home/rsanz/git/learning/ros2/tutorials/RustROS2/src/install/rosidl_core_runtime/bin'
[1.676s] INFO:colcon.colcon_core.shell:Creating package script '/home/rsanz/git/learning/ros2/tutorials/RustROS2/src/install/rosidl_core_runtime/share/rosidl_core_runtime/package.ps1'
[1.676s] INFO:colcon.colcon_core.shell:Creating package descriptor '/home/rsanz/git/learning/ros2/tutorials/RustROS2/src/install/rosidl_core_runtime/share/rosidl_core_runtime/package.dsv'
[1.677s] INFO:colcon.colcon_core.shell:Creating package script '/home/rsanz/git/learning/ros2/tutorials/RustROS2/src/install/rosidl_core_runtime/share/rosidl_core_runtime/package.sh'
[1.677s] INFO:colcon.colcon_core.shell:Creating package script '/home/rsanz/git/learning/ros2/tutorials/RustROS2/src/install/rosidl_core_runtime/share/rosidl_core_runtime/package.bash'
[1.677s] INFO:colcon.colcon_core.shell:Creating package script '/home/rsanz/git/learning/ros2/tutorials/RustROS2/src/install/rosidl_core_runtime/share/rosidl_core_runtime/package.zsh'
[1.677s] Level 1:colcon.colcon_core.environment:create_file_with_runtime_dependencies(/home/rsanz/git/learning/ros2/tutorials/RustROS2/src/install/rosidl_core_runtime/share/colcon-core/packages/rosidl_core_runtime)
[1.678s] Level 1:colcon.colcon_core.environment:create_environment_scripts_only(rosidl_core_runtime)
[1.678s] Level 1:colcon.colcon_core.environment:checking '/home/rsanz/git/learning/ros2/tutorials/RustROS2/src/install/rosidl_core_runtime' for CMake module files
[1.678s] Level 1:colcon.colcon_core.environment:checking '/home/rsanz/git/learning/ros2/tutorials/RustROS2/src/install/rosidl_core_runtime' for CMake config files
[1.678s] Level 1:colcon.colcon_core.shell:create_environment_hook('rosidl_core_runtime', 'cmake_prefix_path')
[1.678s] INFO:colcon.colcon_core.shell:Creating environment hook '/home/rsanz/git/learning/ros2/tutorials/RustROS2/src/install/rosidl_core_runtime/share/rosidl_core_runtime/hook/cmake_prefix_path.ps1'
[1.679s] INFO:colcon.colcon_core.shell:Creating environment descriptor '/home/rsanz/git/learning/ros2/tutorials/RustROS2/src/install/rosidl_core_runtime/share/rosidl_core_runtime/hook/cmake_prefix_path.dsv'
[1.679s] INFO:colcon.colcon_core.shell:Creating environment hook '/home/rsanz/git/learning/ros2/tutorials/RustROS2/src/install/rosidl_core_runtime/share/rosidl_core_runtime/hook/cmake_prefix_path.sh'
[1.679s] Level 1:colcon.colcon_core.environment:checking '/home/rsanz/git/learning/ros2/tutorials/RustROS2/src/install/rosidl_core_runtime/bin'
[1.679s] Level 1:colcon.colcon_core.environment:checking '/home/rsanz/git/learning/ros2/tutorials/RustROS2/src/install/rosidl_core_runtime/lib/pkgconfig/rosidl_core_runtime.pc'
[1.679s] Level 1:colcon.colcon_core.environment:checking '/home/rsanz/git/learning/ros2/tutorials/RustROS2/src/install/rosidl_core_runtime/lib/python3.12/site-packages'
[1.679s] Level 1:colcon.colcon_core.environment:checking '/home/rsanz/git/learning/ros2/tutorials/RustROS2/src/install/rosidl_core_runtime/bin'
[1.680s] INFO:colcon.colcon_core.shell:Creating package script '/home/rsanz/git/learning/ros2/tutorials/RustROS2/src/install/rosidl_core_runtime/share/rosidl_core_runtime/package.ps1'
[1.680s] INFO:colcon.colcon_core.shell:Creating package descriptor '/home/rsanz/git/learning/ros2/tutorials/RustROS2/src/install/rosidl_core_runtime/share/rosidl_core_runtime/package.dsv'
[1.680s] INFO:colcon.colcon_core.shell:Creating package script '/home/rsanz/git/learning/ros2/tutorials/RustROS2/src/install/rosidl_core_runtime/share/rosidl_core_runtime/package.sh'
[1.680s] INFO:colcon.colcon_core.shell:Creating package script '/home/rsanz/git/learning/ros2/tutorials/RustROS2/src/install/rosidl_core_runtime/share/rosidl_core_runtime/package.bash'
[1.681s] INFO:colcon.colcon_core.shell:Creating package script '/home/rsanz/git/learning/ros2/tutorials/RustROS2/src/install/rosidl_core_runtime/share/rosidl_core_runtime/package.zsh'
[1.681s] Level 1:colcon.colcon_core.environment:create_file_with_runtime_dependencies(/home/rsanz/git/learning/ros2/tutorials/RustROS2/src/install/rosidl_core_runtime/share/colcon-core/packages/rosidl_core_runtime)
[1.681s] INFO:colcon.colcon_ros.task.ament_cmake.build:Building ROS package in '/home/rsanz/git/learning/ros2/tutorials/RustROS2/src/rcl_interfaces/builtin_interfaces' with build type 'ament_cmake'
[1.681s] INFO:colcon.colcon_cmake.task.cmake.build:Building CMake package in '/home/rsanz/git/learning/ros2/tutorials/RustROS2/src/rcl_interfaces/builtin_interfaces'
[1.681s] INFO:colcon.colcon_core.shell:Skip shell extension 'powershell' for command environment: Not usable outside of PowerShell
[1.681s] DEBUG:colcon.colcon_core.shell:Skip shell extension 'dsv' for command environment
[1.684s] INFO:colcon.colcon_ros.task.ament_cmake.build:Building ROS package in '/home/rsanz/git/learning/ros2/tutorials/RustROS2/src/unique_identifier_msgs' with build type 'ament_cmake'
[1.684s] INFO:colcon.colcon_cmake.task.cmake.build:Building CMake package in '/home/rsanz/git/learning/ros2/tutorials/RustROS2/src/unique_identifier_msgs'
[1.684s] INFO:colcon.colcon_core.shell:Skip shell extension 'powershell' for command environment: Not usable outside of PowerShell
[1.684s] DEBUG:colcon.colcon_core.shell:Skip shell extension 'dsv' for command environment
[1.689s] DEBUG:colcon.colcon_core.event_handler.log_command:Invoking command in '/home/rsanz/git/learning/ros2/tutorials/RustROS2/src/build/builtin_interfaces': AMENT_PREFIX_PATH=/home/rsanz/git/learning/ros2/tutorials/RustROS2/src/install/rosidl_core_runtime:/home/rsanz/git/learning/ros2/tutorials/RustROS2/src/install/rosidl_core_generators:/home/rsanz/git/learning/ros2/tutorials/RustROS2/src/install/rosidl_generator_rs:${AMENT_PREFIX_PATH} CMAKE_PREFIX_PATH=/home/rsanz/git/learning/ros2/tutorials/RustROS2/src/install/rosidl_core_runtime:/home/rsanz/git/learning/ros2/tutorials/RustROS2/src/install/rosidl_core_generators:/home/rsanz/git/learning/ros2/tutorials/RustROS2/src/install/rosidl_generator_rs:/opt/ros/jazzy/opt/gz_math_vendor:/opt/ros/jazzy/opt/gz_utils_vendor:/opt/ros/jazzy/opt/gz_cmake_vendor:/opt/ros/jazzy DEBUGINFOD_URLS=https://debuginfod.ubuntu.com PYTHONPATH=/home/rsanz/git/learning/ros2/tutorials/RustROS2/src/install/rosidl_generator_rs/lib/python3.12/site-packages:${PYTHONPATH} /usr/bin/cmake /home/rsanz/git/learning/ros2/tutorials/RustROS2/src/rcl_interfaces/builtin_interfaces -DCMAKE_INSTALL_PREFIX=/home/rsanz/git/learning/ros2/tutorials/RustROS2/src/install/builtin_interfaces
[1.691s] DEBUG:colcon.colcon_core.event_handler.log_command:Invoking command in '/home/rsanz/git/learning/ros2/tutorials/RustROS2/src/build/unique_identifier_msgs': AMENT_PREFIX_PATH=/home/rsanz/git/learning/ros2/tutorials/RustROS2/src/install/rosidl_core_runtime:/home/rsanz/git/learning/ros2/tutorials/RustROS2/src/install/rosidl_core_generators:/home/rsanz/git/learning/ros2/tutorials/RustROS2/src/install/rosidl_generator_rs:${AMENT_PREFIX_PATH} CMAKE_PREFIX_PATH=/home/rsanz/git/learning/ros2/tutorials/RustROS2/src/install/rosidl_core_runtime:/home/rsanz/git/learning/ros2/tutorials/RustROS2/src/install/rosidl_core_generators:/home/rsanz/git/learning/ros2/tutorials/RustROS2/src/install/rosidl_generator_rs:/opt/ros/jazzy/opt/gz_math_vendor:/opt/ros/jazzy/opt/gz_utils_vendor:/opt/ros/jazzy/opt/gz_cmake_vendor:/opt/ros/jazzy DEBUGINFOD_URLS=https://debuginfod.ubuntu.com PYTHONPATH=/home/rsanz/git/learning/ros2/tutorials/RustROS2/src/install/rosidl_generator_rs/lib/python3.12/site-packages:${PYTHONPATH} /usr/bin/cmake /home/rsanz/git/learning/ros2/tutorials/RustROS2/src/unique_identifier_msgs -DCMAKE_INSTALL_PREFIX=/home/rsanz/git/learning/ros2/tutorials/RustROS2/src/install/unique_identifier_msgs
[4.100s] DEBUG:colcon.colcon_core.event_handler.log_command:Invoked command in '/home/rsanz/git/learning/ros2/tutorials/RustROS2/src/build/unique_identifier_msgs' returned '0': AMENT_PREFIX_PATH=/home/rsanz/git/learning/ros2/tutorials/RustROS2/src/install/rosidl_core_runtime:/home/rsanz/git/learning/ros2/tutorials/RustROS2/src/install/rosidl_core_generators:/home/rsanz/git/learning/ros2/tutorials/RustROS2/src/install/rosidl_generator_rs:${AMENT_PREFIX_PATH} CMAKE_PREFIX_PATH=/home/rsanz/git/learning/ros2/tutorials/RustROS2/src/install/rosidl_core_runtime:/home/rsanz/git/learning/ros2/tutorials/RustROS2/src/install/rosidl_core_generators:/home/rsanz/git/learning/ros2/tutorials/RustROS2/src/install/rosidl_generator_rs:/opt/ros/jazzy/opt/gz_math_vendor:/opt/ros/jazzy/opt/gz_utils_vendor:/opt/ros/jazzy/opt/gz_cmake_vendor:/opt/ros/jazzy DEBUGINFOD_URLS=https://debuginfod.ubuntu.com PYTHONPATH=/home/rsanz/git/learning/ros2/tutorials/RustROS2/src/install/rosidl_generator_rs/lib/python3.12/site-packages:${PYTHONPATH} /usr/bin/cmake /home/rsanz/git/learning/ros2/tutorials/RustROS2/src/unique_identifier_msgs -DCMAKE_INSTALL_PREFIX=/home/rsanz/git/learning/ros2/tutorials/RustROS2/src/install/unique_identifier_msgs
[4.101s] DEBUG:colcon.colcon_core.event_handler.log_command:Invoking command in '/home/rsanz/git/learning/ros2/tutorials/RustROS2/src/build/unique_identifier_msgs': AMENT_PREFIX_PATH=/home/rsanz/git/learning/ros2/tutorials/RustROS2/src/install/rosidl_core_runtime:/home/rsanz/git/learning/ros2/tutorials/RustROS2/src/install/rosidl_core_generators:/home/rsanz/git/learning/ros2/tutorials/RustROS2/src/install/rosidl_generator_rs:${AMENT_PREFIX_PATH} CMAKE_PREFIX_PATH=/home/rsanz/git/learning/ros2/tutorials/RustROS2/src/install/rosidl_core_runtime:/home/rsanz/git/learning/ros2/tutorials/RustROS2/src/install/rosidl_core_generators:/home/rsanz/git/learning/ros2/tutorials/RustROS2/src/install/rosidl_generator_rs:/opt/ros/jazzy/opt/gz_math_vendor:/opt/ros/jazzy/opt/gz_utils_vendor:/opt/ros/jazzy/opt/gz_cmake_vendor:/opt/ros/jazzy DEBUGINFOD_URLS=https://debuginfod.ubuntu.com PYTHONPATH=/home/rsanz/git/learning/ros2/tutorials/RustROS2/src/install/rosidl_generator_rs/lib/python3.12/site-packages:${PYTHONPATH} /usr/bin/cmake --build /home/rsanz/git/learning/ros2/tutorials/RustROS2/src/build/unique_identifier_msgs -- -j24 -l24
[4.108s] DEBUG:colcon.colcon_core.event_handler.log_command:Invoked command in '/home/rsanz/git/learning/ros2/tutorials/RustROS2/src/build/builtin_interfaces' returned '0': AMENT_PREFIX_PATH=/home/rsanz/git/learning/ros2/tutorials/RustROS2/src/install/rosidl_core_runtime:/home/rsanz/git/learning/ros2/tutorials/RustROS2/src/install/rosidl_core_generators:/home/rsanz/git/learning/ros2/tutorials/RustROS2/src/install/rosidl_generator_rs:${AMENT_PREFIX_PATH} CMAKE_PREFIX_PATH=/home/rsanz/git/learning/ros2/tutorials/RustROS2/src/install/rosidl_core_runtime:/home/rsanz/git/learning/ros2/tutorials/RustROS2/src/install/rosidl_core_generators:/home/rsanz/git/learning/ros2/tutorials/RustROS2/src/install/rosidl_generator_rs:/opt/ros/jazzy/opt/gz_math_vendor:/opt/ros/jazzy/opt/gz_utils_vendor:/opt/ros/jazzy/opt/gz_cmake_vendor:/opt/ros/jazzy DEBUGINFOD_URLS=https://debuginfod.ubuntu.com PYTHONPATH=/home/rsanz/git/learning/ros2/tutorials/RustROS2/src/install/rosidl_generator_rs/lib/python3.12/site-packages:${PYTHONPATH} /usr/bin/cmake /home/rsanz/git/learning/ros2/tutorials/RustROS2/src/rcl_interfaces/builtin_interfaces -DCMAKE_INSTALL_PREFIX=/home/rsanz/git/learning/ros2/tutorials/RustROS2/src/install/builtin_interfaces
[4.109s] DEBUG:colcon.colcon_core.event_handler.log_command:Invoking command in '/home/rsanz/git/learning/ros2/tutorials/RustROS2/src/build/builtin_interfaces': AMENT_PREFIX_PATH=/home/rsanz/git/learning/ros2/tutorials/RustROS2/src/install/rosidl_core_runtime:/home/rsanz/git/learning/ros2/tutorials/RustROS2/src/install/rosidl_core_generators:/home/rsanz/git/learning/ros2/tutorials/RustROS2/src/install/rosidl_generator_rs:${AMENT_PREFIX_PATH} CMAKE_PREFIX_PATH=/home/rsanz/git/learning/ros2/tutorials/RustROS2/src/install/rosidl_core_runtime:/home/rsanz/git/learning/ros2/tutorials/RustROS2/src/install/rosidl_core_generators:/home/rsanz/git/learning/ros2/tutorials/RustROS2/src/install/rosidl_generator_rs:/opt/ros/jazzy/opt/gz_math_vendor:/opt/ros/jazzy/opt/gz_utils_vendor:/opt/ros/jazzy/opt/gz_cmake_vendor:/opt/ros/jazzy DEBUGINFOD_URLS=https://debuginfod.ubuntu.com PYTHONPATH=/home/rsanz/git/learning/ros2/tutorials/RustROS2/src/install/rosidl_generator_rs/lib/python3.12/site-packages:${PYTHONPATH} /usr/bin/cmake --build /home/rsanz/git/learning/ros2/tutorials/RustROS2/src/build/builtin_interfaces -- -j24 -l24
[5.656s] DEBUG:colcon.colcon_core.event_handler.log_command:Invoked command in '/home/rsanz/git/learning/ros2/tutorials/RustROS2/src/build/unique_identifier_msgs' returned '0': AMENT_PREFIX_PATH=/home/rsanz/git/learning/ros2/tutorials/RustROS2/src/install/rosidl_core_runtime:/home/rsanz/git/learning/ros2/tutorials/RustROS2/src/install/rosidl_core_generators:/home/rsanz/git/learning/ros2/tutorials/RustROS2/src/install/rosidl_generator_rs:${AMENT_PREFIX_PATH} CMAKE_PREFIX_PATH=/home/rsanz/git/learning/ros2/tutorials/RustROS2/src/install/rosidl_core_runtime:/home/rsanz/git/learning/ros2/tutorials/RustROS2/src/install/rosidl_core_generators:/home/rsanz/git/learning/ros2/tutorials/RustROS2/src/install/rosidl_generator_rs:/opt/ros/jazzy/opt/gz_math_vendor:/opt/ros/jazzy/opt/gz_utils_vendor:/opt/ros/jazzy/opt/gz_cmake_vendor:/opt/ros/jazzy DEBUGINFOD_URLS=https://debuginfod.ubuntu.com PYTHONPATH=/home/rsanz/git/learning/ros2/tutorials/RustROS2/src/install/rosidl_generator_rs/lib/python3.12/site-packages:${PYTHONPATH} /usr/bin/cmake --build /home/rsanz/git/learning/ros2/tutorials/RustROS2/src/build/unique_identifier_msgs -- -j24 -l24
[5.657s] DEBUG:colcon.colcon_core.event_handler.log_command:Invoking command in '/home/rsanz/git/learning/ros2/tutorials/RustROS2/src/build/unique_identifier_msgs': AMENT_PREFIX_PATH=/home/rsanz/git/learning/ros2/tutorials/RustROS2/src/install/rosidl_core_runtime:/home/rsanz/git/learning/ros2/tutorials/RustROS2/src/install/rosidl_core_generators:/home/rsanz/git/learning/ros2/tutorials/RustROS2/src/install/rosidl_generator_rs:${AMENT_PREFIX_PATH} CMAKE_PREFIX_PATH=/home/rsanz/git/learning/ros2/tutorials/RustROS2/src/install/rosidl_core_runtime:/home/rsanz/git/learning/ros2/tutorials/RustROS2/src/install/rosidl_core_generators:/home/rsanz/git/learning/ros2/tutorials/RustROS2/src/install/rosidl_generator_rs:/opt/ros/jazzy/opt/gz_math_vendor:/opt/ros/jazzy/opt/gz_utils_vendor:/opt/ros/jazzy/opt/gz_cmake_vendor:/opt/ros/jazzy DEBUGINFOD_URLS=https://debuginfod.ubuntu.com PYTHONPATH=/home/rsanz/git/learning/ros2/tutorials/RustROS2/src/install/rosidl_generator_rs/lib/python3.12/site-packages:${PYTHONPATH} /usr/bin/cmake --install /home/rsanz/git/learning/ros2/tutorials/RustROS2/src/build/unique_identifier_msgs
[5.719s] Level 1:colcon.colcon_core.environment:create_environment_scripts_only(unique_identifier_msgs)
[5.719s] DEBUG:colcon.colcon_core.event_handler.log_command:Invoked command in '/home/rsanz/git/learning/ros2/tutorials/RustROS2/src/build/unique_identifier_msgs' returned '0': AMENT_PREFIX_PATH=/home/rsanz/git/learning/ros2/tutorials/RustROS2/src/install/rosidl_core_runtime:/home/rsanz/git/learning/ros2/tutorials/RustROS2/src/install/rosidl_core_generators:/home/rsanz/git/learning/ros2/tutorials/RustROS2/src/install/rosidl_generator_rs:${AMENT_PREFIX_PATH} CMAKE_PREFIX_PATH=/home/rsanz/git/learning/ros2/tutorials/RustROS2/src/install/rosidl_core_runtime:/home/rsanz/git/learning/ros2/tutorials/RustROS2/src/install/rosidl_core_generators:/home/rsanz/git/learning/ros2/tutorials/RustROS2/src/install/rosidl_generator_rs:/opt/ros/jazzy/opt/gz_math_vendor:/opt/ros/jazzy/opt/gz_utils_vendor:/opt/ros/jazzy/opt/gz_cmake_vendor:/opt/ros/jazzy DEBUGINFOD_URLS=https://debuginfod.ubuntu.com PYTHONPATH=/home/rsanz/git/learning/ros2/tutorials/RustROS2/src/install/rosidl_generator_rs/lib/python3.12/site-packages:${PYTHONPATH} /usr/bin/cmake --install /home/rsanz/git/learning/ros2/tutorials/RustROS2/src/build/unique_identifier_msgs
[5.720s] Level 1:colcon.colcon_core.environment:checking '/home/rsanz/git/learning/ros2/tutorials/RustROS2/src/install/unique_identifier_msgs' for CMake module files
[5.720s] Level 1:colcon.colcon_core.environment:checking '/home/rsanz/git/learning/ros2/tutorials/RustROS2/src/install/unique_identifier_msgs' for CMake config files
[5.721s] Level 1:colcon.colcon_core.shell:create_environment_hook('unique_identifier_msgs', 'cmake_prefix_path')
[5.721s] INFO:colcon.colcon_core.shell:Creating environment hook '/home/rsanz/git/learning/ros2/tutorials/RustROS2/src/install/unique_identifier_msgs/share/unique_identifier_msgs/hook/cmake_prefix_path.ps1'
[5.721s] INFO:colcon.colcon_core.shell:Creating environment descriptor '/home/rsanz/git/learning/ros2/tutorials/RustROS2/src/install/unique_identifier_msgs/share/unique_identifier_msgs/hook/cmake_prefix_path.dsv'
[5.722s] INFO:colcon.colcon_core.shell:Creating environment hook '/home/rsanz/git/learning/ros2/tutorials/RustROS2/src/install/unique_identifier_msgs/share/unique_identifier_msgs/hook/cmake_prefix_path.sh'
[5.722s] Level 1:colcon.colcon_core.environment:checking '/home/rsanz/git/learning/ros2/tutorials/RustROS2/src/install/unique_identifier_msgs/lib'
[5.722s] Level 1:colcon.colcon_core.shell:create_environment_hook('unique_identifier_msgs', 'ld_library_path_lib')
[5.722s] INFO:colcon.colcon_core.shell:Creating environment hook '/home/rsanz/git/learning/ros2/tutorials/RustROS2/src/install/unique_identifier_msgs/share/unique_identifier_msgs/hook/ld_library_path_lib.ps1'
[5.723s] INFO:colcon.colcon_core.shell:Creating environment descriptor '/home/rsanz/git/learning/ros2/tutorials/RustROS2/src/install/unique_identifier_msgs/share/unique_identifier_msgs/hook/ld_library_path_lib.dsv'
[5.723s] INFO:colcon.colcon_core.shell:Creating environment hook '/home/rsanz/git/learning/ros2/tutorials/RustROS2/src/install/unique_identifier_msgs/share/unique_identifier_msgs/hook/ld_library_path_lib.sh'
[5.723s] Level 1:colcon.colcon_core.environment:checking '/home/rsanz/git/learning/ros2/tutorials/RustROS2/src/install/unique_identifier_msgs/bin'
[5.723s] Level 1:colcon.colcon_core.environment:checking '/home/rsanz/git/learning/ros2/tutorials/RustROS2/src/install/unique_identifier_msgs/lib/pkgconfig/unique_identifier_msgs.pc'
[5.723s] Level 1:colcon.colcon_core.environment:checking '/home/rsanz/git/learning/ros2/tutorials/RustROS2/src/install/unique_identifier_msgs/lib/python3.12/site-packages'
[5.723s] Level 1:colcon.colcon_core.shell:create_environment_hook('unique_identifier_msgs', 'pythonpath')
[5.724s] INFO:colcon.colcon_core.shell:Creating environment hook '/home/rsanz/git/learning/ros2/tutorials/RustROS2/src/install/unique_identifier_msgs/share/unique_identifier_msgs/hook/pythonpath.ps1'
[5.724s] INFO:colcon.colcon_core.shell:Creating environment descriptor '/home/rsanz/git/learning/ros2/tutorials/RustROS2/src/install/unique_identifier_msgs/share/unique_identifier_msgs/hook/pythonpath.dsv'
[5.724s] INFO:colcon.colcon_core.shell:Creating environment hook '/home/rsanz/git/learning/ros2/tutorials/RustROS2/src/install/unique_identifier_msgs/share/unique_identifier_msgs/hook/pythonpath.sh'
[5.725s] Level 1:colcon.colcon_core.environment:checking '/home/rsanz/git/learning/ros2/tutorials/RustROS2/src/install/unique_identifier_msgs/bin'
[5.725s] INFO:colcon.colcon_core.shell:Creating package script '/home/rsanz/git/learning/ros2/tutorials/RustROS2/src/install/unique_identifier_msgs/share/unique_identifier_msgs/package.ps1'
[5.725s] INFO:colcon.colcon_core.shell:Creating package descriptor '/home/rsanz/git/learning/ros2/tutorials/RustROS2/src/install/unique_identifier_msgs/share/unique_identifier_msgs/package.dsv'
[5.726s] INFO:colcon.colcon_core.shell:Creating package script '/home/rsanz/git/learning/ros2/tutorials/RustROS2/src/install/unique_identifier_msgs/share/unique_identifier_msgs/package.sh'
[5.726s] INFO:colcon.colcon_core.shell:Creating package script '/home/rsanz/git/learning/ros2/tutorials/RustROS2/src/install/unique_identifier_msgs/share/unique_identifier_msgs/package.bash'
[5.726s] INFO:colcon.colcon_core.shell:Creating package script '/home/rsanz/git/learning/ros2/tutorials/RustROS2/src/install/unique_identifier_msgs/share/unique_identifier_msgs/package.zsh'
[5.726s] Level 1:colcon.colcon_core.environment:create_file_with_runtime_dependencies(/home/rsanz/git/learning/ros2/tutorials/RustROS2/src/install/unique_identifier_msgs/share/colcon-core/packages/unique_identifier_msgs)
[5.727s] Level 1:colcon.colcon_core.environment:create_environment_scripts_only(unique_identifier_msgs)
[5.727s] Level 1:colcon.colcon_core.environment:checking '/home/rsanz/git/learning/ros2/tutorials/RustROS2/src/install/unique_identifier_msgs' for CMake module files
[5.727s] Level 1:colcon.colcon_core.environment:checking '/home/rsanz/git/learning/ros2/tutorials/RustROS2/src/install/unique_identifier_msgs' for CMake config files
[5.728s] Level 1:colcon.colcon_core.shell:create_environment_hook('unique_identifier_msgs', 'cmake_prefix_path')
[5.728s] INFO:colcon.colcon_core.shell:Creating environment hook '/home/rsanz/git/learning/ros2/tutorials/RustROS2/src/install/unique_identifier_msgs/share/unique_identifier_msgs/hook/cmake_prefix_path.ps1'
[5.728s] INFO:colcon.colcon_core.shell:Creating environment descriptor '/home/rsanz/git/learning/ros2/tutorials/RustROS2/src/install/unique_identifier_msgs/share/unique_identifier_msgs/hook/cmake_prefix_path.dsv'
[5.728s] INFO:colcon.colcon_core.shell:Creating environment hook '/home/rsanz/git/learning/ros2/tutorials/RustROS2/src/install/unique_identifier_msgs/share/unique_identifier_msgs/hook/cmake_prefix_path.sh'
[5.729s] Level 1:colcon.colcon_core.environment:checking '/home/rsanz/git/learning/ros2/tutorials/RustROS2/src/install/unique_identifier_msgs/lib'
[5.729s] Level 1:colcon.colcon_core.shell:create_environment_hook('unique_identifier_msgs', 'ld_library_path_lib')
[5.729s] INFO:colcon.colcon_core.shell:Creating environment hook '/home/rsanz/git/learning/ros2/tutorials/RustROS2/src/install/unique_identifier_msgs/share/unique_identifier_msgs/hook/ld_library_path_lib.ps1'
[5.729s] INFO:colcon.colcon_core.shell:Creating environment descriptor '/home/rsanz/git/learning/ros2/tutorials/RustROS2/src/install/unique_identifier_msgs/share/unique_identifier_msgs/hook/ld_library_path_lib.dsv'
[5.730s] INFO:colcon.colcon_core.shell:Creating environment hook '/home/rsanz/git/learning/ros2/tutorials/RustROS2/src/install/unique_identifier_msgs/share/unique_identifier_msgs/hook/ld_library_path_lib.sh'
[5.730s] Level 1:colcon.colcon_core.environment:checking '/home/rsanz/git/learning/ros2/tutorials/RustROS2/src/install/unique_identifier_msgs/bin'
[5.730s] Level 1:colcon.colcon_core.environment:checking '/home/rsanz/git/learning/ros2/tutorials/RustROS2/src/install/unique_identifier_msgs/lib/pkgconfig/unique_identifier_msgs.pc'
[5.730s] Level 1:colcon.colcon_core.environment:checking '/home/rsanz/git/learning/ros2/tutorials/RustROS2/src/install/unique_identifier_msgs/lib/python3.12/site-packages'
[5.730s] Level 1:colcon.colcon_core.shell:create_environment_hook('unique_identifier_msgs', 'pythonpath')
[5.730s] INFO:colcon.colcon_core.shell:Creating environment hook '/home/rsanz/git/learning/ros2/tutorials/RustROS2/src/install/unique_identifier_msgs/share/unique_identifier_msgs/hook/pythonpath.ps1'
[5.731s] INFO:colcon.colcon_core.shell:Creating environment descriptor '/home/rsanz/git/learning/ros2/tutorials/RustROS2/src/install/unique_identifier_msgs/share/unique_identifier_msgs/hook/pythonpath.dsv'
[5.731s] INFO:colcon.colcon_core.shell:Creating environment hook '/home/rsanz/git/learning/ros2/tutorials/RustROS2/src/install/unique_identifier_msgs/share/unique_identifier_msgs/hook/pythonpath.sh'
[5.731s] Level 1:colcon.colcon_core.environment:checking '/home/rsanz/git/learning/ros2/tutorials/RustROS2/src/install/unique_identifier_msgs/bin'
[5.732s] INFO:colcon.colcon_core.shell:Creating package script '/home/rsanz/git/learning/ros2/tutorials/RustROS2/src/install/unique_identifier_msgs/share/unique_identifier_msgs/package.ps1'
[5.732s] INFO:colcon.colcon_core.shell:Creating package descriptor '/home/rsanz/git/learning/ros2/tutorials/RustROS2/src/install/unique_identifier_msgs/share/unique_identifier_msgs/package.dsv'
[5.732s] INFO:colcon.colcon_core.shell:Creating package script '/home/rsanz/git/learning/ros2/tutorials/RustROS2/src/install/unique_identifier_msgs/share/unique_identifier_msgs/package.sh'
[5.733s] INFO:colcon.colcon_core.shell:Creating package script '/home/rsanz/git/learning/ros2/tutorials/RustROS2/src/install/unique_identifier_msgs/share/unique_identifier_msgs/package.bash'
[5.733s] INFO:colcon.colcon_core.shell:Creating package script '/home/rsanz/git/learning/ros2/tutorials/RustROS2/src/install/unique_identifier_msgs/share/unique_identifier_msgs/package.zsh'
[5.733s] Level 1:colcon.colcon_core.environment:create_file_with_runtime_dependencies(/home/rsanz/git/learning/ros2/tutorials/RustROS2/src/install/unique_identifier_msgs/share/colcon-core/packages/unique_identifier_msgs)
[5.877s] DEBUG:colcon.colcon_core.event_handler.log_command:Invoked command in '/home/rsanz/git/learning/ros2/tutorials/RustROS2/src/build/builtin_interfaces' returned '0': AMENT_PREFIX_PATH=/home/rsanz/git/learning/ros2/tutorials/RustROS2/src/install/rosidl_core_runtime:/home/rsanz/git/learning/ros2/tutorials/RustROS2/src/install/rosidl_core_generators:/home/rsanz/git/learning/ros2/tutorials/RustROS2/src/install/rosidl_generator_rs:${AMENT_PREFIX_PATH} CMAKE_PREFIX_PATH=/home/rsanz/git/learning/ros2/tutorials/RustROS2/src/install/rosidl_core_runtime:/home/rsanz/git/learning/ros2/tutorials/RustROS2/src/install/rosidl_core_generators:/home/rsanz/git/learning/ros2/tutorials/RustROS2/src/install/rosidl_generator_rs:/opt/ros/jazzy/opt/gz_math_vendor:/opt/ros/jazzy/opt/gz_utils_vendor:/opt/ros/jazzy/opt/gz_cmake_vendor:/opt/ros/jazzy DEBUGINFOD_URLS=https://debuginfod.ubuntu.com PYTHONPATH=/home/rsanz/git/learning/ros2/tutorials/RustROS2/src/install/rosidl_generator_rs/lib/python3.12/site-packages:${PYTHONPATH} /usr/bin/cmake --build /home/rsanz/git/learning/ros2/tutorials/RustROS2/src/build/builtin_interfaces -- -j24 -l24
[5.878s] DEBUG:colcon.colcon_core.event_handler.log_command:Invoking command in '/home/rsanz/git/learning/ros2/tutorials/RustROS2/src/build/builtin_interfaces': AMENT_PREFIX_PATH=/home/rsanz/git/learning/ros2/tutorials/RustROS2/src/install/rosidl_core_runtime:/home/rsanz/git/learning/ros2/tutorials/RustROS2/src/install/rosidl_core_generators:/home/rsanz/git/learning/ros2/tutorials/RustROS2/src/install/rosidl_generator_rs:${AMENT_PREFIX_PATH} CMAKE_PREFIX_PATH=/home/rsanz/git/learning/ros2/tutorials/RustROS2/src/install/rosidl_core_runtime:/home/rsanz/git/learning/ros2/tutorials/RustROS2/src/install/rosidl_core_generators:/home/rsanz/git/learning/ros2/tutorials/RustROS2/src/install/rosidl_generator_rs:/opt/ros/jazzy/opt/gz_math_vendor:/opt/ros/jazzy/opt/gz_utils_vendor:/opt/ros/jazzy/opt/gz_cmake_vendor:/opt/ros/jazzy DEBUGINFOD_URLS=https://debuginfod.ubuntu.com PYTHONPATH=/home/rsanz/git/learning/ros2/tutorials/RustROS2/src/install/rosidl_generator_rs/lib/python3.12/site-packages:${PYTHONPATH} /usr/bin/cmake --install /home/rsanz/git/learning/ros2/tutorials/RustROS2/src/build/builtin_interfaces
[5.943s] Level 1:colcon.colcon_core.environment:create_environment_scripts_only(builtin_interfaces)
[5.943s] DEBUG:colcon.colcon_core.event_handler.log_command:Invoked command in '/home/rsanz/git/learning/ros2/tutorials/RustROS2/src/build/builtin_interfaces' returned '0': AMENT_PREFIX_PATH=/home/rsanz/git/learning/ros2/tutorials/RustROS2/src/install/rosidl_core_runtime:/home/rsanz/git/learning/ros2/tutorials/RustROS2/src/install/rosidl_core_generators:/home/rsanz/git/learning/ros2/tutorials/RustROS2/src/install/rosidl_generator_rs:${AMENT_PREFIX_PATH} CMAKE_PREFIX_PATH=/home/rsanz/git/learning/ros2/tutorials/RustROS2/src/install/rosidl_core_runtime:/home/rsanz/git/learning/ros2/tutorials/RustROS2/src/install/rosidl_core_generators:/home/rsanz/git/learning/ros2/tutorials/RustROS2/src/install/rosidl_generator_rs:/opt/ros/jazzy/opt/gz_math_vendor:/opt/ros/jazzy/opt/gz_utils_vendor:/opt/ros/jazzy/opt/gz_cmake_vendor:/opt/ros/jazzy DEBUGINFOD_URLS=https://debuginfod.ubuntu.com PYTHONPATH=/home/rsanz/git/learning/ros2/tutorials/RustROS2/src/install/rosidl_generator_rs/lib/python3.12/site-packages:${PYTHONPATH} /usr/bin/cmake --install /home/rsanz/git/learning/ros2/tutorials/RustROS2/src/build/builtin_interfaces
[5.943s] Level 1:colcon.colcon_core.environment:checking '/home/rsanz/git/learning/ros2/tutorials/RustROS2/src/install/builtin_interfaces' for CMake module files
[5.944s] Level 1:colcon.colcon_core.environment:checking '/home/rsanz/git/learning/ros2/tutorials/RustROS2/src/install/builtin_interfaces' for CMake config files
[5.944s] Level 1:colcon.colcon_core.shell:create_environment_hook('builtin_interfaces', 'cmake_prefix_path')
[5.944s] INFO:colcon.colcon_core.shell:Creating environment hook '/home/rsanz/git/learning/ros2/tutorials/RustROS2/src/install/builtin_interfaces/share/builtin_interfaces/hook/cmake_prefix_path.ps1'
[5.945s] INFO:colcon.colcon_core.shell:Creating environment descriptor '/home/rsanz/git/learning/ros2/tutorials/RustROS2/src/install/builtin_interfaces/share/builtin_interfaces/hook/cmake_prefix_path.dsv'
[5.945s] INFO:colcon.colcon_core.shell:Creating environment hook '/home/rsanz/git/learning/ros2/tutorials/RustROS2/src/install/builtin_interfaces/share/builtin_interfaces/hook/cmake_prefix_path.sh'
[5.945s] Level 1:colcon.colcon_core.environment:checking '/home/rsanz/git/learning/ros2/tutorials/RustROS2/src/install/builtin_interfaces/lib'
[5.945s] Level 1:colcon.colcon_core.shell:create_environment_hook('builtin_interfaces', 'ld_library_path_lib')
[5.945s] INFO:colcon.colcon_core.shell:Creating environment hook '/home/rsanz/git/learning/ros2/tutorials/RustROS2/src/install/builtin_interfaces/share/builtin_interfaces/hook/ld_library_path_lib.ps1'
[5.946s] INFO:colcon.colcon_core.shell:Creating environment descriptor '/home/rsanz/git/learning/ros2/tutorials/RustROS2/src/install/builtin_interfaces/share/builtin_interfaces/hook/ld_library_path_lib.dsv'
[5.946s] INFO:colcon.colcon_core.shell:Creating environment hook '/home/rsanz/git/learning/ros2/tutorials/RustROS2/src/install/builtin_interfaces/share/builtin_interfaces/hook/ld_library_path_lib.sh'
[5.946s] Level 1:colcon.colcon_core.environment:checking '/home/rsanz/git/learning/ros2/tutorials/RustROS2/src/install/builtin_interfaces/bin'
[5.946s] Level 1:colcon.colcon_core.environment:checking '/home/rsanz/git/learning/ros2/tutorials/RustROS2/src/install/builtin_interfaces/lib/pkgconfig/builtin_interfaces.pc'
[5.946s] Level 1:colcon.colcon_core.environment:checking '/home/rsanz/git/learning/ros2/tutorials/RustROS2/src/install/builtin_interfaces/lib/python3.12/site-packages'
[5.946s] Level 1:colcon.colcon_core.shell:create_environment_hook('builtin_interfaces', 'pythonpath')
[5.947s] INFO:colcon.colcon_core.shell:Creating environment hook '/home/rsanz/git/learning/ros2/tutorials/RustROS2/src/install/builtin_interfaces/share/builtin_interfaces/hook/pythonpath.ps1'
[5.947s] INFO:colcon.colcon_core.shell:Creating environment descriptor '/home/rsanz/git/learning/ros2/tutorials/RustROS2/src/install/builtin_interfaces/share/builtin_interfaces/hook/pythonpath.dsv'
[5.947s] INFO:colcon.colcon_core.shell:Creating environment hook '/home/rsanz/git/learning/ros2/tutorials/RustROS2/src/install/builtin_interfaces/share/builtin_interfaces/hook/pythonpath.sh'
[5.948s] Level 1:colcon.colcon_core.environment:checking '/home/rsanz/git/learning/ros2/tutorials/RustROS2/src/install/builtin_interfaces/bin'
[5.948s] INFO:colcon.colcon_core.shell:Creating package script '/home/rsanz/git/learning/ros2/tutorials/RustROS2/src/install/builtin_interfaces/share/builtin_interfaces/package.ps1'
[5.948s] INFO:colcon.colcon_core.shell:Creating package descriptor '/home/rsanz/git/learning/ros2/tutorials/RustROS2/src/install/builtin_interfaces/share/builtin_interfaces/package.dsv'
[5.949s] INFO:colcon.colcon_core.shell:Creating package script '/home/rsanz/git/learning/ros2/tutorials/RustROS2/src/install/builtin_interfaces/share/builtin_interfaces/package.sh'
[5.949s] INFO:colcon.colcon_core.shell:Creating package script '/home/rsanz/git/learning/ros2/tutorials/RustROS2/src/install/builtin_interfaces/share/builtin_interfaces/package.bash'
[5.949s] INFO:colcon.colcon_core.shell:Creating package script '/home/rsanz/git/learning/ros2/tutorials/RustROS2/src/install/builtin_interfaces/share/builtin_interfaces/package.zsh'
[5.949s] Level 1:colcon.colcon_core.environment:create_file_with_runtime_dependencies(/home/rsanz/git/learning/ros2/tutorials/RustROS2/src/install/builtin_interfaces/share/colcon-core/packages/builtin_interfaces)
[5.950s] Level 1:colcon.colcon_core.environment:create_environment_scripts_only(builtin_interfaces)
[5.950s] Level 1:colcon.colcon_core.environment:checking '/home/rsanz/git/learning/ros2/tutorials/RustROS2/src/install/builtin_interfaces' for CMake module files
[5.951s] Level 1:colcon.colcon_core.environment:checking '/home/rsanz/git/learning/ros2/tutorials/RustROS2/src/install/builtin_interfaces' for CMake config files
[5.951s] Level 1:colcon.colcon_core.shell:create_environment_hook('builtin_interfaces', 'cmake_prefix_path')
[5.951s] INFO:colcon.colcon_core.shell:Creating environment hook '/home/rsanz/git/learning/ros2/tutorials/RustROS2/src/install/builtin_interfaces/share/builtin_interfaces/hook/cmake_prefix_path.ps1'
[5.951s] INFO:colcon.colcon_core.shell:Creating environment descriptor '/home/rsanz/git/learning/ros2/tutorials/RustROS2/src/install/builtin_interfaces/share/builtin_interfaces/hook/cmake_prefix_path.dsv'
[5.952s] INFO:colcon.colcon_core.shell:Creating environment hook '/home/rsanz/git/learning/ros2/tutorials/RustROS2/src/install/builtin_interfaces/share/builtin_interfaces/hook/cmake_prefix_path.sh'
[5.952s] Level 1:colcon.colcon_core.environment:checking '/home/rsanz/git/learning/ros2/tutorials/RustROS2/src/install/builtin_interfaces/lib'
[5.952s] Level 1:colcon.colcon_core.shell:create_environment_hook('builtin_interfaces', 'ld_library_path_lib')
[5.952s] INFO:colcon.colcon_core.shell:Creating environment hook '/home/rsanz/git/learning/ros2/tutorials/RustROS2/src/install/builtin_interfaces/share/builtin_interfaces/hook/ld_library_path_lib.ps1'
[5.952s] INFO:colcon.colcon_core.shell:Creating environment descriptor '/home/rsanz/git/learning/ros2/tutorials/RustROS2/src/install/builtin_interfaces/share/builtin_interfaces/hook/ld_library_path_lib.dsv'
[5.953s] INFO:colcon.colcon_core.shell:Creating environment hook '/home/rsanz/git/learning/ros2/tutorials/RustROS2/src/install/builtin_interfaces/share/builtin_interfaces/hook/ld_library_path_lib.sh'
[5.953s] Level 1:colcon.colcon_core.environment:checking '/home/rsanz/git/learning/ros2/tutorials/RustROS2/src/install/builtin_interfaces/bin'
[5.953s] Level 1:colcon.colcon_core.environment:checking '/home/rsanz/git/learning/ros2/tutorials/RustROS2/src/install/builtin_interfaces/lib/pkgconfig/builtin_interfaces.pc'
[5.953s] Level 1:colcon.colcon_core.environment:checking '/home/rsanz/git/learning/ros2/tutorials/RustROS2/src/install/builtin_interfaces/lib/python3.12/site-packages'
[5.953s] Level 1:colcon.colcon_core.shell:create_environment_hook('builtin_interfaces', 'pythonpath')
[5.953s] INFO:colcon.colcon_core.shell:Creating environment hook '/home/rsanz/git/learning/ros2/tutorials/RustROS2/src/install/builtin_interfaces/share/builtin_interfaces/hook/pythonpath.ps1'
[5.953s] INFO:colcon.colcon_core.shell:Creating environment descriptor '/home/rsanz/git/learning/ros2/tutorials/RustROS2/src/install/builtin_interfaces/share/builtin_interfaces/hook/pythonpath.dsv'
[5.954s] INFO:colcon.colcon_core.shell:Creating environment hook '/home/rsanz/git/learning/ros2/tutorials/RustROS2/src/install/builtin_interfaces/share/builtin_interfaces/hook/pythonpath.sh'
[5.954s] Level 1:colcon.colcon_core.environment:checking '/home/rsanz/git/learning/ros2/tutorials/RustROS2/src/install/builtin_interfaces/bin'
[5.954s] INFO:colcon.colcon_core.shell:Creating package script '/home/rsanz/git/learning/ros2/tutorials/RustROS2/src/install/builtin_interfaces/share/builtin_interfaces/package.ps1'
[5.955s] INFO:colcon.colcon_core.shell:Creating package descriptor '/home/rsanz/git/learning/ros2/tutorials/RustROS2/src/install/builtin_interfaces/share/builtin_interfaces/package.dsv'
[5.955s] INFO:colcon.colcon_core.shell:Creating package script '/home/rsanz/git/learning/ros2/tutorials/RustROS2/src/install/builtin_interfaces/share/builtin_interfaces/package.sh'
[5.955s] INFO:colcon.colcon_core.shell:Creating package script '/home/rsanz/git/learning/ros2/tutorials/RustROS2/src/install/builtin_interfaces/share/builtin_interfaces/package.bash'
[5.956s] INFO:colcon.colcon_core.shell:Creating package script '/home/rsanz/git/learning/ros2/tutorials/RustROS2/src/install/builtin_interfaces/share/builtin_interfaces/package.zsh'
[5.956s] Level 1:colcon.colcon_core.environment:create_file_with_runtime_dependencies(/home/rsanz/git/learning/ros2/tutorials/RustROS2/src/install/builtin_interfaces/share/colcon-core/packages/builtin_interfaces)
[5.956s] INFO:colcon.colcon_ros.task.ament_cmake.build:Building ROS package in '/home/rsanz/git/learning/ros2/tutorials/RustROS2/src/rcl_interfaces/service_msgs' with build type 'ament_cmake'
[5.956s] INFO:colcon.colcon_cmake.task.cmake.build:Building CMake package in '/home/rsanz/git/learning/ros2/tutorials/RustROS2/src/rcl_interfaces/service_msgs'
[5.957s] INFO:colcon.colcon_core.shell:Skip shell extension 'powershell' for command environment: Not usable outside of PowerShell
[5.957s] DEBUG:colcon.colcon_core.shell:Skip shell extension 'dsv' for command environment
[5.967s] DEBUG:colcon.colcon_core.event_handler.log_command:Invoking command in '/home/rsanz/git/learning/ros2/tutorials/RustROS2/src/build/service_msgs': AMENT_PREFIX_PATH=/home/rsanz/git/learning/ros2/tutorials/RustROS2/src/install/builtin_interfaces:/home/rsanz/git/learning/ros2/tutorials/RustROS2/src/install/rosidl_core_runtime:/home/rsanz/git/learning/ros2/tutorials/RustROS2/src/install/rosidl_core_generators:/home/rsanz/git/learning/ros2/tutorials/RustROS2/src/install/rosidl_generator_rs:${AMENT_PREFIX_PATH} CMAKE_PREFIX_PATH=/home/rsanz/git/learning/ros2/tutorials/RustROS2/src/install/builtin_interfaces:/home/rsanz/git/learning/ros2/tutorials/RustROS2/src/install/rosidl_core_runtime:/home/rsanz/git/learning/ros2/tutorials/RustROS2/src/install/rosidl_core_generators:/home/rsanz/git/learning/ros2/tutorials/RustROS2/src/install/rosidl_generator_rs:/opt/ros/jazzy/opt/gz_math_vendor:/opt/ros/jazzy/opt/gz_utils_vendor:/opt/ros/jazzy/opt/gz_cmake_vendor:/opt/ros/jazzy DEBUGINFOD_URLS=https://debuginfod.ubuntu.com LD_LIBRARY_PATH=/home/rsanz/git/learning/ros2/tutorials/RustROS2/src/install/builtin_interfaces/lib:${LD_LIBRARY_PATH} PYTHONPATH=/home/rsanz/git/learning/ros2/tutorials/RustROS2/src/install/builtin_interfaces/lib/python3.12/site-packages:/home/rsanz/git/learning/ros2/tutorials/RustROS2/src/install/rosidl_generator_rs/lib/python3.12/site-packages:${PYTHONPATH} /usr/bin/cmake /home/rsanz/git/learning/ros2/tutorials/RustROS2/src/rcl_interfaces/service_msgs -DCMAKE_INSTALL_PREFIX=/home/rsanz/git/learning/ros2/tutorials/RustROS2/src/install/service_msgs
[8.397s] DEBUG:colcon.colcon_core.event_handler.log_command:Invoked command in '/home/rsanz/git/learning/ros2/tutorials/RustROS2/src/build/service_msgs' returned '0': AMENT_PREFIX_PATH=/home/rsanz/git/learning/ros2/tutorials/RustROS2/src/install/builtin_interfaces:/home/rsanz/git/learning/ros2/tutorials/RustROS2/src/install/rosidl_core_runtime:/home/rsanz/git/learning/ros2/tutorials/RustROS2/src/install/rosidl_core_generators:/home/rsanz/git/learning/ros2/tutorials/RustROS2/src/install/rosidl_generator_rs:${AMENT_PREFIX_PATH} CMAKE_PREFIX_PATH=/home/rsanz/git/learning/ros2/tutorials/RustROS2/src/install/builtin_interfaces:/home/rsanz/git/learning/ros2/tutorials/RustROS2/src/install/rosidl_core_runtime:/home/rsanz/git/learning/ros2/tutorials/RustROS2/src/install/rosidl_core_generators:/home/rsanz/git/learning/ros2/tutorials/RustROS2/src/install/rosidl_generator_rs:/opt/ros/jazzy/opt/gz_math_vendor:/opt/ros/jazzy/opt/gz_utils_vendor:/opt/ros/jazzy/opt/gz_cmake_vendor:/opt/ros/jazzy DEBUGINFOD_URLS=https://debuginfod.ubuntu.com LD_LIBRARY_PATH=/home/rsanz/git/learning/ros2/tutorials/RustROS2/src/install/builtin_interfaces/lib:${LD_LIBRARY_PATH} PYTHONPATH=/home/rsanz/git/learning/ros2/tutorials/RustROS2/src/install/builtin_interfaces/lib/python3.12/site-packages:/home/rsanz/git/learning/ros2/tutorials/RustROS2/src/install/rosidl_generator_rs/lib/python3.12/site-packages:${PYTHONPATH} /usr/bin/cmake /home/rsanz/git/learning/ros2/tutorials/RustROS2/src/rcl_interfaces/service_msgs -DCMAKE_INSTALL_PREFIX=/home/rsanz/git/learning/ros2/tutorials/RustROS2/src/install/service_msgs
[8.398s] DEBUG:colcon.colcon_core.event_handler.log_command:Invoking command in '/home/rsanz/git/learning/ros2/tutorials/RustROS2/src/build/service_msgs': AMENT_PREFIX_PATH=/home/rsanz/git/learning/ros2/tutorials/RustROS2/src/install/builtin_interfaces:/home/rsanz/git/learning/ros2/tutorials/RustROS2/src/install/rosidl_core_runtime:/home/rsanz/git/learning/ros2/tutorials/RustROS2/src/install/rosidl_core_generators:/home/rsanz/git/learning/ros2/tutorials/RustROS2/src/install/rosidl_generator_rs:${AMENT_PREFIX_PATH} CMAKE_PREFIX_PATH=/home/rsanz/git/learning/ros2/tutorials/RustROS2/src/install/builtin_interfaces:/home/rsanz/git/learning/ros2/tutorials/RustROS2/src/install/rosidl_core_runtime:/home/rsanz/git/learning/ros2/tutorials/RustROS2/src/install/rosidl_core_generators:/home/rsanz/git/learning/ros2/tutorials/RustROS2/src/install/rosidl_generator_rs:/opt/ros/jazzy/opt/gz_math_vendor:/opt/ros/jazzy/opt/gz_utils_vendor:/opt/ros/jazzy/opt/gz_cmake_vendor:/opt/ros/jazzy DEBUGINFOD_URLS=https://debuginfod.ubuntu.com LD_LIBRARY_PATH=/home/rsanz/git/learning/ros2/tutorials/RustROS2/src/install/builtin_interfaces/lib:${LD_LIBRARY_PATH} PYTHONPATH=/home/rsanz/git/learning/ros2/tutorials/RustROS2/src/install/builtin_interfaces/lib/python3.12/site-packages:/home/rsanz/git/learning/ros2/tutorials/RustROS2/src/install/rosidl_generator_rs/lib/python3.12/site-packages:${PYTHONPATH} /usr/bin/cmake --build /home/rsanz/git/learning/ros2/tutorials/RustROS2/src/build/service_msgs -- -j24 -l24
[10.061s] DEBUG:colcon.colcon_core.event_handler.log_command:Invoked command in '/home/rsanz/git/learning/ros2/tutorials/RustROS2/src/build/service_msgs' returned '0': AMENT_PREFIX_PATH=/home/rsanz/git/learning/ros2/tutorials/RustROS2/src/install/builtin_interfaces:/home/rsanz/git/learning/ros2/tutorials/RustROS2/src/install/rosidl_core_runtime:/home/rsanz/git/learning/ros2/tutorials/RustROS2/src/install/rosidl_core_generators:/home/rsanz/git/learning/ros2/tutorials/RustROS2/src/install/rosidl_generator_rs:${AMENT_PREFIX_PATH} CMAKE_PREFIX_PATH=/home/rsanz/git/learning/ros2/tutorials/RustROS2/src/install/builtin_interfaces:/home/rsanz/git/learning/ros2/tutorials/RustROS2/src/install/rosidl_core_runtime:/home/rsanz/git/learning/ros2/tutorials/RustROS2/src/install/rosidl_core_generators:/home/rsanz/git/learning/ros2/tutorials/RustROS2/src/install/rosidl_generator_rs:/opt/ros/jazzy/opt/gz_math_vendor:/opt/ros/jazzy/opt/gz_utils_vendor:/opt/ros/jazzy/opt/gz_cmake_vendor:/opt/ros/jazzy DEBUGINFOD_URLS=https://debuginfod.ubuntu.com LD_LIBRARY_PATH=/home/rsanz/git/learning/ros2/tutorials/RustROS2/src/install/builtin_interfaces/lib:${LD_LIBRARY_PATH} PYTHONPATH=/home/rsanz/git/learning/ros2/tutorials/RustROS2/src/install/builtin_interfaces/lib/python3.12/site-packages:/home/rsanz/git/learning/ros2/tutorials/RustROS2/src/install/rosidl_generator_rs/lib/python3.12/site-packages:${PYTHONPATH} /usr/bin/cmake --build /home/rsanz/git/learning/ros2/tutorials/RustROS2/src/build/service_msgs -- -j24 -l24
[10.062s] DEBUG:colcon.colcon_core.event_handler.log_command:Invoking command in '/home/rsanz/git/learning/ros2/tutorials/RustROS2/src/build/service_msgs': AMENT_PREFIX_PATH=/home/rsanz/git/learning/ros2/tutorials/RustROS2/src/install/builtin_interfaces:/home/rsanz/git/learning/ros2/tutorials/RustROS2/src/install/rosidl_core_runtime:/home/rsanz/git/learning/ros2/tutorials/RustROS2/src/install/rosidl_core_generators:/home/rsanz/git/learning/ros2/tutorials/RustROS2/src/install/rosidl_generator_rs:${AMENT_PREFIX_PATH} CMAKE_PREFIX_PATH=/home/rsanz/git/learning/ros2/tutorials/RustROS2/src/install/builtin_interfaces:/home/rsanz/git/learning/ros2/tutorials/RustROS2/src/install/rosidl_core_runtime:/home/rsanz/git/learning/ros2/tutorials/RustROS2/src/install/rosidl_core_generators:/home/rsanz/git/learning/ros2/tutorials/RustROS2/src/install/rosidl_generator_rs:/opt/ros/jazzy/opt/gz_math_vendor:/opt/ros/jazzy/opt/gz_utils_vendor:/opt/ros/jazzy/opt/gz_cmake_vendor:/opt/ros/jazzy DEBUGINFOD_URLS=https://debuginfod.ubuntu.com LD_LIBRARY_PATH=/home/rsanz/git/learning/ros2/tutorials/RustROS2/src/install/builtin_interfaces/lib:${LD_LIBRARY_PATH} PYTHONPATH=/home/rsanz/git/learning/ros2/tutorials/RustROS2/src/install/builtin_interfaces/lib/python3.12/site-packages:/home/rsanz/git/learning/ros2/tutorials/RustROS2/src/install/rosidl_generator_rs/lib/python3.12/site-packages:${PYTHONPATH} /usr/bin/cmake --install /home/rsanz/git/learning/ros2/tutorials/RustROS2/src/build/service_msgs
[10.123s] Level 1:colcon.colcon_core.environment:create_environment_scripts_only(service_msgs)
[10.123s] Level 1:colcon.colcon_core.environment:checking '/home/rsanz/git/learning/ros2/tutorials/RustROS2/src/install/service_msgs' for CMake module files
[10.124s] DEBUG:colcon.colcon_core.event_handler.log_command:Invoked command in '/home/rsanz/git/learning/ros2/tutorials/RustROS2/src/build/service_msgs' returned '0': AMENT_PREFIX_PATH=/home/rsanz/git/learning/ros2/tutorials/RustROS2/src/install/builtin_interfaces:/home/rsanz/git/learning/ros2/tutorials/RustROS2/src/install/rosidl_core_runtime:/home/rsanz/git/learning/ros2/tutorials/RustROS2/src/install/rosidl_core_generators:/home/rsanz/git/learning/ros2/tutorials/RustROS2/src/install/rosidl_generator_rs:${AMENT_PREFIX_PATH} CMAKE_PREFIX_PATH=/home/rsanz/git/learning/ros2/tutorials/RustROS2/src/install/builtin_interfaces:/home/rsanz/git/learning/ros2/tutorials/RustROS2/src/install/rosidl_core_runtime:/home/rsanz/git/learning/ros2/tutorials/RustROS2/src/install/rosidl_core_generators:/home/rsanz/git/learning/ros2/tutorials/RustROS2/src/install/rosidl_generator_rs:/opt/ros/jazzy/opt/gz_math_vendor:/opt/ros/jazzy/opt/gz_utils_vendor:/opt/ros/jazzy/opt/gz_cmake_vendor:/opt/ros/jazzy DEBUGINFOD_URLS=https://debuginfod.ubuntu.com LD_LIBRARY_PATH=/home/rsanz/git/learning/ros2/tutorials/RustROS2/src/install/builtin_interfaces/lib:${LD_LIBRARY_PATH} PYTHONPATH=/home/rsanz/git/learning/ros2/tutorials/RustROS2/src/install/builtin_interfaces/lib/python3.12/site-packages:/home/rsanz/git/learning/ros2/tutorials/RustROS2/src/install/rosidl_generator_rs/lib/python3.12/site-packages:${PYTHONPATH} /usr/bin/cmake --install /home/rsanz/git/learning/ros2/tutorials/RustROS2/src/build/service_msgs
[10.124s] Level 1:colcon.colcon_core.environment:checking '/home/rsanz/git/learning/ros2/tutorials/RustROS2/src/install/service_msgs' for CMake config files
[10.125s] Level 1:colcon.colcon_core.shell:create_environment_hook('service_msgs', 'cmake_prefix_path')
[10.125s] INFO:colcon.colcon_core.shell:Creating environment hook '/home/rsanz/git/learning/ros2/tutorials/RustROS2/src/install/service_msgs/share/service_msgs/hook/cmake_prefix_path.ps1'
[10.125s] INFO:colcon.colcon_core.shell:Creating environment descriptor '/home/rsanz/git/learning/ros2/tutorials/RustROS2/src/install/service_msgs/share/service_msgs/hook/cmake_prefix_path.dsv'
[10.125s] INFO:colcon.colcon_core.shell:Creating environment hook '/home/rsanz/git/learning/ros2/tutorials/RustROS2/src/install/service_msgs/share/service_msgs/hook/cmake_prefix_path.sh'
[10.126s] Level 1:colcon.colcon_core.environment:checking '/home/rsanz/git/learning/ros2/tutorials/RustROS2/src/install/service_msgs/lib'
[10.126s] Level 1:colcon.colcon_core.shell:create_environment_hook('service_msgs', 'ld_library_path_lib')
[10.126s] INFO:colcon.colcon_core.shell:Creating environment hook '/home/rsanz/git/learning/ros2/tutorials/RustROS2/src/install/service_msgs/share/service_msgs/hook/ld_library_path_lib.ps1'
[10.126s] INFO:colcon.colcon_core.shell:Creating environment descriptor '/home/rsanz/git/learning/ros2/tutorials/RustROS2/src/install/service_msgs/share/service_msgs/hook/ld_library_path_lib.dsv'
[10.126s] INFO:colcon.colcon_core.shell:Creating environment hook '/home/rsanz/git/learning/ros2/tutorials/RustROS2/src/install/service_msgs/share/service_msgs/hook/ld_library_path_lib.sh'
[10.126s] Level 1:colcon.colcon_core.environment:checking '/home/rsanz/git/learning/ros2/tutorials/RustROS2/src/install/service_msgs/bin'
[10.126s] Level 1:colcon.colcon_core.environment:checking '/home/rsanz/git/learning/ros2/tutorials/RustROS2/src/install/service_msgs/lib/pkgconfig/service_msgs.pc'
[10.127s] Level 1:colcon.colcon_core.environment:checking '/home/rsanz/git/learning/ros2/tutorials/RustROS2/src/install/service_msgs/lib/python3.12/site-packages'
[10.127s] Level 1:colcon.colcon_core.shell:create_environment_hook('service_msgs', 'pythonpath')
[10.127s] INFO:colcon.colcon_core.shell:Creating environment hook '/home/rsanz/git/learning/ros2/tutorials/RustROS2/src/install/service_msgs/share/service_msgs/hook/pythonpath.ps1'
[10.127s] INFO:colcon.colcon_core.shell:Creating environment descriptor '/home/rsanz/git/learning/ros2/tutorials/RustROS2/src/install/service_msgs/share/service_msgs/hook/pythonpath.dsv'
[10.127s] INFO:colcon.colcon_core.shell:Creating environment hook '/home/rsanz/git/learning/ros2/tutorials/RustROS2/src/install/service_msgs/share/service_msgs/hook/pythonpath.sh'
[10.128s] Level 1:colcon.colcon_core.environment:checking '/home/rsanz/git/learning/ros2/tutorials/RustROS2/src/install/service_msgs/bin'
[10.128s] INFO:colcon.colcon_core.shell:Creating package script '/home/rsanz/git/learning/ros2/tutorials/RustROS2/src/install/service_msgs/share/service_msgs/package.ps1'
[10.128s] INFO:colcon.colcon_core.shell:Creating package descriptor '/home/rsanz/git/learning/ros2/tutorials/RustROS2/src/install/service_msgs/share/service_msgs/package.dsv'
[10.128s] INFO:colcon.colcon_core.shell:Creating package script '/home/rsanz/git/learning/ros2/tutorials/RustROS2/src/install/service_msgs/share/service_msgs/package.sh'
[10.129s] INFO:colcon.colcon_core.shell:Creating package script '/home/rsanz/git/learning/ros2/tutorials/RustROS2/src/install/service_msgs/share/service_msgs/package.bash'
[10.129s] INFO:colcon.colcon_core.shell:Creating package script '/home/rsanz/git/learning/ros2/tutorials/RustROS2/src/install/service_msgs/share/service_msgs/package.zsh'
[10.129s] Level 1:colcon.colcon_core.environment:create_file_with_runtime_dependencies(/home/rsanz/git/learning/ros2/tutorials/RustROS2/src/install/service_msgs/share/colcon-core/packages/service_msgs)
[10.129s] Level 1:colcon.colcon_core.environment:create_environment_scripts_only(service_msgs)
[10.130s] Level 1:colcon.colcon_core.environment:checking '/home/rsanz/git/learning/ros2/tutorials/RustROS2/src/install/service_msgs' for CMake module files
[10.130s] Level 1:colcon.colcon_core.environment:checking '/home/rsanz/git/learning/ros2/tutorials/RustROS2/src/install/service_msgs' for CMake config files
[10.130s] Level 1:colcon.colcon_core.shell:create_environment_hook('service_msgs', 'cmake_prefix_path')
[10.131s] INFO:colcon.colcon_core.shell:Creating environment hook '/home/rsanz/git/learning/ros2/tutorials/RustROS2/src/install/service_msgs/share/service_msgs/hook/cmake_prefix_path.ps1'
[10.131s] INFO:colcon.colcon_core.shell:Creating environment descriptor '/home/rsanz/git/learning/ros2/tutorials/RustROS2/src/install/service_msgs/share/service_msgs/hook/cmake_prefix_path.dsv'
[10.131s] INFO:colcon.colcon_core.shell:Creating environment hook '/home/rsanz/git/learning/ros2/tutorials/RustROS2/src/install/service_msgs/share/service_msgs/hook/cmake_prefix_path.sh'
[10.131s] Level 1:colcon.colcon_core.environment:checking '/home/rsanz/git/learning/ros2/tutorials/RustROS2/src/install/service_msgs/lib'
[10.131s] Level 1:colcon.colcon_core.shell:create_environment_hook('service_msgs', 'ld_library_path_lib')
[10.132s] INFO:colcon.colcon_core.shell:Creating environment hook '/home/rsanz/git/learning/ros2/tutorials/RustROS2/src/install/service_msgs/share/service_msgs/hook/ld_library_path_lib.ps1'
[10.132s] INFO:colcon.colcon_core.shell:Creating environment descriptor '/home/rsanz/git/learning/ros2/tutorials/RustROS2/src/install/service_msgs/share/service_msgs/hook/ld_library_path_lib.dsv'
[10.132s] INFO:colcon.colcon_core.shell:Creating environment hook '/home/rsanz/git/learning/ros2/tutorials/RustROS2/src/install/service_msgs/share/service_msgs/hook/ld_library_path_lib.sh'
[10.132s] Level 1:colcon.colcon_core.environment:checking '/home/rsanz/git/learning/ros2/tutorials/RustROS2/src/install/service_msgs/bin'
[10.132s] Level 1:colcon.colcon_core.environment:checking '/home/rsanz/git/learning/ros2/tutorials/RustROS2/src/install/service_msgs/lib/pkgconfig/service_msgs.pc'
[10.133s] Level 1:colcon.colcon_core.environment:checking '/home/rsanz/git/learning/ros2/tutorials/RustROS2/src/install/service_msgs/lib/python3.12/site-packages'
[10.133s] Level 1:colcon.colcon_core.shell:create_environment_hook('service_msgs', 'pythonpath')
[10.133s] INFO:colcon.colcon_core.shell:Creating environment hook '/home/rsanz/git/learning/ros2/tutorials/RustROS2/src/install/service_msgs/share/service_msgs/hook/pythonpath.ps1'
[10.133s] INFO:colcon.colcon_core.shell:Creating environment descriptor '/home/rsanz/git/learning/ros2/tutorials/RustROS2/src/install/service_msgs/share/service_msgs/hook/pythonpath.dsv'
[10.133s] INFO:colcon.colcon_core.shell:Creating environment hook '/home/rsanz/git/learning/ros2/tutorials/RustROS2/src/install/service_msgs/share/service_msgs/hook/pythonpath.sh'
[10.134s] Level 1:colcon.colcon_core.environment:checking '/home/rsanz/git/learning/ros2/tutorials/RustROS2/src/install/service_msgs/bin'
[10.134s] INFO:colcon.colcon_core.shell:Creating package script '/home/rsanz/git/learning/ros2/tutorials/RustROS2/src/install/service_msgs/share/service_msgs/package.ps1'
[10.134s] INFO:colcon.colcon_core.shell:Creating package descriptor '/home/rsanz/git/learning/ros2/tutorials/RustROS2/src/install/service_msgs/share/service_msgs/package.dsv'
[10.134s] INFO:colcon.colcon_core.shell:Creating package script '/home/rsanz/git/learning/ros2/tutorials/RustROS2/src/install/service_msgs/share/service_msgs/package.sh'
[10.135s] INFO:colcon.colcon_core.shell:Creating package script '/home/rsanz/git/learning/ros2/tutorials/RustROS2/src/install/service_msgs/share/service_msgs/package.bash'
[10.135s] INFO:colcon.colcon_core.shell:Creating package script '/home/rsanz/git/learning/ros2/tutorials/RustROS2/src/install/service_msgs/share/service_msgs/package.zsh'
[10.135s] Level 1:colcon.colcon_core.environment:create_file_with_runtime_dependencies(/home/rsanz/git/learning/ros2/tutorials/RustROS2/src/install/service_msgs/share/colcon-core/packages/service_msgs)
[10.135s] INFO:colcon.colcon_ros.task.ament_cmake.build:Building ROS package in '/home/rsanz/git/learning/ros2/tutorials/RustROS2/src/rcl_interfaces/action_msgs' with build type 'ament_cmake'
[10.136s] INFO:colcon.colcon_cmake.task.cmake.build:Building CMake package in '/home/rsanz/git/learning/ros2/tutorials/RustROS2/src/rcl_interfaces/action_msgs'
[10.136s] INFO:colcon.colcon_core.shell:Skip shell extension 'powershell' for command environment: Not usable outside of PowerShell
[10.136s] DEBUG:colcon.colcon_core.shell:Skip shell extension 'dsv' for command environment
[10.152s] DEBUG:colcon.colcon_core.event_handler.log_command:Invoking command in '/home/rsanz/git/learning/ros2/tutorials/RustROS2/src/build/action_msgs': AMENT_PREFIX_PATH=/home/rsanz/git/learning/ros2/tutorials/RustROS2/src/install/service_msgs:/home/rsanz/git/learning/ros2/tutorials/RustROS2/src/install/unique_identifier_msgs:/home/rsanz/git/learning/ros2/tutorials/RustROS2/src/install/builtin_interfaces:/home/rsanz/git/learning/ros2/tutorials/RustROS2/src/install/rosidl_core_runtime:/home/rsanz/git/learning/ros2/tutorials/RustROS2/src/install/rosidl_core_generators:/home/rsanz/git/learning/ros2/tutorials/RustROS2/src/install/rosidl_generator_rs:${AMENT_PREFIX_PATH} CMAKE_PREFIX_PATH=/home/rsanz/git/learning/ros2/tutorials/RustROS2/src/install/service_msgs:/home/rsanz/git/learning/ros2/tutorials/RustROS2/src/install/unique_identifier_msgs:/home/rsanz/git/learning/ros2/tutorials/RustROS2/src/install/builtin_interfaces:/home/rsanz/git/learning/ros2/tutorials/RustROS2/src/install/rosidl_core_runtime:/home/rsanz/git/learning/ros2/tutorials/RustROS2/src/install/rosidl_core_generators:/home/rsanz/git/learning/ros2/tutorials/RustROS2/src/install/rosidl_generator_rs:/opt/ros/jazzy/opt/gz_math_vendor:/opt/ros/jazzy/opt/gz_utils_vendor:/opt/ros/jazzy/opt/gz_cmake_vendor:/opt/ros/jazzy DEBUGINFOD_URLS=https://debuginfod.ubuntu.com LD_LIBRARY_PATH=/home/rsanz/git/learning/ros2/tutorials/RustROS2/src/install/service_msgs/lib:/home/rsanz/git/learning/ros2/tutorials/RustROS2/src/install/unique_identifier_msgs/lib:/home/rsanz/git/learning/ros2/tutorials/RustROS2/src/install/builtin_interfaces/lib:${LD_LIBRARY_PATH} PYTHONPATH=/home/rsanz/git/learning/ros2/tutorials/RustROS2/src/install/service_msgs/lib/python3.12/site-packages:/home/rsanz/git/learning/ros2/tutorials/RustROS2/src/install/unique_identifier_msgs/lib/python3.12/site-packages:/home/rsanz/git/learning/ros2/tutorials/RustROS2/src/install/builtin_interfaces/lib/python3.12/site-packages:/home/rsanz/git/learning/ros2/tutorials/RustROS2/src/install/rosidl_generator_rs/lib/python3.12/site-packages:${PYTHONPATH} /usr/bin/cmake /home/rsanz/git/learning/ros2/tutorials/RustROS2/src/rcl_interfaces/action_msgs -DCMAKE_INSTALL_PREFIX=/home/rsanz/git/learning/ros2/tutorials/RustROS2/src/install/action_msgs
[12.688s] DEBUG:colcon.colcon_core.event_handler.log_command:Invoked command in '/home/rsanz/git/learning/ros2/tutorials/RustROS2/src/build/action_msgs' returned '0': AMENT_PREFIX_PATH=/home/rsanz/git/learning/ros2/tutorials/RustROS2/src/install/service_msgs:/home/rsanz/git/learning/ros2/tutorials/RustROS2/src/install/unique_identifier_msgs:/home/rsanz/git/learning/ros2/tutorials/RustROS2/src/install/builtin_interfaces:/home/rsanz/git/learning/ros2/tutorials/RustROS2/src/install/rosidl_core_runtime:/home/rsanz/git/learning/ros2/tutorials/RustROS2/src/install/rosidl_core_generators:/home/rsanz/git/learning/ros2/tutorials/RustROS2/src/install/rosidl_generator_rs:${AMENT_PREFIX_PATH} CMAKE_PREFIX_PATH=/home/rsanz/git/learning/ros2/tutorials/RustROS2/src/install/service_msgs:/home/rsanz/git/learning/ros2/tutorials/RustROS2/src/install/unique_identifier_msgs:/home/rsanz/git/learning/ros2/tutorials/RustROS2/src/install/builtin_interfaces:/home/rsanz/git/learning/ros2/tutorials/RustROS2/src/install/rosidl_core_runtime:/home/rsanz/git/learning/ros2/tutorials/RustROS2/src/install/rosidl_core_generators:/home/rsanz/git/learning/ros2/tutorials/RustROS2/src/install/rosidl_generator_rs:/opt/ros/jazzy/opt/gz_math_vendor:/opt/ros/jazzy/opt/gz_utils_vendor:/opt/ros/jazzy/opt/gz_cmake_vendor:/opt/ros/jazzy DEBUGINFOD_URLS=https://debuginfod.ubuntu.com LD_LIBRARY_PATH=/home/rsanz/git/learning/ros2/tutorials/RustROS2/src/install/service_msgs/lib:/home/rsanz/git/learning/ros2/tutorials/RustROS2/src/install/unique_identifier_msgs/lib:/home/rsanz/git/learning/ros2/tutorials/RustROS2/src/install/builtin_interfaces/lib:${LD_LIBRARY_PATH} PYTHONPATH=/home/rsanz/git/learning/ros2/tutorials/RustROS2/src/install/service_msgs/lib/python3.12/site-packages:/home/rsanz/git/learning/ros2/tutorials/RustROS2/src/install/unique_identifier_msgs/lib/python3.12/site-packages:/home/rsanz/git/learning/ros2/tutorials/RustROS2/src/install/builtin_interfaces/lib/python3.12/site-packages:/home/rsanz/git/learning/ros2/tutorials/RustROS2/src/install/rosidl_generator_rs/lib/python3.12/site-packages:${PYTHONPATH} /usr/bin/cmake /home/rsanz/git/learning/ros2/tutorials/RustROS2/src/rcl_interfaces/action_msgs -DCMAKE_INSTALL_PREFIX=/home/rsanz/git/learning/ros2/tutorials/RustROS2/src/install/action_msgs
[12.689s] DEBUG:colcon.colcon_core.event_handler.log_command:Invoking command in '/home/rsanz/git/learning/ros2/tutorials/RustROS2/src/build/action_msgs': AMENT_PREFIX_PATH=/home/rsanz/git/learning/ros2/tutorials/RustROS2/src/install/service_msgs:/home/rsanz/git/learning/ros2/tutorials/RustROS2/src/install/unique_identifier_msgs:/home/rsanz/git/learning/ros2/tutorials/RustROS2/src/install/builtin_interfaces:/home/rsanz/git/learning/ros2/tutorials/RustROS2/src/install/rosidl_core_runtime:/home/rsanz/git/learning/ros2/tutorials/RustROS2/src/install/rosidl_core_generators:/home/rsanz/git/learning/ros2/tutorials/RustROS2/src/install/rosidl_generator_rs:${AMENT_PREFIX_PATH} CMAKE_PREFIX_PATH=/home/rsanz/git/learning/ros2/tutorials/RustROS2/src/install/service_msgs:/home/rsanz/git/learning/ros2/tutorials/RustROS2/src/install/unique_identifier_msgs:/home/rsanz/git/learning/ros2/tutorials/RustROS2/src/install/builtin_interfaces:/home/rsanz/git/learning/ros2/tutorials/RustROS2/src/install/rosidl_core_runtime:/home/rsanz/git/learning/ros2/tutorials/RustROS2/src/install/rosidl_core_generators:/home/rsanz/git/learning/ros2/tutorials/RustROS2/src/install/rosidl_generator_rs:/opt/ros/jazzy/opt/gz_math_vendor:/opt/ros/jazzy/opt/gz_utils_vendor:/opt/ros/jazzy/opt/gz_cmake_vendor:/opt/ros/jazzy DEBUGINFOD_URLS=https://debuginfod.ubuntu.com LD_LIBRARY_PATH=/home/rsanz/git/learning/ros2/tutorials/RustROS2/src/install/service_msgs/lib:/home/rsanz/git/learning/ros2/tutorials/RustROS2/src/install/unique_identifier_msgs/lib:/home/rsanz/git/learning/ros2/tutorials/RustROS2/src/install/builtin_interfaces/lib:${LD_LIBRARY_PATH} PYTHONPATH=/home/rsanz/git/learning/ros2/tutorials/RustROS2/src/install/service_msgs/lib/python3.12/site-packages:/home/rsanz/git/learning/ros2/tutorials/RustROS2/src/install/unique_identifier_msgs/lib/python3.12/site-packages:/home/rsanz/git/learning/ros2/tutorials/RustROS2/src/install/builtin_interfaces/lib/python3.12/site-packages:/home/rsanz/git/learning/ros2/tutorials/RustROS2/src/install/rosidl_generator_rs/lib/python3.12/site-packages:${PYTHONPATH} /usr/bin/cmake --build /home/rsanz/git/learning/ros2/tutorials/RustROS2/src/build/action_msgs -- -j24 -l24
[15.600s] DEBUG:colcon.colcon_core.event_handler.log_command:Invoked command in '/home/rsanz/git/learning/ros2/tutorials/RustROS2/src/build/action_msgs' returned '0': AMENT_PREFIX_PATH=/home/rsanz/git/learning/ros2/tutorials/RustROS2/src/install/service_msgs:/home/rsanz/git/learning/ros2/tutorials/RustROS2/src/install/unique_identifier_msgs:/home/rsanz/git/learning/ros2/tutorials/RustROS2/src/install/builtin_interfaces:/home/rsanz/git/learning/ros2/tutorials/RustROS2/src/install/rosidl_core_runtime:/home/rsanz/git/learning/ros2/tutorials/RustROS2/src/install/rosidl_core_generators:/home/rsanz/git/learning/ros2/tutorials/RustROS2/src/install/rosidl_generator_rs:${AMENT_PREFIX_PATH} CMAKE_PREFIX_PATH=/home/rsanz/git/learning/ros2/tutorials/RustROS2/src/install/service_msgs:/home/rsanz/git/learning/ros2/tutorials/RustROS2/src/install/unique_identifier_msgs:/home/rsanz/git/learning/ros2/tutorials/RustROS2/src/install/builtin_interfaces:/home/rsanz/git/learning/ros2/tutorials/RustROS2/src/install/rosidl_core_runtime:/home/rsanz/git/learning/ros2/tutorials/RustROS2/src/install/rosidl_core_generators:/home/rsanz/git/learning/ros2/tutorials/RustROS2/src/install/rosidl_generator_rs:/opt/ros/jazzy/opt/gz_math_vendor:/opt/ros/jazzy/opt/gz_utils_vendor:/opt/ros/jazzy/opt/gz_cmake_vendor:/opt/ros/jazzy DEBUGINFOD_URLS=https://debuginfod.ubuntu.com LD_LIBRARY_PATH=/home/rsanz/git/learning/ros2/tutorials/RustROS2/src/install/service_msgs/lib:/home/rsanz/git/learning/ros2/tutorials/RustROS2/src/install/unique_identifier_msgs/lib:/home/rsanz/git/learning/ros2/tutorials/RustROS2/src/install/builtin_interfaces/lib:${LD_LIBRARY_PATH} PYTHONPATH=/home/rsanz/git/learning/ros2/tutorials/RustROS2/src/install/service_msgs/lib/python3.12/site-packages:/home/rsanz/git/learning/ros2/tutorials/RustROS2/src/install/unique_identifier_msgs/lib/python3.12/site-packages:/home/rsanz/git/learning/ros2/tutorials/RustROS2/src/install/builtin_interfaces/lib/python3.12/site-packages:/home/rsanz/git/learning/ros2/tutorials/RustROS2/src/install/rosidl_generator_rs/lib/python3.12/site-packages:${PYTHONPATH} /usr/bin/cmake --build /home/rsanz/git/learning/ros2/tutorials/RustROS2/src/build/action_msgs -- -j24 -l24
[15.601s] DEBUG:colcon.colcon_core.event_handler.log_command:Invoking command in '/home/rsanz/git/learning/ros2/tutorials/RustROS2/src/build/action_msgs': AMENT_PREFIX_PATH=/home/rsanz/git/learning/ros2/tutorials/RustROS2/src/install/service_msgs:/home/rsanz/git/learning/ros2/tutorials/RustROS2/src/install/unique_identifier_msgs:/home/rsanz/git/learning/ros2/tutorials/RustROS2/src/install/builtin_interfaces:/home/rsanz/git/learning/ros2/tutorials/RustROS2/src/install/rosidl_core_runtime:/home/rsanz/git/learning/ros2/tutorials/RustROS2/src/install/rosidl_core_generators:/home/rsanz/git/learning/ros2/tutorials/RustROS2/src/install/rosidl_generator_rs:${AMENT_PREFIX_PATH} CMAKE_PREFIX_PATH=/home/rsanz/git/learning/ros2/tutorials/RustROS2/src/install/service_msgs:/home/rsanz/git/learning/ros2/tutorials/RustROS2/src/install/unique_identifier_msgs:/home/rsanz/git/learning/ros2/tutorials/RustROS2/src/install/builtin_interfaces:/home/rsanz/git/learning/ros2/tutorials/RustROS2/src/install/rosidl_core_runtime:/home/rsanz/git/learning/ros2/tutorials/RustROS2/src/install/rosidl_core_generators:/home/rsanz/git/learning/ros2/tutorials/RustROS2/src/install/rosidl_generator_rs:/opt/ros/jazzy/opt/gz_math_vendor:/opt/ros/jazzy/opt/gz_utils_vendor:/opt/ros/jazzy/opt/gz_cmake_vendor:/opt/ros/jazzy DEBUGINFOD_URLS=https://debuginfod.ubuntu.com LD_LIBRARY_PATH=/home/rsanz/git/learning/ros2/tutorials/RustROS2/src/install/service_msgs/lib:/home/rsanz/git/learning/ros2/tutorials/RustROS2/src/install/unique_identifier_msgs/lib:/home/rsanz/git/learning/ros2/tutorials/RustROS2/src/install/builtin_interfaces/lib:${LD_LIBRARY_PATH} PYTHONPATH=/home/rsanz/git/learning/ros2/tutorials/RustROS2/src/install/service_msgs/lib/python3.12/site-packages:/home/rsanz/git/learning/ros2/tutorials/RustROS2/src/install/unique_identifier_msgs/lib/python3.12/site-packages:/home/rsanz/git/learning/ros2/tutorials/RustROS2/src/install/builtin_interfaces/lib/python3.12/site-packages:/home/rsanz/git/learning/ros2/tutorials/RustROS2/src/install/rosidl_generator_rs/lib/python3.12/site-packages:${PYTHONPATH} /usr/bin/cmake --install /home/rsanz/git/learning/ros2/tutorials/RustROS2/src/build/action_msgs
[15.675s] Level 1:colcon.colcon_core.environment:create_environment_scripts_only(action_msgs)
[15.675s] Level 1:colcon.colcon_core.environment:checking '/home/rsanz/git/learning/ros2/tutorials/RustROS2/src/install/action_msgs' for CMake module files
[15.675s] DEBUG:colcon.colcon_core.event_handler.log_command:Invoked command in '/home/rsanz/git/learning/ros2/tutorials/RustROS2/src/build/action_msgs' returned '0': AMENT_PREFIX_PATH=/home/rsanz/git/learning/ros2/tutorials/RustROS2/src/install/service_msgs:/home/rsanz/git/learning/ros2/tutorials/RustROS2/src/install/unique_identifier_msgs:/home/rsanz/git/learning/ros2/tutorials/RustROS2/src/install/builtin_interfaces:/home/rsanz/git/learning/ros2/tutorials/RustROS2/src/install/rosidl_core_runtime:/home/rsanz/git/learning/ros2/tutorials/RustROS2/src/install/rosidl_core_generators:/home/rsanz/git/learning/ros2/tutorials/RustROS2/src/install/rosidl_generator_rs:${AMENT_PREFIX_PATH} CMAKE_PREFIX_PATH=/home/rsanz/git/learning/ros2/tutorials/RustROS2/src/install/service_msgs:/home/rsanz/git/learning/ros2/tutorials/RustROS2/src/install/unique_identifier_msgs:/home/rsanz/git/learning/ros2/tutorials/RustROS2/src/install/builtin_interfaces:/home/rsanz/git/learning/ros2/tutorials/RustROS2/src/install/rosidl_core_runtime:/home/rsanz/git/learning/ros2/tutorials/RustROS2/src/install/rosidl_core_generators:/home/rsanz/git/learning/ros2/tutorials/RustROS2/src/install/rosidl_generator_rs:/opt/ros/jazzy/opt/gz_math_vendor:/opt/ros/jazzy/opt/gz_utils_vendor:/opt/ros/jazzy/opt/gz_cmake_vendor:/opt/ros/jazzy DEBUGINFOD_URLS=https://debuginfod.ubuntu.com LD_LIBRARY_PATH=/home/rsanz/git/learning/ros2/tutorials/RustROS2/src/install/service_msgs/lib:/home/rsanz/git/learning/ros2/tutorials/RustROS2/src/install/unique_identifier_msgs/lib:/home/rsanz/git/learning/ros2/tutorials/RustROS2/src/install/builtin_interfaces/lib:${LD_LIBRARY_PATH} PYTHONPATH=/home/rsanz/git/learning/ros2/tutorials/RustROS2/src/install/service_msgs/lib/python3.12/site-packages:/home/rsanz/git/learning/ros2/tutorials/RustROS2/src/install/unique_identifier_msgs/lib/python3.12/site-packages:/home/rsanz/git/learning/ros2/tutorials/RustROS2/src/install/builtin_interfaces/lib/python3.12/site-packages:/home/rsanz/git/learning/ros2/tutorials/RustROS2/src/install/rosidl_generator_rs/lib/python3.12/site-packages:${PYTHONPATH} /usr/bin/cmake --install /home/rsanz/git/learning/ros2/tutorials/RustROS2/src/build/action_msgs
[15.676s] Level 1:colcon.colcon_core.environment:checking '/home/rsanz/git/learning/ros2/tutorials/RustROS2/src/install/action_msgs' for CMake config files
[15.677s] Level 1:colcon.colcon_core.shell:create_environment_hook('action_msgs', 'cmake_prefix_path')
[15.677s] INFO:colcon.colcon_core.shell:Creating environment hook '/home/rsanz/git/learning/ros2/tutorials/RustROS2/src/install/action_msgs/share/action_msgs/hook/cmake_prefix_path.ps1'
[15.677s] INFO:colcon.colcon_core.shell:Creating environment descriptor '/home/rsanz/git/learning/ros2/tutorials/RustROS2/src/install/action_msgs/share/action_msgs/hook/cmake_prefix_path.dsv'
[15.677s] INFO:colcon.colcon_core.shell:Creating environment hook '/home/rsanz/git/learning/ros2/tutorials/RustROS2/src/install/action_msgs/share/action_msgs/hook/cmake_prefix_path.sh'
[15.678s] Level 1:colcon.colcon_core.environment:checking '/home/rsanz/git/learning/ros2/tutorials/RustROS2/src/install/action_msgs/lib'
[15.678s] Level 1:colcon.colcon_core.shell:create_environment_hook('action_msgs', 'ld_library_path_lib')
[15.678s] INFO:colcon.colcon_core.shell:Creating environment hook '/home/rsanz/git/learning/ros2/tutorials/RustROS2/src/install/action_msgs/share/action_msgs/hook/ld_library_path_lib.ps1'
[15.678s] INFO:colcon.colcon_core.shell:Creating environment descriptor '/home/rsanz/git/learning/ros2/tutorials/RustROS2/src/install/action_msgs/share/action_msgs/hook/ld_library_path_lib.dsv'
[15.678s] INFO:colcon.colcon_core.shell:Creating environment hook '/home/rsanz/git/learning/ros2/tutorials/RustROS2/src/install/action_msgs/share/action_msgs/hook/ld_library_path_lib.sh'
[15.679s] Level 1:colcon.colcon_core.environment:checking '/home/rsanz/git/learning/ros2/tutorials/RustROS2/src/install/action_msgs/bin'
[15.679s] Level 1:colcon.colcon_core.environment:checking '/home/rsanz/git/learning/ros2/tutorials/RustROS2/src/install/action_msgs/lib/pkgconfig/action_msgs.pc'
[15.679s] Level 1:colcon.colcon_core.environment:checking '/home/rsanz/git/learning/ros2/tutorials/RustROS2/src/install/action_msgs/lib/python3.12/site-packages'
[15.679s] Level 1:colcon.colcon_core.shell:create_environment_hook('action_msgs', 'pythonpath')
[15.679s] INFO:colcon.colcon_core.shell:Creating environment hook '/home/rsanz/git/learning/ros2/tutorials/RustROS2/src/install/action_msgs/share/action_msgs/hook/pythonpath.ps1'
[15.679s] INFO:colcon.colcon_core.shell:Creating environment descriptor '/home/rsanz/git/learning/ros2/tutorials/RustROS2/src/install/action_msgs/share/action_msgs/hook/pythonpath.dsv'
[15.680s] INFO:colcon.colcon_core.shell:Creating environment hook '/home/rsanz/git/learning/ros2/tutorials/RustROS2/src/install/action_msgs/share/action_msgs/hook/pythonpath.sh'
[15.680s] Level 1:colcon.colcon_core.environment:checking '/home/rsanz/git/learning/ros2/tutorials/RustROS2/src/install/action_msgs/bin'
[15.680s] INFO:colcon.colcon_core.shell:Creating package script '/home/rsanz/git/learning/ros2/tutorials/RustROS2/src/install/action_msgs/share/action_msgs/package.ps1'
[15.681s] INFO:colcon.colcon_core.shell:Creating package descriptor '/home/rsanz/git/learning/ros2/tutorials/RustROS2/src/install/action_msgs/share/action_msgs/package.dsv'
[15.681s] INFO:colcon.colcon_core.shell:Creating package script '/home/rsanz/git/learning/ros2/tutorials/RustROS2/src/install/action_msgs/share/action_msgs/package.sh'
[15.681s] INFO:colcon.colcon_core.shell:Creating package script '/home/rsanz/git/learning/ros2/tutorials/RustROS2/src/install/action_msgs/share/action_msgs/package.bash'
[15.682s] INFO:colcon.colcon_core.shell:Creating package script '/home/rsanz/git/learning/ros2/tutorials/RustROS2/src/install/action_msgs/share/action_msgs/package.zsh'
[15.682s] Level 1:colcon.colcon_core.environment:create_file_with_runtime_dependencies(/home/rsanz/git/learning/ros2/tutorials/RustROS2/src/install/action_msgs/share/colcon-core/packages/action_msgs)
[15.682s] Level 1:colcon.colcon_core.environment:create_environment_scripts_only(action_msgs)
[15.682s] Level 1:colcon.colcon_core.environment:checking '/home/rsanz/git/learning/ros2/tutorials/RustROS2/src/install/action_msgs' for CMake module files
[15.683s] Level 1:colcon.colcon_core.environment:checking '/home/rsanz/git/learning/ros2/tutorials/RustROS2/src/install/action_msgs' for CMake config files
[15.684s] Level 1:colcon.colcon_core.shell:create_environment_hook('action_msgs', 'cmake_prefix_path')
[15.684s] INFO:colcon.colcon_core.shell:Creating environment hook '/home/rsanz/git/learning/ros2/tutorials/RustROS2/src/install/action_msgs/share/action_msgs/hook/cmake_prefix_path.ps1'
[15.684s] INFO:colcon.colcon_core.shell:Creating environment descriptor '/home/rsanz/git/learning/ros2/tutorials/RustROS2/src/install/action_msgs/share/action_msgs/hook/cmake_prefix_path.dsv'
[15.685s] INFO:colcon.colcon_core.shell:Creating environment hook '/home/rsanz/git/learning/ros2/tutorials/RustROS2/src/install/action_msgs/share/action_msgs/hook/cmake_prefix_path.sh'
[15.685s] Level 1:colcon.colcon_core.environment:checking '/home/rsanz/git/learning/ros2/tutorials/RustROS2/src/install/action_msgs/lib'
[15.685s] Level 1:colcon.colcon_core.shell:create_environment_hook('action_msgs', 'ld_library_path_lib')
[15.685s] INFO:colcon.colcon_core.shell:Creating environment hook '/home/rsanz/git/learning/ros2/tutorials/RustROS2/src/install/action_msgs/share/action_msgs/hook/ld_library_path_lib.ps1'
[15.685s] INFO:colcon.colcon_core.shell:Creating environment descriptor '/home/rsanz/git/learning/ros2/tutorials/RustROS2/src/install/action_msgs/share/action_msgs/hook/ld_library_path_lib.dsv'
[15.686s] INFO:colcon.colcon_core.shell:Creating environment hook '/home/rsanz/git/learning/ros2/tutorials/RustROS2/src/install/action_msgs/share/action_msgs/hook/ld_library_path_lib.sh'
[15.686s] Level 1:colcon.colcon_core.environment:checking '/home/rsanz/git/learning/ros2/tutorials/RustROS2/src/install/action_msgs/bin'
[15.686s] Level 1:colcon.colcon_core.environment:checking '/home/rsanz/git/learning/ros2/tutorials/RustROS2/src/install/action_msgs/lib/pkgconfig/action_msgs.pc'
[15.686s] Level 1:colcon.colcon_core.environment:checking '/home/rsanz/git/learning/ros2/tutorials/RustROS2/src/install/action_msgs/lib/python3.12/site-packages'
[15.686s] Level 1:colcon.colcon_core.shell:create_environment_hook('action_msgs', 'pythonpath')
[15.686s] INFO:colcon.colcon_core.shell:Creating environment hook '/home/rsanz/git/learning/ros2/tutorials/RustROS2/src/install/action_msgs/share/action_msgs/hook/pythonpath.ps1'
[15.687s] INFO:colcon.colcon_core.shell:Creating environment descriptor '/home/rsanz/git/learning/ros2/tutorials/RustROS2/src/install/action_msgs/share/action_msgs/hook/pythonpath.dsv'
[15.687s] INFO:colcon.colcon_core.shell:Creating environment hook '/home/rsanz/git/learning/ros2/tutorials/RustROS2/src/install/action_msgs/share/action_msgs/hook/pythonpath.sh'
[15.687s] Level 1:colcon.colcon_core.environment:checking '/home/rsanz/git/learning/ros2/tutorials/RustROS2/src/install/action_msgs/bin'
[15.687s] INFO:colcon.colcon_core.shell:Creating package script '/home/rsanz/git/learning/ros2/tutorials/RustROS2/src/install/action_msgs/share/action_msgs/package.ps1'
[15.688s] INFO:colcon.colcon_core.shell:Creating package descriptor '/home/rsanz/git/learning/ros2/tutorials/RustROS2/src/install/action_msgs/share/action_msgs/package.dsv'
[15.688s] INFO:colcon.colcon_core.shell:Creating package script '/home/rsanz/git/learning/ros2/tutorials/RustROS2/src/install/action_msgs/share/action_msgs/package.sh'
[15.689s] INFO:colcon.colcon_core.shell:Creating package script '/home/rsanz/git/learning/ros2/tutorials/RustROS2/src/install/action_msgs/share/action_msgs/package.bash'
[15.689s] INFO:colcon.colcon_core.shell:Creating package script '/home/rsanz/git/learning/ros2/tutorials/RustROS2/src/install/action_msgs/share/action_msgs/package.zsh'
[15.689s] Level 1:colcon.colcon_core.environment:create_file_with_runtime_dependencies(/home/rsanz/git/learning/ros2/tutorials/RustROS2/src/install/action_msgs/share/colcon-core/packages/action_msgs)
[15.690s] INFO:colcon.colcon_ros.task.ament_cmake.build:Building ROS package in '/home/rsanz/git/learning/ros2/tutorials/RustROS2/src/rosidl_defaults/rosidl_default_generators' with build type 'ament_cmake'
[15.690s] INFO:colcon.colcon_cmake.task.cmake.build:Building CMake package in '/home/rsanz/git/learning/ros2/tutorials/RustROS2/src/rosidl_defaults/rosidl_default_generators'
[15.690s] INFO:colcon.colcon_core.shell:Skip shell extension 'powershell' for command environment: Not usable outside of PowerShell
[15.690s] DEBUG:colcon.colcon_core.shell:Skip shell extension 'dsv' for command environment
[15.693s] INFO:colcon.colcon_ros.task.ament_cmake.build:Building ROS package in '/home/rsanz/git/learning/ros2/tutorials/RustROS2/src/rosidl_defaults/rosidl_default_runtime' with build type 'ament_cmake'
[15.693s] INFO:colcon.colcon_cmake.task.cmake.build:Building CMake package in '/home/rsanz/git/learning/ros2/tutorials/RustROS2/src/rosidl_defaults/rosidl_default_runtime'
[15.693s] INFO:colcon.colcon_core.shell:Skip shell extension 'powershell' for command environment: Not usable outside of PowerShell
[15.693s] DEBUG:colcon.colcon_core.shell:Skip shell extension 'dsv' for command environment
[15.708s] DEBUG:colcon.colcon_core.event_handler.log_command:Invoking command in '/home/rsanz/git/learning/ros2/tutorials/RustROS2/src/build/rosidl_default_generators': AMENT_PREFIX_PATH=/home/rsanz/git/learning/ros2/tutorials/RustROS2/src/install/action_msgs:/home/rsanz/git/learning/ros2/tutorials/RustROS2/src/install/service_msgs:/home/rsanz/git/learning/ros2/tutorials/RustROS2/src/install/unique_identifier_msgs:/home/rsanz/git/learning/ros2/tutorials/RustROS2/src/install/builtin_interfaces:/home/rsanz/git/learning/ros2/tutorials/RustROS2/src/install/rosidl_core_runtime:/home/rsanz/git/learning/ros2/tutorials/RustROS2/src/install/rosidl_core_generators:/home/rsanz/git/learning/ros2/tutorials/RustROS2/src/install/rosidl_generator_rs:${AMENT_PREFIX_PATH} CMAKE_PREFIX_PATH=/home/rsanz/git/learning/ros2/tutorials/RustROS2/src/install/action_msgs:/home/rsanz/git/learning/ros2/tutorials/RustROS2/src/install/service_msgs:/home/rsanz/git/learning/ros2/tutorials/RustROS2/src/install/unique_identifier_msgs:/home/rsanz/git/learning/ros2/tutorials/RustROS2/src/install/builtin_interfaces:/home/rsanz/git/learning/ros2/tutorials/RustROS2/src/install/rosidl_core_runtime:/home/rsanz/git/learning/ros2/tutorials/RustROS2/src/install/rosidl_core_generators:/home/rsanz/git/learning/ros2/tutorials/RustROS2/src/install/rosidl_generator_rs:/opt/ros/jazzy/opt/gz_math_vendor:/opt/ros/jazzy/opt/gz_utils_vendor:/opt/ros/jazzy/opt/gz_cmake_vendor:/opt/ros/jazzy DEBUGINFOD_URLS=https://debuginfod.ubuntu.com LD_LIBRARY_PATH=/home/rsanz/git/learning/ros2/tutorials/RustROS2/src/install/action_msgs/lib:/home/rsanz/git/learning/ros2/tutorials/RustROS2/src/install/service_msgs/lib:/home/rsanz/git/learning/ros2/tutorials/RustROS2/src/install/unique_identifier_msgs/lib:/home/rsanz/git/learning/ros2/tutorials/RustROS2/src/install/builtin_interfaces/lib:${LD_LIBRARY_PATH} PYTHONPATH=/home/rsanz/git/learning/ros2/tutorials/RustROS2/src/install/action_msgs/lib/python3.12/site-packages:/home/rsanz/git/learning/ros2/tutorials/RustROS2/src/install/service_msgs/lib/python3.12/site-packages:/home/rsanz/git/learning/ros2/tutorials/RustROS2/src/install/unique_identifier_msgs/lib/python3.12/site-packages:/home/rsanz/git/learning/ros2/tutorials/RustROS2/src/install/builtin_interfaces/lib/python3.12/site-packages:/home/rsanz/git/learning/ros2/tutorials/RustROS2/src/install/rosidl_generator_rs/lib/python3.12/site-packages:${PYTHONPATH} /usr/bin/cmake /home/rsanz/git/learning/ros2/tutorials/RustROS2/src/rosidl_defaults/rosidl_default_generators -DCMAKE_INSTALL_PREFIX=/home/rsanz/git/learning/ros2/tutorials/RustROS2/src/install/rosidl_default_generators
[15.710s] DEBUG:colcon.colcon_core.event_handler.log_command:Invoking command in '/home/rsanz/git/learning/ros2/tutorials/RustROS2/src/build/rosidl_default_runtime': AMENT_PREFIX_PATH=/home/rsanz/git/learning/ros2/tutorials/RustROS2/src/install/action_msgs:/home/rsanz/git/learning/ros2/tutorials/RustROS2/src/install/service_msgs:/home/rsanz/git/learning/ros2/tutorials/RustROS2/src/install/unique_identifier_msgs:/home/rsanz/git/learning/ros2/tutorials/RustROS2/src/install/builtin_interfaces:/home/rsanz/git/learning/ros2/tutorials/RustROS2/src/install/rosidl_core_runtime:/home/rsanz/git/learning/ros2/tutorials/RustROS2/src/install/rosidl_core_generators:/home/rsanz/git/learning/ros2/tutorials/RustROS2/src/install/rosidl_generator_rs:${AMENT_PREFIX_PATH} CMAKE_PREFIX_PATH=/home/rsanz/git/learning/ros2/tutorials/RustROS2/src/install/action_msgs:/home/rsanz/git/learning/ros2/tutorials/RustROS2/src/install/service_msgs:/home/rsanz/git/learning/ros2/tutorials/RustROS2/src/install/unique_identifier_msgs:/home/rsanz/git/learning/ros2/tutorials/RustROS2/src/install/builtin_interfaces:/home/rsanz/git/learning/ros2/tutorials/RustROS2/src/install/rosidl_core_runtime:/home/rsanz/git/learning/ros2/tutorials/RustROS2/src/install/rosidl_core_generators:/home/rsanz/git/learning/ros2/tutorials/RustROS2/src/install/rosidl_generator_rs:/opt/ros/jazzy/opt/gz_math_vendor:/opt/ros/jazzy/opt/gz_utils_vendor:/opt/ros/jazzy/opt/gz_cmake_vendor:/opt/ros/jazzy DEBUGINFOD_URLS=https://debuginfod.ubuntu.com LD_LIBRARY_PATH=/home/rsanz/git/learning/ros2/tutorials/RustROS2/src/install/action_msgs/lib:/home/rsanz/git/learning/ros2/tutorials/RustROS2/src/install/service_msgs/lib:/home/rsanz/git/learning/ros2/tutorials/RustROS2/src/install/unique_identifier_msgs/lib:/home/rsanz/git/learning/ros2/tutorials/RustROS2/src/install/builtin_interfaces/lib:${LD_LIBRARY_PATH} PYTHONPATH=/home/rsanz/git/learning/ros2/tutorials/RustROS2/src/install/action_msgs/lib/python3.12/site-packages:/home/rsanz/git/learning/ros2/tutorials/RustROS2/src/install/service_msgs/lib/python3.12/site-packages:/home/rsanz/git/learning/ros2/tutorials/RustROS2/src/install/unique_identifier_msgs/lib/python3.12/site-packages:/home/rsanz/git/learning/ros2/tutorials/RustROS2/src/install/builtin_interfaces/lib/python3.12/site-packages:/home/rsanz/git/learning/ros2/tutorials/RustROS2/src/install/rosidl_generator_rs/lib/python3.12/site-packages:${PYTHONPATH} /usr/bin/cmake /home/rsanz/git/learning/ros2/tutorials/RustROS2/src/rosidl_defaults/rosidl_default_runtime -DCMAKE_INSTALL_PREFIX=/home/rsanz/git/learning/ros2/tutorials/RustROS2/src/install/rosidl_default_runtime
[16.045s] DEBUG:colcon.colcon_core.event_handler.log_command:Invoked command in '/home/rsanz/git/learning/ros2/tutorials/RustROS2/src/build/rosidl_default_generators' returned '0': AMENT_PREFIX_PATH=/home/rsanz/git/learning/ros2/tutorials/RustROS2/src/install/action_msgs:/home/rsanz/git/learning/ros2/tutorials/RustROS2/src/install/service_msgs:/home/rsanz/git/learning/ros2/tutorials/RustROS2/src/install/unique_identifier_msgs:/home/rsanz/git/learning/ros2/tutorials/RustROS2/src/install/builtin_interfaces:/home/rsanz/git/learning/ros2/tutorials/RustROS2/src/install/rosidl_core_runtime:/home/rsanz/git/learning/ros2/tutorials/RustROS2/src/install/rosidl_core_generators:/home/rsanz/git/learning/ros2/tutorials/RustROS2/src/install/rosidl_generator_rs:${AMENT_PREFIX_PATH} CMAKE_PREFIX_PATH=/home/rsanz/git/learning/ros2/tutorials/RustROS2/src/install/action_msgs:/home/rsanz/git/learning/ros2/tutorials/RustROS2/src/install/service_msgs:/home/rsanz/git/learning/ros2/tutorials/RustROS2/src/install/unique_identifier_msgs:/home/rsanz/git/learning/ros2/tutorials/RustROS2/src/install/builtin_interfaces:/home/rsanz/git/learning/ros2/tutorials/RustROS2/src/install/rosidl_core_runtime:/home/rsanz/git/learning/ros2/tutorials/RustROS2/src/install/rosidl_core_generators:/home/rsanz/git/learning/ros2/tutorials/RustROS2/src/install/rosidl_generator_rs:/opt/ros/jazzy/opt/gz_math_vendor:/opt/ros/jazzy/opt/gz_utils_vendor:/opt/ros/jazzy/opt/gz_cmake_vendor:/opt/ros/jazzy DEBUGINFOD_URLS=https://debuginfod.ubuntu.com LD_LIBRARY_PATH=/home/rsanz/git/learning/ros2/tutorials/RustROS2/src/install/action_msgs/lib:/home/rsanz/git/learning/ros2/tutorials/RustROS2/src/install/service_msgs/lib:/home/rsanz/git/learning/ros2/tutorials/RustROS2/src/install/unique_identifier_msgs/lib:/home/rsanz/git/learning/ros2/tutorials/RustROS2/src/install/builtin_interfaces/lib:${LD_LIBRARY_PATH} PYTHONPATH=/home/rsanz/git/learning/ros2/tutorials/RustROS2/src/install/action_msgs/lib/python3.12/site-packages:/home/rsanz/git/learning/ros2/tutorials/RustROS2/src/install/service_msgs/lib/python3.12/site-packages:/home/rsanz/git/learning/ros2/tutorials/RustROS2/src/install/unique_identifier_msgs/lib/python3.12/site-packages:/home/rsanz/git/learning/ros2/tutorials/RustROS2/src/install/builtin_interfaces/lib/python3.12/site-packages:/home/rsanz/git/learning/ros2/tutorials/RustROS2/src/install/rosidl_generator_rs/lib/python3.12/site-packages:${PYTHONPATH} /usr/bin/cmake /home/rsanz/git/learning/ros2/tutorials/RustROS2/src/rosidl_defaults/rosidl_default_generators -DCMAKE_INSTALL_PREFIX=/home/rsanz/git/learning/ros2/tutorials/RustROS2/src/install/rosidl_default_generators
[16.046s] DEBUG:colcon.colcon_core.event_handler.log_command:Invoking command in '/home/rsanz/git/learning/ros2/tutorials/RustROS2/src/build/rosidl_default_generators': AMENT_PREFIX_PATH=/home/rsanz/git/learning/ros2/tutorials/RustROS2/src/install/action_msgs:/home/rsanz/git/learning/ros2/tutorials/RustROS2/src/install/service_msgs:/home/rsanz/git/learning/ros2/tutorials/RustROS2/src/install/unique_identifier_msgs:/home/rsanz/git/learning/ros2/tutorials/RustROS2/src/install/builtin_interfaces:/home/rsanz/git/learning/ros2/tutorials/RustROS2/src/install/rosidl_core_runtime:/home/rsanz/git/learning/ros2/tutorials/RustROS2/src/install/rosidl_core_generators:/home/rsanz/git/learning/ros2/tutorials/RustROS2/src/install/rosidl_generator_rs:${AMENT_PREFIX_PATH} CMAKE_PREFIX_PATH=/home/rsanz/git/learning/ros2/tutorials/RustROS2/src/install/action_msgs:/home/rsanz/git/learning/ros2/tutorials/RustROS2/src/install/service_msgs:/home/rsanz/git/learning/ros2/tutorials/RustROS2/src/install/unique_identifier_msgs:/home/rsanz/git/learning/ros2/tutorials/RustROS2/src/install/builtin_interfaces:/home/rsanz/git/learning/ros2/tutorials/RustROS2/src/install/rosidl_core_runtime:/home/rsanz/git/learning/ros2/tutorials/RustROS2/src/install/rosidl_core_generators:/home/rsanz/git/learning/ros2/tutorials/RustROS2/src/install/rosidl_generator_rs:/opt/ros/jazzy/opt/gz_math_vendor:/opt/ros/jazzy/opt/gz_utils_vendor:/opt/ros/jazzy/opt/gz_cmake_vendor:/opt/ros/jazzy DEBUGINFOD_URLS=https://debuginfod.ubuntu.com LD_LIBRARY_PATH=/home/rsanz/git/learning/ros2/tutorials/RustROS2/src/install/action_msgs/lib:/home/rsanz/git/learning/ros2/tutorials/RustROS2/src/install/service_msgs/lib:/home/rsanz/git/learning/ros2/tutorials/RustROS2/src/install/unique_identifier_msgs/lib:/home/rsanz/git/learning/ros2/tutorials/RustROS2/src/install/builtin_interfaces/lib:${LD_LIBRARY_PATH} PYTHONPATH=/home/rsanz/git/learning/ros2/tutorials/RustROS2/src/install/action_msgs/lib/python3.12/site-packages:/home/rsanz/git/learning/ros2/tutorials/RustROS2/src/install/service_msgs/lib/python3.12/site-packages:/home/rsanz/git/learning/ros2/tutorials/RustROS2/src/install/unique_identifier_msgs/lib/python3.12/site-packages:/home/rsanz/git/learning/ros2/tutorials/RustROS2/src/install/builtin_interfaces/lib/python3.12/site-packages:/home/rsanz/git/learning/ros2/tutorials/RustROS2/src/install/rosidl_generator_rs/lib/python3.12/site-packages:${PYTHONPATH} /usr/bin/cmake --build /home/rsanz/git/learning/ros2/tutorials/RustROS2/src/build/rosidl_default_generators -- -j24 -l24
[16.052s] DEBUG:colcon.colcon_core.event_handler.log_command:Invoked command in '/home/rsanz/git/learning/ros2/tutorials/RustROS2/src/build/rosidl_default_runtime' returned '0': AMENT_PREFIX_PATH=/home/rsanz/git/learning/ros2/tutorials/RustROS2/src/install/action_msgs:/home/rsanz/git/learning/ros2/tutorials/RustROS2/src/install/service_msgs:/home/rsanz/git/learning/ros2/tutorials/RustROS2/src/install/unique_identifier_msgs:/home/rsanz/git/learning/ros2/tutorials/RustROS2/src/install/builtin_interfaces:/home/rsanz/git/learning/ros2/tutorials/RustROS2/src/install/rosidl_core_runtime:/home/rsanz/git/learning/ros2/tutorials/RustROS2/src/install/rosidl_core_generators:/home/rsanz/git/learning/ros2/tutorials/RustROS2/src/install/rosidl_generator_rs:${AMENT_PREFIX_PATH} CMAKE_PREFIX_PATH=/home/rsanz/git/learning/ros2/tutorials/RustROS2/src/install/action_msgs:/home/rsanz/git/learning/ros2/tutorials/RustROS2/src/install/service_msgs:/home/rsanz/git/learning/ros2/tutorials/RustROS2/src/install/unique_identifier_msgs:/home/rsanz/git/learning/ros2/tutorials/RustROS2/src/install/builtin_interfaces:/home/rsanz/git/learning/ros2/tutorials/RustROS2/src/install/rosidl_core_runtime:/home/rsanz/git/learning/ros2/tutorials/RustROS2/src/install/rosidl_core_generators:/home/rsanz/git/learning/ros2/tutorials/RustROS2/src/install/rosidl_generator_rs:/opt/ros/jazzy/opt/gz_math_vendor:/opt/ros/jazzy/opt/gz_utils_vendor:/opt/ros/jazzy/opt/gz_cmake_vendor:/opt/ros/jazzy DEBUGINFOD_URLS=https://debuginfod.ubuntu.com LD_LIBRARY_PATH=/home/rsanz/git/learning/ros2/tutorials/RustROS2/src/install/action_msgs/lib:/home/rsanz/git/learning/ros2/tutorials/RustROS2/src/install/service_msgs/lib:/home/rsanz/git/learning/ros2/tutorials/RustROS2/src/install/unique_identifier_msgs/lib:/home/rsanz/git/learning/ros2/tutorials/RustROS2/src/install/builtin_interfaces/lib:${LD_LIBRARY_PATH} PYTHONPATH=/home/rsanz/git/learning/ros2/tutorials/RustROS2/src/install/action_msgs/lib/python3.12/site-packages:/home/rsanz/git/learning/ros2/tutorials/RustROS2/src/install/service_msgs/lib/python3.12/site-packages:/home/rsanz/git/learning/ros2/tutorials/RustROS2/src/install/unique_identifier_msgs/lib/python3.12/site-packages:/home/rsanz/git/learning/ros2/tutorials/RustROS2/src/install/builtin_interfaces/lib/python3.12/site-packages:/home/rsanz/git/learning/ros2/tutorials/RustROS2/src/install/rosidl_generator_rs/lib/python3.12/site-packages:${PYTHONPATH} /usr/bin/cmake /home/rsanz/git/learning/ros2/tutorials/RustROS2/src/rosidl_defaults/rosidl_default_runtime -DCMAKE_INSTALL_PREFIX=/home/rsanz/git/learning/ros2/tutorials/RustROS2/src/install/rosidl_default_runtime
[16.053s] DEBUG:colcon.colcon_core.event_handler.log_command:Invoking command in '/home/rsanz/git/learning/ros2/tutorials/RustROS2/src/build/rosidl_default_runtime': AMENT_PREFIX_PATH=/home/rsanz/git/learning/ros2/tutorials/RustROS2/src/install/action_msgs:/home/rsanz/git/learning/ros2/tutorials/RustROS2/src/install/service_msgs:/home/rsanz/git/learning/ros2/tutorials/RustROS2/src/install/unique_identifier_msgs:/home/rsanz/git/learning/ros2/tutorials/RustROS2/src/install/builtin_interfaces:/home/rsanz/git/learning/ros2/tutorials/RustROS2/src/install/rosidl_core_runtime:/home/rsanz/git/learning/ros2/tutorials/RustROS2/src/install/rosidl_core_generators:/home/rsanz/git/learning/ros2/tutorials/RustROS2/src/install/rosidl_generator_rs:${AMENT_PREFIX_PATH} CMAKE_PREFIX_PATH=/home/rsanz/git/learning/ros2/tutorials/RustROS2/src/install/action_msgs:/home/rsanz/git/learning/ros2/tutorials/RustROS2/src/install/service_msgs:/home/rsanz/git/learning/ros2/tutorials/RustROS2/src/install/unique_identifier_msgs:/home/rsanz/git/learning/ros2/tutorials/RustROS2/src/install/builtin_interfaces:/home/rsanz/git/learning/ros2/tutorials/RustROS2/src/install/rosidl_core_runtime:/home/rsanz/git/learning/ros2/tutorials/RustROS2/src/install/rosidl_core_generators:/home/rsanz/git/learning/ros2/tutorials/RustROS2/src/install/rosidl_generator_rs:/opt/ros/jazzy/opt/gz_math_vendor:/opt/ros/jazzy/opt/gz_utils_vendor:/opt/ros/jazzy/opt/gz_cmake_vendor:/opt/ros/jazzy DEBUGINFOD_URLS=https://debuginfod.ubuntu.com LD_LIBRARY_PATH=/home/rsanz/git/learning/ros2/tutorials/RustROS2/src/install/action_msgs/lib:/home/rsanz/git/learning/ros2/tutorials/RustROS2/src/install/service_msgs/lib:/home/rsanz/git/learning/ros2/tutorials/RustROS2/src/install/unique_identifier_msgs/lib:/home/rsanz/git/learning/ros2/tutorials/RustROS2/src/install/builtin_interfaces/lib:${LD_LIBRARY_PATH} PYTHONPATH=/home/rsanz/git/learning/ros2/tutorials/RustROS2/src/install/action_msgs/lib/python3.12/site-packages:/home/rsanz/git/learning/ros2/tutorials/RustROS2/src/install/service_msgs/lib/python3.12/site-packages:/home/rsanz/git/learning/ros2/tutorials/RustROS2/src/install/unique_identifier_msgs/lib/python3.12/site-packages:/home/rsanz/git/learning/ros2/tutorials/RustROS2/src/install/builtin_interfaces/lib/python3.12/site-packages:/home/rsanz/git/learning/ros2/tutorials/RustROS2/src/install/rosidl_generator_rs/lib/python3.12/site-packages:${PYTHONPATH} /usr/bin/cmake --build /home/rsanz/git/learning/ros2/tutorials/RustROS2/src/build/rosidl_default_runtime -- -j24 -l24
[16.078s] DEBUG:colcon.colcon_core.event_handler.log_command:Invoked command in '/home/rsanz/git/learning/ros2/tutorials/RustROS2/src/build/rosidl_default_generators' returned '0': AMENT_PREFIX_PATH=/home/rsanz/git/learning/ros2/tutorials/RustROS2/src/install/action_msgs:/home/rsanz/git/learning/ros2/tutorials/RustROS2/src/install/service_msgs:/home/rsanz/git/learning/ros2/tutorials/RustROS2/src/install/unique_identifier_msgs:/home/rsanz/git/learning/ros2/tutorials/RustROS2/src/install/builtin_interfaces:/home/rsanz/git/learning/ros2/tutorials/RustROS2/src/install/rosidl_core_runtime:/home/rsanz/git/learning/ros2/tutorials/RustROS2/src/install/rosidl_core_generators:/home/rsanz/git/learning/ros2/tutorials/RustROS2/src/install/rosidl_generator_rs:${AMENT_PREFIX_PATH} CMAKE_PREFIX_PATH=/home/rsanz/git/learning/ros2/tutorials/RustROS2/src/install/action_msgs:/home/rsanz/git/learning/ros2/tutorials/RustROS2/src/install/service_msgs:/home/rsanz/git/learning/ros2/tutorials/RustROS2/src/install/unique_identifier_msgs:/home/rsanz/git/learning/ros2/tutorials/RustROS2/src/install/builtin_interfaces:/home/rsanz/git/learning/ros2/tutorials/RustROS2/src/install/rosidl_core_runtime:/home/rsanz/git/learning/ros2/tutorials/RustROS2/src/install/rosidl_core_generators:/home/rsanz/git/learning/ros2/tutorials/RustROS2/src/install/rosidl_generator_rs:/opt/ros/jazzy/opt/gz_math_vendor:/opt/ros/jazzy/opt/gz_utils_vendor:/opt/ros/jazzy/opt/gz_cmake_vendor:/opt/ros/jazzy DEBUGINFOD_URLS=https://debuginfod.ubuntu.com LD_LIBRARY_PATH=/home/rsanz/git/learning/ros2/tutorials/RustROS2/src/install/action_msgs/lib:/home/rsanz/git/learning/ros2/tutorials/RustROS2/src/install/service_msgs/lib:/home/rsanz/git/learning/ros2/tutorials/RustROS2/src/install/unique_identifier_msgs/lib:/home/rsanz/git/learning/ros2/tutorials/RustROS2/src/install/builtin_interfaces/lib:${LD_LIBRARY_PATH} PYTHONPATH=/home/rsanz/git/learning/ros2/tutorials/RustROS2/src/install/action_msgs/lib/python3.12/site-packages:/home/rsanz/git/learning/ros2/tutorials/RustROS2/src/install/service_msgs/lib/python3.12/site-packages:/home/rsanz/git/learning/ros2/tutorials/RustROS2/src/install/unique_identifier_msgs/lib/python3.12/site-packages:/home/rsanz/git/learning/ros2/tutorials/RustROS2/src/install/builtin_interfaces/lib/python3.12/site-packages:/home/rsanz/git/learning/ros2/tutorials/RustROS2/src/install/rosidl_generator_rs/lib/python3.12/site-packages:${PYTHONPATH} /usr/bin/cmake --build /home/rsanz/git/learning/ros2/tutorials/RustROS2/src/build/rosidl_default_generators -- -j24 -l24
[16.079s] DEBUG:colcon.colcon_core.event_handler.log_command:Invoking command in '/home/rsanz/git/learning/ros2/tutorials/RustROS2/src/build/rosidl_default_generators': AMENT_PREFIX_PATH=/home/rsanz/git/learning/ros2/tutorials/RustROS2/src/install/action_msgs:/home/rsanz/git/learning/ros2/tutorials/RustROS2/src/install/service_msgs:/home/rsanz/git/learning/ros2/tutorials/RustROS2/src/install/unique_identifier_msgs:/home/rsanz/git/learning/ros2/tutorials/RustROS2/src/install/builtin_interfaces:/home/rsanz/git/learning/ros2/tutorials/RustROS2/src/install/rosidl_core_runtime:/home/rsanz/git/learning/ros2/tutorials/RustROS2/src/install/rosidl_core_generators:/home/rsanz/git/learning/ros2/tutorials/RustROS2/src/install/rosidl_generator_rs:${AMENT_PREFIX_PATH} CMAKE_PREFIX_PATH=/home/rsanz/git/learning/ros2/tutorials/RustROS2/src/install/action_msgs:/home/rsanz/git/learning/ros2/tutorials/RustROS2/src/install/service_msgs:/home/rsanz/git/learning/ros2/tutorials/RustROS2/src/install/unique_identifier_msgs:/home/rsanz/git/learning/ros2/tutorials/RustROS2/src/install/builtin_interfaces:/home/rsanz/git/learning/ros2/tutorials/RustROS2/src/install/rosidl_core_runtime:/home/rsanz/git/learning/ros2/tutorials/RustROS2/src/install/rosidl_core_generators:/home/rsanz/git/learning/ros2/tutorials/RustROS2/src/install/rosidl_generator_rs:/opt/ros/jazzy/opt/gz_math_vendor:/opt/ros/jazzy/opt/gz_utils_vendor:/opt/ros/jazzy/opt/gz_cmake_vendor:/opt/ros/jazzy DEBUGINFOD_URLS=https://debuginfod.ubuntu.com LD_LIBRARY_PATH=/home/rsanz/git/learning/ros2/tutorials/RustROS2/src/install/action_msgs/lib:/home/rsanz/git/learning/ros2/tutorials/RustROS2/src/install/service_msgs/lib:/home/rsanz/git/learning/ros2/tutorials/RustROS2/src/install/unique_identifier_msgs/lib:/home/rsanz/git/learning/ros2/tutorials/RustROS2/src/install/builtin_interfaces/lib:${LD_LIBRARY_PATH} PYTHONPATH=/home/rsanz/git/learning/ros2/tutorials/RustROS2/src/install/action_msgs/lib/python3.12/site-packages:/home/rsanz/git/learning/ros2/tutorials/RustROS2/src/install/service_msgs/lib/python3.12/site-packages:/home/rsanz/git/learning/ros2/tutorials/RustROS2/src/install/unique_identifier_msgs/lib/python3.12/site-packages:/home/rsanz/git/learning/ros2/tutorials/RustROS2/src/install/builtin_interfaces/lib/python3.12/site-packages:/home/rsanz/git/learning/ros2/tutorials/RustROS2/src/install/rosidl_generator_rs/lib/python3.12/site-packages:${PYTHONPATH} /usr/bin/cmake --install /home/rsanz/git/learning/ros2/tutorials/RustROS2/src/build/rosidl_default_generators
[16.086s] DEBUG:colcon.colcon_core.event_handler.log_command:Invoked command in '/home/rsanz/git/learning/ros2/tutorials/RustROS2/src/build/rosidl_default_runtime' returned '0': AMENT_PREFIX_PATH=/home/rsanz/git/learning/ros2/tutorials/RustROS2/src/install/action_msgs:/home/rsanz/git/learning/ros2/tutorials/RustROS2/src/install/service_msgs:/home/rsanz/git/learning/ros2/tutorials/RustROS2/src/install/unique_identifier_msgs:/home/rsanz/git/learning/ros2/tutorials/RustROS2/src/install/builtin_interfaces:/home/rsanz/git/learning/ros2/tutorials/RustROS2/src/install/rosidl_core_runtime:/home/rsanz/git/learning/ros2/tutorials/RustROS2/src/install/rosidl_core_generators:/home/rsanz/git/learning/ros2/tutorials/RustROS2/src/install/rosidl_generator_rs:${AMENT_PREFIX_PATH} CMAKE_PREFIX_PATH=/home/rsanz/git/learning/ros2/tutorials/RustROS2/src/install/action_msgs:/home/rsanz/git/learning/ros2/tutorials/RustROS2/src/install/service_msgs:/home/rsanz/git/learning/ros2/tutorials/RustROS2/src/install/unique_identifier_msgs:/home/rsanz/git/learning/ros2/tutorials/RustROS2/src/install/builtin_interfaces:/home/rsanz/git/learning/ros2/tutorials/RustROS2/src/install/rosidl_core_runtime:/home/rsanz/git/learning/ros2/tutorials/RustROS2/src/install/rosidl_core_generators:/home/rsanz/git/learning/ros2/tutorials/RustROS2/src/install/rosidl_generator_rs:/opt/ros/jazzy/opt/gz_math_vendor:/opt/ros/jazzy/opt/gz_utils_vendor:/opt/ros/jazzy/opt/gz_cmake_vendor:/opt/ros/jazzy DEBUGINFOD_URLS=https://debuginfod.ubuntu.com LD_LIBRARY_PATH=/home/rsanz/git/learning/ros2/tutorials/RustROS2/src/install/action_msgs/lib:/home/rsanz/git/learning/ros2/tutorials/RustROS2/src/install/service_msgs/lib:/home/rsanz/git/learning/ros2/tutorials/RustROS2/src/install/unique_identifier_msgs/lib:/home/rsanz/git/learning/ros2/tutorials/RustROS2/src/install/builtin_interfaces/lib:${LD_LIBRARY_PATH} PYTHONPATH=/home/rsanz/git/learning/ros2/tutorials/RustROS2/src/install/action_msgs/lib/python3.12/site-packages:/home/rsanz/git/learning/ros2/tutorials/RustROS2/src/install/service_msgs/lib/python3.12/site-packages:/home/rsanz/git/learning/ros2/tutorials/RustROS2/src/install/unique_identifier_msgs/lib/python3.12/site-packages:/home/rsanz/git/learning/ros2/tutorials/RustROS2/src/install/builtin_interfaces/lib/python3.12/site-packages:/home/rsanz/git/learning/ros2/tutorials/RustROS2/src/install/rosidl_generator_rs/lib/python3.12/site-packages:${PYTHONPATH} /usr/bin/cmake --build /home/rsanz/git/learning/ros2/tutorials/RustROS2/src/build/rosidl_default_runtime -- -j24 -l24
[16.088s] DEBUG:colcon.colcon_core.event_handler.log_command:Invoking command in '/home/rsanz/git/learning/ros2/tutorials/RustROS2/src/build/rosidl_default_runtime': AMENT_PREFIX_PATH=/home/rsanz/git/learning/ros2/tutorials/RustROS2/src/install/action_msgs:/home/rsanz/git/learning/ros2/tutorials/RustROS2/src/install/service_msgs:/home/rsanz/git/learning/ros2/tutorials/RustROS2/src/install/unique_identifier_msgs:/home/rsanz/git/learning/ros2/tutorials/RustROS2/src/install/builtin_interfaces:/home/rsanz/git/learning/ros2/tutorials/RustROS2/src/install/rosidl_core_runtime:/home/rsanz/git/learning/ros2/tutorials/RustROS2/src/install/rosidl_core_generators:/home/rsanz/git/learning/ros2/tutorials/RustROS2/src/install/rosidl_generator_rs:${AMENT_PREFIX_PATH} CMAKE_PREFIX_PATH=/home/rsanz/git/learning/ros2/tutorials/RustROS2/src/install/action_msgs:/home/rsanz/git/learning/ros2/tutorials/RustROS2/src/install/service_msgs:/home/rsanz/git/learning/ros2/tutorials/RustROS2/src/install/unique_identifier_msgs:/home/rsanz/git/learning/ros2/tutorials/RustROS2/src/install/builtin_interfaces:/home/rsanz/git/learning/ros2/tutorials/RustROS2/src/install/rosidl_core_runtime:/home/rsanz/git/learning/ros2/tutorials/RustROS2/src/install/rosidl_core_generators:/home/rsanz/git/learning/ros2/tutorials/RustROS2/src/install/rosidl_generator_rs:/opt/ros/jazzy/opt/gz_math_vendor:/opt/ros/jazzy/opt/gz_utils_vendor:/opt/ros/jazzy/opt/gz_cmake_vendor:/opt/ros/jazzy DEBUGINFOD_URLS=https://debuginfod.ubuntu.com LD_LIBRARY_PATH=/home/rsanz/git/learning/ros2/tutorials/RustROS2/src/install/action_msgs/lib:/home/rsanz/git/learning/ros2/tutorials/RustROS2/src/install/service_msgs/lib:/home/rsanz/git/learning/ros2/tutorials/RustROS2/src/install/unique_identifier_msgs/lib:/home/rsanz/git/learning/ros2/tutorials/RustROS2/src/install/builtin_interfaces/lib:${LD_LIBRARY_PATH} PYTHONPATH=/home/rsanz/git/learning/ros2/tutorials/RustROS2/src/install/action_msgs/lib/python3.12/site-packages:/home/rsanz/git/learning/ros2/tutorials/RustROS2/src/install/service_msgs/lib/python3.12/site-packages:/home/rsanz/git/learning/ros2/tutorials/RustROS2/src/install/unique_identifier_msgs/lib/python3.12/site-packages:/home/rsanz/git/learning/ros2/tutorials/RustROS2/src/install/builtin_interfaces/lib/python3.12/site-packages:/home/rsanz/git/learning/ros2/tutorials/RustROS2/src/install/rosidl_generator_rs/lib/python3.12/site-packages:${PYTHONPATH} /usr/bin/cmake --install /home/rsanz/git/learning/ros2/tutorials/RustROS2/src/build/rosidl_default_runtime
[16.088s] Level 1:colcon.colcon_core.environment:create_environment_scripts_only(rosidl_default_generators)
[16.089s] Level 1:colcon.colcon_core.environment:checking '/home/rsanz/git/learning/ros2/tutorials/RustROS2/src/install/rosidl_default_generators' for CMake module files
[16.089s] DEBUG:colcon.colcon_core.event_handler.log_command:Invoked command in '/home/rsanz/git/learning/ros2/tutorials/RustROS2/src/build/rosidl_default_generators' returned '0': AMENT_PREFIX_PATH=/home/rsanz/git/learning/ros2/tutorials/RustROS2/src/install/action_msgs:/home/rsanz/git/learning/ros2/tutorials/RustROS2/src/install/service_msgs:/home/rsanz/git/learning/ros2/tutorials/RustROS2/src/install/unique_identifier_msgs:/home/rsanz/git/learning/ros2/tutorials/RustROS2/src/install/builtin_interfaces:/home/rsanz/git/learning/ros2/tutorials/RustROS2/src/install/rosidl_core_runtime:/home/rsanz/git/learning/ros2/tutorials/RustROS2/src/install/rosidl_core_generators:/home/rsanz/git/learning/ros2/tutorials/RustROS2/src/install/rosidl_generator_rs:${AMENT_PREFIX_PATH} CMAKE_PREFIX_PATH=/home/rsanz/git/learning/ros2/tutorials/RustROS2/src/install/action_msgs:/home/rsanz/git/learning/ros2/tutorials/RustROS2/src/install/service_msgs:/home/rsanz/git/learning/ros2/tutorials/RustROS2/src/install/unique_identifier_msgs:/home/rsanz/git/learning/ros2/tutorials/RustROS2/src/install/builtin_interfaces:/home/rsanz/git/learning/ros2/tutorials/RustROS2/src/install/rosidl_core_runtime:/home/rsanz/git/learning/ros2/tutorials/RustROS2/src/install/rosidl_core_generators:/home/rsanz/git/learning/ros2/tutorials/RustROS2/src/install/rosidl_generator_rs:/opt/ros/jazzy/opt/gz_math_vendor:/opt/ros/jazzy/opt/gz_utils_vendor:/opt/ros/jazzy/opt/gz_cmake_vendor:/opt/ros/jazzy DEBUGINFOD_URLS=https://debuginfod.ubuntu.com LD_LIBRARY_PATH=/home/rsanz/git/learning/ros2/tutorials/RustROS2/src/install/action_msgs/lib:/home/rsanz/git/learning/ros2/tutorials/RustROS2/src/install/service_msgs/lib:/home/rsanz/git/learning/ros2/tutorials/RustROS2/src/install/unique_identifier_msgs/lib:/home/rsanz/git/learning/ros2/tutorials/RustROS2/src/install/builtin_interfaces/lib:${LD_LIBRARY_PATH} PYTHONPATH=/home/rsanz/git/learning/ros2/tutorials/RustROS2/src/install/action_msgs/lib/python3.12/site-packages:/home/rsanz/git/learning/ros2/tutorials/RustROS2/src/install/service_msgs/lib/python3.12/site-packages:/home/rsanz/git/learning/ros2/tutorials/RustROS2/src/install/unique_identifier_msgs/lib/python3.12/site-packages:/home/rsanz/git/learning/ros2/tutorials/RustROS2/src/install/builtin_interfaces/lib/python3.12/site-packages:/home/rsanz/git/learning/ros2/tutorials/RustROS2/src/install/rosidl_generator_rs/lib/python3.12/site-packages:${PYTHONPATH} /usr/bin/cmake --install /home/rsanz/git/learning/ros2/tutorials/RustROS2/src/build/rosidl_default_generators
[16.090s] Level 1:colcon.colcon_core.environment:checking '/home/rsanz/git/learning/ros2/tutorials/RustROS2/src/install/rosidl_default_generators' for CMake config files
[16.090s] Level 1:colcon.colcon_core.shell:create_environment_hook('rosidl_default_generators', 'cmake_prefix_path')
[16.090s] INFO:colcon.colcon_core.shell:Creating environment hook '/home/rsanz/git/learning/ros2/tutorials/RustROS2/src/install/rosidl_default_generators/share/rosidl_default_generators/hook/cmake_prefix_path.ps1'
[16.090s] INFO:colcon.colcon_core.shell:Creating environment descriptor '/home/rsanz/git/learning/ros2/tutorials/RustROS2/src/install/rosidl_default_generators/share/rosidl_default_generators/hook/cmake_prefix_path.dsv'
[16.091s] INFO:colcon.colcon_core.shell:Creating environment hook '/home/rsanz/git/learning/ros2/tutorials/RustROS2/src/install/rosidl_default_generators/share/rosidl_default_generators/hook/cmake_prefix_path.sh'
[16.091s] Level 1:colcon.colcon_core.environment:checking '/home/rsanz/git/learning/ros2/tutorials/RustROS2/src/install/rosidl_default_generators/bin'
[16.091s] Level 1:colcon.colcon_core.environment:checking '/home/rsanz/git/learning/ros2/tutorials/RustROS2/src/install/rosidl_default_generators/lib/pkgconfig/rosidl_default_generators.pc'
[16.091s] Level 1:colcon.colcon_core.environment:checking '/home/rsanz/git/learning/ros2/tutorials/RustROS2/src/install/rosidl_default_generators/lib/python3.12/site-packages'
[16.092s] Level 1:colcon.colcon_core.environment:checking '/home/rsanz/git/learning/ros2/tutorials/RustROS2/src/install/rosidl_default_generators/bin'
[16.092s] INFO:colcon.colcon_core.shell:Creating package script '/home/rsanz/git/learning/ros2/tutorials/RustROS2/src/install/rosidl_default_generators/share/rosidl_default_generators/package.ps1'
[16.092s] INFO:colcon.colcon_core.shell:Creating package descriptor '/home/rsanz/git/learning/ros2/tutorials/RustROS2/src/install/rosidl_default_generators/share/rosidl_default_generators/package.dsv'
[16.093s] INFO:colcon.colcon_core.shell:Creating package script '/home/rsanz/git/learning/ros2/tutorials/RustROS2/src/install/rosidl_default_generators/share/rosidl_default_generators/package.sh'
[16.093s] INFO:colcon.colcon_core.shell:Creating package script '/home/rsanz/git/learning/ros2/tutorials/RustROS2/src/install/rosidl_default_generators/share/rosidl_default_generators/package.bash'
[16.093s] INFO:colcon.colcon_core.shell:Creating package script '/home/rsanz/git/learning/ros2/tutorials/RustROS2/src/install/rosidl_default_generators/share/rosidl_default_generators/package.zsh'
[16.093s] Level 1:colcon.colcon_core.environment:create_file_with_runtime_dependencies(/home/rsanz/git/learning/ros2/tutorials/RustROS2/src/install/rosidl_default_generators/share/colcon-core/packages/rosidl_default_generators)
[16.094s] Level 1:colcon.colcon_core.environment:create_environment_scripts_only(rosidl_default_generators)
[16.094s] Level 1:colcon.colcon_core.environment:checking '/home/rsanz/git/learning/ros2/tutorials/RustROS2/src/install/rosidl_default_generators' for CMake module files
[16.094s] Level 1:colcon.colcon_core.environment:checking '/home/rsanz/git/learning/ros2/tutorials/RustROS2/src/install/rosidl_default_generators' for CMake config files
[16.095s] Level 1:colcon.colcon_core.shell:create_environment_hook('rosidl_default_generators', 'cmake_prefix_path')
[16.095s] INFO:colcon.colcon_core.shell:Creating environment hook '/home/rsanz/git/learning/ros2/tutorials/RustROS2/src/install/rosidl_default_generators/share/rosidl_default_generators/hook/cmake_prefix_path.ps1'
[16.096s] INFO:colcon.colcon_core.shell:Creating environment descriptor '/home/rsanz/git/learning/ros2/tutorials/RustROS2/src/install/rosidl_default_generators/share/rosidl_default_generators/hook/cmake_prefix_path.dsv'
[16.097s] INFO:colcon.colcon_core.shell:Creating environment hook '/home/rsanz/git/learning/ros2/tutorials/RustROS2/src/install/rosidl_default_generators/share/rosidl_default_generators/hook/cmake_prefix_path.sh'
[16.097s] Level 1:colcon.colcon_core.environment:checking '/home/rsanz/git/learning/ros2/tutorials/RustROS2/src/install/rosidl_default_generators/bin'
[16.097s] Level 1:colcon.colcon_core.environment:checking '/home/rsanz/git/learning/ros2/tutorials/RustROS2/src/install/rosidl_default_generators/lib/pkgconfig/rosidl_default_generators.pc'
[16.098s] Level 1:colcon.colcon_core.environment:checking '/home/rsanz/git/learning/ros2/tutorials/RustROS2/src/install/rosidl_default_generators/lib/python3.12/site-packages'
[16.098s] Level 1:colcon.colcon_core.environment:checking '/home/rsanz/git/learning/ros2/tutorials/RustROS2/src/install/rosidl_default_generators/bin'
[16.098s] INFO:colcon.colcon_core.shell:Creating package script '/home/rsanz/git/learning/ros2/tutorials/RustROS2/src/install/rosidl_default_generators/share/rosidl_default_generators/package.ps1'
[16.098s] INFO:colcon.colcon_core.shell:Creating package descriptor '/home/rsanz/git/learning/ros2/tutorials/RustROS2/src/install/rosidl_default_generators/share/rosidl_default_generators/package.dsv'
[16.099s] INFO:colcon.colcon_core.shell:Creating package script '/home/rsanz/git/learning/ros2/tutorials/RustROS2/src/install/rosidl_default_generators/share/rosidl_default_generators/package.sh'
[16.099s] INFO:colcon.colcon_core.shell:Creating package script '/home/rsanz/git/learning/ros2/tutorials/RustROS2/src/install/rosidl_default_generators/share/rosidl_default_generators/package.bash'
[16.099s] INFO:colcon.colcon_core.shell:Creating package script '/home/rsanz/git/learning/ros2/tutorials/RustROS2/src/install/rosidl_default_generators/share/rosidl_default_generators/package.zsh'
[16.099s] Level 1:colcon.colcon_core.environment:create_file_with_runtime_dependencies(/home/rsanz/git/learning/ros2/tutorials/RustROS2/src/install/rosidl_default_generators/share/colcon-core/packages/rosidl_default_generators)
[16.100s] Level 1:colcon.colcon_core.environment:create_environment_scripts_only(rosidl_default_runtime)
[16.100s] Level 1:colcon.colcon_core.environment:checking '/home/rsanz/git/learning/ros2/tutorials/RustROS2/src/install/rosidl_default_runtime' for CMake module files
[16.101s] DEBUG:colcon.colcon_core.event_handler.log_command:Invoked command in '/home/rsanz/git/learning/ros2/tutorials/RustROS2/src/build/rosidl_default_runtime' returned '0': AMENT_PREFIX_PATH=/home/rsanz/git/learning/ros2/tutorials/RustROS2/src/install/action_msgs:/home/rsanz/git/learning/ros2/tutorials/RustROS2/src/install/service_msgs:/home/rsanz/git/learning/ros2/tutorials/RustROS2/src/install/unique_identifier_msgs:/home/rsanz/git/learning/ros2/tutorials/RustROS2/src/install/builtin_interfaces:/home/rsanz/git/learning/ros2/tutorials/RustROS2/src/install/rosidl_core_runtime:/home/rsanz/git/learning/ros2/tutorials/RustROS2/src/install/rosidl_core_generators:/home/rsanz/git/learning/ros2/tutorials/RustROS2/src/install/rosidl_generator_rs:${AMENT_PREFIX_PATH} CMAKE_PREFIX_PATH=/home/rsanz/git/learning/ros2/tutorials/RustROS2/src/install/action_msgs:/home/rsanz/git/learning/ros2/tutorials/RustROS2/src/install/service_msgs:/home/rsanz/git/learning/ros2/tutorials/RustROS2/src/install/unique_identifier_msgs:/home/rsanz/git/learning/ros2/tutorials/RustROS2/src/install/builtin_interfaces:/home/rsanz/git/learning/ros2/tutorials/RustROS2/src/install/rosidl_core_runtime:/home/rsanz/git/learning/ros2/tutorials/RustROS2/src/install/rosidl_core_generators:/home/rsanz/git/learning/ros2/tutorials/RustROS2/src/install/rosidl_generator_rs:/opt/ros/jazzy/opt/gz_math_vendor:/opt/ros/jazzy/opt/gz_utils_vendor:/opt/ros/jazzy/opt/gz_cmake_vendor:/opt/ros/jazzy DEBUGINFOD_URLS=https://debuginfod.ubuntu.com LD_LIBRARY_PATH=/home/rsanz/git/learning/ros2/tutorials/RustROS2/src/install/action_msgs/lib:/home/rsanz/git/learning/ros2/tutorials/RustROS2/src/install/service_msgs/lib:/home/rsanz/git/learning/ros2/tutorials/RustROS2/src/install/unique_identifier_msgs/lib:/home/rsanz/git/learning/ros2/tutorials/RustROS2/src/install/builtin_interfaces/lib:${LD_LIBRARY_PATH} PYTHONPATH=/home/rsanz/git/learning/ros2/tutorials/RustROS2/src/install/action_msgs/lib/python3.12/site-packages:/home/rsanz/git/learning/ros2/tutorials/RustROS2/src/install/service_msgs/lib/python3.12/site-packages:/home/rsanz/git/learning/ros2/tutorials/RustROS2/src/install/unique_identifier_msgs/lib/python3.12/site-packages:/home/rsanz/git/learning/ros2/tutorials/RustROS2/src/install/builtin_interfaces/lib/python3.12/site-packages:/home/rsanz/git/learning/ros2/tutorials/RustROS2/src/install/rosidl_generator_rs/lib/python3.12/site-packages:${PYTHONPATH} /usr/bin/cmake --install /home/rsanz/git/learning/ros2/tutorials/RustROS2/src/build/rosidl_default_runtime
[16.101s] Level 1:colcon.colcon_core.environment:checking '/home/rsanz/git/learning/ros2/tutorials/RustROS2/src/install/rosidl_default_runtime' for CMake config files
[16.101s] Level 1:colcon.colcon_core.shell:create_environment_hook('rosidl_default_runtime', 'cmake_prefix_path')
[16.102s] INFO:colcon.colcon_core.shell:Creating environment hook '/home/rsanz/git/learning/ros2/tutorials/RustROS2/src/install/rosidl_default_runtime/share/rosidl_default_runtime/hook/cmake_prefix_path.ps1'
[16.102s] INFO:colcon.colcon_core.shell:Creating environment descriptor '/home/rsanz/git/learning/ros2/tutorials/RustROS2/src/install/rosidl_default_runtime/share/rosidl_default_runtime/hook/cmake_prefix_path.dsv'
[16.102s] INFO:colcon.colcon_core.shell:Creating environment hook '/home/rsanz/git/learning/ros2/tutorials/RustROS2/src/install/rosidl_default_runtime/share/rosidl_default_runtime/hook/cmake_prefix_path.sh'
[16.103s] Level 1:colcon.colcon_core.environment:checking '/home/rsanz/git/learning/ros2/tutorials/RustROS2/src/install/rosidl_default_runtime/bin'
[16.103s] Level 1:colcon.colcon_core.environment:checking '/home/rsanz/git/learning/ros2/tutorials/RustROS2/src/install/rosidl_default_runtime/lib/pkgconfig/rosidl_default_runtime.pc'
[16.103s] Level 1:colcon.colcon_core.environment:checking '/home/rsanz/git/learning/ros2/tutorials/RustROS2/src/install/rosidl_default_runtime/lib/python3.12/site-packages'
[16.103s] Level 1:colcon.colcon_core.environment:checking '/home/rsanz/git/learning/ros2/tutorials/RustROS2/src/install/rosidl_default_runtime/bin'
[16.103s] INFO:colcon.colcon_core.shell:Creating package script '/home/rsanz/git/learning/ros2/tutorials/RustROS2/src/install/rosidl_default_runtime/share/rosidl_default_runtime/package.ps1'
[16.103s] INFO:colcon.colcon_core.shell:Creating package descriptor '/home/rsanz/git/learning/ros2/tutorials/RustROS2/src/install/rosidl_default_runtime/share/rosidl_default_runtime/package.dsv'
[16.104s] INFO:colcon.colcon_core.shell:Creating package script '/home/rsanz/git/learning/ros2/tutorials/RustROS2/src/install/rosidl_default_runtime/share/rosidl_default_runtime/package.sh'
[16.104s] INFO:colcon.colcon_core.shell:Creating package script '/home/rsanz/git/learning/ros2/tutorials/RustROS2/src/install/rosidl_default_runtime/share/rosidl_default_runtime/package.bash'
[16.104s] INFO:colcon.colcon_core.shell:Creating package script '/home/rsanz/git/learning/ros2/tutorials/RustROS2/src/install/rosidl_default_runtime/share/rosidl_default_runtime/package.zsh'
[16.104s] Level 1:colcon.colcon_core.environment:create_file_with_runtime_dependencies(/home/rsanz/git/learning/ros2/tutorials/RustROS2/src/install/rosidl_default_runtime/share/colcon-core/packages/rosidl_default_runtime)
[16.105s] Level 1:colcon.colcon_core.environment:create_environment_scripts_only(rosidl_default_runtime)
[16.105s] Level 1:colcon.colcon_core.environment:checking '/home/rsanz/git/learning/ros2/tutorials/RustROS2/src/install/rosidl_default_runtime' for CMake module files
[16.105s] Level 1:colcon.colcon_core.environment:checking '/home/rsanz/git/learning/ros2/tutorials/RustROS2/src/install/rosidl_default_runtime' for CMake config files
[16.105s] Level 1:colcon.colcon_core.shell:create_environment_hook('rosidl_default_runtime', 'cmake_prefix_path')
[16.106s] INFO:colcon.colcon_core.shell:Creating environment hook '/home/rsanz/git/learning/ros2/tutorials/RustROS2/src/install/rosidl_default_runtime/share/rosidl_default_runtime/hook/cmake_prefix_path.ps1'
[16.106s] INFO:colcon.colcon_core.shell:Creating environment descriptor '/home/rsanz/git/learning/ros2/tutorials/RustROS2/src/install/rosidl_default_runtime/share/rosidl_default_runtime/hook/cmake_prefix_path.dsv'
[16.106s] INFO:colcon.colcon_core.shell:Creating environment hook '/home/rsanz/git/learning/ros2/tutorials/RustROS2/src/install/rosidl_default_runtime/share/rosidl_default_runtime/hook/cmake_prefix_path.sh'
[16.106s] Level 1:colcon.colcon_core.environment:checking '/home/rsanz/git/learning/ros2/tutorials/RustROS2/src/install/rosidl_default_runtime/bin'
[16.106s] Level 1:colcon.colcon_core.environment:checking '/home/rsanz/git/learning/ros2/tutorials/RustROS2/src/install/rosidl_default_runtime/lib/pkgconfig/rosidl_default_runtime.pc'
[16.107s] Level 1:colcon.colcon_core.environment:checking '/home/rsanz/git/learning/ros2/tutorials/RustROS2/src/install/rosidl_default_runtime/lib/python3.12/site-packages'
[16.107s] Level 1:colcon.colcon_core.environment:checking '/home/rsanz/git/learning/ros2/tutorials/RustROS2/src/install/rosidl_default_runtime/bin'
[16.107s] INFO:colcon.colcon_core.shell:Creating package script '/home/rsanz/git/learning/ros2/tutorials/RustROS2/src/install/rosidl_default_runtime/share/rosidl_default_runtime/package.ps1'
[16.107s] INFO:colcon.colcon_core.shell:Creating package descriptor '/home/rsanz/git/learning/ros2/tutorials/RustROS2/src/install/rosidl_default_runtime/share/rosidl_default_runtime/package.dsv'
[16.108s] INFO:colcon.colcon_core.shell:Creating package script '/home/rsanz/git/learning/ros2/tutorials/RustROS2/src/install/rosidl_default_runtime/share/rosidl_default_runtime/package.sh'
[16.108s] INFO:colcon.colcon_core.shell:Creating package script '/home/rsanz/git/learning/ros2/tutorials/RustROS2/src/install/rosidl_default_runtime/share/rosidl_default_runtime/package.bash'
[16.108s] INFO:colcon.colcon_core.shell:Creating package script '/home/rsanz/git/learning/ros2/tutorials/RustROS2/src/install/rosidl_default_runtime/share/rosidl_default_runtime/package.zsh'
[16.108s] Level 1:colcon.colcon_core.environment:create_file_with_runtime_dependencies(/home/rsanz/git/learning/ros2/tutorials/RustROS2/src/install/rosidl_default_runtime/share/colcon-core/packages/rosidl_default_runtime)
[16.109s] INFO:colcon.colcon_ros.task.ament_cmake.build:Building ROS package in '/home/rsanz/git/learning/ros2/tutorials/RustROS2/src/common_interfaces/std_msgs' with build type 'ament_cmake'
[16.109s] INFO:colcon.colcon_cmake.task.cmake.build:Building CMake package in '/home/rsanz/git/learning/ros2/tutorials/RustROS2/src/common_interfaces/std_msgs'
[16.109s] INFO:colcon.colcon_core.shell:Skip shell extension 'powershell' for command environment: Not usable outside of PowerShell
[16.109s] DEBUG:colcon.colcon_core.shell:Skip shell extension 'dsv' for command environment
[16.129s] DEBUG:colcon.colcon_core.event_handler.log_command:Invoking command in '/home/rsanz/git/learning/ros2/tutorials/RustROS2/src/build/std_msgs': AMENT_PREFIX_PATH=/home/rsanz/git/learning/ros2/tutorials/RustROS2/src/install/rosidl_default_runtime:/home/rsanz/git/learning/ros2/tutorials/RustROS2/src/install/rosidl_default_generators:/home/rsanz/git/learning/ros2/tutorials/RustROS2/src/install/action_msgs:/home/rsanz/git/learning/ros2/tutorials/RustROS2/src/install/service_msgs:/home/rsanz/git/learning/ros2/tutorials/RustROS2/src/install/unique_identifier_msgs:/home/rsanz/git/learning/ros2/tutorials/RustROS2/src/install/builtin_interfaces:/home/rsanz/git/learning/ros2/tutorials/RustROS2/src/install/rosidl_core_runtime:/home/rsanz/git/learning/ros2/tutorials/RustROS2/src/install/rosidl_core_generators:/home/rsanz/git/learning/ros2/tutorials/RustROS2/src/install/rosidl_generator_rs:${AMENT_PREFIX_PATH} CMAKE_PREFIX_PATH=/home/rsanz/git/learning/ros2/tutorials/RustROS2/src/install/rosidl_default_runtime:/home/rsanz/git/learning/ros2/tutorials/RustROS2/src/install/rosidl_default_generators:/home/rsanz/git/learning/ros2/tutorials/RustROS2/src/install/action_msgs:/home/rsanz/git/learning/ros2/tutorials/RustROS2/src/install/service_msgs:/home/rsanz/git/learning/ros2/tutorials/RustROS2/src/install/unique_identifier_msgs:/home/rsanz/git/learning/ros2/tutorials/RustROS2/src/install/builtin_interfaces:/home/rsanz/git/learning/ros2/tutorials/RustROS2/src/install/rosidl_core_runtime:/home/rsanz/git/learning/ros2/tutorials/RustROS2/src/install/rosidl_core_generators:/home/rsanz/git/learning/ros2/tutorials/RustROS2/src/install/rosidl_generator_rs:/opt/ros/jazzy/opt/gz_math_vendor:/opt/ros/jazzy/opt/gz_utils_vendor:/opt/ros/jazzy/opt/gz_cmake_vendor:/opt/ros/jazzy DEBUGINFOD_URLS=https://debuginfod.ubuntu.com LD_LIBRARY_PATH=/home/rsanz/git/learning/ros2/tutorials/RustROS2/src/install/action_msgs/lib:/home/rsanz/git/learning/ros2/tutorials/RustROS2/src/install/service_msgs/lib:/home/rsanz/git/learning/ros2/tutorials/RustROS2/src/install/unique_identifier_msgs/lib:/home/rsanz/git/learning/ros2/tutorials/RustROS2/src/install/builtin_interfaces/lib:${LD_LIBRARY_PATH} PYTHONPATH=/home/rsanz/git/learning/ros2/tutorials/RustROS2/src/install/action_msgs/lib/python3.12/site-packages:/home/rsanz/git/learning/ros2/tutorials/RustROS2/src/install/service_msgs/lib/python3.12/site-packages:/home/rsanz/git/learning/ros2/tutorials/RustROS2/src/install/unique_identifier_msgs/lib/python3.12/site-packages:/home/rsanz/git/learning/ros2/tutorials/RustROS2/src/install/builtin_interfaces/lib/python3.12/site-packages:/home/rsanz/git/learning/ros2/tutorials/RustROS2/src/install/rosidl_generator_rs/lib/python3.12/site-packages:${PYTHONPATH} /usr/bin/cmake /home/rsanz/git/learning/ros2/tutorials/RustROS2/src/common_interfaces/std_msgs -DCMAKE_INSTALL_PREFIX=/home/rsanz/git/learning/ros2/tutorials/RustROS2/src/install/std_msgs
[18.819s] DEBUG:colcon.colcon_core.event_handler.log_command:Invoked command in '/home/rsanz/git/learning/ros2/tutorials/RustROS2/src/build/std_msgs' returned '0': AMENT_PREFIX_PATH=/home/rsanz/git/learning/ros2/tutorials/RustROS2/src/install/rosidl_default_runtime:/home/rsanz/git/learning/ros2/tutorials/RustROS2/src/install/rosidl_default_generators:/home/rsanz/git/learning/ros2/tutorials/RustROS2/src/install/action_msgs:/home/rsanz/git/learning/ros2/tutorials/RustROS2/src/install/service_msgs:/home/rsanz/git/learning/ros2/tutorials/RustROS2/src/install/unique_identifier_msgs:/home/rsanz/git/learning/ros2/tutorials/RustROS2/src/install/builtin_interfaces:/home/rsanz/git/learning/ros2/tutorials/RustROS2/src/install/rosidl_core_runtime:/home/rsanz/git/learning/ros2/tutorials/RustROS2/src/install/rosidl_core_generators:/home/rsanz/git/learning/ros2/tutorials/RustROS2/src/install/rosidl_generator_rs:${AMENT_PREFIX_PATH} CMAKE_PREFIX_PATH=/home/rsanz/git/learning/ros2/tutorials/RustROS2/src/install/rosidl_default_runtime:/home/rsanz/git/learning/ros2/tutorials/RustROS2/src/install/rosidl_default_generators:/home/rsanz/git/learning/ros2/tutorials/RustROS2/src/install/action_msgs:/home/rsanz/git/learning/ros2/tutorials/RustROS2/src/install/service_msgs:/home/rsanz/git/learning/ros2/tutorials/RustROS2/src/install/unique_identifier_msgs:/home/rsanz/git/learning/ros2/tutorials/RustROS2/src/install/builtin_interfaces:/home/rsanz/git/learning/ros2/tutorials/RustROS2/src/install/rosidl_core_runtime:/home/rsanz/git/learning/ros2/tutorials/RustROS2/src/install/rosidl_core_generators:/home/rsanz/git/learning/ros2/tutorials/RustROS2/src/install/rosidl_generator_rs:/opt/ros/jazzy/opt/gz_math_vendor:/opt/ros/jazzy/opt/gz_utils_vendor:/opt/ros/jazzy/opt/gz_cmake_vendor:/opt/ros/jazzy DEBUGINFOD_URLS=https://debuginfod.ubuntu.com LD_LIBRARY_PATH=/home/rsanz/git/learning/ros2/tutorials/RustROS2/src/install/action_msgs/lib:/home/rsanz/git/learning/ros2/tutorials/RustROS2/src/install/service_msgs/lib:/home/rsanz/git/learning/ros2/tutorials/RustROS2/src/install/unique_identifier_msgs/lib:/home/rsanz/git/learning/ros2/tutorials/RustROS2/src/install/builtin_interfaces/lib:${LD_LIBRARY_PATH} PYTHONPATH=/home/rsanz/git/learning/ros2/tutorials/RustROS2/src/install/action_msgs/lib/python3.12/site-packages:/home/rsanz/git/learning/ros2/tutorials/RustROS2/src/install/service_msgs/lib/python3.12/site-packages:/home/rsanz/git/learning/ros2/tutorials/RustROS2/src/install/unique_identifier_msgs/lib/python3.12/site-packages:/home/rsanz/git/learning/ros2/tutorials/RustROS2/src/install/builtin_interfaces/lib/python3.12/site-packages:/home/rsanz/git/learning/ros2/tutorials/RustROS2/src/install/rosidl_generator_rs/lib/python3.12/site-packages:${PYTHONPATH} /usr/bin/cmake /home/rsanz/git/learning/ros2/tutorials/RustROS2/src/common_interfaces/std_msgs -DCMAKE_INSTALL_PREFIX=/home/rsanz/git/learning/ros2/tutorials/RustROS2/src/install/std_msgs
[18.820s] DEBUG:colcon.colcon_core.event_handler.log_command:Invoking command in '/home/rsanz/git/learning/ros2/tutorials/RustROS2/src/build/std_msgs': AMENT_PREFIX_PATH=/home/rsanz/git/learning/ros2/tutorials/RustROS2/src/install/rosidl_default_runtime:/home/rsanz/git/learning/ros2/tutorials/RustROS2/src/install/rosidl_default_generators:/home/rsanz/git/learning/ros2/tutorials/RustROS2/src/install/action_msgs:/home/rsanz/git/learning/ros2/tutorials/RustROS2/src/install/service_msgs:/home/rsanz/git/learning/ros2/tutorials/RustROS2/src/install/unique_identifier_msgs:/home/rsanz/git/learning/ros2/tutorials/RustROS2/src/install/builtin_interfaces:/home/rsanz/git/learning/ros2/tutorials/RustROS2/src/install/rosidl_core_runtime:/home/rsanz/git/learning/ros2/tutorials/RustROS2/src/install/rosidl_core_generators:/home/rsanz/git/learning/ros2/tutorials/RustROS2/src/install/rosidl_generator_rs:${AMENT_PREFIX_PATH} CMAKE_PREFIX_PATH=/home/rsanz/git/learning/ros2/tutorials/RustROS2/src/install/rosidl_default_runtime:/home/rsanz/git/learning/ros2/tutorials/RustROS2/src/install/rosidl_default_generators:/home/rsanz/git/learning/ros2/tutorials/RustROS2/src/install/action_msgs:/home/rsanz/git/learning/ros2/tutorials/RustROS2/src/install/service_msgs:/home/rsanz/git/learning/ros2/tutorials/RustROS2/src/install/unique_identifier_msgs:/home/rsanz/git/learning/ros2/tutorials/RustROS2/src/install/builtin_interfaces:/home/rsanz/git/learning/ros2/tutorials/RustROS2/src/install/rosidl_core_runtime:/home/rsanz/git/learning/ros2/tutorials/RustROS2/src/install/rosidl_core_generators:/home/rsanz/git/learning/ros2/tutorials/RustROS2/src/install/rosidl_generator_rs:/opt/ros/jazzy/opt/gz_math_vendor:/opt/ros/jazzy/opt/gz_utils_vendor:/opt/ros/jazzy/opt/gz_cmake_vendor:/opt/ros/jazzy DEBUGINFOD_URLS=https://debuginfod.ubuntu.com LD_LIBRARY_PATH=/home/rsanz/git/learning/ros2/tutorials/RustROS2/src/install/action_msgs/lib:/home/rsanz/git/learning/ros2/tutorials/RustROS2/src/install/service_msgs/lib:/home/rsanz/git/learning/ros2/tutorials/RustROS2/src/install/unique_identifier_msgs/lib:/home/rsanz/git/learning/ros2/tutorials/RustROS2/src/install/builtin_interfaces/lib:${LD_LIBRARY_PATH} PYTHONPATH=/home/rsanz/git/learning/ros2/tutorials/RustROS2/src/install/action_msgs/lib/python3.12/site-packages:/home/rsanz/git/learning/ros2/tutorials/RustROS2/src/install/service_msgs/lib/python3.12/site-packages:/home/rsanz/git/learning/ros2/tutorials/RustROS2/src/install/unique_identifier_msgs/lib/python3.12/site-packages:/home/rsanz/git/learning/ros2/tutorials/RustROS2/src/install/builtin_interfaces/lib/python3.12/site-packages:/home/rsanz/git/learning/ros2/tutorials/RustROS2/src/install/rosidl_generator_rs/lib/python3.12/site-packages:${PYTHONPATH} /usr/bin/cmake --build /home/rsanz/git/learning/ros2/tutorials/RustROS2/src/build/std_msgs -- -j24 -l24
[27.461s] DEBUG:colcon.colcon_core.event_handler.log_command:Invoked command in '/home/rsanz/git/learning/ros2/tutorials/RustROS2/src/build/std_msgs' returned '0': AMENT_PREFIX_PATH=/home/rsanz/git/learning/ros2/tutorials/RustROS2/src/install/rosidl_default_runtime:/home/rsanz/git/learning/ros2/tutorials/RustROS2/src/install/rosidl_default_generators:/home/rsanz/git/learning/ros2/tutorials/RustROS2/src/install/action_msgs:/home/rsanz/git/learning/ros2/tutorials/RustROS2/src/install/service_msgs:/home/rsanz/git/learning/ros2/tutorials/RustROS2/src/install/unique_identifier_msgs:/home/rsanz/git/learning/ros2/tutorials/RustROS2/src/install/builtin_interfaces:/home/rsanz/git/learning/ros2/tutorials/RustROS2/src/install/rosidl_core_runtime:/home/rsanz/git/learning/ros2/tutorials/RustROS2/src/install/rosidl_core_generators:/home/rsanz/git/learning/ros2/tutorials/RustROS2/src/install/rosidl_generator_rs:${AMENT_PREFIX_PATH} CMAKE_PREFIX_PATH=/home/rsanz/git/learning/ros2/tutorials/RustROS2/src/install/rosidl_default_runtime:/home/rsanz/git/learning/ros2/tutorials/RustROS2/src/install/rosidl_default_generators:/home/rsanz/git/learning/ros2/tutorials/RustROS2/src/install/action_msgs:/home/rsanz/git/learning/ros2/tutorials/RustROS2/src/install/service_msgs:/home/rsanz/git/learning/ros2/tutorials/RustROS2/src/install/unique_identifier_msgs:/home/rsanz/git/learning/ros2/tutorials/RustROS2/src/install/builtin_interfaces:/home/rsanz/git/learning/ros2/tutorials/RustROS2/src/install/rosidl_core_runtime:/home/rsanz/git/learning/ros2/tutorials/RustROS2/src/install/rosidl_core_generators:/home/rsanz/git/learning/ros2/tutorials/RustROS2/src/install/rosidl_generator_rs:/opt/ros/jazzy/opt/gz_math_vendor:/opt/ros/jazzy/opt/gz_utils_vendor:/opt/ros/jazzy/opt/gz_cmake_vendor:/opt/ros/jazzy DEBUGINFOD_URLS=https://debuginfod.ubuntu.com LD_LIBRARY_PATH=/home/rsanz/git/learning/ros2/tutorials/RustROS2/src/install/action_msgs/lib:/home/rsanz/git/learning/ros2/tutorials/RustROS2/src/install/service_msgs/lib:/home/rsanz/git/learning/ros2/tutorials/RustROS2/src/install/unique_identifier_msgs/lib:/home/rsanz/git/learning/ros2/tutorials/RustROS2/src/install/builtin_interfaces/lib:${LD_LIBRARY_PATH} PYTHONPATH=/home/rsanz/git/learning/ros2/tutorials/RustROS2/src/install/action_msgs/lib/python3.12/site-packages:/home/rsanz/git/learning/ros2/tutorials/RustROS2/src/install/service_msgs/lib/python3.12/site-packages:/home/rsanz/git/learning/ros2/tutorials/RustROS2/src/install/unique_identifier_msgs/lib/python3.12/site-packages:/home/rsanz/git/learning/ros2/tutorials/RustROS2/src/install/builtin_interfaces/lib/python3.12/site-packages:/home/rsanz/git/learning/ros2/tutorials/RustROS2/src/install/rosidl_generator_rs/lib/python3.12/site-packages:${PYTHONPATH} /usr/bin/cmake --build /home/rsanz/git/learning/ros2/tutorials/RustROS2/src/build/std_msgs -- -j24 -l24
[27.462s] DEBUG:colcon.colcon_core.event_handler.log_command:Invoking command in '/home/rsanz/git/learning/ros2/tutorials/RustROS2/src/build/std_msgs': AMENT_PREFIX_PATH=/home/rsanz/git/learning/ros2/tutorials/RustROS2/src/install/rosidl_default_runtime:/home/rsanz/git/learning/ros2/tutorials/RustROS2/src/install/rosidl_default_generators:/home/rsanz/git/learning/ros2/tutorials/RustROS2/src/install/action_msgs:/home/rsanz/git/learning/ros2/tutorials/RustROS2/src/install/service_msgs:/home/rsanz/git/learning/ros2/tutorials/RustROS2/src/install/unique_identifier_msgs:/home/rsanz/git/learning/ros2/tutorials/RustROS2/src/install/builtin_interfaces:/home/rsanz/git/learning/ros2/tutorials/RustROS2/src/install/rosidl_core_runtime:/home/rsanz/git/learning/ros2/tutorials/RustROS2/src/install/rosidl_core_generators:/home/rsanz/git/learning/ros2/tutorials/RustROS2/src/install/rosidl_generator_rs:${AMENT_PREFIX_PATH} CMAKE_PREFIX_PATH=/home/rsanz/git/learning/ros2/tutorials/RustROS2/src/install/rosidl_default_runtime:/home/rsanz/git/learning/ros2/tutorials/RustROS2/src/install/rosidl_default_generators:/home/rsanz/git/learning/ros2/tutorials/RustROS2/src/install/action_msgs:/home/rsanz/git/learning/ros2/tutorials/RustROS2/src/install/service_msgs:/home/rsanz/git/learning/ros2/tutorials/RustROS2/src/install/unique_identifier_msgs:/home/rsanz/git/learning/ros2/tutorials/RustROS2/src/install/builtin_interfaces:/home/rsanz/git/learning/ros2/tutorials/RustROS2/src/install/rosidl_core_runtime:/home/rsanz/git/learning/ros2/tutorials/RustROS2/src/install/rosidl_core_generators:/home/rsanz/git/learning/ros2/tutorials/RustROS2/src/install/rosidl_generator_rs:/opt/ros/jazzy/opt/gz_math_vendor:/opt/ros/jazzy/opt/gz_utils_vendor:/opt/ros/jazzy/opt/gz_cmake_vendor:/opt/ros/jazzy DEBUGINFOD_URLS=https://debuginfod.ubuntu.com LD_LIBRARY_PATH=/home/rsanz/git/learning/ros2/tutorials/RustROS2/src/install/action_msgs/lib:/home/rsanz/git/learning/ros2/tutorials/RustROS2/src/install/service_msgs/lib:/home/rsanz/git/learning/ros2/tutorials/RustROS2/src/install/unique_identifier_msgs/lib:/home/rsanz/git/learning/ros2/tutorials/RustROS2/src/install/builtin_interfaces/lib:${LD_LIBRARY_PATH} PYTHONPATH=/home/rsanz/git/learning/ros2/tutorials/RustROS2/src/install/action_msgs/lib/python3.12/site-packages:/home/rsanz/git/learning/ros2/tutorials/RustROS2/src/install/service_msgs/lib/python3.12/site-packages:/home/rsanz/git/learning/ros2/tutorials/RustROS2/src/install/unique_identifier_msgs/lib/python3.12/site-packages:/home/rsanz/git/learning/ros2/tutorials/RustROS2/src/install/builtin_interfaces/lib/python3.12/site-packages:/home/rsanz/git/learning/ros2/tutorials/RustROS2/src/install/rosidl_generator_rs/lib/python3.12/site-packages:${PYTHONPATH} /usr/bin/cmake --install /home/rsanz/git/learning/ros2/tutorials/RustROS2/src/build/std_msgs
[27.652s] Level 1:colcon.colcon_core.environment:create_environment_scripts_only(std_msgs)
[27.652s] Level 1:colcon.colcon_core.environment:checking '/home/rsanz/git/learning/ros2/tutorials/RustROS2/src/install/std_msgs' for CMake module files
[27.653s] DEBUG:colcon.colcon_core.event_handler.log_command:Invoked command in '/home/rsanz/git/learning/ros2/tutorials/RustROS2/src/build/std_msgs' returned '0': AMENT_PREFIX_PATH=/home/rsanz/git/learning/ros2/tutorials/RustROS2/src/install/rosidl_default_runtime:/home/rsanz/git/learning/ros2/tutorials/RustROS2/src/install/rosidl_default_generators:/home/rsanz/git/learning/ros2/tutorials/RustROS2/src/install/action_msgs:/home/rsanz/git/learning/ros2/tutorials/RustROS2/src/install/service_msgs:/home/rsanz/git/learning/ros2/tutorials/RustROS2/src/install/unique_identifier_msgs:/home/rsanz/git/learning/ros2/tutorials/RustROS2/src/install/builtin_interfaces:/home/rsanz/git/learning/ros2/tutorials/RustROS2/src/install/rosidl_core_runtime:/home/rsanz/git/learning/ros2/tutorials/RustROS2/src/install/rosidl_core_generators:/home/rsanz/git/learning/ros2/tutorials/RustROS2/src/install/rosidl_generator_rs:${AMENT_PREFIX_PATH} CMAKE_PREFIX_PATH=/home/rsanz/git/learning/ros2/tutorials/RustROS2/src/install/rosidl_default_runtime:/home/rsanz/git/learning/ros2/tutorials/RustROS2/src/install/rosidl_default_generators:/home/rsanz/git/learning/ros2/tutorials/RustROS2/src/install/action_msgs:/home/rsanz/git/learning/ros2/tutorials/RustROS2/src/install/service_msgs:/home/rsanz/git/learning/ros2/tutorials/RustROS2/src/install/unique_identifier_msgs:/home/rsanz/git/learning/ros2/tutorials/RustROS2/src/install/builtin_interfaces:/home/rsanz/git/learning/ros2/tutorials/RustROS2/src/install/rosidl_core_runtime:/home/rsanz/git/learning/ros2/tutorials/RustROS2/src/install/rosidl_core_generators:/home/rsanz/git/learning/ros2/tutorials/RustROS2/src/install/rosidl_generator_rs:/opt/ros/jazzy/opt/gz_math_vendor:/opt/ros/jazzy/opt/gz_utils_vendor:/opt/ros/jazzy/opt/gz_cmake_vendor:/opt/ros/jazzy DEBUGINFOD_URLS=https://debuginfod.ubuntu.com LD_LIBRARY_PATH=/home/rsanz/git/learning/ros2/tutorials/RustROS2/src/install/action_msgs/lib:/home/rsanz/git/learning/ros2/tutorials/RustROS2/src/install/service_msgs/lib:/home/rsanz/git/learning/ros2/tutorials/RustROS2/src/install/unique_identifier_msgs/lib:/home/rsanz/git/learning/ros2/tutorials/RustROS2/src/install/builtin_interfaces/lib:${LD_LIBRARY_PATH} PYTHONPATH=/home/rsanz/git/learning/ros2/tutorials/RustROS2/src/install/action_msgs/lib/python3.12/site-packages:/home/rsanz/git/learning/ros2/tutorials/RustROS2/src/install/service_msgs/lib/python3.12/site-packages:/home/rsanz/git/learning/ros2/tutorials/RustROS2/src/install/unique_identifier_msgs/lib/python3.12/site-packages:/home/rsanz/git/learning/ros2/tutorials/RustROS2/src/install/builtin_interfaces/lib/python3.12/site-packages:/home/rsanz/git/learning/ros2/tutorials/RustROS2/src/install/rosidl_generator_rs/lib/python3.12/site-packages:${PYTHONPATH} /usr/bin/cmake --install /home/rsanz/git/learning/ros2/tutorials/RustROS2/src/build/std_msgs
[27.653s] Level 1:colcon.colcon_core.environment:checking '/home/rsanz/git/learning/ros2/tutorials/RustROS2/src/install/std_msgs' for CMake config files
[27.654s] Level 1:colcon.colcon_core.shell:create_environment_hook('std_msgs', 'cmake_prefix_path')
[27.654s] INFO:colcon.colcon_core.shell:Creating environment hook '/home/rsanz/git/learning/ros2/tutorials/RustROS2/src/install/std_msgs/share/std_msgs/hook/cmake_prefix_path.ps1'
[27.655s] INFO:colcon.colcon_core.shell:Creating environment descriptor '/home/rsanz/git/learning/ros2/tutorials/RustROS2/src/install/std_msgs/share/std_msgs/hook/cmake_prefix_path.dsv'
[27.655s] INFO:colcon.colcon_core.shell:Creating environment hook '/home/rsanz/git/learning/ros2/tutorials/RustROS2/src/install/std_msgs/share/std_msgs/hook/cmake_prefix_path.sh'
[27.655s] Level 1:colcon.colcon_core.environment:checking '/home/rsanz/git/learning/ros2/tutorials/RustROS2/src/install/std_msgs/lib'
[27.655s] Level 1:colcon.colcon_core.shell:create_environment_hook('std_msgs', 'ld_library_path_lib')
[27.655s] INFO:colcon.colcon_core.shell:Creating environment hook '/home/rsanz/git/learning/ros2/tutorials/RustROS2/src/install/std_msgs/share/std_msgs/hook/ld_library_path_lib.ps1'
[27.656s] INFO:colcon.colcon_core.shell:Creating environment descriptor '/home/rsanz/git/learning/ros2/tutorials/RustROS2/src/install/std_msgs/share/std_msgs/hook/ld_library_path_lib.dsv'
[27.656s] INFO:colcon.colcon_core.shell:Creating environment hook '/home/rsanz/git/learning/ros2/tutorials/RustROS2/src/install/std_msgs/share/std_msgs/hook/ld_library_path_lib.sh'
[27.656s] Level 1:colcon.colcon_core.environment:checking '/home/rsanz/git/learning/ros2/tutorials/RustROS2/src/install/std_msgs/bin'
[27.656s] Level 1:colcon.colcon_core.environment:checking '/home/rsanz/git/learning/ros2/tutorials/RustROS2/src/install/std_msgs/lib/pkgconfig/std_msgs.pc'
[27.656s] Level 1:colcon.colcon_core.environment:checking '/home/rsanz/git/learning/ros2/tutorials/RustROS2/src/install/std_msgs/lib/python3.12/site-packages'
[27.656s] Level 1:colcon.colcon_core.shell:create_environment_hook('std_msgs', 'pythonpath')
[27.656s] INFO:colcon.colcon_core.shell:Creating environment hook '/home/rsanz/git/learning/ros2/tutorials/RustROS2/src/install/std_msgs/share/std_msgs/hook/pythonpath.ps1'
[27.657s] INFO:colcon.colcon_core.shell:Creating environment descriptor '/home/rsanz/git/learning/ros2/tutorials/RustROS2/src/install/std_msgs/share/std_msgs/hook/pythonpath.dsv'
[27.657s] INFO:colcon.colcon_core.shell:Creating environment hook '/home/rsanz/git/learning/ros2/tutorials/RustROS2/src/install/std_msgs/share/std_msgs/hook/pythonpath.sh'
[27.657s] Level 1:colcon.colcon_core.environment:checking '/home/rsanz/git/learning/ros2/tutorials/RustROS2/src/install/std_msgs/bin'
[27.657s] INFO:colcon.colcon_core.shell:Creating package script '/home/rsanz/git/learning/ros2/tutorials/RustROS2/src/install/std_msgs/share/std_msgs/package.ps1'
[27.658s] INFO:colcon.colcon_core.shell:Creating package descriptor '/home/rsanz/git/learning/ros2/tutorials/RustROS2/src/install/std_msgs/share/std_msgs/package.dsv'
[27.658s] INFO:colcon.colcon_core.shell:Creating package script '/home/rsanz/git/learning/ros2/tutorials/RustROS2/src/install/std_msgs/share/std_msgs/package.sh'
[27.658s] INFO:colcon.colcon_core.shell:Creating package script '/home/rsanz/git/learning/ros2/tutorials/RustROS2/src/install/std_msgs/share/std_msgs/package.bash'
[27.658s] INFO:colcon.colcon_core.shell:Creating package script '/home/rsanz/git/learning/ros2/tutorials/RustROS2/src/install/std_msgs/share/std_msgs/package.zsh'
[27.659s] Level 1:colcon.colcon_core.environment:create_file_with_runtime_dependencies(/home/rsanz/git/learning/ros2/tutorials/RustROS2/src/install/std_msgs/share/colcon-core/packages/std_msgs)
[27.659s] Level 1:colcon.colcon_core.environment:create_environment_scripts_only(std_msgs)
[27.659s] Level 1:colcon.colcon_core.environment:checking '/home/rsanz/git/learning/ros2/tutorials/RustROS2/src/install/std_msgs' for CMake module files
[27.660s] Level 1:colcon.colcon_core.environment:checking '/home/rsanz/git/learning/ros2/tutorials/RustROS2/src/install/std_msgs' for CMake config files
[27.660s] Level 1:colcon.colcon_core.shell:create_environment_hook('std_msgs', 'cmake_prefix_path')
[27.661s] INFO:colcon.colcon_core.shell:Creating environment hook '/home/rsanz/git/learning/ros2/tutorials/RustROS2/src/install/std_msgs/share/std_msgs/hook/cmake_prefix_path.ps1'
[27.661s] INFO:colcon.colcon_core.shell:Creating environment descriptor '/home/rsanz/git/learning/ros2/tutorials/RustROS2/src/install/std_msgs/share/std_msgs/hook/cmake_prefix_path.dsv'
[27.661s] INFO:colcon.colcon_core.shell:Creating environment hook '/home/rsanz/git/learning/ros2/tutorials/RustROS2/src/install/std_msgs/share/std_msgs/hook/cmake_prefix_path.sh'
[27.662s] Level 1:colcon.colcon_core.environment:checking '/home/rsanz/git/learning/ros2/tutorials/RustROS2/src/install/std_msgs/lib'
[27.662s] Level 1:colcon.colcon_core.shell:create_environment_hook('std_msgs', 'ld_library_path_lib')
[27.662s] INFO:colcon.colcon_core.shell:Creating environment hook '/home/rsanz/git/learning/ros2/tutorials/RustROS2/src/install/std_msgs/share/std_msgs/hook/ld_library_path_lib.ps1'
[27.662s] INFO:colcon.colcon_core.shell:Creating environment descriptor '/home/rsanz/git/learning/ros2/tutorials/RustROS2/src/install/std_msgs/share/std_msgs/hook/ld_library_path_lib.dsv'
[27.662s] INFO:colcon.colcon_core.shell:Creating environment hook '/home/rsanz/git/learning/ros2/tutorials/RustROS2/src/install/std_msgs/share/std_msgs/hook/ld_library_path_lib.sh'
[27.663s] Level 1:colcon.colcon_core.environment:checking '/home/rsanz/git/learning/ros2/tutorials/RustROS2/src/install/std_msgs/bin'
[27.663s] Level 1:colcon.colcon_core.environment:checking '/home/rsanz/git/learning/ros2/tutorials/RustROS2/src/install/std_msgs/lib/pkgconfig/std_msgs.pc'
[27.663s] Level 1:colcon.colcon_core.environment:checking '/home/rsanz/git/learning/ros2/tutorials/RustROS2/src/install/std_msgs/lib/python3.12/site-packages'
[27.663s] Level 1:colcon.colcon_core.shell:create_environment_hook('std_msgs', 'pythonpath')
[27.663s] INFO:colcon.colcon_core.shell:Creating environment hook '/home/rsanz/git/learning/ros2/tutorials/RustROS2/src/install/std_msgs/share/std_msgs/hook/pythonpath.ps1'
[27.664s] INFO:colcon.colcon_core.shell:Creating environment descriptor '/home/rsanz/git/learning/ros2/tutorials/RustROS2/src/install/std_msgs/share/std_msgs/hook/pythonpath.dsv'
[27.664s] INFO:colcon.colcon_core.shell:Creating environment hook '/home/rsanz/git/learning/ros2/tutorials/RustROS2/src/install/std_msgs/share/std_msgs/hook/pythonpath.sh'
[27.664s] Level 1:colcon.colcon_core.environment:checking '/home/rsanz/git/learning/ros2/tutorials/RustROS2/src/install/std_msgs/bin'
[27.665s] INFO:colcon.colcon_core.shell:Creating package script '/home/rsanz/git/learning/ros2/tutorials/RustROS2/src/install/std_msgs/share/std_msgs/package.ps1'
[27.665s] INFO:colcon.colcon_core.shell:Creating package descriptor '/home/rsanz/git/learning/ros2/tutorials/RustROS2/src/install/std_msgs/share/std_msgs/package.dsv'
[27.665s] INFO:colcon.colcon_core.shell:Creating package script '/home/rsanz/git/learning/ros2/tutorials/RustROS2/src/install/std_msgs/share/std_msgs/package.sh'
[27.666s] INFO:colcon.colcon_core.shell:Creating package script '/home/rsanz/git/learning/ros2/tutorials/RustROS2/src/install/std_msgs/share/std_msgs/package.bash'
[27.666s] INFO:colcon.colcon_core.shell:Creating package script '/home/rsanz/git/learning/ros2/tutorials/RustROS2/src/install/std_msgs/share/std_msgs/package.zsh'
[27.666s] Level 1:colcon.colcon_core.environment:create_file_with_runtime_dependencies(/home/rsanz/git/learning/ros2/tutorials/RustROS2/src/install/std_msgs/share/colcon-core/packages/std_msgs)
[27.666s] INFO:colcon.colcon_cargo.task.cargo.build:Building Cargo package in '/home/rsanz/git/learning/ros2/tutorials/RustROS2/src/rust_pubsub'
[27.666s] INFO:colcon.colcon_core.shell:Skip shell extension 'powershell' for command environment: Not usable outside of PowerShell
[27.666s] DEBUG:colcon.colcon_core.shell:Skip shell extension 'dsv' for command environment
[27.688s] Level 1:colcon.colcon_core.shell:create_environment_hook('rust_pubsub', 'ament_prefix_path')
[27.688s] INFO:colcon.colcon_core.shell:Creating environment hook '/home/rsanz/git/learning/ros2/tutorials/RustROS2/src/install/rust_pubsub/share/rust_pubsub/hook/ament_prefix_path.ps1'
[27.688s] INFO:colcon.colcon_core.shell:Creating environment descriptor '/home/rsanz/git/learning/ros2/tutorials/RustROS2/src/install/rust_pubsub/share/rust_pubsub/hook/ament_prefix_path.dsv'
[27.689s] INFO:colcon.colcon_core.shell:Creating environment hook '/home/rsanz/git/learning/ros2/tutorials/RustROS2/src/install/rust_pubsub/share/rust_pubsub/hook/ament_prefix_path.sh'
[27.690s] DEBUG:colcon.colcon_core.event_handler.log_command:Invoking command in 'rust_pubsub': AMENT_PREFIX_PATH=/home/rsanz/git/learning/ros2/tutorials/RustROS2/src/install/std_msgs:/home/rsanz/git/learning/ros2/tutorials/RustROS2/src/install/rosidl_default_runtime:/home/rsanz/git/learning/ros2/tutorials/RustROS2/src/install/rosidl_default_generators:/home/rsanz/git/learning/ros2/tutorials/RustROS2/src/install/action_msgs:/home/rsanz/git/learning/ros2/tutorials/RustROS2/src/install/service_msgs:/home/rsanz/git/learning/ros2/tutorials/RustROS2/src/install/unique_identifier_msgs:/home/rsanz/git/learning/ros2/tutorials/RustROS2/src/install/builtin_interfaces:/home/rsanz/git/learning/ros2/tutorials/RustROS2/src/install/rosidl_core_runtime:/home/rsanz/git/learning/ros2/tutorials/RustROS2/src/install/rosidl_core_generators:/home/rsanz/git/learning/ros2/tutorials/RustROS2/src/install/rosidl_generator_rs:${AMENT_PREFIX_PATH} CMAKE_PREFIX_PATH=/home/rsanz/git/learning/ros2/tutorials/RustROS2/src/install/std_msgs:/home/rsanz/git/learning/ros2/tutorials/RustROS2/src/install/rosidl_default_runtime:/home/rsanz/git/learning/ros2/tutorials/RustROS2/src/install/rosidl_default_generators:/home/rsanz/git/learning/ros2/tutorials/RustROS2/src/install/action_msgs:/home/rsanz/git/learning/ros2/tutorials/RustROS2/src/install/service_msgs:/home/rsanz/git/learning/ros2/tutorials/RustROS2/src/install/unique_identifier_msgs:/home/rsanz/git/learning/ros2/tutorials/RustROS2/src/install/builtin_interfaces:/home/rsanz/git/learning/ros2/tutorials/RustROS2/src/install/rosidl_core_runtime:/home/rsanz/git/learning/ros2/tutorials/RustROS2/src/install/rosidl_core_generators:/home/rsanz/git/learning/ros2/tutorials/RustROS2/src/install/rosidl_generator_rs:${CMAKE_PREFIX_PATH} DEBUGINFOD_URLS=https://debuginfod.ubuntu.com LD_LIBRARY_PATH=/home/rsanz/git/learning/ros2/tutorials/RustROS2/src/install/std_msgs/lib:/home/rsanz/git/learning/ros2/tutorials/RustROS2/src/install/action_msgs/lib:/home/rsanz/git/learning/ros2/tutorials/RustROS2/src/install/service_msgs/lib:/home/rsanz/git/learning/ros2/tutorials/RustROS2/src/install/unique_identifier_msgs/lib:/home/rsanz/git/learning/ros2/tutorials/RustROS2/src/install/builtin_interfaces/lib:${LD_LIBRARY_PATH} PYTHONPATH=/home/rsanz/git/learning/ros2/tutorials/RustROS2/src/install/std_msgs/lib/python3.12/site-packages:/home/rsanz/git/learning/ros2/tutorials/RustROS2/src/install/action_msgs/lib/python3.12/site-packages:/home/rsanz/git/learning/ros2/tutorials/RustROS2/src/install/service_msgs/lib/python3.12/site-packages:/home/rsanz/git/learning/ros2/tutorials/RustROS2/src/install/unique_identifier_msgs/lib/python3.12/site-packages:/home/rsanz/git/learning/ros2/tutorials/RustROS2/src/install/builtin_interfaces/lib/python3.12/site-packages:/home/rsanz/git/learning/ros2/tutorials/RustROS2/src/install/rosidl_generator_rs/lib/python3.12/site-packages:${PYTHONPATH} /home/rsanz/.cargo/bin/cargo metadata --no-deps --format-version 1
[27.704s] DEBUG:colcon.colcon_core.event_handler.log_command:Invoked command in 'rust_pubsub' returned '0': AMENT_PREFIX_PATH=/home/rsanz/git/learning/ros2/tutorials/RustROS2/src/install/std_msgs:/home/rsanz/git/learning/ros2/tutorials/RustROS2/src/install/rosidl_default_runtime:/home/rsanz/git/learning/ros2/tutorials/RustROS2/src/install/rosidl_default_generators:/home/rsanz/git/learning/ros2/tutorials/RustROS2/src/install/action_msgs:/home/rsanz/git/learning/ros2/tutorials/RustROS2/src/install/service_msgs:/home/rsanz/git/learning/ros2/tutorials/RustROS2/src/install/unique_identifier_msgs:/home/rsanz/git/learning/ros2/tutorials/RustROS2/src/install/builtin_interfaces:/home/rsanz/git/learning/ros2/tutorials/RustROS2/src/install/rosidl_core_runtime:/home/rsanz/git/learning/ros2/tutorials/RustROS2/src/install/rosidl_core_generators:/home/rsanz/git/learning/ros2/tutorials/RustROS2/src/install/rosidl_generator_rs:${AMENT_PREFIX_PATH} CMAKE_PREFIX_PATH=/home/rsanz/git/learning/ros2/tutorials/RustROS2/src/install/std_msgs:/home/rsanz/git/learning/ros2/tutorials/RustROS2/src/install/rosidl_default_runtime:/home/rsanz/git/learning/ros2/tutorials/RustROS2/src/install/rosidl_default_generators:/home/rsanz/git/learning/ros2/tutorials/RustROS2/src/install/action_msgs:/home/rsanz/git/learning/ros2/tutorials/RustROS2/src/install/service_msgs:/home/rsanz/git/learning/ros2/tutorials/RustROS2/src/install/unique_identifier_msgs:/home/rsanz/git/learning/ros2/tutorials/RustROS2/src/install/builtin_interfaces:/home/rsanz/git/learning/ros2/tutorials/RustROS2/src/install/rosidl_core_runtime:/home/rsanz/git/learning/ros2/tutorials/RustROS2/src/install/rosidl_core_generators:/home/rsanz/git/learning/ros2/tutorials/RustROS2/src/install/rosidl_generator_rs:${CMAKE_PREFIX_PATH} DEBUGINFOD_URLS=https://debuginfod.ubuntu.com LD_LIBRARY_PATH=/home/rsanz/git/learning/ros2/tutorials/RustROS2/src/install/std_msgs/lib:/home/rsanz/git/learning/ros2/tutorials/RustROS2/src/install/action_msgs/lib:/home/rsanz/git/learning/ros2/tutorials/RustROS2/src/install/service_msgs/lib:/home/rsanz/git/learning/ros2/tutorials/RustROS2/src/install/unique_identifier_msgs/lib:/home/rsanz/git/learning/ros2/tutorials/RustROS2/src/install/builtin_interfaces/lib:${LD_LIBRARY_PATH} PYTHONPATH=/home/rsanz/git/learning/ros2/tutorials/RustROS2/src/install/std_msgs/lib/python3.12/site-packages:/home/rsanz/git/learning/ros2/tutorials/RustROS2/src/install/action_msgs/lib/python3.12/site-packages:/home/rsanz/git/learning/ros2/tutorials/RustROS2/src/install/service_msgs/lib/python3.12/site-packages:/home/rsanz/git/learning/ros2/tutorials/RustROS2/src/install/unique_identifier_msgs/lib/python3.12/site-packages:/home/rsanz/git/learning/ros2/tutorials/RustROS2/src/install/builtin_interfaces/lib/python3.12/site-packages:/home/rsanz/git/learning/ros2/tutorials/RustROS2/src/install/rosidl_generator_rs/lib/python3.12/site-packages:${PYTHONPATH} /home/rsanz/.cargo/bin/cargo metadata --no-deps --format-version 1
[27.704s] DEBUG:colcon.colcon_core.event_handler.log_command:Invoking command in 'rust_pubsub': AMENT_PREFIX_PATH=/home/rsanz/git/learning/ros2/tutorials/RustROS2/src/install/std_msgs:/home/rsanz/git/learning/ros2/tutorials/RustROS2/src/install/rosidl_default_runtime:/home/rsanz/git/learning/ros2/tutorials/RustROS2/src/install/rosidl_default_generators:/home/rsanz/git/learning/ros2/tutorials/RustROS2/src/install/action_msgs:/home/rsanz/git/learning/ros2/tutorials/RustROS2/src/install/service_msgs:/home/rsanz/git/learning/ros2/tutorials/RustROS2/src/install/unique_identifier_msgs:/home/rsanz/git/learning/ros2/tutorials/RustROS2/src/install/builtin_interfaces:/home/rsanz/git/learning/ros2/tutorials/RustROS2/src/install/rosidl_core_runtime:/home/rsanz/git/learning/ros2/tutorials/RustROS2/src/install/rosidl_core_generators:/home/rsanz/git/learning/ros2/tutorials/RustROS2/src/install/rosidl_generator_rs:${AMENT_PREFIX_PATH} CMAKE_PREFIX_PATH=/home/rsanz/git/learning/ros2/tutorials/RustROS2/src/install/std_msgs:/home/rsanz/git/learning/ros2/tutorials/RustROS2/src/install/rosidl_default_runtime:/home/rsanz/git/learning/ros2/tutorials/RustROS2/src/install/rosidl_default_generators:/home/rsanz/git/learning/ros2/tutorials/RustROS2/src/install/action_msgs:/home/rsanz/git/learning/ros2/tutorials/RustROS2/src/install/service_msgs:/home/rsanz/git/learning/ros2/tutorials/RustROS2/src/install/unique_identifier_msgs:/home/rsanz/git/learning/ros2/tutorials/RustROS2/src/install/builtin_interfaces:/home/rsanz/git/learning/ros2/tutorials/RustROS2/src/install/rosidl_core_runtime:/home/rsanz/git/learning/ros2/tutorials/RustROS2/src/install/rosidl_core_generators:/home/rsanz/git/learning/ros2/tutorials/RustROS2/src/install/rosidl_generator_rs:${CMAKE_PREFIX_PATH} DEBUGINFOD_URLS=https://debuginfod.ubuntu.com LD_LIBRARY_PATH=/home/rsanz/git/learning/ros2/tutorials/RustROS2/src/install/std_msgs/lib:/home/rsanz/git/learning/ros2/tutorials/RustROS2/src/install/action_msgs/lib:/home/rsanz/git/learning/ros2/tutorials/RustROS2/src/install/service_msgs/lib:/home/rsanz/git/learning/ros2/tutorials/RustROS2/src/install/unique_identifier_msgs/lib:/home/rsanz/git/learning/ros2/tutorials/RustROS2/src/install/builtin_interfaces/lib:${LD_LIBRARY_PATH} PYTHONPATH=/home/rsanz/git/learning/ros2/tutorials/RustROS2/src/install/std_msgs/lib/python3.12/site-packages:/home/rsanz/git/learning/ros2/tutorials/RustROS2/src/install/action_msgs/lib/python3.12/site-packages:/home/rsanz/git/learning/ros2/tutorials/RustROS2/src/install/service_msgs/lib/python3.12/site-packages:/home/rsanz/git/learning/ros2/tutorials/RustROS2/src/install/unique_identifier_msgs/lib/python3.12/site-packages:/home/rsanz/git/learning/ros2/tutorials/RustROS2/src/install/builtin_interfaces/lib/python3.12/site-packages:/home/rsanz/git/learning/ros2/tutorials/RustROS2/src/install/rosidl_generator_rs/lib/python3.12/site-packages:${PYTHONPATH} /home/rsanz/.cargo/bin/cargo ament-build --install-base /home/rsanz/git/learning/ros2/tutorials/RustROS2/src/install/rust_pubsub -- --manifest-path /home/rsanz/git/learning/ros2/tutorials/RustROS2/src/rust_pubsub/Cargo.toml --target-dir /home/rsanz/git/learning/ros2/tutorials/RustROS2/src/build/rust_pubsub --quiet
[35.332s] Level 1:colcon.colcon_core.environment:create_environment_scripts_only(rust_pubsub)
[35.333s] Level 1:colcon.colcon_core.environment:checking '/home/rsanz/git/learning/ros2/tutorials/RustROS2/src/install/rust_pubsub' for CMake module files
[35.333s] DEBUG:colcon.colcon_core.event_handler.log_command:Invoked command in 'rust_pubsub' returned '0': AMENT_PREFIX_PATH=/home/rsanz/git/learning/ros2/tutorials/RustROS2/src/install/std_msgs:/home/rsanz/git/learning/ros2/tutorials/RustROS2/src/install/rosidl_default_runtime:/home/rsanz/git/learning/ros2/tutorials/RustROS2/src/install/rosidl_default_generators:/home/rsanz/git/learning/ros2/tutorials/RustROS2/src/install/action_msgs:/home/rsanz/git/learning/ros2/tutorials/RustROS2/src/install/service_msgs:/home/rsanz/git/learning/ros2/tutorials/RustROS2/src/install/unique_identifier_msgs:/home/rsanz/git/learning/ros2/tutorials/RustROS2/src/install/builtin_interfaces:/home/rsanz/git/learning/ros2/tutorials/RustROS2/src/install/rosidl_core_runtime:/home/rsanz/git/learning/ros2/tutorials/RustROS2/src/install/rosidl_core_generators:/home/rsanz/git/learning/ros2/tutorials/RustROS2/src/install/rosidl_generator_rs:${AMENT_PREFIX_PATH} CMAKE_PREFIX_PATH=/home/rsanz/git/learning/ros2/tutorials/RustROS2/src/install/std_msgs:/home/rsanz/git/learning/ros2/tutorials/RustROS2/src/install/rosidl_default_runtime:/home/rsanz/git/learning/ros2/tutorials/RustROS2/src/install/rosidl_default_generators:/home/rsanz/git/learning/ros2/tutorials/RustROS2/src/install/action_msgs:/home/rsanz/git/learning/ros2/tutorials/RustROS2/src/install/service_msgs:/home/rsanz/git/learning/ros2/tutorials/RustROS2/src/install/unique_identifier_msgs:/home/rsanz/git/learning/ros2/tutorials/RustROS2/src/install/builtin_interfaces:/home/rsanz/git/learning/ros2/tutorials/RustROS2/src/install/rosidl_core_runtime:/home/rsanz/git/learning/ros2/tutorials/RustROS2/src/install/rosidl_core_generators:/home/rsanz/git/learning/ros2/tutorials/RustROS2/src/install/rosidl_generator_rs:${CMAKE_PREFIX_PATH} DEBUGINFOD_URLS=https://debuginfod.ubuntu.com LD_LIBRARY_PATH=/home/rsanz/git/learning/ros2/tutorials/RustROS2/src/install/std_msgs/lib:/home/rsanz/git/learning/ros2/tutorials/RustROS2/src/install/action_msgs/lib:/home/rsanz/git/learning/ros2/tutorials/RustROS2/src/install/service_msgs/lib:/home/rsanz/git/learning/ros2/tutorials/RustROS2/src/install/unique_identifier_msgs/lib:/home/rsanz/git/learning/ros2/tutorials/RustROS2/src/install/builtin_interfaces/lib:${LD_LIBRARY_PATH} PYTHONPATH=/home/rsanz/git/learning/ros2/tutorials/RustROS2/src/install/std_msgs/lib/python3.12/site-packages:/home/rsanz/git/learning/ros2/tutorials/RustROS2/src/install/action_msgs/lib/python3.12/site-packages:/home/rsanz/git/learning/ros2/tutorials/RustROS2/src/install/service_msgs/lib/python3.12/site-packages:/home/rsanz/git/learning/ros2/tutorials/RustROS2/src/install/unique_identifier_msgs/lib/python3.12/site-packages:/home/rsanz/git/learning/ros2/tutorials/RustROS2/src/install/builtin_interfaces/lib/python3.12/site-packages:/home/rsanz/git/learning/ros2/tutorials/RustROS2/src/install/rosidl_generator_rs/lib/python3.12/site-packages:${PYTHONPATH} /home/rsanz/.cargo/bin/cargo ament-build --install-base /home/rsanz/git/learning/ros2/tutorials/RustROS2/src/install/rust_pubsub -- --manifest-path /home/rsanz/git/learning/ros2/tutorials/RustROS2/src/rust_pubsub/Cargo.toml --target-dir /home/rsanz/git/learning/ros2/tutorials/RustROS2/src/build/rust_pubsub --quiet
[35.333s] Level 1:colcon.colcon_core.environment:checking '/home/rsanz/git/learning/ros2/tutorials/RustROS2/src/install/rust_pubsub' for CMake config files
[35.334s] Level 1:colcon.colcon_core.environment:checking '/home/rsanz/git/learning/ros2/tutorials/RustROS2/src/install/rust_pubsub/lib'
[35.334s] Level 1:colcon.colcon_core.environment:checking '/home/rsanz/git/learning/ros2/tutorials/RustROS2/src/install/rust_pubsub/bin'
[35.334s] Level 1:colcon.colcon_core.environment:checking '/home/rsanz/git/learning/ros2/tutorials/RustROS2/src/install/rust_pubsub/lib/pkgconfig/rust_pubsub.pc'
[35.334s] Level 1:colcon.colcon_core.environment:checking '/home/rsanz/git/learning/ros2/tutorials/RustROS2/src/install/rust_pubsub/lib/python3.12/site-packages'
[35.334s] Level 1:colcon.colcon_core.environment:checking '/home/rsanz/git/learning/ros2/tutorials/RustROS2/src/install/rust_pubsub/bin'
[35.334s] INFO:colcon.colcon_core.shell:Creating package script '/home/rsanz/git/learning/ros2/tutorials/RustROS2/src/install/rust_pubsub/share/rust_pubsub/package.ps1'
[35.335s] INFO:colcon.colcon_core.shell:Creating package descriptor '/home/rsanz/git/learning/ros2/tutorials/RustROS2/src/install/rust_pubsub/share/rust_pubsub/package.dsv'
[35.335s] INFO:colcon.colcon_core.shell:Creating package script '/home/rsanz/git/learning/ros2/tutorials/RustROS2/src/install/rust_pubsub/share/rust_pubsub/package.sh'
[35.335s] INFO:colcon.colcon_core.shell:Creating package script '/home/rsanz/git/learning/ros2/tutorials/RustROS2/src/install/rust_pubsub/share/rust_pubsub/package.bash'
[35.336s] INFO:colcon.colcon_core.shell:Creating package script '/home/rsanz/git/learning/ros2/tutorials/RustROS2/src/install/rust_pubsub/share/rust_pubsub/package.zsh'
[35.336s] Level 1:colcon.colcon_core.environment:create_file_with_runtime_dependencies(/home/rsanz/git/learning/ros2/tutorials/RustROS2/src/install/rust_pubsub/share/colcon-core/packages/rust_pubsub)
[35.336s] DEBUG:colcon.colcon_parallel_executor.executor.parallel:closing loop
[35.336s] DEBUG:colcon.colcon_parallel_executor.executor.parallel:loop closed
[35.337s] DEBUG:colcon.colcon_parallel_executor.executor.parallel:run_until_complete finished with '0'
[35.337s] DEBUG:colcon.colcon_core.event_reactor:joining thread
[35.341s] INFO:colcon.colcon_core.plugin_system:Skipping extension 'colcon_notification.desktop_notification.terminal_notifier': Not used on non-Darwin systems
[35.342s] INFO:colcon.colcon_core.plugin_system:Skipping extension 'colcon_notification.desktop_notification.win32': Not used on non-Windows systems
[35.342s] INFO:colcon.colcon_notification.desktop_notification:Sending desktop notification using 'notify2'
[35.374s] DEBUG:colcon.colcon_core.event_reactor:joined thread
[35.374s] INFO:colcon.colcon_core.shell:Creating prefix script '/home/rsanz/git/learning/ros2/tutorials/RustROS2/src/install/local_setup.ps1'
[35.375s] INFO:colcon.colcon_core.shell:Creating prefix util module '/home/rsanz/git/learning/ros2/tutorials/RustROS2/src/install/_local_setup_util_ps1.py'
[35.376s] INFO:colcon.colcon_core.shell:Creating prefix chain script '/home/rsanz/git/learning/ros2/tutorials/RustROS2/src/install/setup.ps1'
[35.377s] INFO:colcon.colcon_core.shell:Creating prefix script '/home/rsanz/git/learning/ros2/tutorials/RustROS2/src/install/local_setup.sh'
[35.377s] INFO:colcon.colcon_core.shell:Creating prefix util module '/home/rsanz/git/learning/ros2/tutorials/RustROS2/src/install/_local_setup_util_sh.py'
[35.377s] INFO:colcon.colcon_core.shell:Creating prefix chain script '/home/rsanz/git/learning/ros2/tutorials/RustROS2/src/install/setup.sh'
[35.378s] INFO:colcon.colcon_core.shell:Creating prefix script '/home/rsanz/git/learning/ros2/tutorials/RustROS2/src/install/local_setup.bash'
[35.378s] INFO:colcon.colcon_core.shell:Creating prefix chain script '/home/rsanz/git/learning/ros2/tutorials/RustROS2/src/install/setup.bash'
[35.379s] INFO:colcon.colcon_core.shell:Creating prefix script '/home/rsanz/git/learning/ros2/tutorials/RustROS2/src/install/local_setup.zsh'
[35.379s] INFO:colcon.colcon_core.shell:Creating prefix chain script '/home/rsanz/git/learning/ros2/tutorials/RustROS2/src/install/setup.zsh'
