[0.089s] DEBUG:colcon:Command line arguments: ['/usr/bin/colcon', 'build', '--packages-up-to', 'rust_pubsub']
[0.089s] DEBUG:colcon:Parsed command line arguments: Namespace(log_base=None, log_level=None, verb_name='build', build_base='build', install_base='install', merge_install=False, symlink_install=False, test_result_base=None, continue_on_error=False, executor='parallel', parallel_workers=24, event_handlers=None, ignore_user_meta=False, metas=['./colcon.meta'], base_paths=['.'], packages_ignore=None, packages_ignore_regex=None, paths=None, packages_up_to=['rust_pubsub'], packages_up_to_regex=None, packages_above=None, packages_above_and_dependencies=None, packages_above_depth=None, packages_select_by_dep=None, packages_skip_by_dep=None, packages_skip_up_to=None, packages_select_build_failed=False, packages_skip_build_finished=False, packages_select_test_failures=False, packages_skip_test_passed=False, packages_select=None, packages_skip=None, packages_select_regex=None, packages_skip_regex=None, packages_start=None, packages_end=None, allow_overriding=[], lookup_in_workspace=False, cargo_args=None, clean_build=False, cmake_args=None, cmake_target=None, cmake_target_skip_unavailable=False, cmake_clean_cache=False, cmake_clean_first=False, cmake_force_configure=False, ament_cmake_args=None, catkin_cmake_args=None, catkin_skip_building_tests=False, mixin_files=None, mixin=None, verb_parser=<colcon_mixin.mixin.mixin_argument.MixinArgumentDecorator object at 0x7b28f11c7b90>, verb_extension=<colcon_core.verb.build.BuildVerb object at 0x7b28f11c7800>, main=<bound method BuildVerb.main of <colcon_core.verb.build.BuildVerb object at 0x7b28f11c7800>>, mixin_verb=('build',))
[0.132s] Level 1:colcon.colcon_core.package_discovery:discover_packages(colcon_meta) check parameters
[0.132s] Level 1:colcon.colcon_core.package_discovery:discover_packages(recursive) check parameters
[0.132s] Level 1:colcon.colcon_core.package_discovery:discover_packages(ignore) check parameters
[0.132s] Level 1:colcon.colcon_core.package_discovery:discover_packages(path) check parameters
[0.132s] Level 1:colcon.colcon_core.package_discovery:discover_packages(cargo_workspace) check parameters
[0.132s] Level 1:colcon.colcon_core.package_discovery:discover_packages(colcon_meta) discover
[0.132s] Level 1:colcon.colcon_core.package_discovery:discover_packages(recursive) discover
[0.133s] INFO:colcon.colcon_core.package_discovery:Crawling recursively for packages in '/home/rsanz/git/learning/ROS2/RustROS2'
[0.133s] Level 1:colcon.colcon_core.package_identification:_identify(.) by extensions ['ignore', 'ignore_ament_install']
[0.133s] Level 1:colcon.colcon_core.package_identification:_identify(.) by extension 'ignore'
[0.133s] Level 1:colcon.colcon_core.package_identification:_identify(.) by extension 'ignore_ament_install'
[0.133s] Level 1:colcon.colcon_core.package_identification:_identify(.) by extensions ['cargo_workspace']
[0.133s] Level 1:colcon.colcon_core.package_identification:_identify(.) by extension 'cargo_workspace'
[0.133s] Level 1:colcon.colcon_core.package_identification:_identify(.) by extensions ['colcon_pkg']
[0.133s] Level 1:colcon.colcon_core.package_identification:_identify(.) by extension 'colcon_pkg'
[0.133s] Level 1:colcon.colcon_core.package_identification:_identify(.) by extensions ['colcon_meta']
[0.133s] Level 1:colcon.colcon_core.package_identification:_identify(.) by extension 'colcon_meta'
[0.133s] Level 1:colcon.colcon_core.package_identification:_identify(.) by extensions ['ament_cargo']
[0.133s] Level 1:colcon.colcon_core.package_identification:_identify(.) by extension 'ament_cargo'
[0.133s] Level 1:colcon.colcon_core.package_identification:_identify(.) by extensions ['ros']
[0.133s] Level 1:colcon.colcon_core.package_identification:_identify(.) by extension 'ros'
[0.133s] Level 1:colcon.colcon_core.package_identification:_identify(.) by extensions ['cargo', 'cmake', 'python']
[0.133s] Level 1:colcon.colcon_core.package_identification:_identify(.) by extension 'cargo'
[0.133s] Level 1:colcon.colcon_core.package_identification:_identify(.) by extension 'cmake'
[0.133s] Level 1:colcon.colcon_core.package_identification:_identify(.) by extension 'python'
[0.133s] Level 1:colcon.colcon_core.package_identification:_identify(.) by extensions ['python_setup_py']
[0.133s] Level 1:colcon.colcon_core.package_identification:_identify(.) by extension 'python_setup_py'
[0.133s] Level 1:colcon.colcon_core.package_identification:_identify(build) by extensions ['ignore', 'ignore_ament_install']
[0.133s] Level 1:colcon.colcon_core.package_identification:_identify(build) by extension 'ignore'
[0.133s] Level 1:colcon.colcon_core.package_identification:_identify(build) ignored
[0.133s] Level 1:colcon.colcon_core.package_identification:_identify(install) by extensions ['ignore', 'ignore_ament_install']
[0.133s] Level 1:colcon.colcon_core.package_identification:_identify(install) by extension 'ignore'
[0.134s] Level 1:colcon.colcon_core.package_identification:_identify(install) ignored
[0.134s] Level 1:colcon.colcon_core.package_identification:_identify(log) by extensions ['ignore', 'ignore_ament_install']
[0.134s] Level 1:colcon.colcon_core.package_identification:_identify(log) by extension 'ignore'
[0.134s] Level 1:colcon.colcon_core.package_identification:_identify(log) ignored
[0.134s] Level 1:colcon.colcon_core.package_identification:_identify(src) by extensions ['ignore', 'ignore_ament_install']
[0.134s] Level 1:colcon.colcon_core.package_identification:_identify(src) by extension 'ignore'
[0.134s] Level 1:colcon.colcon_core.package_identification:_identify(src) by extension 'ignore_ament_install'
[0.134s] Level 1:colcon.colcon_core.package_identification:_identify(src) by extensions ['cargo_workspace']
[0.134s] Level 1:colcon.colcon_core.package_identification:_identify(src) by extension 'cargo_workspace'
[0.134s] Level 1:colcon.colcon_core.package_identification:_identify(src) by extensions ['colcon_pkg']
[0.134s] Level 1:colcon.colcon_core.package_identification:_identify(src) by extension 'colcon_pkg'
[0.134s] Level 1:colcon.colcon_core.package_identification:_identify(src) by extensions ['colcon_meta']
[0.134s] Level 1:colcon.colcon_core.package_identification:_identify(src) by extension 'colcon_meta'
[0.134s] Level 1:colcon.colcon_core.package_identification:_identify(src) by extensions ['ament_cargo']
[0.134s] Level 1:colcon.colcon_core.package_identification:_identify(src) by extension 'ament_cargo'
[0.134s] Level 1:colcon.colcon_core.package_identification:_identify(src) by extensions ['ros']
[0.134s] Level 1:colcon.colcon_core.package_identification:_identify(src) by extension 'ros'
[0.134s] Level 1:colcon.colcon_core.package_identification:_identify(src) by extensions ['cargo', 'cmake', 'python']
[0.134s] Level 1:colcon.colcon_core.package_identification:_identify(src) by extension 'cargo'
[0.134s] Level 1:colcon.colcon_core.package_identification:_identify(src) by extension 'cmake'
[0.134s] Level 1:colcon.colcon_core.package_identification:_identify(src) by extension 'python'
[0.134s] Level 1:colcon.colcon_core.package_identification:_identify(src) by extensions ['python_setup_py']
[0.134s] Level 1:colcon.colcon_core.package_identification:_identify(src) by extension 'python_setup_py'
[0.135s] Level 1:colcon.colcon_core.package_identification:_identify(src/common_interfaces) by extensions ['ignore', 'ignore_ament_install']
[0.135s] Level 1:colcon.colcon_core.package_identification:_identify(src/common_interfaces) by extension 'ignore'
[0.135s] Level 1:colcon.colcon_core.package_identification:_identify(src/common_interfaces) by extension 'ignore_ament_install'
[0.135s] Level 1:colcon.colcon_core.package_identification:_identify(src/common_interfaces) by extensions ['cargo_workspace']
[0.135s] Level 1:colcon.colcon_core.package_identification:_identify(src/common_interfaces) by extension 'cargo_workspace'
[0.135s] Level 1:colcon.colcon_core.package_identification:_identify(src/common_interfaces) by extensions ['colcon_pkg']
[0.135s] Level 1:colcon.colcon_core.package_identification:_identify(src/common_interfaces) by extension 'colcon_pkg'
[0.135s] Level 1:colcon.colcon_core.package_identification:_identify(src/common_interfaces) by extensions ['colcon_meta']
[0.135s] Level 1:colcon.colcon_core.package_identification:_identify(src/common_interfaces) by extension 'colcon_meta'
[0.135s] Level 1:colcon.colcon_core.package_identification:_identify(src/common_interfaces) by extensions ['ament_cargo']
[0.135s] Level 1:colcon.colcon_core.package_identification:_identify(src/common_interfaces) by extension 'ament_cargo'
[0.135s] Level 1:colcon.colcon_core.package_identification:_identify(src/common_interfaces) by extensions ['ros']
[0.135s] Level 1:colcon.colcon_core.package_identification:_identify(src/common_interfaces) by extension 'ros'
[0.135s] Level 1:colcon.colcon_core.package_identification:_identify(src/common_interfaces) by extensions ['cargo', 'cmake', 'python']
[0.135s] Level 1:colcon.colcon_core.package_identification:_identify(src/common_interfaces) by extension 'cargo'
[0.135s] Level 1:colcon.colcon_core.package_identification:_identify(src/common_interfaces) by extension 'cmake'
[0.135s] Level 1:colcon.colcon_core.package_identification:_identify(src/common_interfaces) by extension 'python'
[0.135s] Level 1:colcon.colcon_core.package_identification:_identify(src/common_interfaces) by extensions ['python_setup_py']
[0.135s] Level 1:colcon.colcon_core.package_identification:_identify(src/common_interfaces) by extension 'python_setup_py'
[0.135s] Level 1:colcon.colcon_core.package_identification:_identify(src/common_interfaces/actionlib_msgs) by extensions ['ignore', 'ignore_ament_install']
[0.135s] Level 1:colcon.colcon_core.package_identification:_identify(src/common_interfaces/actionlib_msgs) by extension 'ignore'
[0.135s] Level 1:colcon.colcon_core.package_identification:_identify(src/common_interfaces/actionlib_msgs) by extension 'ignore_ament_install'
[0.135s] Level 1:colcon.colcon_core.package_identification:_identify(src/common_interfaces/actionlib_msgs) by extensions ['cargo_workspace']
[0.135s] Level 1:colcon.colcon_core.package_identification:_identify(src/common_interfaces/actionlib_msgs) by extension 'cargo_workspace'
[0.135s] Level 1:colcon.colcon_core.package_identification:_identify(src/common_interfaces/actionlib_msgs) by extensions ['colcon_pkg']
[0.135s] Level 1:colcon.colcon_core.package_identification:_identify(src/common_interfaces/actionlib_msgs) by extension 'colcon_pkg'
[0.135s] Level 1:colcon.colcon_core.package_identification:_identify(src/common_interfaces/actionlib_msgs) by extensions ['colcon_meta']
[0.135s] Level 1:colcon.colcon_core.package_identification:_identify(src/common_interfaces/actionlib_msgs) by extension 'colcon_meta'
[0.135s] Level 1:colcon.colcon_core.package_identification:_identify(src/common_interfaces/actionlib_msgs) by extensions ['ament_cargo']
[0.135s] Level 1:colcon.colcon_core.package_identification:_identify(src/common_interfaces/actionlib_msgs) by extension 'ament_cargo'
[0.137s] Level 1:colcon.colcon_core.package_identification:_identify(src/common_interfaces/actionlib_msgs) by extensions ['ros']
[0.137s] Level 1:colcon.colcon_core.package_identification:_identify(src/common_interfaces/actionlib_msgs) by extension 'ros'
[0.137s] DEBUG:colcon.colcon_core.package_identification:Package 'src/common_interfaces/actionlib_msgs' with type 'ros.ament_cmake' and name 'actionlib_msgs'
[0.138s] Level 1:colcon.colcon_core.package_identification:_identify(src/common_interfaces/common_interfaces) by extensions ['ignore', 'ignore_ament_install']
[0.138s] Level 1:colcon.colcon_core.package_identification:_identify(src/common_interfaces/common_interfaces) by extension 'ignore'
[0.138s] Level 1:colcon.colcon_core.package_identification:_identify(src/common_interfaces/common_interfaces) by extension 'ignore_ament_install'
[0.138s] Level 1:colcon.colcon_core.package_identification:_identify(src/common_interfaces/common_interfaces) by extensions ['cargo_workspace']
[0.138s] Level 1:colcon.colcon_core.package_identification:_identify(src/common_interfaces/common_interfaces) by extension 'cargo_workspace'
[0.138s] Level 1:colcon.colcon_core.package_identification:_identify(src/common_interfaces/common_interfaces) by extensions ['colcon_pkg']
[0.138s] Level 1:colcon.colcon_core.package_identification:_identify(src/common_interfaces/common_interfaces) by extension 'colcon_pkg'
[0.138s] Level 1:colcon.colcon_core.package_identification:_identify(src/common_interfaces/common_interfaces) by extensions ['colcon_meta']
[0.138s] Level 1:colcon.colcon_core.package_identification:_identify(src/common_interfaces/common_interfaces) by extension 'colcon_meta'
[0.138s] Level 1:colcon.colcon_core.package_identification:_identify(src/common_interfaces/common_interfaces) by extensions ['ament_cargo']
[0.138s] Level 1:colcon.colcon_core.package_identification:_identify(src/common_interfaces/common_interfaces) by extension 'ament_cargo'
[0.138s] Level 1:colcon.colcon_core.package_identification:_identify(src/common_interfaces/common_interfaces) by extensions ['ros']
[0.138s] Level 1:colcon.colcon_core.package_identification:_identify(src/common_interfaces/common_interfaces) by extension 'ros'
[0.139s] DEBUG:colcon.colcon_core.package_identification:Package 'src/common_interfaces/common_interfaces' with type 'ros.ament_cmake' and name 'common_interfaces'
[0.139s] Level 1:colcon.colcon_core.package_identification:_identify(src/common_interfaces/diagnostic_msgs) by extensions ['ignore', 'ignore_ament_install']
[0.139s] Level 1:colcon.colcon_core.package_identification:_identify(src/common_interfaces/diagnostic_msgs) by extension 'ignore'
[0.139s] Level 1:colcon.colcon_core.package_identification:_identify(src/common_interfaces/diagnostic_msgs) by extension 'ignore_ament_install'
[0.139s] Level 1:colcon.colcon_core.package_identification:_identify(src/common_interfaces/diagnostic_msgs) by extensions ['cargo_workspace']
[0.139s] Level 1:colcon.colcon_core.package_identification:_identify(src/common_interfaces/diagnostic_msgs) by extension 'cargo_workspace'
[0.139s] Level 1:colcon.colcon_core.package_identification:_identify(src/common_interfaces/diagnostic_msgs) by extensions ['colcon_pkg']
[0.139s] Level 1:colcon.colcon_core.package_identification:_identify(src/common_interfaces/diagnostic_msgs) by extension 'colcon_pkg'
[0.139s] Level 1:colcon.colcon_core.package_identification:_identify(src/common_interfaces/diagnostic_msgs) by extensions ['colcon_meta']
[0.139s] Level 1:colcon.colcon_core.package_identification:_identify(src/common_interfaces/diagnostic_msgs) by extension 'colcon_meta'
[0.139s] Level 1:colcon.colcon_core.package_identification:_identify(src/common_interfaces/diagnostic_msgs) by extensions ['ament_cargo']
[0.139s] Level 1:colcon.colcon_core.package_identification:_identify(src/common_interfaces/diagnostic_msgs) by extension 'ament_cargo'
[0.139s] Level 1:colcon.colcon_core.package_identification:_identify(src/common_interfaces/diagnostic_msgs) by extensions ['ros']
[0.139s] Level 1:colcon.colcon_core.package_identification:_identify(src/common_interfaces/diagnostic_msgs) by extension 'ros'
[0.140s] DEBUG:colcon.colcon_core.package_identification:Package 'src/common_interfaces/diagnostic_msgs' with type 'ros.ament_cmake' and name 'diagnostic_msgs'
[0.140s] Level 1:colcon.colcon_core.package_identification:_identify(src/common_interfaces/docs) by extensions ['ignore', 'ignore_ament_install']
[0.140s] Level 1:colcon.colcon_core.package_identification:_identify(src/common_interfaces/docs) by extension 'ignore'
[0.140s] Level 1:colcon.colcon_core.package_identification:_identify(src/common_interfaces/docs) by extension 'ignore_ament_install'
[0.140s] Level 1:colcon.colcon_core.package_identification:_identify(src/common_interfaces/docs) by extensions ['cargo_workspace']
[0.140s] Level 1:colcon.colcon_core.package_identification:_identify(src/common_interfaces/docs) by extension 'cargo_workspace'
[0.140s] Level 1:colcon.colcon_core.package_identification:_identify(src/common_interfaces/docs) by extensions ['colcon_pkg']
[0.140s] Level 1:colcon.colcon_core.package_identification:_identify(src/common_interfaces/docs) by extension 'colcon_pkg'
[0.140s] Level 1:colcon.colcon_core.package_identification:_identify(src/common_interfaces/docs) by extensions ['colcon_meta']
[0.140s] Level 1:colcon.colcon_core.package_identification:_identify(src/common_interfaces/docs) by extension 'colcon_meta'
[0.140s] Level 1:colcon.colcon_core.package_identification:_identify(src/common_interfaces/docs) by extensions ['ament_cargo']
[0.140s] Level 1:colcon.colcon_core.package_identification:_identify(src/common_interfaces/docs) by extension 'ament_cargo'
[0.140s] Level 1:colcon.colcon_core.package_identification:_identify(src/common_interfaces/docs) by extensions ['ros']
[0.140s] Level 1:colcon.colcon_core.package_identification:_identify(src/common_interfaces/docs) by extension 'ros'
[0.140s] Level 1:colcon.colcon_core.package_identification:_identify(src/common_interfaces/docs) by extensions ['cargo', 'cmake', 'python']
[0.140s] Level 1:colcon.colcon_core.package_identification:_identify(src/common_interfaces/docs) by extension 'cargo'
[0.140s] Level 1:colcon.colcon_core.package_identification:_identify(src/common_interfaces/docs) by extension 'cmake'
[0.140s] Level 1:colcon.colcon_core.package_identification:_identify(src/common_interfaces/docs) by extension 'python'
[0.140s] Level 1:colcon.colcon_core.package_identification:_identify(src/common_interfaces/docs) by extensions ['python_setup_py']
[0.141s] Level 1:colcon.colcon_core.package_identification:_identify(src/common_interfaces/docs) by extension 'python_setup_py'
[0.141s] Level 1:colcon.colcon_core.package_identification:_identify(src/common_interfaces/geometry_msgs) by extensions ['ignore', 'ignore_ament_install']
[0.141s] Level 1:colcon.colcon_core.package_identification:_identify(src/common_interfaces/geometry_msgs) by extension 'ignore'
[0.141s] Level 1:colcon.colcon_core.package_identification:_identify(src/common_interfaces/geometry_msgs) by extension 'ignore_ament_install'
[0.141s] Level 1:colcon.colcon_core.package_identification:_identify(src/common_interfaces/geometry_msgs) by extensions ['cargo_workspace']
[0.141s] Level 1:colcon.colcon_core.package_identification:_identify(src/common_interfaces/geometry_msgs) by extension 'cargo_workspace'
[0.141s] Level 1:colcon.colcon_core.package_identification:_identify(src/common_interfaces/geometry_msgs) by extensions ['colcon_pkg']
[0.141s] Level 1:colcon.colcon_core.package_identification:_identify(src/common_interfaces/geometry_msgs) by extension 'colcon_pkg'
[0.141s] Level 1:colcon.colcon_core.package_identification:_identify(src/common_interfaces/geometry_msgs) by extensions ['colcon_meta']
[0.141s] Level 1:colcon.colcon_core.package_identification:_identify(src/common_interfaces/geometry_msgs) by extension 'colcon_meta'
[0.141s] Level 1:colcon.colcon_core.package_identification:_identify(src/common_interfaces/geometry_msgs) by extensions ['ament_cargo']
[0.141s] Level 1:colcon.colcon_core.package_identification:_identify(src/common_interfaces/geometry_msgs) by extension 'ament_cargo'
[0.141s] Level 1:colcon.colcon_core.package_identification:_identify(src/common_interfaces/geometry_msgs) by extensions ['ros']
[0.141s] Level 1:colcon.colcon_core.package_identification:_identify(src/common_interfaces/geometry_msgs) by extension 'ros'
[0.142s] DEBUG:colcon.colcon_core.package_identification:Package 'src/common_interfaces/geometry_msgs' with type 'ros.ament_cmake' and name 'geometry_msgs'
[0.142s] Level 1:colcon.colcon_core.package_identification:_identify(src/common_interfaces/nav_msgs) by extensions ['ignore', 'ignore_ament_install']
[0.142s] Level 1:colcon.colcon_core.package_identification:_identify(src/common_interfaces/nav_msgs) by extension 'ignore'
[0.142s] Level 1:colcon.colcon_core.package_identification:_identify(src/common_interfaces/nav_msgs) by extension 'ignore_ament_install'
[0.142s] Level 1:colcon.colcon_core.package_identification:_identify(src/common_interfaces/nav_msgs) by extensions ['cargo_workspace']
[0.142s] Level 1:colcon.colcon_core.package_identification:_identify(src/common_interfaces/nav_msgs) by extension 'cargo_workspace'
[0.142s] Level 1:colcon.colcon_core.package_identification:_identify(src/common_interfaces/nav_msgs) by extensions ['colcon_pkg']
[0.142s] Level 1:colcon.colcon_core.package_identification:_identify(src/common_interfaces/nav_msgs) by extension 'colcon_pkg'
[0.142s] Level 1:colcon.colcon_core.package_identification:_identify(src/common_interfaces/nav_msgs) by extensions ['colcon_meta']
[0.142s] Level 1:colcon.colcon_core.package_identification:_identify(src/common_interfaces/nav_msgs) by extension 'colcon_meta'
[0.142s] Level 1:colcon.colcon_core.package_identification:_identify(src/common_interfaces/nav_msgs) by extensions ['ament_cargo']
[0.142s] Level 1:colcon.colcon_core.package_identification:_identify(src/common_interfaces/nav_msgs) by extension 'ament_cargo'
[0.142s] Level 1:colcon.colcon_core.package_identification:_identify(src/common_interfaces/nav_msgs) by extensions ['ros']
[0.142s] Level 1:colcon.colcon_core.package_identification:_identify(src/common_interfaces/nav_msgs) by extension 'ros'
[0.143s] DEBUG:colcon.colcon_core.package_identification:Package 'src/common_interfaces/nav_msgs' with type 'ros.ament_cmake' and name 'nav_msgs'
[0.143s] Level 1:colcon.colcon_core.package_identification:_identify(src/common_interfaces/sensor_msgs) by extensions ['ignore', 'ignore_ament_install']
[0.143s] Level 1:colcon.colcon_core.package_identification:_identify(src/common_interfaces/sensor_msgs) by extension 'ignore'
[0.143s] Level 1:colcon.colcon_core.package_identification:_identify(src/common_interfaces/sensor_msgs) by extension 'ignore_ament_install'
[0.143s] Level 1:colcon.colcon_core.package_identification:_identify(src/common_interfaces/sensor_msgs) by extensions ['cargo_workspace']
[0.143s] Level 1:colcon.colcon_core.package_identification:_identify(src/common_interfaces/sensor_msgs) by extension 'cargo_workspace'
[0.143s] Level 1:colcon.colcon_core.package_identification:_identify(src/common_interfaces/sensor_msgs) by extensions ['colcon_pkg']
[0.143s] Level 1:colcon.colcon_core.package_identification:_identify(src/common_interfaces/sensor_msgs) by extension 'colcon_pkg'
[0.143s] Level 1:colcon.colcon_core.package_identification:_identify(src/common_interfaces/sensor_msgs) by extensions ['colcon_meta']
[0.143s] Level 1:colcon.colcon_core.package_identification:_identify(src/common_interfaces/sensor_msgs) by extension 'colcon_meta'
[0.143s] Level 1:colcon.colcon_core.package_identification:_identify(src/common_interfaces/sensor_msgs) by extensions ['ament_cargo']
[0.143s] Level 1:colcon.colcon_core.package_identification:_identify(src/common_interfaces/sensor_msgs) by extension 'ament_cargo'
[0.144s] Level 1:colcon.colcon_core.package_identification:_identify(src/common_interfaces/sensor_msgs) by extensions ['ros']
[0.144s] Level 1:colcon.colcon_core.package_identification:_identify(src/common_interfaces/sensor_msgs) by extension 'ros'
[0.144s] DEBUG:colcon.colcon_core.package_identification:Package 'src/common_interfaces/sensor_msgs' with type 'ros.ament_cmake' and name 'sensor_msgs'
[0.144s] Level 1:colcon.colcon_core.package_identification:_identify(src/common_interfaces/sensor_msgs_py) by extensions ['ignore', 'ignore_ament_install']
[0.144s] Level 1:colcon.colcon_core.package_identification:_identify(src/common_interfaces/sensor_msgs_py) by extension 'ignore'
[0.144s] Level 1:colcon.colcon_core.package_identification:_identify(src/common_interfaces/sensor_msgs_py) by extension 'ignore_ament_install'
[0.144s] Level 1:colcon.colcon_core.package_identification:_identify(src/common_interfaces/sensor_msgs_py) by extensions ['cargo_workspace']
[0.144s] Level 1:colcon.colcon_core.package_identification:_identify(src/common_interfaces/sensor_msgs_py) by extension 'cargo_workspace'
[0.144s] Level 1:colcon.colcon_core.package_identification:_identify(src/common_interfaces/sensor_msgs_py) by extensions ['colcon_pkg']
[0.144s] Level 1:colcon.colcon_core.package_identification:_identify(src/common_interfaces/sensor_msgs_py) by extension 'colcon_pkg'
[0.144s] Level 1:colcon.colcon_core.package_identification:_identify(src/common_interfaces/sensor_msgs_py) by extensions ['colcon_meta']
[0.144s] Level 1:colcon.colcon_core.package_identification:_identify(src/common_interfaces/sensor_msgs_py) by extension 'colcon_meta'
[0.144s] Level 1:colcon.colcon_core.package_identification:_identify(src/common_interfaces/sensor_msgs_py) by extensions ['ament_cargo']
[0.144s] Level 1:colcon.colcon_core.package_identification:_identify(src/common_interfaces/sensor_msgs_py) by extension 'ament_cargo'
[0.145s] Level 1:colcon.colcon_core.package_identification:_identify(src/common_interfaces/sensor_msgs_py) by extensions ['ros']
[0.145s] Level 1:colcon.colcon_core.package_identification:_identify(src/common_interfaces/sensor_msgs_py) by extension 'ros'
[0.145s] DEBUG:colcon.colcon_core.package_identification:Package 'src/common_interfaces/sensor_msgs_py' with type 'ros.ament_python' and name 'sensor_msgs_py'
[0.145s] Level 1:colcon.colcon_core.package_identification:_identify(src/common_interfaces/shape_msgs) by extensions ['ignore', 'ignore_ament_install']
[0.145s] Level 1:colcon.colcon_core.package_identification:_identify(src/common_interfaces/shape_msgs) by extension 'ignore'
[0.145s] Level 1:colcon.colcon_core.package_identification:_identify(src/common_interfaces/shape_msgs) by extension 'ignore_ament_install'
[0.145s] Level 1:colcon.colcon_core.package_identification:_identify(src/common_interfaces/shape_msgs) by extensions ['cargo_workspace']
[0.145s] Level 1:colcon.colcon_core.package_identification:_identify(src/common_interfaces/shape_msgs) by extension 'cargo_workspace'
[0.145s] Level 1:colcon.colcon_core.package_identification:_identify(src/common_interfaces/shape_msgs) by extensions ['colcon_pkg']
[0.145s] Level 1:colcon.colcon_core.package_identification:_identify(src/common_interfaces/shape_msgs) by extension 'colcon_pkg'
[0.145s] Level 1:colcon.colcon_core.package_identification:_identify(src/common_interfaces/shape_msgs) by extensions ['colcon_meta']
[0.145s] Level 1:colcon.colcon_core.package_identification:_identify(src/common_interfaces/shape_msgs) by extension 'colcon_meta'
[0.145s] Level 1:colcon.colcon_core.package_identification:_identify(src/common_interfaces/shape_msgs) by extensions ['ament_cargo']
[0.145s] Level 1:colcon.colcon_core.package_identification:_identify(src/common_interfaces/shape_msgs) by extension 'ament_cargo'
[0.146s] Level 1:colcon.colcon_core.package_identification:_identify(src/common_interfaces/shape_msgs) by extensions ['ros']
[0.146s] Level 1:colcon.colcon_core.package_identification:_identify(src/common_interfaces/shape_msgs) by extension 'ros'
[0.146s] DEBUG:colcon.colcon_core.package_identification:Package 'src/common_interfaces/shape_msgs' with type 'ros.ament_cmake' and name 'shape_msgs'
[0.146s] Level 1:colcon.colcon_core.package_identification:_identify(src/common_interfaces/std_msgs) by extensions ['ignore', 'ignore_ament_install']
[0.146s] Level 1:colcon.colcon_core.package_identification:_identify(src/common_interfaces/std_msgs) by extension 'ignore'
[0.146s] Level 1:colcon.colcon_core.package_identification:_identify(src/common_interfaces/std_msgs) by extension 'ignore_ament_install'
[0.146s] Level 1:colcon.colcon_core.package_identification:_identify(src/common_interfaces/std_msgs) by extensions ['cargo_workspace']
[0.146s] Level 1:colcon.colcon_core.package_identification:_identify(src/common_interfaces/std_msgs) by extension 'cargo_workspace'
[0.146s] Level 1:colcon.colcon_core.package_identification:_identify(src/common_interfaces/std_msgs) by extensions ['colcon_pkg']
[0.146s] Level 1:colcon.colcon_core.package_identification:_identify(src/common_interfaces/std_msgs) by extension 'colcon_pkg'
[0.146s] Level 1:colcon.colcon_core.package_identification:_identify(src/common_interfaces/std_msgs) by extensions ['colcon_meta']
[0.146s] Level 1:colcon.colcon_core.package_identification:_identify(src/common_interfaces/std_msgs) by extension 'colcon_meta'
[0.146s] Level 1:colcon.colcon_core.package_identification:_identify(src/common_interfaces/std_msgs) by extensions ['ament_cargo']
[0.146s] Level 1:colcon.colcon_core.package_identification:_identify(src/common_interfaces/std_msgs) by extension 'ament_cargo'
[0.147s] Level 1:colcon.colcon_core.package_identification:_identify(src/common_interfaces/std_msgs) by extensions ['ros']
[0.147s] Level 1:colcon.colcon_core.package_identification:_identify(src/common_interfaces/std_msgs) by extension 'ros'
[0.147s] DEBUG:colcon.colcon_core.package_identification:Package 'src/common_interfaces/std_msgs' with type 'ros.ament_cmake' and name 'std_msgs'
[0.147s] Level 1:colcon.colcon_core.package_identification:_identify(src/common_interfaces/std_srvs) by extensions ['ignore', 'ignore_ament_install']
[0.147s] Level 1:colcon.colcon_core.package_identification:_identify(src/common_interfaces/std_srvs) by extension 'ignore'
[0.147s] Level 1:colcon.colcon_core.package_identification:_identify(src/common_interfaces/std_srvs) by extension 'ignore_ament_install'
[0.147s] Level 1:colcon.colcon_core.package_identification:_identify(src/common_interfaces/std_srvs) by extensions ['cargo_workspace']
[0.147s] Level 1:colcon.colcon_core.package_identification:_identify(src/common_interfaces/std_srvs) by extension 'cargo_workspace'
[0.147s] Level 1:colcon.colcon_core.package_identification:_identify(src/common_interfaces/std_srvs) by extensions ['colcon_pkg']
[0.147s] Level 1:colcon.colcon_core.package_identification:_identify(src/common_interfaces/std_srvs) by extension 'colcon_pkg'
[0.147s] Level 1:colcon.colcon_core.package_identification:_identify(src/common_interfaces/std_srvs) by extensions ['colcon_meta']
[0.147s] Level 1:colcon.colcon_core.package_identification:_identify(src/common_interfaces/std_srvs) by extension 'colcon_meta'
[0.148s] Level 1:colcon.colcon_core.package_identification:_identify(src/common_interfaces/std_srvs) by extensions ['ament_cargo']
[0.148s] Level 1:colcon.colcon_core.package_identification:_identify(src/common_interfaces/std_srvs) by extension 'ament_cargo'
[0.148s] Level 1:colcon.colcon_core.package_identification:_identify(src/common_interfaces/std_srvs) by extensions ['ros']
[0.148s] Level 1:colcon.colcon_core.package_identification:_identify(src/common_interfaces/std_srvs) by extension 'ros'
[0.148s] DEBUG:colcon.colcon_core.package_identification:Package 'src/common_interfaces/std_srvs' with type 'ros.ament_cmake' and name 'std_srvs'
[0.148s] Level 1:colcon.colcon_core.package_identification:_identify(src/common_interfaces/stereo_msgs) by extensions ['ignore', 'ignore_ament_install']
[0.148s] Level 1:colcon.colcon_core.package_identification:_identify(src/common_interfaces/stereo_msgs) by extension 'ignore'
[0.148s] Level 1:colcon.colcon_core.package_identification:_identify(src/common_interfaces/stereo_msgs) by extension 'ignore_ament_install'
[0.148s] Level 1:colcon.colcon_core.package_identification:_identify(src/common_interfaces/stereo_msgs) by extensions ['cargo_workspace']
[0.148s] Level 1:colcon.colcon_core.package_identification:_identify(src/common_interfaces/stereo_msgs) by extension 'cargo_workspace'
[0.148s] Level 1:colcon.colcon_core.package_identification:_identify(src/common_interfaces/stereo_msgs) by extensions ['colcon_pkg']
[0.148s] Level 1:colcon.colcon_core.package_identification:_identify(src/common_interfaces/stereo_msgs) by extension 'colcon_pkg'
[0.148s] Level 1:colcon.colcon_core.package_identification:_identify(src/common_interfaces/stereo_msgs) by extensions ['colcon_meta']
[0.148s] Level 1:colcon.colcon_core.package_identification:_identify(src/common_interfaces/stereo_msgs) by extension 'colcon_meta'
[0.148s] Level 1:colcon.colcon_core.package_identification:_identify(src/common_interfaces/stereo_msgs) by extensions ['ament_cargo']
[0.148s] Level 1:colcon.colcon_core.package_identification:_identify(src/common_interfaces/stereo_msgs) by extension 'ament_cargo'
[0.149s] Level 1:colcon.colcon_core.package_identification:_identify(src/common_interfaces/stereo_msgs) by extensions ['ros']
[0.149s] Level 1:colcon.colcon_core.package_identification:_identify(src/common_interfaces/stereo_msgs) by extension 'ros'
[0.149s] DEBUG:colcon.colcon_core.package_identification:Package 'src/common_interfaces/stereo_msgs' with type 'ros.ament_cmake' and name 'stereo_msgs'
[0.149s] Level 1:colcon.colcon_core.package_identification:_identify(src/common_interfaces/trajectory_msgs) by extensions ['ignore', 'ignore_ament_install']
[0.149s] Level 1:colcon.colcon_core.package_identification:_identify(src/common_interfaces/trajectory_msgs) by extension 'ignore'
[0.149s] Level 1:colcon.colcon_core.package_identification:_identify(src/common_interfaces/trajectory_msgs) by extension 'ignore_ament_install'
[0.149s] Level 1:colcon.colcon_core.package_identification:_identify(src/common_interfaces/trajectory_msgs) by extensions ['cargo_workspace']
[0.149s] Level 1:colcon.colcon_core.package_identification:_identify(src/common_interfaces/trajectory_msgs) by extension 'cargo_workspace'
[0.149s] Level 1:colcon.colcon_core.package_identification:_identify(src/common_interfaces/trajectory_msgs) by extensions ['colcon_pkg']
[0.149s] Level 1:colcon.colcon_core.package_identification:_identify(src/common_interfaces/trajectory_msgs) by extension 'colcon_pkg'
[0.150s] Level 1:colcon.colcon_core.package_identification:_identify(src/common_interfaces/trajectory_msgs) by extensions ['colcon_meta']
[0.150s] Level 1:colcon.colcon_core.package_identification:_identify(src/common_interfaces/trajectory_msgs) by extension 'colcon_meta'
[0.150s] Level 1:colcon.colcon_core.package_identification:_identify(src/common_interfaces/trajectory_msgs) by extensions ['ament_cargo']
[0.150s] Level 1:colcon.colcon_core.package_identification:_identify(src/common_interfaces/trajectory_msgs) by extension 'ament_cargo'
[0.150s] Level 1:colcon.colcon_core.package_identification:_identify(src/common_interfaces/trajectory_msgs) by extensions ['ros']
[0.150s] Level 1:colcon.colcon_core.package_identification:_identify(src/common_interfaces/trajectory_msgs) by extension 'ros'
[0.150s] DEBUG:colcon.colcon_core.package_identification:Package 'src/common_interfaces/trajectory_msgs' with type 'ros.ament_cmake' and name 'trajectory_msgs'
[0.150s] Level 1:colcon.colcon_core.package_identification:_identify(src/common_interfaces/visualization_msgs) by extensions ['ignore', 'ignore_ament_install']
[0.151s] Level 1:colcon.colcon_core.package_identification:_identify(src/common_interfaces/visualization_msgs) by extension 'ignore'
[0.151s] Level 1:colcon.colcon_core.package_identification:_identify(src/common_interfaces/visualization_msgs) by extension 'ignore_ament_install'
[0.151s] Level 1:colcon.colcon_core.package_identification:_identify(src/common_interfaces/visualization_msgs) by extensions ['cargo_workspace']
[0.151s] Level 1:colcon.colcon_core.package_identification:_identify(src/common_interfaces/visualization_msgs) by extension 'cargo_workspace'
[0.151s] Level 1:colcon.colcon_core.package_identification:_identify(src/common_interfaces/visualization_msgs) by extensions ['colcon_pkg']
[0.151s] Level 1:colcon.colcon_core.package_identification:_identify(src/common_interfaces/visualization_msgs) by extension 'colcon_pkg'
[0.151s] Level 1:colcon.colcon_core.package_identification:_identify(src/common_interfaces/visualization_msgs) by extensions ['colcon_meta']
[0.151s] Level 1:colcon.colcon_core.package_identification:_identify(src/common_interfaces/visualization_msgs) by extension 'colcon_meta'
[0.151s] Level 1:colcon.colcon_core.package_identification:_identify(src/common_interfaces/visualization_msgs) by extensions ['ament_cargo']
[0.151s] Level 1:colcon.colcon_core.package_identification:_identify(src/common_interfaces/visualization_msgs) by extension 'ament_cargo'
[0.151s] Level 1:colcon.colcon_core.package_identification:_identify(src/common_interfaces/visualization_msgs) by extensions ['ros']
[0.151s] Level 1:colcon.colcon_core.package_identification:_identify(src/common_interfaces/visualization_msgs) by extension 'ros'
[0.152s] DEBUG:colcon.colcon_core.package_identification:Package 'src/common_interfaces/visualization_msgs' with type 'ros.ament_cmake' and name 'visualization_msgs'
[0.152s] Level 1:colcon.colcon_core.package_identification:_identify(src/rcl_interfaces) by extensions ['ignore', 'ignore_ament_install']
[0.152s] Level 1:colcon.colcon_core.package_identification:_identify(src/rcl_interfaces) by extension 'ignore'
[0.152s] Level 1:colcon.colcon_core.package_identification:_identify(src/rcl_interfaces) by extension 'ignore_ament_install'
[0.152s] Level 1:colcon.colcon_core.package_identification:_identify(src/rcl_interfaces) by extensions ['cargo_workspace']
[0.152s] Level 1:colcon.colcon_core.package_identification:_identify(src/rcl_interfaces) by extension 'cargo_workspace'
[0.152s] Level 1:colcon.colcon_core.package_identification:_identify(src/rcl_interfaces) by extensions ['colcon_pkg']
[0.152s] Level 1:colcon.colcon_core.package_identification:_identify(src/rcl_interfaces) by extension 'colcon_pkg'
[0.152s] Level 1:colcon.colcon_core.package_identification:_identify(src/rcl_interfaces) by extensions ['colcon_meta']
[0.152s] Level 1:colcon.colcon_core.package_identification:_identify(src/rcl_interfaces) by extension 'colcon_meta'
[0.152s] Level 1:colcon.colcon_core.package_identification:_identify(src/rcl_interfaces) by extensions ['ament_cargo']
[0.152s] Level 1:colcon.colcon_core.package_identification:_identify(src/rcl_interfaces) by extension 'ament_cargo'
[0.152s] Level 1:colcon.colcon_core.package_identification:_identify(src/rcl_interfaces) by extensions ['ros']
[0.152s] Level 1:colcon.colcon_core.package_identification:_identify(src/rcl_interfaces) by extension 'ros'
[0.152s] Level 1:colcon.colcon_core.package_identification:_identify(src/rcl_interfaces) by extensions ['cargo', 'cmake', 'python']
[0.152s] Level 1:colcon.colcon_core.package_identification:_identify(src/rcl_interfaces) by extension 'cargo'
[0.152s] Level 1:colcon.colcon_core.package_identification:_identify(src/rcl_interfaces) by extension 'cmake'
[0.152s] Level 1:colcon.colcon_core.package_identification:_identify(src/rcl_interfaces) by extension 'python'
[0.152s] Level 1:colcon.colcon_core.package_identification:_identify(src/rcl_interfaces) by extensions ['python_setup_py']
[0.152s] Level 1:colcon.colcon_core.package_identification:_identify(src/rcl_interfaces) by extension 'python_setup_py'
[0.152s] Level 1:colcon.colcon_core.package_identification:_identify(src/rcl_interfaces/action_msgs) by extensions ['ignore', 'ignore_ament_install']
[0.152s] Level 1:colcon.colcon_core.package_identification:_identify(src/rcl_interfaces/action_msgs) by extension 'ignore'
[0.152s] Level 1:colcon.colcon_core.package_identification:_identify(src/rcl_interfaces/action_msgs) by extension 'ignore_ament_install'
[0.152s] Level 1:colcon.colcon_core.package_identification:_identify(src/rcl_interfaces/action_msgs) by extensions ['cargo_workspace']
[0.152s] Level 1:colcon.colcon_core.package_identification:_identify(src/rcl_interfaces/action_msgs) by extension 'cargo_workspace'
[0.152s] Level 1:colcon.colcon_core.package_identification:_identify(src/rcl_interfaces/action_msgs) by extensions ['colcon_pkg']
[0.153s] Level 1:colcon.colcon_core.package_identification:_identify(src/rcl_interfaces/action_msgs) by extension 'colcon_pkg'
[0.153s] Level 1:colcon.colcon_core.package_identification:_identify(src/rcl_interfaces/action_msgs) by extensions ['colcon_meta']
[0.153s] Level 1:colcon.colcon_core.package_identification:_identify(src/rcl_interfaces/action_msgs) by extension 'colcon_meta'
[0.153s] Level 1:colcon.colcon_core.package_identification:_identify(src/rcl_interfaces/action_msgs) by extensions ['ament_cargo']
[0.153s] Level 1:colcon.colcon_core.package_identification:_identify(src/rcl_interfaces/action_msgs) by extension 'ament_cargo'
[0.153s] Level 1:colcon.colcon_core.package_identification:_identify(src/rcl_interfaces/action_msgs) by extensions ['ros']
[0.153s] Level 1:colcon.colcon_core.package_identification:_identify(src/rcl_interfaces/action_msgs) by extension 'ros'
[0.153s] DEBUG:colcon.colcon_core.package_identification:Package 'src/rcl_interfaces/action_msgs' with type 'ros.ament_cmake' and name 'action_msgs'
[0.154s] Level 1:colcon.colcon_core.package_identification:_identify(src/rcl_interfaces/builtin_interfaces) by extensions ['ignore', 'ignore_ament_install']
[0.154s] Level 1:colcon.colcon_core.package_identification:_identify(src/rcl_interfaces/builtin_interfaces) by extension 'ignore'
[0.154s] Level 1:colcon.colcon_core.package_identification:_identify(src/rcl_interfaces/builtin_interfaces) by extension 'ignore_ament_install'
[0.154s] Level 1:colcon.colcon_core.package_identification:_identify(src/rcl_interfaces/builtin_interfaces) by extensions ['cargo_workspace']
[0.154s] Level 1:colcon.colcon_core.package_identification:_identify(src/rcl_interfaces/builtin_interfaces) by extension 'cargo_workspace'
[0.154s] Level 1:colcon.colcon_core.package_identification:_identify(src/rcl_interfaces/builtin_interfaces) by extensions ['colcon_pkg']
[0.154s] Level 1:colcon.colcon_core.package_identification:_identify(src/rcl_interfaces/builtin_interfaces) by extension 'colcon_pkg'
[0.154s] Level 1:colcon.colcon_core.package_identification:_identify(src/rcl_interfaces/builtin_interfaces) by extensions ['colcon_meta']
[0.154s] Level 1:colcon.colcon_core.package_identification:_identify(src/rcl_interfaces/builtin_interfaces) by extension 'colcon_meta'
[0.154s] Level 1:colcon.colcon_core.package_identification:_identify(src/rcl_interfaces/builtin_interfaces) by extensions ['ament_cargo']
[0.154s] Level 1:colcon.colcon_core.package_identification:_identify(src/rcl_interfaces/builtin_interfaces) by extension 'ament_cargo'
[0.154s] Level 1:colcon.colcon_core.package_identification:_identify(src/rcl_interfaces/builtin_interfaces) by extensions ['ros']
[0.154s] Level 1:colcon.colcon_core.package_identification:_identify(src/rcl_interfaces/builtin_interfaces) by extension 'ros'
[0.154s] DEBUG:colcon.colcon_core.package_identification:Package 'src/rcl_interfaces/builtin_interfaces' with type 'ros.ament_cmake' and name 'builtin_interfaces'
[0.154s] Level 1:colcon.colcon_core.package_identification:_identify(src/rcl_interfaces/composition_interfaces) by extensions ['ignore', 'ignore_ament_install']
[0.155s] Level 1:colcon.colcon_core.package_identification:_identify(src/rcl_interfaces/composition_interfaces) by extension 'ignore'
[0.155s] Level 1:colcon.colcon_core.package_identification:_identify(src/rcl_interfaces/composition_interfaces) by extension 'ignore_ament_install'
[0.155s] Level 1:colcon.colcon_core.package_identification:_identify(src/rcl_interfaces/composition_interfaces) by extensions ['cargo_workspace']
[0.155s] Level 1:colcon.colcon_core.package_identification:_identify(src/rcl_interfaces/composition_interfaces) by extension 'cargo_workspace'
[0.155s] Level 1:colcon.colcon_core.package_identification:_identify(src/rcl_interfaces/composition_interfaces) by extensions ['colcon_pkg']
[0.155s] Level 1:colcon.colcon_core.package_identification:_identify(src/rcl_interfaces/composition_interfaces) by extension 'colcon_pkg'
[0.155s] Level 1:colcon.colcon_core.package_identification:_identify(src/rcl_interfaces/composition_interfaces) by extensions ['colcon_meta']
[0.155s] Level 1:colcon.colcon_core.package_identification:_identify(src/rcl_interfaces/composition_interfaces) by extension 'colcon_meta'
[0.155s] Level 1:colcon.colcon_core.package_identification:_identify(src/rcl_interfaces/composition_interfaces) by extensions ['ament_cargo']
[0.155s] Level 1:colcon.colcon_core.package_identification:_identify(src/rcl_interfaces/composition_interfaces) by extension 'ament_cargo'
[0.155s] Level 1:colcon.colcon_core.package_identification:_identify(src/rcl_interfaces/composition_interfaces) by extensions ['ros']
[0.155s] Level 1:colcon.colcon_core.package_identification:_identify(src/rcl_interfaces/composition_interfaces) by extension 'ros'
[0.155s] DEBUG:colcon.colcon_core.package_identification:Package 'src/rcl_interfaces/composition_interfaces' with type 'ros.ament_cmake' and name 'composition_interfaces'
[0.155s] Level 1:colcon.colcon_core.package_identification:_identify(src/rcl_interfaces/lifecycle_msgs) by extensions ['ignore', 'ignore_ament_install']
[0.156s] Level 1:colcon.colcon_core.package_identification:_identify(src/rcl_interfaces/lifecycle_msgs) by extension 'ignore'
[0.156s] Level 1:colcon.colcon_core.package_identification:_identify(src/rcl_interfaces/lifecycle_msgs) by extension 'ignore_ament_install'
[0.156s] Level 1:colcon.colcon_core.package_identification:_identify(src/rcl_interfaces/lifecycle_msgs) by extensions ['cargo_workspace']
[0.156s] Level 1:colcon.colcon_core.package_identification:_identify(src/rcl_interfaces/lifecycle_msgs) by extension 'cargo_workspace'
[0.156s] Level 1:colcon.colcon_core.package_identification:_identify(src/rcl_interfaces/lifecycle_msgs) by extensions ['colcon_pkg']
[0.156s] Level 1:colcon.colcon_core.package_identification:_identify(src/rcl_interfaces/lifecycle_msgs) by extension 'colcon_pkg'
[0.156s] Level 1:colcon.colcon_core.package_identification:_identify(src/rcl_interfaces/lifecycle_msgs) by extensions ['colcon_meta']
[0.156s] Level 1:colcon.colcon_core.package_identification:_identify(src/rcl_interfaces/lifecycle_msgs) by extension 'colcon_meta'
[0.156s] Level 1:colcon.colcon_core.package_identification:_identify(src/rcl_interfaces/lifecycle_msgs) by extensions ['ament_cargo']
[0.156s] Level 1:colcon.colcon_core.package_identification:_identify(src/rcl_interfaces/lifecycle_msgs) by extension 'ament_cargo'
[0.156s] Level 1:colcon.colcon_core.package_identification:_identify(src/rcl_interfaces/lifecycle_msgs) by extensions ['ros']
[0.156s] Level 1:colcon.colcon_core.package_identification:_identify(src/rcl_interfaces/lifecycle_msgs) by extension 'ros'
[0.157s] DEBUG:colcon.colcon_core.package_identification:Package 'src/rcl_interfaces/lifecycle_msgs' with type 'ros.ament_cmake' and name 'lifecycle_msgs'
[0.157s] Level 1:colcon.colcon_core.package_identification:_identify(src/rcl_interfaces/rcl_interfaces) by extensions ['ignore', 'ignore_ament_install']
[0.157s] Level 1:colcon.colcon_core.package_identification:_identify(src/rcl_interfaces/rcl_interfaces) by extension 'ignore'
[0.157s] Level 1:colcon.colcon_core.package_identification:_identify(src/rcl_interfaces/rcl_interfaces) by extension 'ignore_ament_install'
[0.157s] Level 1:colcon.colcon_core.package_identification:_identify(src/rcl_interfaces/rcl_interfaces) by extensions ['cargo_workspace']
[0.157s] Level 1:colcon.colcon_core.package_identification:_identify(src/rcl_interfaces/rcl_interfaces) by extension 'cargo_workspace'
[0.157s] Level 1:colcon.colcon_core.package_identification:_identify(src/rcl_interfaces/rcl_interfaces) by extensions ['colcon_pkg']
[0.157s] Level 1:colcon.colcon_core.package_identification:_identify(src/rcl_interfaces/rcl_interfaces) by extension 'colcon_pkg'
[0.157s] Level 1:colcon.colcon_core.package_identification:_identify(src/rcl_interfaces/rcl_interfaces) by extensions ['colcon_meta']
[0.157s] Level 1:colcon.colcon_core.package_identification:_identify(src/rcl_interfaces/rcl_interfaces) by extension 'colcon_meta'
[0.157s] Level 1:colcon.colcon_core.package_identification:_identify(src/rcl_interfaces/rcl_interfaces) by extensions ['ament_cargo']
[0.157s] Level 1:colcon.colcon_core.package_identification:_identify(src/rcl_interfaces/rcl_interfaces) by extension 'ament_cargo'
[0.157s] Level 1:colcon.colcon_core.package_identification:_identify(src/rcl_interfaces/rcl_interfaces) by extensions ['ros']
[0.157s] Level 1:colcon.colcon_core.package_identification:_identify(src/rcl_interfaces/rcl_interfaces) by extension 'ros'
[0.158s] DEBUG:colcon.colcon_core.package_identification:Package 'src/rcl_interfaces/rcl_interfaces' with type 'ros.ament_cmake' and name 'rcl_interfaces'
[0.158s] Level 1:colcon.colcon_core.package_identification:_identify(src/rcl_interfaces/rosgraph_msgs) by extensions ['ignore', 'ignore_ament_install']
[0.158s] Level 1:colcon.colcon_core.package_identification:_identify(src/rcl_interfaces/rosgraph_msgs) by extension 'ignore'
[0.158s] Level 1:colcon.colcon_core.package_identification:_identify(src/rcl_interfaces/rosgraph_msgs) by extension 'ignore_ament_install'
[0.158s] Level 1:colcon.colcon_core.package_identification:_identify(src/rcl_interfaces/rosgraph_msgs) by extensions ['cargo_workspace']
[0.158s] Level 1:colcon.colcon_core.package_identification:_identify(src/rcl_interfaces/rosgraph_msgs) by extension 'cargo_workspace'
[0.158s] Level 1:colcon.colcon_core.package_identification:_identify(src/rcl_interfaces/rosgraph_msgs) by extensions ['colcon_pkg']
[0.158s] Level 1:colcon.colcon_core.package_identification:_identify(src/rcl_interfaces/rosgraph_msgs) by extension 'colcon_pkg'
[0.158s] Level 1:colcon.colcon_core.package_identification:_identify(src/rcl_interfaces/rosgraph_msgs) by extensions ['colcon_meta']
[0.158s] Level 1:colcon.colcon_core.package_identification:_identify(src/rcl_interfaces/rosgraph_msgs) by extension 'colcon_meta'
[0.158s] Level 1:colcon.colcon_core.package_identification:_identify(src/rcl_interfaces/rosgraph_msgs) by extensions ['ament_cargo']
[0.158s] Level 1:colcon.colcon_core.package_identification:_identify(src/rcl_interfaces/rosgraph_msgs) by extension 'ament_cargo'
[0.158s] Level 1:colcon.colcon_core.package_identification:_identify(src/rcl_interfaces/rosgraph_msgs) by extensions ['ros']
[0.158s] Level 1:colcon.colcon_core.package_identification:_identify(src/rcl_interfaces/rosgraph_msgs) by extension 'ros'
[0.159s] DEBUG:colcon.colcon_core.package_identification:Package 'src/rcl_interfaces/rosgraph_msgs' with type 'ros.ament_cmake' and name 'rosgraph_msgs'
[0.159s] Level 1:colcon.colcon_core.package_identification:_identify(src/rcl_interfaces/service_msgs) by extensions ['ignore', 'ignore_ament_install']
[0.159s] Level 1:colcon.colcon_core.package_identification:_identify(src/rcl_interfaces/service_msgs) by extension 'ignore'
[0.159s] Level 1:colcon.colcon_core.package_identification:_identify(src/rcl_interfaces/service_msgs) by extension 'ignore_ament_install'
[0.159s] Level 1:colcon.colcon_core.package_identification:_identify(src/rcl_interfaces/service_msgs) by extensions ['cargo_workspace']
[0.159s] Level 1:colcon.colcon_core.package_identification:_identify(src/rcl_interfaces/service_msgs) by extension 'cargo_workspace'
[0.159s] Level 1:colcon.colcon_core.package_identification:_identify(src/rcl_interfaces/service_msgs) by extensions ['colcon_pkg']
[0.159s] Level 1:colcon.colcon_core.package_identification:_identify(src/rcl_interfaces/service_msgs) by extension 'colcon_pkg'
[0.159s] Level 1:colcon.colcon_core.package_identification:_identify(src/rcl_interfaces/service_msgs) by extensions ['colcon_meta']
[0.159s] Level 1:colcon.colcon_core.package_identification:_identify(src/rcl_interfaces/service_msgs) by extension 'colcon_meta'
[0.159s] Level 1:colcon.colcon_core.package_identification:_identify(src/rcl_interfaces/service_msgs) by extensions ['ament_cargo']
[0.159s] Level 1:colcon.colcon_core.package_identification:_identify(src/rcl_interfaces/service_msgs) by extension 'ament_cargo'
[0.159s] Level 1:colcon.colcon_core.package_identification:_identify(src/rcl_interfaces/service_msgs) by extensions ['ros']
[0.159s] Level 1:colcon.colcon_core.package_identification:_identify(src/rcl_interfaces/service_msgs) by extension 'ros'
[0.160s] DEBUG:colcon.colcon_core.package_identification:Package 'src/rcl_interfaces/service_msgs' with type 'ros.ament_cmake' and name 'service_msgs'
[0.160s] Level 1:colcon.colcon_core.package_identification:_identify(src/rcl_interfaces/statistics_msgs) by extensions ['ignore', 'ignore_ament_install']
[0.160s] Level 1:colcon.colcon_core.package_identification:_identify(src/rcl_interfaces/statistics_msgs) by extension 'ignore'
[0.160s] Level 1:colcon.colcon_core.package_identification:_identify(src/rcl_interfaces/statistics_msgs) by extension 'ignore_ament_install'
[0.160s] Level 1:colcon.colcon_core.package_identification:_identify(src/rcl_interfaces/statistics_msgs) by extensions ['cargo_workspace']
[0.160s] Level 1:colcon.colcon_core.package_identification:_identify(src/rcl_interfaces/statistics_msgs) by extension 'cargo_workspace'
[0.160s] Level 1:colcon.colcon_core.package_identification:_identify(src/rcl_interfaces/statistics_msgs) by extensions ['colcon_pkg']
[0.160s] Level 1:colcon.colcon_core.package_identification:_identify(src/rcl_interfaces/statistics_msgs) by extension 'colcon_pkg'
[0.160s] Level 1:colcon.colcon_core.package_identification:_identify(src/rcl_interfaces/statistics_msgs) by extensions ['colcon_meta']
[0.160s] Level 1:colcon.colcon_core.package_identification:_identify(src/rcl_interfaces/statistics_msgs) by extension 'colcon_meta'
[0.160s] Level 1:colcon.colcon_core.package_identification:_identify(src/rcl_interfaces/statistics_msgs) by extensions ['ament_cargo']
[0.160s] Level 1:colcon.colcon_core.package_identification:_identify(src/rcl_interfaces/statistics_msgs) by extension 'ament_cargo'
[0.161s] Level 1:colcon.colcon_core.package_identification:_identify(src/rcl_interfaces/statistics_msgs) by extensions ['ros']
[0.161s] Level 1:colcon.colcon_core.package_identification:_identify(src/rcl_interfaces/statistics_msgs) by extension 'ros'
[0.161s] DEBUG:colcon.colcon_core.package_identification:Package 'src/rcl_interfaces/statistics_msgs' with type 'ros.ament_cmake' and name 'statistics_msgs'
[0.161s] Level 1:colcon.colcon_core.package_identification:_identify(src/rcl_interfaces/test_msgs) by extensions ['ignore', 'ignore_ament_install']
[0.161s] Level 1:colcon.colcon_core.package_identification:_identify(src/rcl_interfaces/test_msgs) by extension 'ignore'
[0.161s] Level 1:colcon.colcon_core.package_identification:_identify(src/rcl_interfaces/test_msgs) by extension 'ignore_ament_install'
[0.161s] Level 1:colcon.colcon_core.package_identification:_identify(src/rcl_interfaces/test_msgs) by extensions ['cargo_workspace']
[0.161s] Level 1:colcon.colcon_core.package_identification:_identify(src/rcl_interfaces/test_msgs) by extension 'cargo_workspace'
[0.161s] Level 1:colcon.colcon_core.package_identification:_identify(src/rcl_interfaces/test_msgs) by extensions ['colcon_pkg']
[0.161s] Level 1:colcon.colcon_core.package_identification:_identify(src/rcl_interfaces/test_msgs) by extension 'colcon_pkg'
[0.161s] Level 1:colcon.colcon_core.package_identification:_identify(src/rcl_interfaces/test_msgs) by extensions ['colcon_meta']
[0.161s] Level 1:colcon.colcon_core.package_identification:_identify(src/rcl_interfaces/test_msgs) by extension 'colcon_meta'
[0.161s] Level 1:colcon.colcon_core.package_identification:_identify(src/rcl_interfaces/test_msgs) by extensions ['ament_cargo']
[0.161s] Level 1:colcon.colcon_core.package_identification:_identify(src/rcl_interfaces/test_msgs) by extension 'ament_cargo'
[0.161s] Level 1:colcon.colcon_core.package_identification:_identify(src/rcl_interfaces/test_msgs) by extensions ['ros']
[0.162s] Level 1:colcon.colcon_core.package_identification:_identify(src/rcl_interfaces/test_msgs) by extension 'ros'
[0.162s] DEBUG:colcon.colcon_core.package_identification:Package 'src/rcl_interfaces/test_msgs' with type 'ros.ament_cmake' and name 'test_msgs'
[0.162s] Level 1:colcon.colcon_core.package_identification:_identify(src/rcl_interfaces/type_description_interfaces) by extensions ['ignore', 'ignore_ament_install']
[0.162s] Level 1:colcon.colcon_core.package_identification:_identify(src/rcl_interfaces/type_description_interfaces) by extension 'ignore'
[0.162s] Level 1:colcon.colcon_core.package_identification:_identify(src/rcl_interfaces/type_description_interfaces) by extension 'ignore_ament_install'
[0.162s] Level 1:colcon.colcon_core.package_identification:_identify(src/rcl_interfaces/type_description_interfaces) by extensions ['cargo_workspace']
[0.162s] Level 1:colcon.colcon_core.package_identification:_identify(src/rcl_interfaces/type_description_interfaces) by extension 'cargo_workspace'
[0.162s] Level 1:colcon.colcon_core.package_identification:_identify(src/rcl_interfaces/type_description_interfaces) by extensions ['colcon_pkg']
[0.162s] Level 1:colcon.colcon_core.package_identification:_identify(src/rcl_interfaces/type_description_interfaces) by extension 'colcon_pkg'
[0.162s] Level 1:colcon.colcon_core.package_identification:_identify(src/rcl_interfaces/type_description_interfaces) by extensions ['colcon_meta']
[0.162s] Level 1:colcon.colcon_core.package_identification:_identify(src/rcl_interfaces/type_description_interfaces) by extension 'colcon_meta'
[0.162s] Level 1:colcon.colcon_core.package_identification:_identify(src/rcl_interfaces/type_description_interfaces) by extensions ['ament_cargo']
[0.162s] Level 1:colcon.colcon_core.package_identification:_identify(src/rcl_interfaces/type_description_interfaces) by extension 'ament_cargo'
[0.162s] Level 1:colcon.colcon_core.package_identification:_identify(src/rcl_interfaces/type_description_interfaces) by extensions ['ros']
[0.163s] Level 1:colcon.colcon_core.package_identification:_identify(src/rcl_interfaces/type_description_interfaces) by extension 'ros'
[0.163s] DEBUG:colcon.colcon_core.package_identification:Package 'src/rcl_interfaces/type_description_interfaces' with type 'ros.ament_cmake' and name 'type_description_interfaces'
[0.163s] Level 1:colcon.colcon_core.package_identification:_identify(src/rosidl_core) by extensions ['ignore', 'ignore_ament_install']
[0.163s] Level 1:colcon.colcon_core.package_identification:_identify(src/rosidl_core) by extension 'ignore'
[0.163s] Level 1:colcon.colcon_core.package_identification:_identify(src/rosidl_core) by extension 'ignore_ament_install'
[0.163s] Level 1:colcon.colcon_core.package_identification:_identify(src/rosidl_core) by extensions ['cargo_workspace']
[0.163s] Level 1:colcon.colcon_core.package_identification:_identify(src/rosidl_core) by extension 'cargo_workspace'
[0.163s] Level 1:colcon.colcon_core.package_identification:_identify(src/rosidl_core) by extensions ['colcon_pkg']
[0.163s] Level 1:colcon.colcon_core.package_identification:_identify(src/rosidl_core) by extension 'colcon_pkg'
[0.163s] Level 1:colcon.colcon_core.package_identification:_identify(src/rosidl_core) by extensions ['colcon_meta']
[0.163s] Level 1:colcon.colcon_core.package_identification:_identify(src/rosidl_core) by extension 'colcon_meta'
[0.163s] Level 1:colcon.colcon_core.package_identification:_identify(src/rosidl_core) by extensions ['ament_cargo']
[0.163s] Level 1:colcon.colcon_core.package_identification:_identify(src/rosidl_core) by extension 'ament_cargo'
[0.163s] Level 1:colcon.colcon_core.package_identification:_identify(src/rosidl_core) by extensions ['ros']
[0.163s] Level 1:colcon.colcon_core.package_identification:_identify(src/rosidl_core) by extension 'ros'
[0.163s] Level 1:colcon.colcon_core.package_identification:_identify(src/rosidl_core) by extensions ['cargo', 'cmake', 'python']
[0.163s] Level 1:colcon.colcon_core.package_identification:_identify(src/rosidl_core) by extension 'cargo'
[0.163s] Level 1:colcon.colcon_core.package_identification:_identify(src/rosidl_core) by extension 'cmake'
[0.163s] Level 1:colcon.colcon_core.package_identification:_identify(src/rosidl_core) by extension 'python'
[0.164s] Level 1:colcon.colcon_core.package_identification:_identify(src/rosidl_core) by extensions ['python_setup_py']
[0.164s] Level 1:colcon.colcon_core.package_identification:_identify(src/rosidl_core) by extension 'python_setup_py'
[0.164s] Level 1:colcon.colcon_core.package_identification:_identify(src/rosidl_core/rosidl_core_generators) by extensions ['ignore', 'ignore_ament_install']
[0.164s] Level 1:colcon.colcon_core.package_identification:_identify(src/rosidl_core/rosidl_core_generators) by extension 'ignore'
[0.164s] Level 1:colcon.colcon_core.package_identification:_identify(src/rosidl_core/rosidl_core_generators) by extension 'ignore_ament_install'
[0.164s] Level 1:colcon.colcon_core.package_identification:_identify(src/rosidl_core/rosidl_core_generators) by extensions ['cargo_workspace']
[0.164s] Level 1:colcon.colcon_core.package_identification:_identify(src/rosidl_core/rosidl_core_generators) by extension 'cargo_workspace'
[0.164s] Level 1:colcon.colcon_core.package_identification:_identify(src/rosidl_core/rosidl_core_generators) by extensions ['colcon_pkg']
[0.164s] Level 1:colcon.colcon_core.package_identification:_identify(src/rosidl_core/rosidl_core_generators) by extension 'colcon_pkg'
[0.164s] Level 1:colcon.colcon_core.package_identification:_identify(src/rosidl_core/rosidl_core_generators) by extensions ['colcon_meta']
[0.164s] Level 1:colcon.colcon_core.package_identification:_identify(src/rosidl_core/rosidl_core_generators) by extension 'colcon_meta'
[0.164s] Level 1:colcon.colcon_core.package_identification:_identify(src/rosidl_core/rosidl_core_generators) by extensions ['ament_cargo']
[0.164s] Level 1:colcon.colcon_core.package_identification:_identify(src/rosidl_core/rosidl_core_generators) by extension 'ament_cargo'
[0.164s] Level 1:colcon.colcon_core.package_identification:_identify(src/rosidl_core/rosidl_core_generators) by extensions ['ros']
[0.164s] Level 1:colcon.colcon_core.package_identification:_identify(src/rosidl_core/rosidl_core_generators) by extension 'ros'
[0.165s] DEBUG:colcon.colcon_core.package_identification:Package 'src/rosidl_core/rosidl_core_generators' with type 'ros.ament_cmake' and name 'rosidl_core_generators'
[0.165s] Level 1:colcon.colcon_core.package_identification:_identify(src/rosidl_core/rosidl_core_runtime) by extensions ['ignore', 'ignore_ament_install']
[0.165s] Level 1:colcon.colcon_core.package_identification:_identify(src/rosidl_core/rosidl_core_runtime) by extension 'ignore'
[0.165s] Level 1:colcon.colcon_core.package_identification:_identify(src/rosidl_core/rosidl_core_runtime) by extension 'ignore_ament_install'
[0.165s] Level 1:colcon.colcon_core.package_identification:_identify(src/rosidl_core/rosidl_core_runtime) by extensions ['cargo_workspace']
[0.165s] Level 1:colcon.colcon_core.package_identification:_identify(src/rosidl_core/rosidl_core_runtime) by extension 'cargo_workspace'
[0.165s] Level 1:colcon.colcon_core.package_identification:_identify(src/rosidl_core/rosidl_core_runtime) by extensions ['colcon_pkg']
[0.165s] Level 1:colcon.colcon_core.package_identification:_identify(src/rosidl_core/rosidl_core_runtime) by extension 'colcon_pkg'
[0.165s] Level 1:colcon.colcon_core.package_identification:_identify(src/rosidl_core/rosidl_core_runtime) by extensions ['colcon_meta']
[0.165s] Level 1:colcon.colcon_core.package_identification:_identify(src/rosidl_core/rosidl_core_runtime) by extension 'colcon_meta'
[0.165s] Level 1:colcon.colcon_core.package_identification:_identify(src/rosidl_core/rosidl_core_runtime) by extensions ['ament_cargo']
[0.165s] Level 1:colcon.colcon_core.package_identification:_identify(src/rosidl_core/rosidl_core_runtime) by extension 'ament_cargo'
[0.166s] Level 1:colcon.colcon_core.package_identification:_identify(src/rosidl_core/rosidl_core_runtime) by extensions ['ros']
[0.166s] Level 1:colcon.colcon_core.package_identification:_identify(src/rosidl_core/rosidl_core_runtime) by extension 'ros'
[0.166s] DEBUG:colcon.colcon_core.package_identification:Package 'src/rosidl_core/rosidl_core_runtime' with type 'ros.ament_cmake' and name 'rosidl_core_runtime'
[0.166s] Level 1:colcon.colcon_core.package_identification:_identify(src/rosidl_defaults) by extensions ['ignore', 'ignore_ament_install']
[0.166s] Level 1:colcon.colcon_core.package_identification:_identify(src/rosidl_defaults) by extension 'ignore'
[0.166s] Level 1:colcon.colcon_core.package_identification:_identify(src/rosidl_defaults) by extension 'ignore_ament_install'
[0.166s] Level 1:colcon.colcon_core.package_identification:_identify(src/rosidl_defaults) by extensions ['cargo_workspace']
[0.166s] Level 1:colcon.colcon_core.package_identification:_identify(src/rosidl_defaults) by extension 'cargo_workspace'
[0.167s] Level 1:colcon.colcon_core.package_identification:_identify(src/rosidl_defaults) by extensions ['colcon_pkg']
[0.167s] Level 1:colcon.colcon_core.package_identification:_identify(src/rosidl_defaults) by extension 'colcon_pkg'
[0.167s] Level 1:colcon.colcon_core.package_identification:_identify(src/rosidl_defaults) by extensions ['colcon_meta']
[0.167s] Level 1:colcon.colcon_core.package_identification:_identify(src/rosidl_defaults) by extension 'colcon_meta'
[0.167s] Level 1:colcon.colcon_core.package_identification:_identify(src/rosidl_defaults) by extensions ['ament_cargo']
[0.167s] Level 1:colcon.colcon_core.package_identification:_identify(src/rosidl_defaults) by extension 'ament_cargo'
[0.167s] Level 1:colcon.colcon_core.package_identification:_identify(src/rosidl_defaults) by extensions ['ros']
[0.167s] Level 1:colcon.colcon_core.package_identification:_identify(src/rosidl_defaults) by extension 'ros'
[0.167s] Level 1:colcon.colcon_core.package_identification:_identify(src/rosidl_defaults) by extensions ['cargo', 'cmake', 'python']
[0.167s] Level 1:colcon.colcon_core.package_identification:_identify(src/rosidl_defaults) by extension 'cargo'
[0.167s] Level 1:colcon.colcon_core.package_identification:_identify(src/rosidl_defaults) by extension 'cmake'
[0.167s] Level 1:colcon.colcon_core.package_identification:_identify(src/rosidl_defaults) by extension 'python'
[0.167s] Level 1:colcon.colcon_core.package_identification:_identify(src/rosidl_defaults) by extensions ['python_setup_py']
[0.167s] Level 1:colcon.colcon_core.package_identification:_identify(src/rosidl_defaults) by extension 'python_setup_py'
[0.167s] Level 1:colcon.colcon_core.package_identification:_identify(src/rosidl_defaults/rosidl_default_generators) by extensions ['ignore', 'ignore_ament_install']
[0.167s] Level 1:colcon.colcon_core.package_identification:_identify(src/rosidl_defaults/rosidl_default_generators) by extension 'ignore'
[0.167s] Level 1:colcon.colcon_core.package_identification:_identify(src/rosidl_defaults/rosidl_default_generators) by extension 'ignore_ament_install'
[0.167s] Level 1:colcon.colcon_core.package_identification:_identify(src/rosidl_defaults/rosidl_default_generators) by extensions ['cargo_workspace']
[0.167s] Level 1:colcon.colcon_core.package_identification:_identify(src/rosidl_defaults/rosidl_default_generators) by extension 'cargo_workspace'
[0.167s] Level 1:colcon.colcon_core.package_identification:_identify(src/rosidl_defaults/rosidl_default_generators) by extensions ['colcon_pkg']
[0.167s] Level 1:colcon.colcon_core.package_identification:_identify(src/rosidl_defaults/rosidl_default_generators) by extension 'colcon_pkg'
[0.167s] Level 1:colcon.colcon_core.package_identification:_identify(src/rosidl_defaults/rosidl_default_generators) by extensions ['colcon_meta']
[0.167s] Level 1:colcon.colcon_core.package_identification:_identify(src/rosidl_defaults/rosidl_default_generators) by extension 'colcon_meta'
[0.167s] Level 1:colcon.colcon_core.package_identification:_identify(src/rosidl_defaults/rosidl_default_generators) by extensions ['ament_cargo']
[0.167s] Level 1:colcon.colcon_core.package_identification:_identify(src/rosidl_defaults/rosidl_default_generators) by extension 'ament_cargo'
[0.168s] Level 1:colcon.colcon_core.package_identification:_identify(src/rosidl_defaults/rosidl_default_generators) by extensions ['ros']
[0.168s] Level 1:colcon.colcon_core.package_identification:_identify(src/rosidl_defaults/rosidl_default_generators) by extension 'ros'
[0.168s] DEBUG:colcon.colcon_core.package_identification:Package 'src/rosidl_defaults/rosidl_default_generators' with type 'ros.ament_cmake' and name 'rosidl_default_generators'
[0.168s] Level 1:colcon.colcon_core.package_identification:_identify(src/rosidl_defaults/rosidl_default_runtime) by extensions ['ignore', 'ignore_ament_install']
[0.168s] Level 1:colcon.colcon_core.package_identification:_identify(src/rosidl_defaults/rosidl_default_runtime) by extension 'ignore'
[0.168s] Level 1:colcon.colcon_core.package_identification:_identify(src/rosidl_defaults/rosidl_default_runtime) by extension 'ignore_ament_install'
[0.168s] Level 1:colcon.colcon_core.package_identification:_identify(src/rosidl_defaults/rosidl_default_runtime) by extensions ['cargo_workspace']
[0.168s] Level 1:colcon.colcon_core.package_identification:_identify(src/rosidl_defaults/rosidl_default_runtime) by extension 'cargo_workspace'
[0.168s] Level 1:colcon.colcon_core.package_identification:_identify(src/rosidl_defaults/rosidl_default_runtime) by extensions ['colcon_pkg']
[0.168s] Level 1:colcon.colcon_core.package_identification:_identify(src/rosidl_defaults/rosidl_default_runtime) by extension 'colcon_pkg'
[0.169s] Level 1:colcon.colcon_core.package_identification:_identify(src/rosidl_defaults/rosidl_default_runtime) by extensions ['colcon_meta']
[0.169s] Level 1:colcon.colcon_core.package_identification:_identify(src/rosidl_defaults/rosidl_default_runtime) by extension 'colcon_meta'
[0.169s] Level 1:colcon.colcon_core.package_identification:_identify(src/rosidl_defaults/rosidl_default_runtime) by extensions ['ament_cargo']
[0.169s] Level 1:colcon.colcon_core.package_identification:_identify(src/rosidl_defaults/rosidl_default_runtime) by extension 'ament_cargo'
[0.169s] Level 1:colcon.colcon_core.package_identification:_identify(src/rosidl_defaults/rosidl_default_runtime) by extensions ['ros']
[0.169s] Level 1:colcon.colcon_core.package_identification:_identify(src/rosidl_defaults/rosidl_default_runtime) by extension 'ros'
[0.169s] DEBUG:colcon.colcon_core.package_identification:Package 'src/rosidl_defaults/rosidl_default_runtime' with type 'ros.ament_cmake' and name 'rosidl_default_runtime'
[0.169s] Level 1:colcon.colcon_core.package_identification:_identify(src/rosidl_rust) by extensions ['ignore', 'ignore_ament_install']
[0.169s] Level 1:colcon.colcon_core.package_identification:_identify(src/rosidl_rust) by extension 'ignore'
[0.169s] Level 1:colcon.colcon_core.package_identification:_identify(src/rosidl_rust) by extension 'ignore_ament_install'
[0.169s] Level 1:colcon.colcon_core.package_identification:_identify(src/rosidl_rust) by extensions ['cargo_workspace']
[0.170s] Level 1:colcon.colcon_core.package_identification:_identify(src/rosidl_rust) by extension 'cargo_workspace'
[0.170s] Level 1:colcon.colcon_core.package_identification:_identify(src/rosidl_rust) by extensions ['colcon_pkg']
[0.170s] Level 1:colcon.colcon_core.package_identification:_identify(src/rosidl_rust) by extension 'colcon_pkg'
[0.170s] Level 1:colcon.colcon_core.package_identification:_identify(src/rosidl_rust) by extensions ['colcon_meta']
[0.170s] Level 1:colcon.colcon_core.package_identification:_identify(src/rosidl_rust) by extension 'colcon_meta'
[0.170s] Level 1:colcon.colcon_core.package_identification:_identify(src/rosidl_rust) by extensions ['ament_cargo']
[0.170s] Level 1:colcon.colcon_core.package_identification:_identify(src/rosidl_rust) by extension 'ament_cargo'
[0.170s] Level 1:colcon.colcon_core.package_identification:_identify(src/rosidl_rust) by extensions ['ros']
[0.170s] Level 1:colcon.colcon_core.package_identification:_identify(src/rosidl_rust) by extension 'ros'
[0.170s] Level 1:colcon.colcon_core.package_identification:_identify(src/rosidl_rust) by extensions ['cargo', 'cmake', 'python']
[0.170s] Level 1:colcon.colcon_core.package_identification:_identify(src/rosidl_rust) by extension 'cargo'
[0.170s] Level 1:colcon.colcon_core.package_identification:_identify(src/rosidl_rust) by extension 'cmake'
[0.170s] Level 1:colcon.colcon_core.package_identification:_identify(src/rosidl_rust) by extension 'python'
[0.170s] Level 1:colcon.colcon_core.package_identification:_identify(src/rosidl_rust) by extensions ['python_setup_py']
[0.170s] Level 1:colcon.colcon_core.package_identification:_identify(src/rosidl_rust) by extension 'python_setup_py'
[0.170s] Level 1:colcon.colcon_core.package_identification:_identify(src/rosidl_rust/rosidl_generator_rs) by extensions ['ignore', 'ignore_ament_install']
[0.170s] Level 1:colcon.colcon_core.package_identification:_identify(src/rosidl_rust/rosidl_generator_rs) by extension 'ignore'
[0.170s] Level 1:colcon.colcon_core.package_identification:_identify(src/rosidl_rust/rosidl_generator_rs) by extension 'ignore_ament_install'
[0.170s] Level 1:colcon.colcon_core.package_identification:_identify(src/rosidl_rust/rosidl_generator_rs) by extensions ['cargo_workspace']
[0.170s] Level 1:colcon.colcon_core.package_identification:_identify(src/rosidl_rust/rosidl_generator_rs) by extension 'cargo_workspace'
[0.170s] Level 1:colcon.colcon_core.package_identification:_identify(src/rosidl_rust/rosidl_generator_rs) by extensions ['colcon_pkg']
[0.170s] Level 1:colcon.colcon_core.package_identification:_identify(src/rosidl_rust/rosidl_generator_rs) by extension 'colcon_pkg'
[0.170s] Level 1:colcon.colcon_core.package_identification:_identify(src/rosidl_rust/rosidl_generator_rs) by extensions ['colcon_meta']
[0.170s] Level 1:colcon.colcon_core.package_identification:_identify(src/rosidl_rust/rosidl_generator_rs) by extension 'colcon_meta'
[0.170s] Level 1:colcon.colcon_core.package_identification:_identify(src/rosidl_rust/rosidl_generator_rs) by extensions ['ament_cargo']
[0.170s] Level 1:colcon.colcon_core.package_identification:_identify(src/rosidl_rust/rosidl_generator_rs) by extension 'ament_cargo'
[0.171s] Level 1:colcon.colcon_core.package_identification:_identify(src/rosidl_rust/rosidl_generator_rs) by extensions ['ros']
[0.171s] Level 1:colcon.colcon_core.package_identification:_identify(src/rosidl_rust/rosidl_generator_rs) by extension 'ros'
[0.173s] DEBUG:colcon.colcon_core.package_identification:Package 'src/rosidl_rust/rosidl_generator_rs' with type 'ros.ament_cmake' and name 'rosidl_generator_rs'
[0.174s] Level 1:colcon.colcon_core.package_identification:_identify(src/rust_pubsub) by extensions ['ignore', 'ignore_ament_install']
[0.174s] Level 1:colcon.colcon_core.package_identification:_identify(src/rust_pubsub) by extension 'ignore'
[0.174s] Level 1:colcon.colcon_core.package_identification:_identify(src/rust_pubsub) by extension 'ignore_ament_install'
[0.174s] Level 1:colcon.colcon_core.package_identification:_identify(src/rust_pubsub) by extensions ['cargo_workspace']
[0.174s] Level 1:colcon.colcon_core.package_identification:_identify(src/rust_pubsub) by extension 'cargo_workspace'
[0.174s] Level 1:colcon.colcon_core.package_identification:_identify(src/rust_pubsub) by extensions ['colcon_pkg']
[0.174s] Level 1:colcon.colcon_core.package_identification:_identify(src/rust_pubsub) by extension 'colcon_pkg'
[0.174s] Level 1:colcon.colcon_core.package_identification:_identify(src/rust_pubsub) by extensions ['colcon_meta']
[0.174s] Level 1:colcon.colcon_core.package_identification:_identify(src/rust_pubsub) by extension 'colcon_meta'
[0.174s] Level 1:colcon.colcon_core.package_identification:_identify(src/rust_pubsub) by extensions ['ament_cargo']
[0.174s] Level 1:colcon.colcon_core.package_identification:_identify(src/rust_pubsub) by extension 'ament_cargo'
[0.189s] DEBUG:colcon.colcon_core.package_identification:Package 'src/rust_pubsub' with type 'ament_cargo' and name 'rust_pubsub'
[0.189s] Level 1:colcon.colcon_core.package_identification:_identify(src/unique_identifier_msgs) by extensions ['ignore', 'ignore_ament_install']
[0.189s] Level 1:colcon.colcon_core.package_identification:_identify(src/unique_identifier_msgs) by extension 'ignore'
[0.189s] Level 1:colcon.colcon_core.package_identification:_identify(src/unique_identifier_msgs) by extension 'ignore_ament_install'
[0.189s] Level 1:colcon.colcon_core.package_identification:_identify(src/unique_identifier_msgs) by extensions ['cargo_workspace']
[0.189s] Level 1:colcon.colcon_core.package_identification:_identify(src/unique_identifier_msgs) by extension 'cargo_workspace'
[0.189s] Level 1:colcon.colcon_core.package_identification:_identify(src/unique_identifier_msgs) by extensions ['colcon_pkg']
[0.189s] Level 1:colcon.colcon_core.package_identification:_identify(src/unique_identifier_msgs) by extension 'colcon_pkg'
[0.189s] Level 1:colcon.colcon_core.package_identification:_identify(src/unique_identifier_msgs) by extensions ['colcon_meta']
[0.189s] Level 1:colcon.colcon_core.package_identification:_identify(src/unique_identifier_msgs) by extension 'colcon_meta'
[0.189s] Level 1:colcon.colcon_core.package_identification:_identify(src/unique_identifier_msgs) by extensions ['ament_cargo']
[0.189s] Level 1:colcon.colcon_core.package_identification:_identify(src/unique_identifier_msgs) by extension 'ament_cargo'
[0.190s] Level 1:colcon.colcon_core.package_identification:_identify(src/unique_identifier_msgs) by extensions ['ros']
[0.190s] Level 1:colcon.colcon_core.package_identification:_identify(src/unique_identifier_msgs) by extension 'ros'
[0.190s] DEBUG:colcon.colcon_core.package_identification:Package 'src/unique_identifier_msgs' with type 'ros.ament_cmake' and name 'unique_identifier_msgs'
[0.190s] Level 1:colcon.colcon_core.package_discovery:discover_packages(recursive) using defaults
[0.190s] Level 1:colcon.colcon_core.package_discovery:discover_packages(ignore) discover
[0.190s] Level 1:colcon.colcon_core.package_discovery:discover_packages(ignore) using defaults
[0.190s] Level 1:colcon.colcon_core.package_discovery:discover_packages(path) discover
[0.190s] Level 1:colcon.colcon_core.package_discovery:discover_packages(path) using defaults
[0.190s] Level 1:colcon.colcon_core.package_discovery:discover_packages(cargo_workspace) discover
[0.190s] Level 1:colcon.colcon_core.package_discovery:discover_packages(cargo_workspace) using defaults
[0.211s] INFO:colcon.colcon_core.package_selection:Skipping package 'common_interfaces' in 'src/common_interfaces/common_interfaces'
[0.212s] INFO:colcon.colcon_core.package_selection:Skipping package 'visualization_msgs' in 'src/common_interfaces/visualization_msgs'
[0.212s] INFO:colcon.colcon_core.package_selection:Skipping package 'stereo_msgs' in 'src/common_interfaces/stereo_msgs'
[0.212s] INFO:colcon.colcon_core.package_selection:Skipping package 'sensor_msgs_py' in 'src/common_interfaces/sensor_msgs_py'
[0.212s] INFO:colcon.colcon_core.package_selection:Skipping package 'trajectory_msgs' in 'src/common_interfaces/trajectory_msgs'
[0.212s] INFO:colcon.colcon_core.package_selection:Skipping package 'shape_msgs' in 'src/common_interfaces/shape_msgs'
[0.212s] INFO:colcon.colcon_core.package_selection:Skipping package 'sensor_msgs' in 'src/common_interfaces/sensor_msgs'
[0.212s] INFO:colcon.colcon_core.package_selection:Skipping package 'nav_msgs' in 'src/common_interfaces/nav_msgs'
[0.212s] INFO:colcon.colcon_core.package_selection:Skipping package 'diagnostic_msgs' in 'src/common_interfaces/diagnostic_msgs'
[0.212s] INFO:colcon.colcon_core.package_selection:Skipping package 'rosgraph_msgs' in 'src/rcl_interfaces/rosgraph_msgs'
[0.212s] INFO:colcon.colcon_core.package_selection:Skipping package 'geometry_msgs' in 'src/common_interfaces/geometry_msgs'
[0.212s] INFO:colcon.colcon_core.package_selection:Skipping package 'composition_interfaces' in 'src/rcl_interfaces/composition_interfaces'
[0.212s] INFO:colcon.colcon_core.package_selection:Skipping package 'actionlib_msgs' in 'src/common_interfaces/actionlib_msgs'
[0.212s] INFO:colcon.colcon_core.package_selection:Skipping package 'test_msgs' in 'src/rcl_interfaces/test_msgs'
[0.212s] INFO:colcon.colcon_core.package_selection:Skipping package 'std_srvs' in 'src/common_interfaces/std_srvs'
[0.212s] INFO:colcon.colcon_core.package_selection:Skipping package 'statistics_msgs' in 'src/rcl_interfaces/statistics_msgs'
[0.212s] INFO:colcon.colcon_core.package_selection:Skipping package 'rcl_interfaces' in 'src/rcl_interfaces/rcl_interfaces'
[0.212s] INFO:colcon.colcon_core.package_selection:Skipping package 'lifecycle_msgs' in 'src/rcl_interfaces/lifecycle_msgs'
[0.212s] INFO:colcon.colcon_core.package_selection:Skipping package 'type_description_interfaces' in 'src/rcl_interfaces/type_description_interfaces'
[0.212s] Level 1:colcon.colcon_core.package_discovery:discover_packages(prefix_path) check parameters
[0.212s] Level 1:colcon.colcon_core.package_discovery:discover_packages(prefix_path) discover
[0.214s] DEBUG:colcon.colcon_installed_package_information.package_discovery:Found 288 installed packages in /opt/ros/jazzy
[0.215s] Level 1:colcon.colcon_core.package_discovery:discover_packages(prefix_path) using defaults
[0.250s] WARNING:colcon.colcon_core.package_selection:Some selected packages are already built in one or more underlay workspaces:
	'action_msgs' is in: /opt/ros/jazzy
	'unique_identifier_msgs' is in: /opt/ros/jazzy
	'std_msgs' is in: /opt/ros/jazzy
	'rosidl_default_generators' is in: /opt/ros/jazzy
	'service_msgs' is in: /opt/ros/jazzy
	'rosidl_default_runtime' is in: /opt/ros/jazzy
	'rosidl_core_runtime' is in: /opt/ros/jazzy
	'builtin_interfaces' is in: /opt/ros/jazzy
If a package in a merged underlay workspace is overridden and it installs headers, then all packages in the overlay must sort their include directories by workspace order. Failure to do so may result in build failures or undefined behavior at run time.
If the overridden package is used by another package in any underlay, then the overriding package in the overlay must be API and ABI compatible or undefined behavior at run time may occur.

If you understand the risks and want to override a package anyways, add the following to the command line:
	--allow-overriding action_msgs builtin_interfaces rosidl_core_runtime rosidl_default_generators rosidl_default_runtime service_msgs std_msgs unique_identifier_msgs

This may be promoted to an error in a future release of colcon-override-check.
[0.251s] Level 5:colcon.colcon_core.verb:set package 'rosidl_generator_rs' build argument 'lookup_in_workspace' from command line to 'False'
[0.251s] Level 5:colcon.colcon_core.verb:set package 'rosidl_generator_rs' build argument 'cargo_args' from command line to 'None'
[0.251s] Level 5:colcon.colcon_core.verb:set package 'rosidl_generator_rs' build argument 'clean_build' from command line to 'False'
[0.251s] Level 5:colcon.colcon_core.verb:set package 'rosidl_generator_rs' build argument 'cmake_args' from command line to 'None'
[0.251s] Level 5:colcon.colcon_core.verb:set package 'rosidl_generator_rs' build argument 'cmake_target' from command line to 'None'
[0.251s] Level 5:colcon.colcon_core.verb:set package 'rosidl_generator_rs' build argument 'cmake_target_skip_unavailable' from command line to 'False'
[0.251s] Level 5:colcon.colcon_core.verb:set package 'rosidl_generator_rs' build argument 'cmake_clean_cache' from command line to 'False'
[0.251s] Level 5:colcon.colcon_core.verb:set package 'rosidl_generator_rs' build argument 'cmake_clean_first' from command line to 'False'
[0.251s] Level 5:colcon.colcon_core.verb:set package 'rosidl_generator_rs' build argument 'cmake_force_configure' from command line to 'False'
[0.251s] Level 5:colcon.colcon_core.verb:set package 'rosidl_generator_rs' build argument 'ament_cmake_args' from command line to 'None'
[0.251s] Level 5:colcon.colcon_core.verb:set package 'rosidl_generator_rs' build argument 'catkin_cmake_args' from command line to 'None'
[0.251s] Level 5:colcon.colcon_core.verb:set package 'rosidl_generator_rs' build argument 'catkin_skip_building_tests' from command line to 'False'
[0.251s] DEBUG:colcon.colcon_core.verb:Building package 'rosidl_generator_rs' with the following arguments: {'ament_cmake_args': None, 'build_base': '/home/rsanz/git/learning/ROS2/RustROS2/build/rosidl_generator_rs', 'cargo_args': None, 'catkin_cmake_args': None, 'catkin_skip_building_tests': False, 'clean_build': False, 'cmake_args': None, 'cmake_clean_cache': False, 'cmake_clean_first': False, 'cmake_force_configure': False, 'cmake_target': None, 'cmake_target_skip_unavailable': False, 'install_base': '/home/rsanz/git/learning/ROS2/RustROS2/install/rosidl_generator_rs', 'lookup_in_workspace': False, 'merge_install': False, 'path': '/home/rsanz/git/learning/ROS2/RustROS2/src/rosidl_rust/rosidl_generator_rs', 'symlink_install': False, 'test_result_base': None}
[0.251s] Level 5:colcon.colcon_core.verb:set package 'rosidl_core_generators' build argument 'lookup_in_workspace' from command line to 'False'
[0.251s] Level 5:colcon.colcon_core.verb:set package 'rosidl_core_generators' build argument 'cargo_args' from command line to 'None'
[0.251s] Level 5:colcon.colcon_core.verb:set package 'rosidl_core_generators' build argument 'clean_build' from command line to 'False'
[0.251s] Level 5:colcon.colcon_core.verb:set package 'rosidl_core_generators' build argument 'cmake_args' from command line to 'None'
[0.251s] Level 5:colcon.colcon_core.verb:set package 'rosidl_core_generators' build argument 'cmake_target' from command line to 'None'
[0.251s] Level 5:colcon.colcon_core.verb:set package 'rosidl_core_generators' build argument 'cmake_target_skip_unavailable' from command line to 'False'
[0.251s] Level 5:colcon.colcon_core.verb:set package 'rosidl_core_generators' build argument 'cmake_clean_cache' from command line to 'False'
[0.251s] Level 5:colcon.colcon_core.verb:set package 'rosidl_core_generators' build argument 'cmake_clean_first' from command line to 'False'
[0.251s] Level 5:colcon.colcon_core.verb:set package 'rosidl_core_generators' build argument 'cmake_force_configure' from command line to 'False'
[0.251s] Level 5:colcon.colcon_core.verb:set package 'rosidl_core_generators' build argument 'ament_cmake_args' from command line to 'None'
[0.251s] Level 5:colcon.colcon_core.verb:set package 'rosidl_core_generators' build argument 'catkin_cmake_args' from command line to 'None'
[0.251s] Level 5:colcon.colcon_core.verb:set package 'rosidl_core_generators' build argument 'catkin_skip_building_tests' from command line to 'False'
[0.251s] DEBUG:colcon.colcon_core.verb:Building package 'rosidl_core_generators' with the following arguments: {'ament_cmake_args': None, 'build_base': '/home/rsanz/git/learning/ROS2/RustROS2/build/rosidl_core_generators', 'cargo_args': None, 'catkin_cmake_args': None, 'catkin_skip_building_tests': False, 'clean_build': False, 'cmake_args': None, 'cmake_clean_cache': False, 'cmake_clean_first': False, 'cmake_force_configure': False, 'cmake_target': None, 'cmake_target_skip_unavailable': False, 'install_base': '/home/rsanz/git/learning/ROS2/RustROS2/install/rosidl_core_generators', 'lookup_in_workspace': False, 'merge_install': False, 'path': '/home/rsanz/git/learning/ROS2/RustROS2/src/rosidl_core/rosidl_core_generators', 'symlink_install': False, 'test_result_base': None}
[0.251s] Level 5:colcon.colcon_core.verb:set package 'rosidl_core_runtime' build argument 'lookup_in_workspace' from command line to 'False'
[0.251s] Level 5:colcon.colcon_core.verb:set package 'rosidl_core_runtime' build argument 'cargo_args' from command line to 'None'
[0.251s] Level 5:colcon.colcon_core.verb:set package 'rosidl_core_runtime' build argument 'clean_build' from command line to 'False'
[0.251s] Level 5:colcon.colcon_core.verb:set package 'rosidl_core_runtime' build argument 'cmake_args' from command line to 'None'
[0.251s] Level 5:colcon.colcon_core.verb:set package 'rosidl_core_runtime' build argument 'cmake_target' from command line to 'None'
[0.251s] Level 5:colcon.colcon_core.verb:set package 'rosidl_core_runtime' build argument 'cmake_target_skip_unavailable' from command line to 'False'
[0.251s] Level 5:colcon.colcon_core.verb:set package 'rosidl_core_runtime' build argument 'cmake_clean_cache' from command line to 'False'
[0.251s] Level 5:colcon.colcon_core.verb:set package 'rosidl_core_runtime' build argument 'cmake_clean_first' from command line to 'False'
[0.252s] Level 5:colcon.colcon_core.verb:set package 'rosidl_core_runtime' build argument 'cmake_force_configure' from command line to 'False'
[0.252s] Level 5:colcon.colcon_core.verb:set package 'rosidl_core_runtime' build argument 'ament_cmake_args' from command line to 'None'
[0.252s] Level 5:colcon.colcon_core.verb:set package 'rosidl_core_runtime' build argument 'catkin_cmake_args' from command line to 'None'
[0.252s] Level 5:colcon.colcon_core.verb:set package 'rosidl_core_runtime' build argument 'catkin_skip_building_tests' from command line to 'False'
[0.252s] DEBUG:colcon.colcon_core.verb:Building package 'rosidl_core_runtime' with the following arguments: {'ament_cmake_args': None, 'build_base': '/home/rsanz/git/learning/ROS2/RustROS2/build/rosidl_core_runtime', 'cargo_args': None, 'catkin_cmake_args': None, 'catkin_skip_building_tests': False, 'clean_build': False, 'cmake_args': None, 'cmake_clean_cache': False, 'cmake_clean_first': False, 'cmake_force_configure': False, 'cmake_target': None, 'cmake_target_skip_unavailable': False, 'install_base': '/home/rsanz/git/learning/ROS2/RustROS2/install/rosidl_core_runtime', 'lookup_in_workspace': False, 'merge_install': False, 'path': '/home/rsanz/git/learning/ROS2/RustROS2/src/rosidl_core/rosidl_core_runtime', 'symlink_install': False, 'test_result_base': None}
[0.252s] Level 5:colcon.colcon_core.verb:set package 'builtin_interfaces' build argument 'lookup_in_workspace' from command line to 'False'
[0.252s] Level 5:colcon.colcon_core.verb:set package 'builtin_interfaces' build argument 'cargo_args' from command line to 'None'
[0.252s] Level 5:colcon.colcon_core.verb:set package 'builtin_interfaces' build argument 'clean_build' from command line to 'False'
[0.252s] Level 5:colcon.colcon_core.verb:set package 'builtin_interfaces' build argument 'cmake_args' from command line to 'None'
[0.252s] Level 5:colcon.colcon_core.verb:set package 'builtin_interfaces' build argument 'cmake_target' from command line to 'None'
[0.252s] Level 5:colcon.colcon_core.verb:set package 'builtin_interfaces' build argument 'cmake_target_skip_unavailable' from command line to 'False'
[0.252s] Level 5:colcon.colcon_core.verb:set package 'builtin_interfaces' build argument 'cmake_clean_cache' from command line to 'False'
[0.252s] Level 5:colcon.colcon_core.verb:set package 'builtin_interfaces' build argument 'cmake_clean_first' from command line to 'False'
[0.252s] Level 5:colcon.colcon_core.verb:set package 'builtin_interfaces' build argument 'cmake_force_configure' from command line to 'False'
[0.252s] Level 5:colcon.colcon_core.verb:set package 'builtin_interfaces' build argument 'ament_cmake_args' from command line to 'None'
[0.252s] Level 5:colcon.colcon_core.verb:set package 'builtin_interfaces' build argument 'catkin_cmake_args' from command line to 'None'
[0.252s] Level 5:colcon.colcon_core.verb:set package 'builtin_interfaces' build argument 'catkin_skip_building_tests' from command line to 'False'
[0.252s] DEBUG:colcon.colcon_core.verb:Building package 'builtin_interfaces' with the following arguments: {'ament_cmake_args': None, 'build_base': '/home/rsanz/git/learning/ROS2/RustROS2/build/builtin_interfaces', 'cargo_args': None, 'catkin_cmake_args': None, 'catkin_skip_building_tests': False, 'clean_build': False, 'cmake_args': None, 'cmake_clean_cache': False, 'cmake_clean_first': False, 'cmake_force_configure': False, 'cmake_target': None, 'cmake_target_skip_unavailable': False, 'install_base': '/home/rsanz/git/learning/ROS2/RustROS2/install/builtin_interfaces', 'lookup_in_workspace': False, 'merge_install': False, 'path': '/home/rsanz/git/learning/ROS2/RustROS2/src/rcl_interfaces/builtin_interfaces', 'symlink_install': False, 'test_result_base': None}
[0.252s] Level 5:colcon.colcon_core.verb:set package 'unique_identifier_msgs' build argument 'lookup_in_workspace' from command line to 'False'
[0.252s] Level 5:colcon.colcon_core.verb:set package 'unique_identifier_msgs' build argument 'cargo_args' from command line to 'None'
[0.252s] Level 5:colcon.colcon_core.verb:set package 'unique_identifier_msgs' build argument 'clean_build' from command line to 'False'
[0.252s] Level 5:colcon.colcon_core.verb:set package 'unique_identifier_msgs' build argument 'cmake_args' from command line to 'None'
[0.252s] Level 5:colcon.colcon_core.verb:set package 'unique_identifier_msgs' build argument 'cmake_target' from command line to 'None'
[0.252s] Level 5:colcon.colcon_core.verb:set package 'unique_identifier_msgs' build argument 'cmake_target_skip_unavailable' from command line to 'False'
[0.252s] Level 5:colcon.colcon_core.verb:set package 'unique_identifier_msgs' build argument 'cmake_clean_cache' from command line to 'False'
[0.252s] Level 5:colcon.colcon_core.verb:set package 'unique_identifier_msgs' build argument 'cmake_clean_first' from command line to 'False'
[0.252s] Level 5:colcon.colcon_core.verb:set package 'unique_identifier_msgs' build argument 'cmake_force_configure' from command line to 'False'
[0.252s] Level 5:colcon.colcon_core.verb:set package 'unique_identifier_msgs' build argument 'ament_cmake_args' from command line to 'None'
[0.252s] Level 5:colcon.colcon_core.verb:set package 'unique_identifier_msgs' build argument 'catkin_cmake_args' from command line to 'None'
[0.252s] Level 5:colcon.colcon_core.verb:set package 'unique_identifier_msgs' build argument 'catkin_skip_building_tests' from command line to 'False'
[0.252s] DEBUG:colcon.colcon_core.verb:Building package 'unique_identifier_msgs' with the following arguments: {'ament_cmake_args': None, 'build_base': '/home/rsanz/git/learning/ROS2/RustROS2/build/unique_identifier_msgs', 'cargo_args': None, 'catkin_cmake_args': None, 'catkin_skip_building_tests': False, 'clean_build': False, 'cmake_args': None, 'cmake_clean_cache': False, 'cmake_clean_first': False, 'cmake_force_configure': False, 'cmake_target': None, 'cmake_target_skip_unavailable': False, 'install_base': '/home/rsanz/git/learning/ROS2/RustROS2/install/unique_identifier_msgs', 'lookup_in_workspace': False, 'merge_install': False, 'path': '/home/rsanz/git/learning/ROS2/RustROS2/src/unique_identifier_msgs', 'symlink_install': False, 'test_result_base': None}
[0.253s] Level 5:colcon.colcon_core.verb:set package 'service_msgs' build argument 'lookup_in_workspace' from command line to 'False'
[0.253s] Level 5:colcon.colcon_core.verb:set package 'service_msgs' build argument 'cargo_args' from command line to 'None'
[0.253s] Level 5:colcon.colcon_core.verb:set package 'service_msgs' build argument 'clean_build' from command line to 'False'
[0.253s] Level 5:colcon.colcon_core.verb:set package 'service_msgs' build argument 'cmake_args' from command line to 'None'
[0.253s] Level 5:colcon.colcon_core.verb:set package 'service_msgs' build argument 'cmake_target' from command line to 'None'
[0.253s] Level 5:colcon.colcon_core.verb:set package 'service_msgs' build argument 'cmake_target_skip_unavailable' from command line to 'False'
[0.253s] Level 5:colcon.colcon_core.verb:set package 'service_msgs' build argument 'cmake_clean_cache' from command line to 'False'
[0.253s] Level 5:colcon.colcon_core.verb:set package 'service_msgs' build argument 'cmake_clean_first' from command line to 'False'
[0.253s] Level 5:colcon.colcon_core.verb:set package 'service_msgs' build argument 'cmake_force_configure' from command line to 'False'
[0.253s] Level 5:colcon.colcon_core.verb:set package 'service_msgs' build argument 'ament_cmake_args' from command line to 'None'
[0.253s] Level 5:colcon.colcon_core.verb:set package 'service_msgs' build argument 'catkin_cmake_args' from command line to 'None'
[0.253s] Level 5:colcon.colcon_core.verb:set package 'service_msgs' build argument 'catkin_skip_building_tests' from command line to 'False'
[0.253s] DEBUG:colcon.colcon_core.verb:Building package 'service_msgs' with the following arguments: {'ament_cmake_args': None, 'build_base': '/home/rsanz/git/learning/ROS2/RustROS2/build/service_msgs', 'cargo_args': None, 'catkin_cmake_args': None, 'catkin_skip_building_tests': False, 'clean_build': False, 'cmake_args': None, 'cmake_clean_cache': False, 'cmake_clean_first': False, 'cmake_force_configure': False, 'cmake_target': None, 'cmake_target_skip_unavailable': False, 'install_base': '/home/rsanz/git/learning/ROS2/RustROS2/install/service_msgs', 'lookup_in_workspace': False, 'merge_install': False, 'path': '/home/rsanz/git/learning/ROS2/RustROS2/src/rcl_interfaces/service_msgs', 'symlink_install': False, 'test_result_base': None}
[0.253s] Level 5:colcon.colcon_core.verb:set package 'action_msgs' build argument 'lookup_in_workspace' from command line to 'False'
[0.253s] Level 5:colcon.colcon_core.verb:set package 'action_msgs' build argument 'cargo_args' from command line to 'None'
[0.253s] Level 5:colcon.colcon_core.verb:set package 'action_msgs' build argument 'clean_build' from command line to 'False'
[0.253s] Level 5:colcon.colcon_core.verb:set package 'action_msgs' build argument 'cmake_args' from command line to 'None'
[0.253s] Level 5:colcon.colcon_core.verb:set package 'action_msgs' build argument 'cmake_target' from command line to 'None'
[0.253s] Level 5:colcon.colcon_core.verb:set package 'action_msgs' build argument 'cmake_target_skip_unavailable' from command line to 'False'
[0.253s] Level 5:colcon.colcon_core.verb:set package 'action_msgs' build argument 'cmake_clean_cache' from command line to 'False'
[0.253s] Level 5:colcon.colcon_core.verb:set package 'action_msgs' build argument 'cmake_clean_first' from command line to 'False'
[0.253s] Level 5:colcon.colcon_core.verb:set package 'action_msgs' build argument 'cmake_force_configure' from command line to 'False'
[0.253s] Level 5:colcon.colcon_core.verb:set package 'action_msgs' build argument 'ament_cmake_args' from command line to 'None'
[0.253s] Level 5:colcon.colcon_core.verb:set package 'action_msgs' build argument 'catkin_cmake_args' from command line to 'None'
[0.253s] Level 5:colcon.colcon_core.verb:set package 'action_msgs' build argument 'catkin_skip_building_tests' from command line to 'False'
[0.253s] DEBUG:colcon.colcon_core.verb:Building package 'action_msgs' with the following arguments: {'ament_cmake_args': None, 'build_base': '/home/rsanz/git/learning/ROS2/RustROS2/build/action_msgs', 'cargo_args': None, 'catkin_cmake_args': None, 'catkin_skip_building_tests': False, 'clean_build': False, 'cmake_args': None, 'cmake_clean_cache': False, 'cmake_clean_first': False, 'cmake_force_configure': False, 'cmake_target': None, 'cmake_target_skip_unavailable': False, 'install_base': '/home/rsanz/git/learning/ROS2/RustROS2/install/action_msgs', 'lookup_in_workspace': False, 'merge_install': False, 'path': '/home/rsanz/git/learning/ROS2/RustROS2/src/rcl_interfaces/action_msgs', 'symlink_install': False, 'test_result_base': None}
[0.253s] Level 5:colcon.colcon_core.verb:set package 'rosidl_default_generators' build argument 'lookup_in_workspace' from command line to 'False'
[0.253s] Level 5:colcon.colcon_core.verb:set package 'rosidl_default_generators' build argument 'cargo_args' from command line to 'None'
[0.253s] Level 5:colcon.colcon_core.verb:set package 'rosidl_default_generators' build argument 'clean_build' from command line to 'False'
[0.253s] Level 5:colcon.colcon_core.verb:set package 'rosidl_default_generators' build argument 'cmake_args' from command line to 'None'
[0.253s] Level 5:colcon.colcon_core.verb:set package 'rosidl_default_generators' build argument 'cmake_target' from command line to 'None'
[0.253s] Level 5:colcon.colcon_core.verb:set package 'rosidl_default_generators' build argument 'cmake_target_skip_unavailable' from command line to 'False'
[0.253s] Level 5:colcon.colcon_core.verb:set package 'rosidl_default_generators' build argument 'cmake_clean_cache' from command line to 'False'
[0.253s] Level 5:colcon.colcon_core.verb:set package 'rosidl_default_generators' build argument 'cmake_clean_first' from command line to 'False'
[0.253s] Level 5:colcon.colcon_core.verb:set package 'rosidl_default_generators' build argument 'cmake_force_configure' from command line to 'False'
[0.253s] Level 5:colcon.colcon_core.verb:set package 'rosidl_default_generators' build argument 'ament_cmake_args' from command line to 'None'
[0.254s] Level 5:colcon.colcon_core.verb:set package 'rosidl_default_generators' build argument 'catkin_cmake_args' from command line to 'None'
[0.254s] Level 5:colcon.colcon_core.verb:set package 'rosidl_default_generators' build argument 'catkin_skip_building_tests' from command line to 'False'
[0.254s] DEBUG:colcon.colcon_core.verb:Building package 'rosidl_default_generators' with the following arguments: {'ament_cmake_args': None, 'build_base': '/home/rsanz/git/learning/ROS2/RustROS2/build/rosidl_default_generators', 'cargo_args': None, 'catkin_cmake_args': None, 'catkin_skip_building_tests': False, 'clean_build': False, 'cmake_args': None, 'cmake_clean_cache': False, 'cmake_clean_first': False, 'cmake_force_configure': False, 'cmake_target': None, 'cmake_target_skip_unavailable': False, 'install_base': '/home/rsanz/git/learning/ROS2/RustROS2/install/rosidl_default_generators', 'lookup_in_workspace': False, 'merge_install': False, 'path': '/home/rsanz/git/learning/ROS2/RustROS2/src/rosidl_defaults/rosidl_default_generators', 'symlink_install': False, 'test_result_base': None}
[0.254s] Level 5:colcon.colcon_core.verb:set package 'rosidl_default_runtime' build argument 'lookup_in_workspace' from command line to 'False'
[0.254s] Level 5:colcon.colcon_core.verb:set package 'rosidl_default_runtime' build argument 'cargo_args' from command line to 'None'
[0.254s] Level 5:colcon.colcon_core.verb:set package 'rosidl_default_runtime' build argument 'clean_build' from command line to 'False'
[0.254s] Level 5:colcon.colcon_core.verb:set package 'rosidl_default_runtime' build argument 'cmake_args' from command line to 'None'
[0.254s] Level 5:colcon.colcon_core.verb:set package 'rosidl_default_runtime' build argument 'cmake_target' from command line to 'None'
[0.254s] Level 5:colcon.colcon_core.verb:set package 'rosidl_default_runtime' build argument 'cmake_target_skip_unavailable' from command line to 'False'
[0.254s] Level 5:colcon.colcon_core.verb:set package 'rosidl_default_runtime' build argument 'cmake_clean_cache' from command line to 'False'
[0.254s] Level 5:colcon.colcon_core.verb:set package 'rosidl_default_runtime' build argument 'cmake_clean_first' from command line to 'False'
[0.254s] Level 5:colcon.colcon_core.verb:set package 'rosidl_default_runtime' build argument 'cmake_force_configure' from command line to 'False'
[0.254s] Level 5:colcon.colcon_core.verb:set package 'rosidl_default_runtime' build argument 'ament_cmake_args' from command line to 'None'
[0.254s] Level 5:colcon.colcon_core.verb:set package 'rosidl_default_runtime' build argument 'catkin_cmake_args' from command line to 'None'
[0.254s] Level 5:colcon.colcon_core.verb:set package 'rosidl_default_runtime' build argument 'catkin_skip_building_tests' from command line to 'False'
[0.254s] DEBUG:colcon.colcon_core.verb:Building package 'rosidl_default_runtime' with the following arguments: {'ament_cmake_args': None, 'build_base': '/home/rsanz/git/learning/ROS2/RustROS2/build/rosidl_default_runtime', 'cargo_args': None, 'catkin_cmake_args': None, 'catkin_skip_building_tests': False, 'clean_build': False, 'cmake_args': None, 'cmake_clean_cache': False, 'cmake_clean_first': False, 'cmake_force_configure': False, 'cmake_target': None, 'cmake_target_skip_unavailable': False, 'install_base': '/home/rsanz/git/learning/ROS2/RustROS2/install/rosidl_default_runtime', 'lookup_in_workspace': False, 'merge_install': False, 'path': '/home/rsanz/git/learning/ROS2/RustROS2/src/rosidl_defaults/rosidl_default_runtime', 'symlink_install': False, 'test_result_base': None}
[0.254s] Level 5:colcon.colcon_core.verb:set package 'std_msgs' build argument 'lookup_in_workspace' from command line to 'False'
[0.254s] Level 5:colcon.colcon_core.verb:set package 'std_msgs' build argument 'cargo_args' from command line to 'None'
[0.254s] Level 5:colcon.colcon_core.verb:set package 'std_msgs' build argument 'clean_build' from command line to 'False'
[0.254s] Level 5:colcon.colcon_core.verb:set package 'std_msgs' build argument 'cmake_args' from command line to 'None'
[0.254s] Level 5:colcon.colcon_core.verb:set package 'std_msgs' build argument 'cmake_target' from command line to 'None'
[0.254s] Level 5:colcon.colcon_core.verb:set package 'std_msgs' build argument 'cmake_target_skip_unavailable' from command line to 'False'
[0.254s] Level 5:colcon.colcon_core.verb:set package 'std_msgs' build argument 'cmake_clean_cache' from command line to 'False'
[0.254s] Level 5:colcon.colcon_core.verb:set package 'std_msgs' build argument 'cmake_clean_first' from command line to 'False'
[0.254s] Level 5:colcon.colcon_core.verb:set package 'std_msgs' build argument 'cmake_force_configure' from command line to 'False'
[0.254s] Level 5:colcon.colcon_core.verb:set package 'std_msgs' build argument 'ament_cmake_args' from command line to 'None'
[0.254s] Level 5:colcon.colcon_core.verb:set package 'std_msgs' build argument 'catkin_cmake_args' from command line to 'None'
[0.254s] Level 5:colcon.colcon_core.verb:set package 'std_msgs' build argument 'catkin_skip_building_tests' from command line to 'False'
[0.254s] DEBUG:colcon.colcon_core.verb:Building package 'std_msgs' with the following arguments: {'ament_cmake_args': None, 'build_base': '/home/rsanz/git/learning/ROS2/RustROS2/build/std_msgs', 'cargo_args': None, 'catkin_cmake_args': None, 'catkin_skip_building_tests': False, 'clean_build': False, 'cmake_args': None, 'cmake_clean_cache': False, 'cmake_clean_first': False, 'cmake_force_configure': False, 'cmake_target': None, 'cmake_target_skip_unavailable': False, 'install_base': '/home/rsanz/git/learning/ROS2/RustROS2/install/std_msgs', 'lookup_in_workspace': False, 'merge_install': False, 'path': '/home/rsanz/git/learning/ROS2/RustROS2/src/common_interfaces/std_msgs', 'symlink_install': False, 'test_result_base': None}
[0.255s] Level 5:colcon.colcon_core.verb:set package 'rust_pubsub' build argument 'lookup_in_workspace' from command line to 'False'
[0.255s] Level 5:colcon.colcon_core.verb:set package 'rust_pubsub' build argument 'cargo_args' from command line to 'None'
[0.255s] Level 5:colcon.colcon_core.verb:set package 'rust_pubsub' build argument 'clean_build' from command line to 'False'
[0.255s] Level 5:colcon.colcon_core.verb:set package 'rust_pubsub' build argument 'cmake_args' from command line to 'None'
[0.255s] Level 5:colcon.colcon_core.verb:set package 'rust_pubsub' build argument 'cmake_target' from command line to 'None'
[0.255s] Level 5:colcon.colcon_core.verb:set package 'rust_pubsub' build argument 'cmake_target_skip_unavailable' from command line to 'False'
[0.255s] Level 5:colcon.colcon_core.verb:set package 'rust_pubsub' build argument 'cmake_clean_cache' from command line to 'False'
[0.255s] Level 5:colcon.colcon_core.verb:set package 'rust_pubsub' build argument 'cmake_clean_first' from command line to 'False'
[0.255s] Level 5:colcon.colcon_core.verb:set package 'rust_pubsub' build argument 'cmake_force_configure' from command line to 'False'
[0.255s] Level 5:colcon.colcon_core.verb:set package 'rust_pubsub' build argument 'ament_cmake_args' from command line to 'None'
[0.255s] Level 5:colcon.colcon_core.verb:set package 'rust_pubsub' build argument 'catkin_cmake_args' from command line to 'None'
[0.255s] Level 5:colcon.colcon_core.verb:set package 'rust_pubsub' build argument 'catkin_skip_building_tests' from command line to 'False'
[0.255s] DEBUG:colcon.colcon_core.verb:Building package 'rust_pubsub' with the following arguments: {'ament_cmake_args': None, 'build_base': '/home/rsanz/git/learning/ROS2/RustROS2/build/rust_pubsub', 'cargo_args': None, 'catkin_cmake_args': None, 'catkin_skip_building_tests': False, 'clean_build': False, 'cmake_args': None, 'cmake_clean_cache': False, 'cmake_clean_first': False, 'cmake_force_configure': False, 'cmake_target': None, 'cmake_target_skip_unavailable': False, 'install_base': '/home/rsanz/git/learning/ROS2/RustROS2/install/rust_pubsub', 'lookup_in_workspace': False, 'merge_install': False, 'path': '/home/rsanz/git/learning/ROS2/RustROS2/src/rust_pubsub', 'symlink_install': False, 'test_result_base': None}
[0.255s] INFO:colcon.colcon_core.executor:Executing jobs using 'parallel' executor
[0.255s] DEBUG:colcon.colcon_parallel_executor.executor.parallel:run_until_complete
[0.256s] INFO:colcon.colcon_ros.task.ament_cmake.build:Building ROS package in '/home/rsanz/git/learning/ROS2/RustROS2/src/rosidl_rust/rosidl_generator_rs' with build type 'ament_cmake'
[0.256s] INFO:colcon.colcon_cmake.task.cmake.build:Building CMake package in '/home/rsanz/git/learning/ROS2/RustROS2/src/rosidl_rust/rosidl_generator_rs'
[0.258s] INFO:colcon.colcon_core.plugin_system:Skipping extension 'colcon_core.shell.bat': Not used on non-Windows systems
[0.258s] INFO:colcon.colcon_core.shell:Skip shell extension 'powershell' for command environment: Not usable outside of PowerShell
[0.258s] DEBUG:colcon.colcon_core.shell:Skip shell extension 'dsv' for command environment
[0.265s] DEBUG:colcon.colcon_core.event_handler.log_command:Invoking command in '/home/rsanz/git/learning/ROS2/RustROS2/build/rosidl_generator_rs': CMAKE_PREFIX_PATH=${CMAKE_PREFIX_PATH}:/opt/ros/jazzy DEBUGINFOD_URLS=https://debuginfod.ubuntu.com /usr/bin/cmake --build /home/rsanz/git/learning/ROS2/RustROS2/build/rosidl_generator_rs -- -j24 -l24
[0.613s] DEBUG:colcon.colcon_core.event_handler.log_command:Invoked command in '/home/rsanz/git/learning/ROS2/RustROS2/build/rosidl_generator_rs' returned '0': CMAKE_PREFIX_PATH=${CMAKE_PREFIX_PATH}:/opt/ros/jazzy DEBUGINFOD_URLS=https://debuginfod.ubuntu.com /usr/bin/cmake --build /home/rsanz/git/learning/ROS2/RustROS2/build/rosidl_generator_rs -- -j24 -l24
[0.621s] DEBUG:colcon.colcon_core.event_handler.log_command:Invoking command in '/home/rsanz/git/learning/ROS2/RustROS2/build/rosidl_generator_rs': CMAKE_PREFIX_PATH=${CMAKE_PREFIX_PATH}:/opt/ros/jazzy DEBUGINFOD_URLS=https://debuginfod.ubuntu.com /usr/bin/cmake --install /home/rsanz/git/learning/ROS2/RustROS2/build/rosidl_generator_rs
[0.660s] Level 1:colcon.colcon_core.environment:create_environment_scripts_only(rosidl_generator_rs)
[0.661s] DEBUG:colcon.colcon_core.event_handler.log_command:Invoked command in '/home/rsanz/git/learning/ROS2/RustROS2/build/rosidl_generator_rs' returned '0': CMAKE_PREFIX_PATH=${CMAKE_PREFIX_PATH}:/opt/ros/jazzy DEBUGINFOD_URLS=https://debuginfod.ubuntu.com /usr/bin/cmake --install /home/rsanz/git/learning/ROS2/RustROS2/build/rosidl_generator_rs
[0.662s] Level 1:colcon.colcon_core.environment:checking '/home/rsanz/git/learning/ROS2/RustROS2/install/rosidl_generator_rs' for CMake module files
[0.662s] Level 1:colcon.colcon_core.environment:checking '/home/rsanz/git/learning/ROS2/RustROS2/install/rosidl_generator_rs' for CMake config files
[0.663s] Level 1:colcon.colcon_core.shell:create_environment_hook('rosidl_generator_rs', 'cmake_prefix_path')
[0.663s] INFO:colcon.colcon_core.shell:Creating environment hook '/home/rsanz/git/learning/ROS2/RustROS2/install/rosidl_generator_rs/share/rosidl_generator_rs/hook/cmake_prefix_path.ps1'
[0.664s] INFO:colcon.colcon_core.shell:Creating environment descriptor '/home/rsanz/git/learning/ROS2/RustROS2/install/rosidl_generator_rs/share/rosidl_generator_rs/hook/cmake_prefix_path.dsv'
[0.664s] INFO:colcon.colcon_core.shell:Creating environment hook '/home/rsanz/git/learning/ROS2/RustROS2/install/rosidl_generator_rs/share/rosidl_generator_rs/hook/cmake_prefix_path.sh'
[0.664s] Level 1:colcon.colcon_core.environment:checking '/home/rsanz/git/learning/ROS2/RustROS2/install/rosidl_generator_rs/lib'
[0.664s] Level 1:colcon.colcon_core.environment:checking '/home/rsanz/git/learning/ROS2/RustROS2/install/rosidl_generator_rs/bin'
[0.665s] Level 1:colcon.colcon_core.environment:checking '/home/rsanz/git/learning/ROS2/RustROS2/install/rosidl_generator_rs/lib/pkgconfig/rosidl_generator_rs.pc'
[0.665s] Level 1:colcon.colcon_core.environment:checking '/home/rsanz/git/learning/ROS2/RustROS2/install/rosidl_generator_rs/lib/python3.12/site-packages'
[0.665s] Level 1:colcon.colcon_core.shell:create_environment_hook('rosidl_generator_rs', 'pythonpath')
[0.665s] INFO:colcon.colcon_core.shell:Creating environment hook '/home/rsanz/git/learning/ROS2/RustROS2/install/rosidl_generator_rs/share/rosidl_generator_rs/hook/pythonpath.ps1'
[0.665s] INFO:colcon.colcon_core.shell:Creating environment descriptor '/home/rsanz/git/learning/ROS2/RustROS2/install/rosidl_generator_rs/share/rosidl_generator_rs/hook/pythonpath.dsv'
[0.665s] INFO:colcon.colcon_core.shell:Creating environment hook '/home/rsanz/git/learning/ROS2/RustROS2/install/rosidl_generator_rs/share/rosidl_generator_rs/hook/pythonpath.sh'
[0.666s] Level 1:colcon.colcon_core.environment:checking '/home/rsanz/git/learning/ROS2/RustROS2/install/rosidl_generator_rs/bin'
[0.666s] INFO:colcon.colcon_core.shell:Creating package script '/home/rsanz/git/learning/ROS2/RustROS2/install/rosidl_generator_rs/share/rosidl_generator_rs/package.ps1'
[0.667s] INFO:colcon.colcon_core.shell:Creating package descriptor '/home/rsanz/git/learning/ROS2/RustROS2/install/rosidl_generator_rs/share/rosidl_generator_rs/package.dsv'
[0.667s] INFO:colcon.colcon_core.shell:Creating package script '/home/rsanz/git/learning/ROS2/RustROS2/install/rosidl_generator_rs/share/rosidl_generator_rs/package.sh'
[0.667s] INFO:colcon.colcon_core.shell:Creating package script '/home/rsanz/git/learning/ROS2/RustROS2/install/rosidl_generator_rs/share/rosidl_generator_rs/package.bash'
[0.668s] INFO:colcon.colcon_core.shell:Creating package script '/home/rsanz/git/learning/ROS2/RustROS2/install/rosidl_generator_rs/share/rosidl_generator_rs/package.zsh'
[0.668s] Level 1:colcon.colcon_core.environment:create_file_with_runtime_dependencies(/home/rsanz/git/learning/ROS2/RustROS2/install/rosidl_generator_rs/share/colcon-core/packages/rosidl_generator_rs)
[0.669s] Level 1:colcon.colcon_core.environment:create_environment_scripts_only(rosidl_generator_rs)
[0.669s] Level 1:colcon.colcon_core.environment:checking '/home/rsanz/git/learning/ROS2/RustROS2/install/rosidl_generator_rs' for CMake module files
[0.669s] Level 1:colcon.colcon_core.environment:checking '/home/rsanz/git/learning/ROS2/RustROS2/install/rosidl_generator_rs' for CMake config files
[0.669s] Level 1:colcon.colcon_core.shell:create_environment_hook('rosidl_generator_rs', 'cmake_prefix_path')
[0.670s] INFO:colcon.colcon_core.shell:Creating environment hook '/home/rsanz/git/learning/ROS2/RustROS2/install/rosidl_generator_rs/share/rosidl_generator_rs/hook/cmake_prefix_path.ps1'
[0.670s] INFO:colcon.colcon_core.shell:Creating environment descriptor '/home/rsanz/git/learning/ROS2/RustROS2/install/rosidl_generator_rs/share/rosidl_generator_rs/hook/cmake_prefix_path.dsv'
[0.670s] INFO:colcon.colcon_core.shell:Creating environment hook '/home/rsanz/git/learning/ROS2/RustROS2/install/rosidl_generator_rs/share/rosidl_generator_rs/hook/cmake_prefix_path.sh'
[0.670s] Level 1:colcon.colcon_core.environment:checking '/home/rsanz/git/learning/ROS2/RustROS2/install/rosidl_generator_rs/lib'
[0.670s] Level 1:colcon.colcon_core.environment:checking '/home/rsanz/git/learning/ROS2/RustROS2/install/rosidl_generator_rs/bin'
[0.670s] Level 1:colcon.colcon_core.environment:checking '/home/rsanz/git/learning/ROS2/RustROS2/install/rosidl_generator_rs/lib/pkgconfig/rosidl_generator_rs.pc'
[0.671s] Level 1:colcon.colcon_core.environment:checking '/home/rsanz/git/learning/ROS2/RustROS2/install/rosidl_generator_rs/lib/python3.12/site-packages'
[0.671s] Level 1:colcon.colcon_core.shell:create_environment_hook('rosidl_generator_rs', 'pythonpath')
[0.671s] INFO:colcon.colcon_core.shell:Creating environment hook '/home/rsanz/git/learning/ROS2/RustROS2/install/rosidl_generator_rs/share/rosidl_generator_rs/hook/pythonpath.ps1'
[0.671s] INFO:colcon.colcon_core.shell:Creating environment descriptor '/home/rsanz/git/learning/ROS2/RustROS2/install/rosidl_generator_rs/share/rosidl_generator_rs/hook/pythonpath.dsv'
[0.671s] INFO:colcon.colcon_core.shell:Creating environment hook '/home/rsanz/git/learning/ROS2/RustROS2/install/rosidl_generator_rs/share/rosidl_generator_rs/hook/pythonpath.sh'
[0.672s] Level 1:colcon.colcon_core.environment:checking '/home/rsanz/git/learning/ROS2/RustROS2/install/rosidl_generator_rs/bin'
[0.672s] INFO:colcon.colcon_core.shell:Creating package script '/home/rsanz/git/learning/ROS2/RustROS2/install/rosidl_generator_rs/share/rosidl_generator_rs/package.ps1'
[0.672s] INFO:colcon.colcon_core.shell:Creating package descriptor '/home/rsanz/git/learning/ROS2/RustROS2/install/rosidl_generator_rs/share/rosidl_generator_rs/package.dsv'
[0.673s] INFO:colcon.colcon_core.shell:Creating package script '/home/rsanz/git/learning/ROS2/RustROS2/install/rosidl_generator_rs/share/rosidl_generator_rs/package.sh'
[0.673s] INFO:colcon.colcon_core.shell:Creating package script '/home/rsanz/git/learning/ROS2/RustROS2/install/rosidl_generator_rs/share/rosidl_generator_rs/package.bash'
[0.673s] INFO:colcon.colcon_core.shell:Creating package script '/home/rsanz/git/learning/ROS2/RustROS2/install/rosidl_generator_rs/share/rosidl_generator_rs/package.zsh'
[0.673s] Level 1:colcon.colcon_core.environment:create_file_with_runtime_dependencies(/home/rsanz/git/learning/ROS2/RustROS2/install/rosidl_generator_rs/share/colcon-core/packages/rosidl_generator_rs)
[0.674s] INFO:colcon.colcon_ros.task.ament_cmake.build:Building ROS package in '/home/rsanz/git/learning/ROS2/RustROS2/src/rosidl_core/rosidl_core_generators' with build type 'ament_cmake'
[0.674s] INFO:colcon.colcon_cmake.task.cmake.build:Building CMake package in '/home/rsanz/git/learning/ROS2/RustROS2/src/rosidl_core/rosidl_core_generators'
[0.674s] INFO:colcon.colcon_core.shell:Skip shell extension 'powershell' for command environment: Not usable outside of PowerShell
[0.674s] DEBUG:colcon.colcon_core.shell:Skip shell extension 'dsv' for command environment
[0.676s] INFO:colcon.colcon_ros.task.ament_cmake.build:Building ROS package in '/home/rsanz/git/learning/ROS2/RustROS2/src/rosidl_core/rosidl_core_runtime' with build type 'ament_cmake'
[0.676s] INFO:colcon.colcon_cmake.task.cmake.build:Building CMake package in '/home/rsanz/git/learning/ROS2/RustROS2/src/rosidl_core/rosidl_core_runtime'
[0.676s] INFO:colcon.colcon_core.shell:Skip shell extension 'powershell' for command environment: Not usable outside of PowerShell
[0.676s] DEBUG:colcon.colcon_core.shell:Skip shell extension 'dsv' for command environment
[0.680s] DEBUG:colcon.colcon_core.event_handler.log_command:Invoking command in '/home/rsanz/git/learning/ROS2/RustROS2/build/rosidl_core_generators': AMENT_PREFIX_PATH=/home/rsanz/git/learning/ROS2/RustROS2/install/rosidl_generator_rs:${AMENT_PREFIX_PATH} CMAKE_PREFIX_PATH=/home/rsanz/git/learning/ROS2/RustROS2/install/rosidl_generator_rs:/opt/ros/jazzy/opt/gz_math_vendor:/opt/ros/jazzy/opt/gz_utils_vendor:/opt/ros/jazzy/opt/gz_cmake_vendor:/opt/ros/jazzy DEBUGINFOD_URLS=https://debuginfod.ubuntu.com PYTHONPATH=/home/rsanz/git/learning/ROS2/RustROS2/install/rosidl_generator_rs/lib/python3.12/site-packages:${PYTHONPATH} /usr/bin/cmake --build /home/rsanz/git/learning/ROS2/RustROS2/build/rosidl_core_generators -- -j24 -l24
[0.683s] DEBUG:colcon.colcon_core.event_handler.log_command:Invoking command in '/home/rsanz/git/learning/ROS2/RustROS2/build/rosidl_core_runtime': AMENT_PREFIX_PATH=/home/rsanz/git/learning/ROS2/RustROS2/install/rosidl_generator_rs:${AMENT_PREFIX_PATH} CMAKE_PREFIX_PATH=/home/rsanz/git/learning/ROS2/RustROS2/install/rosidl_generator_rs:/opt/ros/jazzy/opt/gz_math_vendor:/opt/ros/jazzy/opt/gz_utils_vendor:/opt/ros/jazzy/opt/gz_cmake_vendor:/opt/ros/jazzy DEBUGINFOD_URLS=https://debuginfod.ubuntu.com PYTHONPATH=/home/rsanz/git/learning/ROS2/RustROS2/install/rosidl_generator_rs/lib/python3.12/site-packages:${PYTHONPATH} /usr/bin/cmake --build /home/rsanz/git/learning/ROS2/RustROS2/build/rosidl_core_runtime -- -j24 -l24
[0.711s] DEBUG:colcon.colcon_core.event_handler.log_command:Invoked command in '/home/rsanz/git/learning/ROS2/RustROS2/build/rosidl_core_runtime' returned '0': AMENT_PREFIX_PATH=/home/rsanz/git/learning/ROS2/RustROS2/install/rosidl_generator_rs:${AMENT_PREFIX_PATH} CMAKE_PREFIX_PATH=/home/rsanz/git/learning/ROS2/RustROS2/install/rosidl_generator_rs:/opt/ros/jazzy/opt/gz_math_vendor:/opt/ros/jazzy/opt/gz_utils_vendor:/opt/ros/jazzy/opt/gz_cmake_vendor:/opt/ros/jazzy DEBUGINFOD_URLS=https://debuginfod.ubuntu.com PYTHONPATH=/home/rsanz/git/learning/ROS2/RustROS2/install/rosidl_generator_rs/lib/python3.12/site-packages:${PYTHONPATH} /usr/bin/cmake --build /home/rsanz/git/learning/ROS2/RustROS2/build/rosidl_core_runtime -- -j24 -l24
[0.712s] DEBUG:colcon.colcon_core.event_handler.log_command:Invoking command in '/home/rsanz/git/learning/ROS2/RustROS2/build/rosidl_core_runtime': AMENT_PREFIX_PATH=/home/rsanz/git/learning/ROS2/RustROS2/install/rosidl_generator_rs:${AMENT_PREFIX_PATH} CMAKE_PREFIX_PATH=/home/rsanz/git/learning/ROS2/RustROS2/install/rosidl_generator_rs:/opt/ros/jazzy/opt/gz_math_vendor:/opt/ros/jazzy/opt/gz_utils_vendor:/opt/ros/jazzy/opt/gz_cmake_vendor:/opt/ros/jazzy DEBUGINFOD_URLS=https://debuginfod.ubuntu.com PYTHONPATH=/home/rsanz/git/learning/ROS2/RustROS2/install/rosidl_generator_rs/lib/python3.12/site-packages:${PYTHONPATH} /usr/bin/cmake --install /home/rsanz/git/learning/ROS2/RustROS2/build/rosidl_core_runtime
[0.714s] DEBUG:colcon.colcon_core.event_handler.log_command:Invoked command in '/home/rsanz/git/learning/ROS2/RustROS2/build/rosidl_core_generators' returned '0': AMENT_PREFIX_PATH=/home/rsanz/git/learning/ROS2/RustROS2/install/rosidl_generator_rs:${AMENT_PREFIX_PATH} CMAKE_PREFIX_PATH=/home/rsanz/git/learning/ROS2/RustROS2/install/rosidl_generator_rs:/opt/ros/jazzy/opt/gz_math_vendor:/opt/ros/jazzy/opt/gz_utils_vendor:/opt/ros/jazzy/opt/gz_cmake_vendor:/opt/ros/jazzy DEBUGINFOD_URLS=https://debuginfod.ubuntu.com PYTHONPATH=/home/rsanz/git/learning/ROS2/RustROS2/install/rosidl_generator_rs/lib/python3.12/site-packages:${PYTHONPATH} /usr/bin/cmake --build /home/rsanz/git/learning/ROS2/RustROS2/build/rosidl_core_generators -- -j24 -l24
[0.715s] DEBUG:colcon.colcon_core.event_handler.log_command:Invoking command in '/home/rsanz/git/learning/ROS2/RustROS2/build/rosidl_core_generators': AMENT_PREFIX_PATH=/home/rsanz/git/learning/ROS2/RustROS2/install/rosidl_generator_rs:${AMENT_PREFIX_PATH} CMAKE_PREFIX_PATH=/home/rsanz/git/learning/ROS2/RustROS2/install/rosidl_generator_rs:/opt/ros/jazzy/opt/gz_math_vendor:/opt/ros/jazzy/opt/gz_utils_vendor:/opt/ros/jazzy/opt/gz_cmake_vendor:/opt/ros/jazzy DEBUGINFOD_URLS=https://debuginfod.ubuntu.com PYTHONPATH=/home/rsanz/git/learning/ROS2/RustROS2/install/rosidl_generator_rs/lib/python3.12/site-packages:${PYTHONPATH} /usr/bin/cmake --install /home/rsanz/git/learning/ROS2/RustROS2/build/rosidl_core_generators
[0.720s] Level 1:colcon.colcon_core.environment:create_environment_scripts_only(rosidl_core_runtime)
[0.720s] DEBUG:colcon.colcon_core.event_handler.log_command:Invoked command in '/home/rsanz/git/learning/ROS2/RustROS2/build/rosidl_core_runtime' returned '0': AMENT_PREFIX_PATH=/home/rsanz/git/learning/ROS2/RustROS2/install/rosidl_generator_rs:${AMENT_PREFIX_PATH} CMAKE_PREFIX_PATH=/home/rsanz/git/learning/ROS2/RustROS2/install/rosidl_generator_rs:/opt/ros/jazzy/opt/gz_math_vendor:/opt/ros/jazzy/opt/gz_utils_vendor:/opt/ros/jazzy/opt/gz_cmake_vendor:/opt/ros/jazzy DEBUGINFOD_URLS=https://debuginfod.ubuntu.com PYTHONPATH=/home/rsanz/git/learning/ROS2/RustROS2/install/rosidl_generator_rs/lib/python3.12/site-packages:${PYTHONPATH} /usr/bin/cmake --install /home/rsanz/git/learning/ROS2/RustROS2/build/rosidl_core_runtime
[0.721s] Level 1:colcon.colcon_core.environment:checking '/home/rsanz/git/learning/ROS2/RustROS2/install/rosidl_core_runtime' for CMake module files
[0.722s] Level 1:colcon.colcon_core.environment:checking '/home/rsanz/git/learning/ROS2/RustROS2/install/rosidl_core_runtime' for CMake config files
[0.723s] Level 1:colcon.colcon_core.shell:create_environment_hook('rosidl_core_runtime', 'cmake_prefix_path')
[0.724s] INFO:colcon.colcon_core.shell:Creating environment hook '/home/rsanz/git/learning/ROS2/RustROS2/install/rosidl_core_runtime/share/rosidl_core_runtime/hook/cmake_prefix_path.ps1'
[0.724s] INFO:colcon.colcon_core.shell:Creating environment descriptor '/home/rsanz/git/learning/ROS2/RustROS2/install/rosidl_core_runtime/share/rosidl_core_runtime/hook/cmake_prefix_path.dsv'
[0.724s] INFO:colcon.colcon_core.shell:Creating environment hook '/home/rsanz/git/learning/ROS2/RustROS2/install/rosidl_core_runtime/share/rosidl_core_runtime/hook/cmake_prefix_path.sh'
[0.725s] Level 1:colcon.colcon_core.environment:checking '/home/rsanz/git/learning/ROS2/RustROS2/install/rosidl_core_runtime/bin'
[0.725s] Level 1:colcon.colcon_core.environment:checking '/home/rsanz/git/learning/ROS2/RustROS2/install/rosidl_core_runtime/lib/pkgconfig/rosidl_core_runtime.pc'
[0.725s] Level 1:colcon.colcon_core.environment:checking '/home/rsanz/git/learning/ROS2/RustROS2/install/rosidl_core_runtime/lib/python3.12/site-packages'
[0.725s] Level 1:colcon.colcon_core.environment:checking '/home/rsanz/git/learning/ROS2/RustROS2/install/rosidl_core_runtime/bin'
[0.726s] INFO:colcon.colcon_core.shell:Creating package script '/home/rsanz/git/learning/ROS2/RustROS2/install/rosidl_core_runtime/share/rosidl_core_runtime/package.ps1'
[0.726s] INFO:colcon.colcon_core.shell:Creating package descriptor '/home/rsanz/git/learning/ROS2/RustROS2/install/rosidl_core_runtime/share/rosidl_core_runtime/package.dsv'
[0.726s] INFO:colcon.colcon_core.shell:Creating package script '/home/rsanz/git/learning/ROS2/RustROS2/install/rosidl_core_runtime/share/rosidl_core_runtime/package.sh'
[0.727s] INFO:colcon.colcon_core.shell:Creating package script '/home/rsanz/git/learning/ROS2/RustROS2/install/rosidl_core_runtime/share/rosidl_core_runtime/package.bash'
[0.727s] INFO:colcon.colcon_core.shell:Creating package script '/home/rsanz/git/learning/ROS2/RustROS2/install/rosidl_core_runtime/share/rosidl_core_runtime/package.zsh'
[0.727s] Level 1:colcon.colcon_core.environment:create_file_with_runtime_dependencies(/home/rsanz/git/learning/ROS2/RustROS2/install/rosidl_core_runtime/share/colcon-core/packages/rosidl_core_runtime)
[0.727s] Level 1:colcon.colcon_core.environment:create_environment_scripts_only(rosidl_core_runtime)
[0.728s] Level 1:colcon.colcon_core.environment:checking '/home/rsanz/git/learning/ROS2/RustROS2/install/rosidl_core_runtime' for CMake module files
[0.728s] Level 1:colcon.colcon_core.environment:checking '/home/rsanz/git/learning/ROS2/RustROS2/install/rosidl_core_runtime' for CMake config files
[0.728s] Level 1:colcon.colcon_core.shell:create_environment_hook('rosidl_core_runtime', 'cmake_prefix_path')
[0.728s] INFO:colcon.colcon_core.shell:Creating environment hook '/home/rsanz/git/learning/ROS2/RustROS2/install/rosidl_core_runtime/share/rosidl_core_runtime/hook/cmake_prefix_path.ps1'
[0.729s] INFO:colcon.colcon_core.shell:Creating environment descriptor '/home/rsanz/git/learning/ROS2/RustROS2/install/rosidl_core_runtime/share/rosidl_core_runtime/hook/cmake_prefix_path.dsv'
[0.729s] INFO:colcon.colcon_core.shell:Creating environment hook '/home/rsanz/git/learning/ROS2/RustROS2/install/rosidl_core_runtime/share/rosidl_core_runtime/hook/cmake_prefix_path.sh'
[0.729s] Level 1:colcon.colcon_core.environment:checking '/home/rsanz/git/learning/ROS2/RustROS2/install/rosidl_core_runtime/bin'
[0.729s] Level 1:colcon.colcon_core.environment:checking '/home/rsanz/git/learning/ROS2/RustROS2/install/rosidl_core_runtime/lib/pkgconfig/rosidl_core_runtime.pc'
[0.729s] Level 1:colcon.colcon_core.environment:checking '/home/rsanz/git/learning/ROS2/RustROS2/install/rosidl_core_runtime/lib/python3.12/site-packages'
[0.730s] Level 1:colcon.colcon_core.environment:checking '/home/rsanz/git/learning/ROS2/RustROS2/install/rosidl_core_runtime/bin'
[0.730s] INFO:colcon.colcon_core.shell:Creating package script '/home/rsanz/git/learning/ROS2/RustROS2/install/rosidl_core_runtime/share/rosidl_core_runtime/package.ps1'
[0.730s] INFO:colcon.colcon_core.shell:Creating package descriptor '/home/rsanz/git/learning/ROS2/RustROS2/install/rosidl_core_runtime/share/rosidl_core_runtime/package.dsv'
[0.730s] INFO:colcon.colcon_core.shell:Creating package script '/home/rsanz/git/learning/ROS2/RustROS2/install/rosidl_core_runtime/share/rosidl_core_runtime/package.sh'
[0.731s] INFO:colcon.colcon_core.shell:Creating package script '/home/rsanz/git/learning/ROS2/RustROS2/install/rosidl_core_runtime/share/rosidl_core_runtime/package.bash'
[0.731s] INFO:colcon.colcon_core.shell:Creating package script '/home/rsanz/git/learning/ROS2/RustROS2/install/rosidl_core_runtime/share/rosidl_core_runtime/package.zsh'
[0.731s] Level 1:colcon.colcon_core.environment:create_file_with_runtime_dependencies(/home/rsanz/git/learning/ROS2/RustROS2/install/rosidl_core_runtime/share/colcon-core/packages/rosidl_core_runtime)
[0.732s] Level 1:colcon.colcon_core.environment:create_environment_scripts_only(rosidl_core_generators)
[0.732s] Level 1:colcon.colcon_core.environment:checking '/home/rsanz/git/learning/ROS2/RustROS2/install/rosidl_core_generators' for CMake module files
[0.732s] DEBUG:colcon.colcon_core.event_handler.log_command:Invoked command in '/home/rsanz/git/learning/ROS2/RustROS2/build/rosidl_core_generators' returned '0': AMENT_PREFIX_PATH=/home/rsanz/git/learning/ROS2/RustROS2/install/rosidl_generator_rs:${AMENT_PREFIX_PATH} CMAKE_PREFIX_PATH=/home/rsanz/git/learning/ROS2/RustROS2/install/rosidl_generator_rs:/opt/ros/jazzy/opt/gz_math_vendor:/opt/ros/jazzy/opt/gz_utils_vendor:/opt/ros/jazzy/opt/gz_cmake_vendor:/opt/ros/jazzy DEBUGINFOD_URLS=https://debuginfod.ubuntu.com PYTHONPATH=/home/rsanz/git/learning/ROS2/RustROS2/install/rosidl_generator_rs/lib/python3.12/site-packages:${PYTHONPATH} /usr/bin/cmake --install /home/rsanz/git/learning/ROS2/RustROS2/build/rosidl_core_generators
[0.733s] Level 1:colcon.colcon_core.environment:checking '/home/rsanz/git/learning/ROS2/RustROS2/install/rosidl_core_generators' for CMake config files
[0.733s] Level 1:colcon.colcon_core.shell:create_environment_hook('rosidl_core_generators', 'cmake_prefix_path')
[0.733s] INFO:colcon.colcon_core.shell:Creating environment hook '/home/rsanz/git/learning/ROS2/RustROS2/install/rosidl_core_generators/share/rosidl_core_generators/hook/cmake_prefix_path.ps1'
[0.733s] INFO:colcon.colcon_core.shell:Creating environment descriptor '/home/rsanz/git/learning/ROS2/RustROS2/install/rosidl_core_generators/share/rosidl_core_generators/hook/cmake_prefix_path.dsv'
[0.733s] INFO:colcon.colcon_core.shell:Creating environment hook '/home/rsanz/git/learning/ROS2/RustROS2/install/rosidl_core_generators/share/rosidl_core_generators/hook/cmake_prefix_path.sh'
[0.734s] Level 1:colcon.colcon_core.environment:checking '/home/rsanz/git/learning/ROS2/RustROS2/install/rosidl_core_generators/bin'
[0.734s] Level 1:colcon.colcon_core.environment:checking '/home/rsanz/git/learning/ROS2/RustROS2/install/rosidl_core_generators/lib/pkgconfig/rosidl_core_generators.pc'
[0.734s] Level 1:colcon.colcon_core.environment:checking '/home/rsanz/git/learning/ROS2/RustROS2/install/rosidl_core_generators/lib/python3.12/site-packages'
[0.734s] Level 1:colcon.colcon_core.environment:checking '/home/rsanz/git/learning/ROS2/RustROS2/install/rosidl_core_generators/bin'
[0.734s] INFO:colcon.colcon_core.shell:Creating package script '/home/rsanz/git/learning/ROS2/RustROS2/install/rosidl_core_generators/share/rosidl_core_generators/package.ps1'
[0.735s] INFO:colcon.colcon_core.shell:Creating package descriptor '/home/rsanz/git/learning/ROS2/RustROS2/install/rosidl_core_generators/share/rosidl_core_generators/package.dsv'
[0.735s] INFO:colcon.colcon_core.shell:Creating package script '/home/rsanz/git/learning/ROS2/RustROS2/install/rosidl_core_generators/share/rosidl_core_generators/package.sh'
[0.735s] INFO:colcon.colcon_core.shell:Creating package script '/home/rsanz/git/learning/ROS2/RustROS2/install/rosidl_core_generators/share/rosidl_core_generators/package.bash'
[0.735s] INFO:colcon.colcon_core.shell:Creating package script '/home/rsanz/git/learning/ROS2/RustROS2/install/rosidl_core_generators/share/rosidl_core_generators/package.zsh'
[0.736s] Level 1:colcon.colcon_core.environment:create_file_with_runtime_dependencies(/home/rsanz/git/learning/ROS2/RustROS2/install/rosidl_core_generators/share/colcon-core/packages/rosidl_core_generators)
[0.736s] Level 1:colcon.colcon_core.environment:create_environment_scripts_only(rosidl_core_generators)
[0.736s] Level 1:colcon.colcon_core.environment:checking '/home/rsanz/git/learning/ROS2/RustROS2/install/rosidl_core_generators' for CMake module files
[0.736s] Level 1:colcon.colcon_core.environment:checking '/home/rsanz/git/learning/ROS2/RustROS2/install/rosidl_core_generators' for CMake config files
[0.736s] Level 1:colcon.colcon_core.shell:create_environment_hook('rosidl_core_generators', 'cmake_prefix_path')
[0.737s] INFO:colcon.colcon_core.shell:Creating environment hook '/home/rsanz/git/learning/ROS2/RustROS2/install/rosidl_core_generators/share/rosidl_core_generators/hook/cmake_prefix_path.ps1'
[0.737s] INFO:colcon.colcon_core.shell:Creating environment descriptor '/home/rsanz/git/learning/ROS2/RustROS2/install/rosidl_core_generators/share/rosidl_core_generators/hook/cmake_prefix_path.dsv'
[0.737s] INFO:colcon.colcon_core.shell:Creating environment hook '/home/rsanz/git/learning/ROS2/RustROS2/install/rosidl_core_generators/share/rosidl_core_generators/hook/cmake_prefix_path.sh'
[0.738s] Level 1:colcon.colcon_core.environment:checking '/home/rsanz/git/learning/ROS2/RustROS2/install/rosidl_core_generators/bin'
[0.738s] Level 1:colcon.colcon_core.environment:checking '/home/rsanz/git/learning/ROS2/RustROS2/install/rosidl_core_generators/lib/pkgconfig/rosidl_core_generators.pc'
[0.738s] Level 1:colcon.colcon_core.environment:checking '/home/rsanz/git/learning/ROS2/RustROS2/install/rosidl_core_generators/lib/python3.12/site-packages'
[0.738s] Level 1:colcon.colcon_core.environment:checking '/home/rsanz/git/learning/ROS2/RustROS2/install/rosidl_core_generators/bin'
[0.739s] INFO:colcon.colcon_core.shell:Creating package script '/home/rsanz/git/learning/ROS2/RustROS2/install/rosidl_core_generators/share/rosidl_core_generators/package.ps1'
[0.739s] INFO:colcon.colcon_core.shell:Creating package descriptor '/home/rsanz/git/learning/ROS2/RustROS2/install/rosidl_core_generators/share/rosidl_core_generators/package.dsv'
[0.739s] INFO:colcon.colcon_core.shell:Creating package script '/home/rsanz/git/learning/ROS2/RustROS2/install/rosidl_core_generators/share/rosidl_core_generators/package.sh'
[0.740s] INFO:colcon.colcon_core.shell:Creating package script '/home/rsanz/git/learning/ROS2/RustROS2/install/rosidl_core_generators/share/rosidl_core_generators/package.bash'
[0.740s] INFO:colcon.colcon_core.shell:Creating package script '/home/rsanz/git/learning/ROS2/RustROS2/install/rosidl_core_generators/share/rosidl_core_generators/package.zsh'
[0.740s] Level 1:colcon.colcon_core.environment:create_file_with_runtime_dependencies(/home/rsanz/git/learning/ROS2/RustROS2/install/rosidl_core_generators/share/colcon-core/packages/rosidl_core_generators)
[0.740s] INFO:colcon.colcon_ros.task.ament_cmake.build:Building ROS package in '/home/rsanz/git/learning/ROS2/RustROS2/src/rcl_interfaces/builtin_interfaces' with build type 'ament_cmake'
[0.741s] INFO:colcon.colcon_cmake.task.cmake.build:Building CMake package in '/home/rsanz/git/learning/ROS2/RustROS2/src/rcl_interfaces/builtin_interfaces'
[0.741s] INFO:colcon.colcon_core.shell:Skip shell extension 'powershell' for command environment: Not usable outside of PowerShell
[0.741s] DEBUG:colcon.colcon_core.shell:Skip shell extension 'dsv' for command environment
[0.744s] INFO:colcon.colcon_ros.task.ament_cmake.build:Building ROS package in '/home/rsanz/git/learning/ROS2/RustROS2/src/unique_identifier_msgs' with build type 'ament_cmake'
[0.744s] INFO:colcon.colcon_cmake.task.cmake.build:Building CMake package in '/home/rsanz/git/learning/ROS2/RustROS2/src/unique_identifier_msgs'
[0.744s] INFO:colcon.colcon_core.shell:Skip shell extension 'powershell' for command environment: Not usable outside of PowerShell
[0.744s] DEBUG:colcon.colcon_core.shell:Skip shell extension 'dsv' for command environment
[0.749s] DEBUG:colcon.colcon_core.event_handler.log_command:Invoking command in '/home/rsanz/git/learning/ROS2/RustROS2/build/builtin_interfaces': AMENT_PREFIX_PATH=/home/rsanz/git/learning/ROS2/RustROS2/install/rosidl_core_runtime:/home/rsanz/git/learning/ROS2/RustROS2/install/rosidl_core_generators:/home/rsanz/git/learning/ROS2/RustROS2/install/rosidl_generator_rs:${AMENT_PREFIX_PATH} CMAKE_PREFIX_PATH=/home/rsanz/git/learning/ROS2/RustROS2/install/rosidl_core_runtime:/home/rsanz/git/learning/ROS2/RustROS2/install/rosidl_core_generators:/home/rsanz/git/learning/ROS2/RustROS2/install/rosidl_generator_rs:/opt/ros/jazzy/opt/gz_math_vendor:/opt/ros/jazzy/opt/gz_utils_vendor:/opt/ros/jazzy/opt/gz_cmake_vendor:/opt/ros/jazzy DEBUGINFOD_URLS=https://debuginfod.ubuntu.com PYTHONPATH=/home/rsanz/git/learning/ROS2/RustROS2/install/rosidl_generator_rs/lib/python3.12/site-packages:${PYTHONPATH} /usr/bin/cmake --build /home/rsanz/git/learning/ROS2/RustROS2/build/builtin_interfaces -- -j24 -l24
[0.753s] DEBUG:colcon.colcon_core.event_handler.log_command:Invoking command in '/home/rsanz/git/learning/ROS2/RustROS2/build/unique_identifier_msgs': AMENT_PREFIX_PATH=/home/rsanz/git/learning/ROS2/RustROS2/install/rosidl_core_runtime:/home/rsanz/git/learning/ROS2/RustROS2/install/rosidl_core_generators:/home/rsanz/git/learning/ROS2/RustROS2/install/rosidl_generator_rs:${AMENT_PREFIX_PATH} CMAKE_PREFIX_PATH=/home/rsanz/git/learning/ROS2/RustROS2/install/rosidl_core_runtime:/home/rsanz/git/learning/ROS2/RustROS2/install/rosidl_core_generators:/home/rsanz/git/learning/ROS2/RustROS2/install/rosidl_generator_rs:/opt/ros/jazzy/opt/gz_math_vendor:/opt/ros/jazzy/opt/gz_utils_vendor:/opt/ros/jazzy/opt/gz_cmake_vendor:/opt/ros/jazzy DEBUGINFOD_URLS=https://debuginfod.ubuntu.com PYTHONPATH=/home/rsanz/git/learning/ROS2/RustROS2/install/rosidl_generator_rs/lib/python3.12/site-packages:${PYTHONPATH} /usr/bin/cmake --build /home/rsanz/git/learning/ROS2/RustROS2/build/unique_identifier_msgs -- -j24 -l24
[1.126s] DEBUG:colcon.colcon_core.event_handler.log_command:Invoked command in '/home/rsanz/git/learning/ROS2/RustROS2/build/unique_identifier_msgs' returned '0': AMENT_PREFIX_PATH=/home/rsanz/git/learning/ROS2/RustROS2/install/rosidl_core_runtime:/home/rsanz/git/learning/ROS2/RustROS2/install/rosidl_core_generators:/home/rsanz/git/learning/ROS2/RustROS2/install/rosidl_generator_rs:${AMENT_PREFIX_PATH} CMAKE_PREFIX_PATH=/home/rsanz/git/learning/ROS2/RustROS2/install/rosidl_core_runtime:/home/rsanz/git/learning/ROS2/RustROS2/install/rosidl_core_generators:/home/rsanz/git/learning/ROS2/RustROS2/install/rosidl_generator_rs:/opt/ros/jazzy/opt/gz_math_vendor:/opt/ros/jazzy/opt/gz_utils_vendor:/opt/ros/jazzy/opt/gz_cmake_vendor:/opt/ros/jazzy DEBUGINFOD_URLS=https://debuginfod.ubuntu.com PYTHONPATH=/home/rsanz/git/learning/ROS2/RustROS2/install/rosidl_generator_rs/lib/python3.12/site-packages:${PYTHONPATH} /usr/bin/cmake --build /home/rsanz/git/learning/ROS2/RustROS2/build/unique_identifier_msgs -- -j24 -l24
[1.127s] DEBUG:colcon.colcon_core.event_handler.log_command:Invoking command in '/home/rsanz/git/learning/ROS2/RustROS2/build/unique_identifier_msgs': AMENT_PREFIX_PATH=/home/rsanz/git/learning/ROS2/RustROS2/install/rosidl_core_runtime:/home/rsanz/git/learning/ROS2/RustROS2/install/rosidl_core_generators:/home/rsanz/git/learning/ROS2/RustROS2/install/rosidl_generator_rs:${AMENT_PREFIX_PATH} CMAKE_PREFIX_PATH=/home/rsanz/git/learning/ROS2/RustROS2/install/rosidl_core_runtime:/home/rsanz/git/learning/ROS2/RustROS2/install/rosidl_core_generators:/home/rsanz/git/learning/ROS2/RustROS2/install/rosidl_generator_rs:/opt/ros/jazzy/opt/gz_math_vendor:/opt/ros/jazzy/opt/gz_utils_vendor:/opt/ros/jazzy/opt/gz_cmake_vendor:/opt/ros/jazzy DEBUGINFOD_URLS=https://debuginfod.ubuntu.com PYTHONPATH=/home/rsanz/git/learning/ROS2/RustROS2/install/rosidl_generator_rs/lib/python3.12/site-packages:${PYTHONPATH} /usr/bin/cmake --install /home/rsanz/git/learning/ROS2/RustROS2/build/unique_identifier_msgs
[1.130s] DEBUG:colcon.colcon_core.event_handler.log_command:Invoked command in '/home/rsanz/git/learning/ROS2/RustROS2/build/builtin_interfaces' returned '0': AMENT_PREFIX_PATH=/home/rsanz/git/learning/ROS2/RustROS2/install/rosidl_core_runtime:/home/rsanz/git/learning/ROS2/RustROS2/install/rosidl_core_generators:/home/rsanz/git/learning/ROS2/RustROS2/install/rosidl_generator_rs:${AMENT_PREFIX_PATH} CMAKE_PREFIX_PATH=/home/rsanz/git/learning/ROS2/RustROS2/install/rosidl_core_runtime:/home/rsanz/git/learning/ROS2/RustROS2/install/rosidl_core_generators:/home/rsanz/git/learning/ROS2/RustROS2/install/rosidl_generator_rs:/opt/ros/jazzy/opt/gz_math_vendor:/opt/ros/jazzy/opt/gz_utils_vendor:/opt/ros/jazzy/opt/gz_cmake_vendor:/opt/ros/jazzy DEBUGINFOD_URLS=https://debuginfod.ubuntu.com PYTHONPATH=/home/rsanz/git/learning/ROS2/RustROS2/install/rosidl_generator_rs/lib/python3.12/site-packages:${PYTHONPATH} /usr/bin/cmake --build /home/rsanz/git/learning/ROS2/RustROS2/build/builtin_interfaces -- -j24 -l24
[1.131s] DEBUG:colcon.colcon_core.event_handler.log_command:Invoking command in '/home/rsanz/git/learning/ROS2/RustROS2/build/builtin_interfaces': AMENT_PREFIX_PATH=/home/rsanz/git/learning/ROS2/RustROS2/install/rosidl_core_runtime:/home/rsanz/git/learning/ROS2/RustROS2/install/rosidl_core_generators:/home/rsanz/git/learning/ROS2/RustROS2/install/rosidl_generator_rs:${AMENT_PREFIX_PATH} CMAKE_PREFIX_PATH=/home/rsanz/git/learning/ROS2/RustROS2/install/rosidl_core_runtime:/home/rsanz/git/learning/ROS2/RustROS2/install/rosidl_core_generators:/home/rsanz/git/learning/ROS2/RustROS2/install/rosidl_generator_rs:/opt/ros/jazzy/opt/gz_math_vendor:/opt/ros/jazzy/opt/gz_utils_vendor:/opt/ros/jazzy/opt/gz_cmake_vendor:/opt/ros/jazzy DEBUGINFOD_URLS=https://debuginfod.ubuntu.com PYTHONPATH=/home/rsanz/git/learning/ROS2/RustROS2/install/rosidl_generator_rs/lib/python3.12/site-packages:${PYTHONPATH} /usr/bin/cmake --install /home/rsanz/git/learning/ROS2/RustROS2/build/builtin_interfaces
[1.176s] Level 1:colcon.colcon_core.environment:create_environment_scripts_only(unique_identifier_msgs)
[1.176s] Level 1:colcon.colcon_core.environment:checking '/home/rsanz/git/learning/ROS2/RustROS2/install/unique_identifier_msgs' for CMake module files
[1.177s] Level 1:colcon.colcon_core.environment:checking '/home/rsanz/git/learning/ROS2/RustROS2/install/unique_identifier_msgs' for CMake config files
[1.180s] Level 1:colcon.colcon_core.shell:create_environment_hook('unique_identifier_msgs', 'cmake_prefix_path')
[1.180s] INFO:colcon.colcon_core.shell:Creating environment hook '/home/rsanz/git/learning/ROS2/RustROS2/install/unique_identifier_msgs/share/unique_identifier_msgs/hook/cmake_prefix_path.ps1'
[1.181s] INFO:colcon.colcon_core.shell:Creating environment descriptor '/home/rsanz/git/learning/ROS2/RustROS2/install/unique_identifier_msgs/share/unique_identifier_msgs/hook/cmake_prefix_path.dsv'
[1.181s] INFO:colcon.colcon_core.shell:Creating environment hook '/home/rsanz/git/learning/ROS2/RustROS2/install/unique_identifier_msgs/share/unique_identifier_msgs/hook/cmake_prefix_path.sh'
[1.182s] Level 1:colcon.colcon_core.environment:checking '/home/rsanz/git/learning/ROS2/RustROS2/install/unique_identifier_msgs/lib'
[1.183s] Level 1:colcon.colcon_core.shell:create_environment_hook('unique_identifier_msgs', 'ld_library_path_lib')
[1.183s] INFO:colcon.colcon_core.shell:Creating environment hook '/home/rsanz/git/learning/ROS2/RustROS2/install/unique_identifier_msgs/share/unique_identifier_msgs/hook/ld_library_path_lib.ps1'
[1.183s] DEBUG:colcon.colcon_core.event_handler.log_command:Invoked command in '/home/rsanz/git/learning/ROS2/RustROS2/build/unique_identifier_msgs' returned '0': AMENT_PREFIX_PATH=/home/rsanz/git/learning/ROS2/RustROS2/install/rosidl_core_runtime:/home/rsanz/git/learning/ROS2/RustROS2/install/rosidl_core_generators:/home/rsanz/git/learning/ROS2/RustROS2/install/rosidl_generator_rs:${AMENT_PREFIX_PATH} CMAKE_PREFIX_PATH=/home/rsanz/git/learning/ROS2/RustROS2/install/rosidl_core_runtime:/home/rsanz/git/learning/ROS2/RustROS2/install/rosidl_core_generators:/home/rsanz/git/learning/ROS2/RustROS2/install/rosidl_generator_rs:/opt/ros/jazzy/opt/gz_math_vendor:/opt/ros/jazzy/opt/gz_utils_vendor:/opt/ros/jazzy/opt/gz_cmake_vendor:/opt/ros/jazzy DEBUGINFOD_URLS=https://debuginfod.ubuntu.com PYTHONPATH=/home/rsanz/git/learning/ROS2/RustROS2/install/rosidl_generator_rs/lib/python3.12/site-packages:${PYTHONPATH} /usr/bin/cmake --install /home/rsanz/git/learning/ROS2/RustROS2/build/unique_identifier_msgs
[1.184s] INFO:colcon.colcon_core.shell:Creating environment descriptor '/home/rsanz/git/learning/ROS2/RustROS2/install/unique_identifier_msgs/share/unique_identifier_msgs/hook/ld_library_path_lib.dsv'
[1.185s] INFO:colcon.colcon_core.shell:Creating environment hook '/home/rsanz/git/learning/ROS2/RustROS2/install/unique_identifier_msgs/share/unique_identifier_msgs/hook/ld_library_path_lib.sh'
[1.185s] Level 1:colcon.colcon_core.environment:checking '/home/rsanz/git/learning/ROS2/RustROS2/install/unique_identifier_msgs/bin'
[1.185s] Level 1:colcon.colcon_core.environment:checking '/home/rsanz/git/learning/ROS2/RustROS2/install/unique_identifier_msgs/lib/pkgconfig/unique_identifier_msgs.pc'
[1.185s] Level 1:colcon.colcon_core.environment:checking '/home/rsanz/git/learning/ROS2/RustROS2/install/unique_identifier_msgs/lib/python3.12/site-packages'
[1.186s] Level 1:colcon.colcon_core.shell:create_environment_hook('unique_identifier_msgs', 'pythonpath')
[1.186s] INFO:colcon.colcon_core.shell:Creating environment hook '/home/rsanz/git/learning/ROS2/RustROS2/install/unique_identifier_msgs/share/unique_identifier_msgs/hook/pythonpath.ps1'
[1.186s] INFO:colcon.colcon_core.shell:Creating environment descriptor '/home/rsanz/git/learning/ROS2/RustROS2/install/unique_identifier_msgs/share/unique_identifier_msgs/hook/pythonpath.dsv'
[1.186s] INFO:colcon.colcon_core.shell:Creating environment hook '/home/rsanz/git/learning/ROS2/RustROS2/install/unique_identifier_msgs/share/unique_identifier_msgs/hook/pythonpath.sh'
[1.187s] Level 1:colcon.colcon_core.environment:checking '/home/rsanz/git/learning/ROS2/RustROS2/install/unique_identifier_msgs/bin'
[1.187s] INFO:colcon.colcon_core.shell:Creating package script '/home/rsanz/git/learning/ROS2/RustROS2/install/unique_identifier_msgs/share/unique_identifier_msgs/package.ps1'
[1.188s] INFO:colcon.colcon_core.shell:Creating package descriptor '/home/rsanz/git/learning/ROS2/RustROS2/install/unique_identifier_msgs/share/unique_identifier_msgs/package.dsv'
[1.188s] INFO:colcon.colcon_core.shell:Creating package script '/home/rsanz/git/learning/ROS2/RustROS2/install/unique_identifier_msgs/share/unique_identifier_msgs/package.sh'
[1.189s] INFO:colcon.colcon_core.shell:Creating package script '/home/rsanz/git/learning/ROS2/RustROS2/install/unique_identifier_msgs/share/unique_identifier_msgs/package.bash'
[1.189s] INFO:colcon.colcon_core.shell:Creating package script '/home/rsanz/git/learning/ROS2/RustROS2/install/unique_identifier_msgs/share/unique_identifier_msgs/package.zsh'
[1.189s] Level 1:colcon.colcon_core.environment:create_file_with_runtime_dependencies(/home/rsanz/git/learning/ROS2/RustROS2/install/unique_identifier_msgs/share/colcon-core/packages/unique_identifier_msgs)
[1.189s] Level 1:colcon.colcon_core.environment:create_environment_scripts_only(unique_identifier_msgs)
[1.190s] Level 1:colcon.colcon_core.environment:checking '/home/rsanz/git/learning/ROS2/RustROS2/install/unique_identifier_msgs' for CMake module files
[1.190s] Level 1:colcon.colcon_core.environment:checking '/home/rsanz/git/learning/ROS2/RustROS2/install/unique_identifier_msgs' for CMake config files
[1.191s] Level 1:colcon.colcon_core.shell:create_environment_hook('unique_identifier_msgs', 'cmake_prefix_path')
[1.191s] INFO:colcon.colcon_core.shell:Creating environment hook '/home/rsanz/git/learning/ROS2/RustROS2/install/unique_identifier_msgs/share/unique_identifier_msgs/hook/cmake_prefix_path.ps1'
[1.191s] INFO:colcon.colcon_core.shell:Creating environment descriptor '/home/rsanz/git/learning/ROS2/RustROS2/install/unique_identifier_msgs/share/unique_identifier_msgs/hook/cmake_prefix_path.dsv'
[1.191s] INFO:colcon.colcon_core.shell:Creating environment hook '/home/rsanz/git/learning/ROS2/RustROS2/install/unique_identifier_msgs/share/unique_identifier_msgs/hook/cmake_prefix_path.sh'
[1.192s] Level 1:colcon.colcon_core.environment:checking '/home/rsanz/git/learning/ROS2/RustROS2/install/unique_identifier_msgs/lib'
[1.192s] Level 1:colcon.colcon_core.shell:create_environment_hook('unique_identifier_msgs', 'ld_library_path_lib')
[1.192s] INFO:colcon.colcon_core.shell:Creating environment hook '/home/rsanz/git/learning/ROS2/RustROS2/install/unique_identifier_msgs/share/unique_identifier_msgs/hook/ld_library_path_lib.ps1'
[1.192s] INFO:colcon.colcon_core.shell:Creating environment descriptor '/home/rsanz/git/learning/ROS2/RustROS2/install/unique_identifier_msgs/share/unique_identifier_msgs/hook/ld_library_path_lib.dsv'
[1.192s] INFO:colcon.colcon_core.shell:Creating environment hook '/home/rsanz/git/learning/ROS2/RustROS2/install/unique_identifier_msgs/share/unique_identifier_msgs/hook/ld_library_path_lib.sh'
[1.193s] Level 1:colcon.colcon_core.environment:checking '/home/rsanz/git/learning/ROS2/RustROS2/install/unique_identifier_msgs/bin'
[1.193s] Level 1:colcon.colcon_core.environment:checking '/home/rsanz/git/learning/ROS2/RustROS2/install/unique_identifier_msgs/lib/pkgconfig/unique_identifier_msgs.pc'
[1.193s] Level 1:colcon.colcon_core.environment:checking '/home/rsanz/git/learning/ROS2/RustROS2/install/unique_identifier_msgs/lib/python3.12/site-packages'
[1.193s] Level 1:colcon.colcon_core.shell:create_environment_hook('unique_identifier_msgs', 'pythonpath')
[1.193s] INFO:colcon.colcon_core.shell:Creating environment hook '/home/rsanz/git/learning/ROS2/RustROS2/install/unique_identifier_msgs/share/unique_identifier_msgs/hook/pythonpath.ps1'
[1.193s] INFO:colcon.colcon_core.shell:Creating environment descriptor '/home/rsanz/git/learning/ROS2/RustROS2/install/unique_identifier_msgs/share/unique_identifier_msgs/hook/pythonpath.dsv'
[1.193s] INFO:colcon.colcon_core.shell:Creating environment hook '/home/rsanz/git/learning/ROS2/RustROS2/install/unique_identifier_msgs/share/unique_identifier_msgs/hook/pythonpath.sh'
[1.194s] Level 1:colcon.colcon_core.environment:checking '/home/rsanz/git/learning/ROS2/RustROS2/install/unique_identifier_msgs/bin'
[1.194s] INFO:colcon.colcon_core.shell:Creating package script '/home/rsanz/git/learning/ROS2/RustROS2/install/unique_identifier_msgs/share/unique_identifier_msgs/package.ps1'
[1.194s] INFO:colcon.colcon_core.shell:Creating package descriptor '/home/rsanz/git/learning/ROS2/RustROS2/install/unique_identifier_msgs/share/unique_identifier_msgs/package.dsv'
[1.195s] INFO:colcon.colcon_core.shell:Creating package script '/home/rsanz/git/learning/ROS2/RustROS2/install/unique_identifier_msgs/share/unique_identifier_msgs/package.sh'
[1.195s] INFO:colcon.colcon_core.shell:Creating package script '/home/rsanz/git/learning/ROS2/RustROS2/install/unique_identifier_msgs/share/unique_identifier_msgs/package.bash'
[1.195s] INFO:colcon.colcon_core.shell:Creating package script '/home/rsanz/git/learning/ROS2/RustROS2/install/unique_identifier_msgs/share/unique_identifier_msgs/package.zsh'
[1.195s] Level 1:colcon.colcon_core.environment:create_file_with_runtime_dependencies(/home/rsanz/git/learning/ROS2/RustROS2/install/unique_identifier_msgs/share/colcon-core/packages/unique_identifier_msgs)
[1.196s] Level 1:colcon.colcon_core.environment:create_environment_scripts_only(builtin_interfaces)
[1.196s] Level 1:colcon.colcon_core.environment:checking '/home/rsanz/git/learning/ROS2/RustROS2/install/builtin_interfaces' for CMake module files
[1.197s] DEBUG:colcon.colcon_core.event_handler.log_command:Invoked command in '/home/rsanz/git/learning/ROS2/RustROS2/build/builtin_interfaces' returned '0': AMENT_PREFIX_PATH=/home/rsanz/git/learning/ROS2/RustROS2/install/rosidl_core_runtime:/home/rsanz/git/learning/ROS2/RustROS2/install/rosidl_core_generators:/home/rsanz/git/learning/ROS2/RustROS2/install/rosidl_generator_rs:${AMENT_PREFIX_PATH} CMAKE_PREFIX_PATH=/home/rsanz/git/learning/ROS2/RustROS2/install/rosidl_core_runtime:/home/rsanz/git/learning/ROS2/RustROS2/install/rosidl_core_generators:/home/rsanz/git/learning/ROS2/RustROS2/install/rosidl_generator_rs:/opt/ros/jazzy/opt/gz_math_vendor:/opt/ros/jazzy/opt/gz_utils_vendor:/opt/ros/jazzy/opt/gz_cmake_vendor:/opt/ros/jazzy DEBUGINFOD_URLS=https://debuginfod.ubuntu.com PYTHONPATH=/home/rsanz/git/learning/ROS2/RustROS2/install/rosidl_generator_rs/lib/python3.12/site-packages:${PYTHONPATH} /usr/bin/cmake --install /home/rsanz/git/learning/ROS2/RustROS2/build/builtin_interfaces
[1.197s] Level 1:colcon.colcon_core.environment:checking '/home/rsanz/git/learning/ROS2/RustROS2/install/builtin_interfaces' for CMake config files
[1.198s] Level 1:colcon.colcon_core.shell:create_environment_hook('builtin_interfaces', 'cmake_prefix_path')
[1.198s] INFO:colcon.colcon_core.shell:Creating environment hook '/home/rsanz/git/learning/ROS2/RustROS2/install/builtin_interfaces/share/builtin_interfaces/hook/cmake_prefix_path.ps1'
[1.198s] INFO:colcon.colcon_core.shell:Creating environment descriptor '/home/rsanz/git/learning/ROS2/RustROS2/install/builtin_interfaces/share/builtin_interfaces/hook/cmake_prefix_path.dsv'
[1.199s] INFO:colcon.colcon_core.shell:Creating environment hook '/home/rsanz/git/learning/ROS2/RustROS2/install/builtin_interfaces/share/builtin_interfaces/hook/cmake_prefix_path.sh'
[1.199s] Level 1:colcon.colcon_core.environment:checking '/home/rsanz/git/learning/ROS2/RustROS2/install/builtin_interfaces/lib'
[1.199s] Level 1:colcon.colcon_core.shell:create_environment_hook('builtin_interfaces', 'ld_library_path_lib')
[1.199s] INFO:colcon.colcon_core.shell:Creating environment hook '/home/rsanz/git/learning/ROS2/RustROS2/install/builtin_interfaces/share/builtin_interfaces/hook/ld_library_path_lib.ps1'
[1.199s] INFO:colcon.colcon_core.shell:Creating environment descriptor '/home/rsanz/git/learning/ROS2/RustROS2/install/builtin_interfaces/share/builtin_interfaces/hook/ld_library_path_lib.dsv'
[1.200s] INFO:colcon.colcon_core.shell:Creating environment hook '/home/rsanz/git/learning/ROS2/RustROS2/install/builtin_interfaces/share/builtin_interfaces/hook/ld_library_path_lib.sh'
[1.200s] Level 1:colcon.colcon_core.environment:checking '/home/rsanz/git/learning/ROS2/RustROS2/install/builtin_interfaces/bin'
[1.200s] Level 1:colcon.colcon_core.environment:checking '/home/rsanz/git/learning/ROS2/RustROS2/install/builtin_interfaces/lib/pkgconfig/builtin_interfaces.pc'
[1.200s] Level 1:colcon.colcon_core.environment:checking '/home/rsanz/git/learning/ROS2/RustROS2/install/builtin_interfaces/lib/python3.12/site-packages'
[1.200s] Level 1:colcon.colcon_core.shell:create_environment_hook('builtin_interfaces', 'pythonpath')
[1.200s] INFO:colcon.colcon_core.shell:Creating environment hook '/home/rsanz/git/learning/ROS2/RustROS2/install/builtin_interfaces/share/builtin_interfaces/hook/pythonpath.ps1'
[1.200s] INFO:colcon.colcon_core.shell:Creating environment descriptor '/home/rsanz/git/learning/ROS2/RustROS2/install/builtin_interfaces/share/builtin_interfaces/hook/pythonpath.dsv'
[1.201s] INFO:colcon.colcon_core.shell:Creating environment hook '/home/rsanz/git/learning/ROS2/RustROS2/install/builtin_interfaces/share/builtin_interfaces/hook/pythonpath.sh'
[1.201s] Level 1:colcon.colcon_core.environment:checking '/home/rsanz/git/learning/ROS2/RustROS2/install/builtin_interfaces/bin'
[1.201s] INFO:colcon.colcon_core.shell:Creating package script '/home/rsanz/git/learning/ROS2/RustROS2/install/builtin_interfaces/share/builtin_interfaces/package.ps1'
[1.202s] INFO:colcon.colcon_core.shell:Creating package descriptor '/home/rsanz/git/learning/ROS2/RustROS2/install/builtin_interfaces/share/builtin_interfaces/package.dsv'
[1.202s] INFO:colcon.colcon_core.shell:Creating package script '/home/rsanz/git/learning/ROS2/RustROS2/install/builtin_interfaces/share/builtin_interfaces/package.sh'
[1.202s] INFO:colcon.colcon_core.shell:Creating package script '/home/rsanz/git/learning/ROS2/RustROS2/install/builtin_interfaces/share/builtin_interfaces/package.bash'
[1.202s] INFO:colcon.colcon_core.shell:Creating package script '/home/rsanz/git/learning/ROS2/RustROS2/install/builtin_interfaces/share/builtin_interfaces/package.zsh'
[1.203s] Level 1:colcon.colcon_core.environment:create_file_with_runtime_dependencies(/home/rsanz/git/learning/ROS2/RustROS2/install/builtin_interfaces/share/colcon-core/packages/builtin_interfaces)
[1.203s] Level 1:colcon.colcon_core.environment:create_environment_scripts_only(builtin_interfaces)
[1.203s] Level 1:colcon.colcon_core.environment:checking '/home/rsanz/git/learning/ROS2/RustROS2/install/builtin_interfaces' for CMake module files
[1.203s] Level 1:colcon.colcon_core.environment:checking '/home/rsanz/git/learning/ROS2/RustROS2/install/builtin_interfaces' for CMake config files
[1.204s] Level 1:colcon.colcon_core.shell:create_environment_hook('builtin_interfaces', 'cmake_prefix_path')
[1.204s] INFO:colcon.colcon_core.shell:Creating environment hook '/home/rsanz/git/learning/ROS2/RustROS2/install/builtin_interfaces/share/builtin_interfaces/hook/cmake_prefix_path.ps1'
[1.204s] INFO:colcon.colcon_core.shell:Creating environment descriptor '/home/rsanz/git/learning/ROS2/RustROS2/install/builtin_interfaces/share/builtin_interfaces/hook/cmake_prefix_path.dsv'
[1.204s] INFO:colcon.colcon_core.shell:Creating environment hook '/home/rsanz/git/learning/ROS2/RustROS2/install/builtin_interfaces/share/builtin_interfaces/hook/cmake_prefix_path.sh'
[1.205s] Level 1:colcon.colcon_core.environment:checking '/home/rsanz/git/learning/ROS2/RustROS2/install/builtin_interfaces/lib'
[1.205s] Level 1:colcon.colcon_core.shell:create_environment_hook('builtin_interfaces', 'ld_library_path_lib')
[1.205s] INFO:colcon.colcon_core.shell:Creating environment hook '/home/rsanz/git/learning/ROS2/RustROS2/install/builtin_interfaces/share/builtin_interfaces/hook/ld_library_path_lib.ps1'
[1.205s] INFO:colcon.colcon_core.shell:Creating environment descriptor '/home/rsanz/git/learning/ROS2/RustROS2/install/builtin_interfaces/share/builtin_interfaces/hook/ld_library_path_lib.dsv'
[1.205s] INFO:colcon.colcon_core.shell:Creating environment hook '/home/rsanz/git/learning/ROS2/RustROS2/install/builtin_interfaces/share/builtin_interfaces/hook/ld_library_path_lib.sh'
[1.206s] Level 1:colcon.colcon_core.environment:checking '/home/rsanz/git/learning/ROS2/RustROS2/install/builtin_interfaces/bin'
[1.206s] Level 1:colcon.colcon_core.environment:checking '/home/rsanz/git/learning/ROS2/RustROS2/install/builtin_interfaces/lib/pkgconfig/builtin_interfaces.pc'
[1.206s] Level 1:colcon.colcon_core.environment:checking '/home/rsanz/git/learning/ROS2/RustROS2/install/builtin_interfaces/lib/python3.12/site-packages'
[1.206s] Level 1:colcon.colcon_core.shell:create_environment_hook('builtin_interfaces', 'pythonpath')
[1.206s] INFO:colcon.colcon_core.shell:Creating environment hook '/home/rsanz/git/learning/ROS2/RustROS2/install/builtin_interfaces/share/builtin_interfaces/hook/pythonpath.ps1'
[1.206s] INFO:colcon.colcon_core.shell:Creating environment descriptor '/home/rsanz/git/learning/ROS2/RustROS2/install/builtin_interfaces/share/builtin_interfaces/hook/pythonpath.dsv'
[1.206s] INFO:colcon.colcon_core.shell:Creating environment hook '/home/rsanz/git/learning/ROS2/RustROS2/install/builtin_interfaces/share/builtin_interfaces/hook/pythonpath.sh'
[1.207s] Level 1:colcon.colcon_core.environment:checking '/home/rsanz/git/learning/ROS2/RustROS2/install/builtin_interfaces/bin'
[1.207s] INFO:colcon.colcon_core.shell:Creating package script '/home/rsanz/git/learning/ROS2/RustROS2/install/builtin_interfaces/share/builtin_interfaces/package.ps1'
[1.207s] INFO:colcon.colcon_core.shell:Creating package descriptor '/home/rsanz/git/learning/ROS2/RustROS2/install/builtin_interfaces/share/builtin_interfaces/package.dsv'
[1.208s] INFO:colcon.colcon_core.shell:Creating package script '/home/rsanz/git/learning/ROS2/RustROS2/install/builtin_interfaces/share/builtin_interfaces/package.sh'
[1.208s] INFO:colcon.colcon_core.shell:Creating package script '/home/rsanz/git/learning/ROS2/RustROS2/install/builtin_interfaces/share/builtin_interfaces/package.bash'
[1.208s] INFO:colcon.colcon_core.shell:Creating package script '/home/rsanz/git/learning/ROS2/RustROS2/install/builtin_interfaces/share/builtin_interfaces/package.zsh'
[1.209s] Level 1:colcon.colcon_core.environment:create_file_with_runtime_dependencies(/home/rsanz/git/learning/ROS2/RustROS2/install/builtin_interfaces/share/colcon-core/packages/builtin_interfaces)
[1.209s] INFO:colcon.colcon_ros.task.ament_cmake.build:Building ROS package in '/home/rsanz/git/learning/ROS2/RustROS2/src/rcl_interfaces/service_msgs' with build type 'ament_cmake'
[1.209s] INFO:colcon.colcon_cmake.task.cmake.build:Building CMake package in '/home/rsanz/git/learning/ROS2/RustROS2/src/rcl_interfaces/service_msgs'
[1.209s] INFO:colcon.colcon_core.shell:Skip shell extension 'powershell' for command environment: Not usable outside of PowerShell
[1.209s] DEBUG:colcon.colcon_core.shell:Skip shell extension 'dsv' for command environment
[1.220s] DEBUG:colcon.colcon_core.event_handler.log_command:Invoking command in '/home/rsanz/git/learning/ROS2/RustROS2/build/service_msgs': AMENT_PREFIX_PATH=/home/rsanz/git/learning/ROS2/RustROS2/install/builtin_interfaces:/home/rsanz/git/learning/ROS2/RustROS2/install/rosidl_core_runtime:/home/rsanz/git/learning/ROS2/RustROS2/install/rosidl_core_generators:/home/rsanz/git/learning/ROS2/RustROS2/install/rosidl_generator_rs:${AMENT_PREFIX_PATH} CMAKE_PREFIX_PATH=/home/rsanz/git/learning/ROS2/RustROS2/install/builtin_interfaces:/home/rsanz/git/learning/ROS2/RustROS2/install/rosidl_core_runtime:/home/rsanz/git/learning/ROS2/RustROS2/install/rosidl_core_generators:/home/rsanz/git/learning/ROS2/RustROS2/install/rosidl_generator_rs:/opt/ros/jazzy/opt/gz_math_vendor:/opt/ros/jazzy/opt/gz_utils_vendor:/opt/ros/jazzy/opt/gz_cmake_vendor:/opt/ros/jazzy DEBUGINFOD_URLS=https://debuginfod.ubuntu.com LD_LIBRARY_PATH=/home/rsanz/git/learning/ROS2/RustROS2/install/builtin_interfaces/lib:${LD_LIBRARY_PATH} PYTHONPATH=/home/rsanz/git/learning/ROS2/RustROS2/install/builtin_interfaces/lib/python3.12/site-packages:/home/rsanz/git/learning/ROS2/RustROS2/install/rosidl_generator_rs/lib/python3.12/site-packages:${PYTHONPATH} /usr/bin/cmake --build /home/rsanz/git/learning/ROS2/RustROS2/build/service_msgs -- -j24 -l24
[1.576s] DEBUG:colcon.colcon_core.event_handler.log_command:Invoked command in '/home/rsanz/git/learning/ROS2/RustROS2/build/service_msgs' returned '0': AMENT_PREFIX_PATH=/home/rsanz/git/learning/ROS2/RustROS2/install/builtin_interfaces:/home/rsanz/git/learning/ROS2/RustROS2/install/rosidl_core_runtime:/home/rsanz/git/learning/ROS2/RustROS2/install/rosidl_core_generators:/home/rsanz/git/learning/ROS2/RustROS2/install/rosidl_generator_rs:${AMENT_PREFIX_PATH} CMAKE_PREFIX_PATH=/home/rsanz/git/learning/ROS2/RustROS2/install/builtin_interfaces:/home/rsanz/git/learning/ROS2/RustROS2/install/rosidl_core_runtime:/home/rsanz/git/learning/ROS2/RustROS2/install/rosidl_core_generators:/home/rsanz/git/learning/ROS2/RustROS2/install/rosidl_generator_rs:/opt/ros/jazzy/opt/gz_math_vendor:/opt/ros/jazzy/opt/gz_utils_vendor:/opt/ros/jazzy/opt/gz_cmake_vendor:/opt/ros/jazzy DEBUGINFOD_URLS=https://debuginfod.ubuntu.com LD_LIBRARY_PATH=/home/rsanz/git/learning/ROS2/RustROS2/install/builtin_interfaces/lib:${LD_LIBRARY_PATH} PYTHONPATH=/home/rsanz/git/learning/ROS2/RustROS2/install/builtin_interfaces/lib/python3.12/site-packages:/home/rsanz/git/learning/ROS2/RustROS2/install/rosidl_generator_rs/lib/python3.12/site-packages:${PYTHONPATH} /usr/bin/cmake --build /home/rsanz/git/learning/ROS2/RustROS2/build/service_msgs -- -j24 -l24
[1.577s] DEBUG:colcon.colcon_core.event_handler.log_command:Invoking command in '/home/rsanz/git/learning/ROS2/RustROS2/build/service_msgs': AMENT_PREFIX_PATH=/home/rsanz/git/learning/ROS2/RustROS2/install/builtin_interfaces:/home/rsanz/git/learning/ROS2/RustROS2/install/rosidl_core_runtime:/home/rsanz/git/learning/ROS2/RustROS2/install/rosidl_core_generators:/home/rsanz/git/learning/ROS2/RustROS2/install/rosidl_generator_rs:${AMENT_PREFIX_PATH} CMAKE_PREFIX_PATH=/home/rsanz/git/learning/ROS2/RustROS2/install/builtin_interfaces:/home/rsanz/git/learning/ROS2/RustROS2/install/rosidl_core_runtime:/home/rsanz/git/learning/ROS2/RustROS2/install/rosidl_core_generators:/home/rsanz/git/learning/ROS2/RustROS2/install/rosidl_generator_rs:/opt/ros/jazzy/opt/gz_math_vendor:/opt/ros/jazzy/opt/gz_utils_vendor:/opt/ros/jazzy/opt/gz_cmake_vendor:/opt/ros/jazzy DEBUGINFOD_URLS=https://debuginfod.ubuntu.com LD_LIBRARY_PATH=/home/rsanz/git/learning/ROS2/RustROS2/install/builtin_interfaces/lib:${LD_LIBRARY_PATH} PYTHONPATH=/home/rsanz/git/learning/ROS2/RustROS2/install/builtin_interfaces/lib/python3.12/site-packages:/home/rsanz/git/learning/ROS2/RustROS2/install/rosidl_generator_rs/lib/python3.12/site-packages:${PYTHONPATH} /usr/bin/cmake --install /home/rsanz/git/learning/ROS2/RustROS2/build/service_msgs
[1.623s] Level 1:colcon.colcon_core.environment:create_environment_scripts_only(service_msgs)
[1.624s] Level 1:colcon.colcon_core.environment:checking '/home/rsanz/git/learning/ROS2/RustROS2/install/service_msgs' for CMake module files
[1.624s] DEBUG:colcon.colcon_core.event_handler.log_command:Invoked command in '/home/rsanz/git/learning/ROS2/RustROS2/build/service_msgs' returned '0': AMENT_PREFIX_PATH=/home/rsanz/git/learning/ROS2/RustROS2/install/builtin_interfaces:/home/rsanz/git/learning/ROS2/RustROS2/install/rosidl_core_runtime:/home/rsanz/git/learning/ROS2/RustROS2/install/rosidl_core_generators:/home/rsanz/git/learning/ROS2/RustROS2/install/rosidl_generator_rs:${AMENT_PREFIX_PATH} CMAKE_PREFIX_PATH=/home/rsanz/git/learning/ROS2/RustROS2/install/builtin_interfaces:/home/rsanz/git/learning/ROS2/RustROS2/install/rosidl_core_runtime:/home/rsanz/git/learning/ROS2/RustROS2/install/rosidl_core_generators:/home/rsanz/git/learning/ROS2/RustROS2/install/rosidl_generator_rs:/opt/ros/jazzy/opt/gz_math_vendor:/opt/ros/jazzy/opt/gz_utils_vendor:/opt/ros/jazzy/opt/gz_cmake_vendor:/opt/ros/jazzy DEBUGINFOD_URLS=https://debuginfod.ubuntu.com LD_LIBRARY_PATH=/home/rsanz/git/learning/ROS2/RustROS2/install/builtin_interfaces/lib:${LD_LIBRARY_PATH} PYTHONPATH=/home/rsanz/git/learning/ROS2/RustROS2/install/builtin_interfaces/lib/python3.12/site-packages:/home/rsanz/git/learning/ROS2/RustROS2/install/rosidl_generator_rs/lib/python3.12/site-packages:${PYTHONPATH} /usr/bin/cmake --install /home/rsanz/git/learning/ROS2/RustROS2/build/service_msgs
[1.624s] Level 1:colcon.colcon_core.environment:checking '/home/rsanz/git/learning/ROS2/RustROS2/install/service_msgs' for CMake config files
[1.625s] Level 1:colcon.colcon_core.shell:create_environment_hook('service_msgs', 'cmake_prefix_path')
[1.625s] INFO:colcon.colcon_core.shell:Creating environment hook '/home/rsanz/git/learning/ROS2/RustROS2/install/service_msgs/share/service_msgs/hook/cmake_prefix_path.ps1'
[1.625s] INFO:colcon.colcon_core.shell:Creating environment descriptor '/home/rsanz/git/learning/ROS2/RustROS2/install/service_msgs/share/service_msgs/hook/cmake_prefix_path.dsv'
[1.625s] INFO:colcon.colcon_core.shell:Creating environment hook '/home/rsanz/git/learning/ROS2/RustROS2/install/service_msgs/share/service_msgs/hook/cmake_prefix_path.sh'
[1.626s] Level 1:colcon.colcon_core.environment:checking '/home/rsanz/git/learning/ROS2/RustROS2/install/service_msgs/lib'
[1.626s] Level 1:colcon.colcon_core.shell:create_environment_hook('service_msgs', 'ld_library_path_lib')
[1.626s] INFO:colcon.colcon_core.shell:Creating environment hook '/home/rsanz/git/learning/ROS2/RustROS2/install/service_msgs/share/service_msgs/hook/ld_library_path_lib.ps1'
[1.626s] INFO:colcon.colcon_core.shell:Creating environment descriptor '/home/rsanz/git/learning/ROS2/RustROS2/install/service_msgs/share/service_msgs/hook/ld_library_path_lib.dsv'
[1.626s] INFO:colcon.colcon_core.shell:Creating environment hook '/home/rsanz/git/learning/ROS2/RustROS2/install/service_msgs/share/service_msgs/hook/ld_library_path_lib.sh'
[1.627s] Level 1:colcon.colcon_core.environment:checking '/home/rsanz/git/learning/ROS2/RustROS2/install/service_msgs/bin'
[1.627s] Level 1:colcon.colcon_core.environment:checking '/home/rsanz/git/learning/ROS2/RustROS2/install/service_msgs/lib/pkgconfig/service_msgs.pc'
[1.627s] Level 1:colcon.colcon_core.environment:checking '/home/rsanz/git/learning/ROS2/RustROS2/install/service_msgs/lib/python3.12/site-packages'
[1.627s] Level 1:colcon.colcon_core.shell:create_environment_hook('service_msgs', 'pythonpath')
[1.627s] INFO:colcon.colcon_core.shell:Creating environment hook '/home/rsanz/git/learning/ROS2/RustROS2/install/service_msgs/share/service_msgs/hook/pythonpath.ps1'
[1.627s] INFO:colcon.colcon_core.shell:Creating environment descriptor '/home/rsanz/git/learning/ROS2/RustROS2/install/service_msgs/share/service_msgs/hook/pythonpath.dsv'
[1.627s] INFO:colcon.colcon_core.shell:Creating environment hook '/home/rsanz/git/learning/ROS2/RustROS2/install/service_msgs/share/service_msgs/hook/pythonpath.sh'
[1.628s] Level 1:colcon.colcon_core.environment:checking '/home/rsanz/git/learning/ROS2/RustROS2/install/service_msgs/bin'
[1.628s] INFO:colcon.colcon_core.shell:Creating package script '/home/rsanz/git/learning/ROS2/RustROS2/install/service_msgs/share/service_msgs/package.ps1'
[1.628s] INFO:colcon.colcon_core.shell:Creating package descriptor '/home/rsanz/git/learning/ROS2/RustROS2/install/service_msgs/share/service_msgs/package.dsv'
[1.629s] INFO:colcon.colcon_core.shell:Creating package script '/home/rsanz/git/learning/ROS2/RustROS2/install/service_msgs/share/service_msgs/package.sh'
[1.629s] INFO:colcon.colcon_core.shell:Creating package script '/home/rsanz/git/learning/ROS2/RustROS2/install/service_msgs/share/service_msgs/package.bash'
[1.629s] INFO:colcon.colcon_core.shell:Creating package script '/home/rsanz/git/learning/ROS2/RustROS2/install/service_msgs/share/service_msgs/package.zsh'
[1.629s] Level 1:colcon.colcon_core.environment:create_file_with_runtime_dependencies(/home/rsanz/git/learning/ROS2/RustROS2/install/service_msgs/share/colcon-core/packages/service_msgs)
[1.630s] Level 1:colcon.colcon_core.environment:create_environment_scripts_only(service_msgs)
[1.630s] Level 1:colcon.colcon_core.environment:checking '/home/rsanz/git/learning/ROS2/RustROS2/install/service_msgs' for CMake module files
[1.631s] Level 1:colcon.colcon_core.environment:checking '/home/rsanz/git/learning/ROS2/RustROS2/install/service_msgs' for CMake config files
[1.631s] Level 1:colcon.colcon_core.shell:create_environment_hook('service_msgs', 'cmake_prefix_path')
[1.631s] INFO:colcon.colcon_core.shell:Creating environment hook '/home/rsanz/git/learning/ROS2/RustROS2/install/service_msgs/share/service_msgs/hook/cmake_prefix_path.ps1'
[1.631s] INFO:colcon.colcon_core.shell:Creating environment descriptor '/home/rsanz/git/learning/ROS2/RustROS2/install/service_msgs/share/service_msgs/hook/cmake_prefix_path.dsv'
[1.632s] INFO:colcon.colcon_core.shell:Creating environment hook '/home/rsanz/git/learning/ROS2/RustROS2/install/service_msgs/share/service_msgs/hook/cmake_prefix_path.sh'
[1.632s] Level 1:colcon.colcon_core.environment:checking '/home/rsanz/git/learning/ROS2/RustROS2/install/service_msgs/lib'
[1.632s] Level 1:colcon.colcon_core.shell:create_environment_hook('service_msgs', 'ld_library_path_lib')
[1.632s] INFO:colcon.colcon_core.shell:Creating environment hook '/home/rsanz/git/learning/ROS2/RustROS2/install/service_msgs/share/service_msgs/hook/ld_library_path_lib.ps1'
[1.632s] INFO:colcon.colcon_core.shell:Creating environment descriptor '/home/rsanz/git/learning/ROS2/RustROS2/install/service_msgs/share/service_msgs/hook/ld_library_path_lib.dsv'
[1.632s] INFO:colcon.colcon_core.shell:Creating environment hook '/home/rsanz/git/learning/ROS2/RustROS2/install/service_msgs/share/service_msgs/hook/ld_library_path_lib.sh'
[1.633s] Level 1:colcon.colcon_core.environment:checking '/home/rsanz/git/learning/ROS2/RustROS2/install/service_msgs/bin'
[1.633s] Level 1:colcon.colcon_core.environment:checking '/home/rsanz/git/learning/ROS2/RustROS2/install/service_msgs/lib/pkgconfig/service_msgs.pc'
[1.633s] Level 1:colcon.colcon_core.environment:checking '/home/rsanz/git/learning/ROS2/RustROS2/install/service_msgs/lib/python3.12/site-packages'
[1.633s] Level 1:colcon.colcon_core.shell:create_environment_hook('service_msgs', 'pythonpath')
[1.633s] INFO:colcon.colcon_core.shell:Creating environment hook '/home/rsanz/git/learning/ROS2/RustROS2/install/service_msgs/share/service_msgs/hook/pythonpath.ps1'
[1.633s] INFO:colcon.colcon_core.shell:Creating environment descriptor '/home/rsanz/git/learning/ROS2/RustROS2/install/service_msgs/share/service_msgs/hook/pythonpath.dsv'
[1.634s] INFO:colcon.colcon_core.shell:Creating environment hook '/home/rsanz/git/learning/ROS2/RustROS2/install/service_msgs/share/service_msgs/hook/pythonpath.sh'
[1.634s] Level 1:colcon.colcon_core.environment:checking '/home/rsanz/git/learning/ROS2/RustROS2/install/service_msgs/bin'
[1.634s] INFO:colcon.colcon_core.shell:Creating package script '/home/rsanz/git/learning/ROS2/RustROS2/install/service_msgs/share/service_msgs/package.ps1'
[1.635s] INFO:colcon.colcon_core.shell:Creating package descriptor '/home/rsanz/git/learning/ROS2/RustROS2/install/service_msgs/share/service_msgs/package.dsv'
[1.635s] INFO:colcon.colcon_core.shell:Creating package script '/home/rsanz/git/learning/ROS2/RustROS2/install/service_msgs/share/service_msgs/package.sh'
[1.635s] INFO:colcon.colcon_core.shell:Creating package script '/home/rsanz/git/learning/ROS2/RustROS2/install/service_msgs/share/service_msgs/package.bash'
[1.635s] INFO:colcon.colcon_core.shell:Creating package script '/home/rsanz/git/learning/ROS2/RustROS2/install/service_msgs/share/service_msgs/package.zsh'
[1.636s] Level 1:colcon.colcon_core.environment:create_file_with_runtime_dependencies(/home/rsanz/git/learning/ROS2/RustROS2/install/service_msgs/share/colcon-core/packages/service_msgs)
[1.636s] INFO:colcon.colcon_ros.task.ament_cmake.build:Building ROS package in '/home/rsanz/git/learning/ROS2/RustROS2/src/rcl_interfaces/action_msgs' with build type 'ament_cmake'
[1.636s] INFO:colcon.colcon_cmake.task.cmake.build:Building CMake package in '/home/rsanz/git/learning/ROS2/RustROS2/src/rcl_interfaces/action_msgs'
[1.636s] INFO:colcon.colcon_core.shell:Skip shell extension 'powershell' for command environment: Not usable outside of PowerShell
[1.636s] DEBUG:colcon.colcon_core.shell:Skip shell extension 'dsv' for command environment
[1.652s] DEBUG:colcon.colcon_core.event_handler.log_command:Invoking command in '/home/rsanz/git/learning/ROS2/RustROS2/build/action_msgs': AMENT_PREFIX_PATH=/home/rsanz/git/learning/ROS2/RustROS2/install/service_msgs:/home/rsanz/git/learning/ROS2/RustROS2/install/unique_identifier_msgs:/home/rsanz/git/learning/ROS2/RustROS2/install/builtin_interfaces:/home/rsanz/git/learning/ROS2/RustROS2/install/rosidl_core_runtime:/home/rsanz/git/learning/ROS2/RustROS2/install/rosidl_core_generators:/home/rsanz/git/learning/ROS2/RustROS2/install/rosidl_generator_rs:${AMENT_PREFIX_PATH} CMAKE_PREFIX_PATH=/home/rsanz/git/learning/ROS2/RustROS2/install/service_msgs:/home/rsanz/git/learning/ROS2/RustROS2/install/unique_identifier_msgs:/home/rsanz/git/learning/ROS2/RustROS2/install/builtin_interfaces:/home/rsanz/git/learning/ROS2/RustROS2/install/rosidl_core_runtime:/home/rsanz/git/learning/ROS2/RustROS2/install/rosidl_core_generators:/home/rsanz/git/learning/ROS2/RustROS2/install/rosidl_generator_rs:/opt/ros/jazzy/opt/gz_math_vendor:/opt/ros/jazzy/opt/gz_utils_vendor:/opt/ros/jazzy/opt/gz_cmake_vendor:/opt/ros/jazzy DEBUGINFOD_URLS=https://debuginfod.ubuntu.com LD_LIBRARY_PATH=/home/rsanz/git/learning/ROS2/RustROS2/install/service_msgs/lib:/home/rsanz/git/learning/ROS2/RustROS2/install/unique_identifier_msgs/lib:/home/rsanz/git/learning/ROS2/RustROS2/install/builtin_interfaces/lib:${LD_LIBRARY_PATH} PYTHONPATH=/home/rsanz/git/learning/ROS2/RustROS2/install/service_msgs/lib/python3.12/site-packages:/home/rsanz/git/learning/ROS2/RustROS2/install/unique_identifier_msgs/lib/python3.12/site-packages:/home/rsanz/git/learning/ROS2/RustROS2/install/builtin_interfaces/lib/python3.12/site-packages:/home/rsanz/git/learning/ROS2/RustROS2/install/rosidl_generator_rs/lib/python3.12/site-packages:${PYTHONPATH} /usr/bin/cmake --build /home/rsanz/git/learning/ROS2/RustROS2/build/action_msgs -- -j24 -l24
[2.025s] DEBUG:colcon.colcon_core.event_handler.log_command:Invoked command in '/home/rsanz/git/learning/ROS2/RustROS2/build/action_msgs' returned '0': AMENT_PREFIX_PATH=/home/rsanz/git/learning/ROS2/RustROS2/install/service_msgs:/home/rsanz/git/learning/ROS2/RustROS2/install/unique_identifier_msgs:/home/rsanz/git/learning/ROS2/RustROS2/install/builtin_interfaces:/home/rsanz/git/learning/ROS2/RustROS2/install/rosidl_core_runtime:/home/rsanz/git/learning/ROS2/RustROS2/install/rosidl_core_generators:/home/rsanz/git/learning/ROS2/RustROS2/install/rosidl_generator_rs:${AMENT_PREFIX_PATH} CMAKE_PREFIX_PATH=/home/rsanz/git/learning/ROS2/RustROS2/install/service_msgs:/home/rsanz/git/learning/ROS2/RustROS2/install/unique_identifier_msgs:/home/rsanz/git/learning/ROS2/RustROS2/install/builtin_interfaces:/home/rsanz/git/learning/ROS2/RustROS2/install/rosidl_core_runtime:/home/rsanz/git/learning/ROS2/RustROS2/install/rosidl_core_generators:/home/rsanz/git/learning/ROS2/RustROS2/install/rosidl_generator_rs:/opt/ros/jazzy/opt/gz_math_vendor:/opt/ros/jazzy/opt/gz_utils_vendor:/opt/ros/jazzy/opt/gz_cmake_vendor:/opt/ros/jazzy DEBUGINFOD_URLS=https://debuginfod.ubuntu.com LD_LIBRARY_PATH=/home/rsanz/git/learning/ROS2/RustROS2/install/service_msgs/lib:/home/rsanz/git/learning/ROS2/RustROS2/install/unique_identifier_msgs/lib:/home/rsanz/git/learning/ROS2/RustROS2/install/builtin_interfaces/lib:${LD_LIBRARY_PATH} PYTHONPATH=/home/rsanz/git/learning/ROS2/RustROS2/install/service_msgs/lib/python3.12/site-packages:/home/rsanz/git/learning/ROS2/RustROS2/install/unique_identifier_msgs/lib/python3.12/site-packages:/home/rsanz/git/learning/ROS2/RustROS2/install/builtin_interfaces/lib/python3.12/site-packages:/home/rsanz/git/learning/ROS2/RustROS2/install/rosidl_generator_rs/lib/python3.12/site-packages:${PYTHONPATH} /usr/bin/cmake --build /home/rsanz/git/learning/ROS2/RustROS2/build/action_msgs -- -j24 -l24
[2.026s] DEBUG:colcon.colcon_core.event_handler.log_command:Invoking command in '/home/rsanz/git/learning/ROS2/RustROS2/build/action_msgs': AMENT_PREFIX_PATH=/home/rsanz/git/learning/ROS2/RustROS2/install/service_msgs:/home/rsanz/git/learning/ROS2/RustROS2/install/unique_identifier_msgs:/home/rsanz/git/learning/ROS2/RustROS2/install/builtin_interfaces:/home/rsanz/git/learning/ROS2/RustROS2/install/rosidl_core_runtime:/home/rsanz/git/learning/ROS2/RustROS2/install/rosidl_core_generators:/home/rsanz/git/learning/ROS2/RustROS2/install/rosidl_generator_rs:${AMENT_PREFIX_PATH} CMAKE_PREFIX_PATH=/home/rsanz/git/learning/ROS2/RustROS2/install/service_msgs:/home/rsanz/git/learning/ROS2/RustROS2/install/unique_identifier_msgs:/home/rsanz/git/learning/ROS2/RustROS2/install/builtin_interfaces:/home/rsanz/git/learning/ROS2/RustROS2/install/rosidl_core_runtime:/home/rsanz/git/learning/ROS2/RustROS2/install/rosidl_core_generators:/home/rsanz/git/learning/ROS2/RustROS2/install/rosidl_generator_rs:/opt/ros/jazzy/opt/gz_math_vendor:/opt/ros/jazzy/opt/gz_utils_vendor:/opt/ros/jazzy/opt/gz_cmake_vendor:/opt/ros/jazzy DEBUGINFOD_URLS=https://debuginfod.ubuntu.com LD_LIBRARY_PATH=/home/rsanz/git/learning/ROS2/RustROS2/install/service_msgs/lib:/home/rsanz/git/learning/ROS2/RustROS2/install/unique_identifier_msgs/lib:/home/rsanz/git/learning/ROS2/RustROS2/install/builtin_interfaces/lib:${LD_LIBRARY_PATH} PYTHONPATH=/home/rsanz/git/learning/ROS2/RustROS2/install/service_msgs/lib/python3.12/site-packages:/home/rsanz/git/learning/ROS2/RustROS2/install/unique_identifier_msgs/lib/python3.12/site-packages:/home/rsanz/git/learning/ROS2/RustROS2/install/builtin_interfaces/lib/python3.12/site-packages:/home/rsanz/git/learning/ROS2/RustROS2/install/rosidl_generator_rs/lib/python3.12/site-packages:${PYTHONPATH} /usr/bin/cmake --install /home/rsanz/git/learning/ROS2/RustROS2/build/action_msgs
[2.087s] Level 1:colcon.colcon_core.environment:create_environment_scripts_only(action_msgs)
[2.087s] Level 1:colcon.colcon_core.environment:checking '/home/rsanz/git/learning/ROS2/RustROS2/install/action_msgs' for CMake module files
[2.088s] DEBUG:colcon.colcon_core.event_handler.log_command:Invoked command in '/home/rsanz/git/learning/ROS2/RustROS2/build/action_msgs' returned '0': AMENT_PREFIX_PATH=/home/rsanz/git/learning/ROS2/RustROS2/install/service_msgs:/home/rsanz/git/learning/ROS2/RustROS2/install/unique_identifier_msgs:/home/rsanz/git/learning/ROS2/RustROS2/install/builtin_interfaces:/home/rsanz/git/learning/ROS2/RustROS2/install/rosidl_core_runtime:/home/rsanz/git/learning/ROS2/RustROS2/install/rosidl_core_generators:/home/rsanz/git/learning/ROS2/RustROS2/install/rosidl_generator_rs:${AMENT_PREFIX_PATH} CMAKE_PREFIX_PATH=/home/rsanz/git/learning/ROS2/RustROS2/install/service_msgs:/home/rsanz/git/learning/ROS2/RustROS2/install/unique_identifier_msgs:/home/rsanz/git/learning/ROS2/RustROS2/install/builtin_interfaces:/home/rsanz/git/learning/ROS2/RustROS2/install/rosidl_core_runtime:/home/rsanz/git/learning/ROS2/RustROS2/install/rosidl_core_generators:/home/rsanz/git/learning/ROS2/RustROS2/install/rosidl_generator_rs:/opt/ros/jazzy/opt/gz_math_vendor:/opt/ros/jazzy/opt/gz_utils_vendor:/opt/ros/jazzy/opt/gz_cmake_vendor:/opt/ros/jazzy DEBUGINFOD_URLS=https://debuginfod.ubuntu.com LD_LIBRARY_PATH=/home/rsanz/git/learning/ROS2/RustROS2/install/service_msgs/lib:/home/rsanz/git/learning/ROS2/RustROS2/install/unique_identifier_msgs/lib:/home/rsanz/git/learning/ROS2/RustROS2/install/builtin_interfaces/lib:${LD_LIBRARY_PATH} PYTHONPATH=/home/rsanz/git/learning/ROS2/RustROS2/install/service_msgs/lib/python3.12/site-packages:/home/rsanz/git/learning/ROS2/RustROS2/install/unique_identifier_msgs/lib/python3.12/site-packages:/home/rsanz/git/learning/ROS2/RustROS2/install/builtin_interfaces/lib/python3.12/site-packages:/home/rsanz/git/learning/ROS2/RustROS2/install/rosidl_generator_rs/lib/python3.12/site-packages:${PYTHONPATH} /usr/bin/cmake --install /home/rsanz/git/learning/ROS2/RustROS2/build/action_msgs
[2.088s] Level 1:colcon.colcon_core.environment:checking '/home/rsanz/git/learning/ROS2/RustROS2/install/action_msgs' for CMake config files
[2.089s] Level 1:colcon.colcon_core.shell:create_environment_hook('action_msgs', 'cmake_prefix_path')
[2.089s] INFO:colcon.colcon_core.shell:Creating environment hook '/home/rsanz/git/learning/ROS2/RustROS2/install/action_msgs/share/action_msgs/hook/cmake_prefix_path.ps1'
[2.089s] INFO:colcon.colcon_core.shell:Creating environment descriptor '/home/rsanz/git/learning/ROS2/RustROS2/install/action_msgs/share/action_msgs/hook/cmake_prefix_path.dsv'
[2.090s] INFO:colcon.colcon_core.shell:Creating environment hook '/home/rsanz/git/learning/ROS2/RustROS2/install/action_msgs/share/action_msgs/hook/cmake_prefix_path.sh'
[2.090s] Level 1:colcon.colcon_core.environment:checking '/home/rsanz/git/learning/ROS2/RustROS2/install/action_msgs/lib'
[2.090s] Level 1:colcon.colcon_core.shell:create_environment_hook('action_msgs', 'ld_library_path_lib')
[2.090s] INFO:colcon.colcon_core.shell:Creating environment hook '/home/rsanz/git/learning/ROS2/RustROS2/install/action_msgs/share/action_msgs/hook/ld_library_path_lib.ps1'
[2.091s] INFO:colcon.colcon_core.shell:Creating environment descriptor '/home/rsanz/git/learning/ROS2/RustROS2/install/action_msgs/share/action_msgs/hook/ld_library_path_lib.dsv'
[2.091s] INFO:colcon.colcon_core.shell:Creating environment hook '/home/rsanz/git/learning/ROS2/RustROS2/install/action_msgs/share/action_msgs/hook/ld_library_path_lib.sh'
[2.091s] Level 1:colcon.colcon_core.environment:checking '/home/rsanz/git/learning/ROS2/RustROS2/install/action_msgs/bin'
[2.091s] Level 1:colcon.colcon_core.environment:checking '/home/rsanz/git/learning/ROS2/RustROS2/install/action_msgs/lib/pkgconfig/action_msgs.pc'
[2.091s] Level 1:colcon.colcon_core.environment:checking '/home/rsanz/git/learning/ROS2/RustROS2/install/action_msgs/lib/python3.12/site-packages'
[2.091s] Level 1:colcon.colcon_core.shell:create_environment_hook('action_msgs', 'pythonpath')
[2.092s] INFO:colcon.colcon_core.shell:Creating environment hook '/home/rsanz/git/learning/ROS2/RustROS2/install/action_msgs/share/action_msgs/hook/pythonpath.ps1'
[2.092s] INFO:colcon.colcon_core.shell:Creating environment descriptor '/home/rsanz/git/learning/ROS2/RustROS2/install/action_msgs/share/action_msgs/hook/pythonpath.dsv'
[2.092s] INFO:colcon.colcon_core.shell:Creating environment hook '/home/rsanz/git/learning/ROS2/RustROS2/install/action_msgs/share/action_msgs/hook/pythonpath.sh'
[2.093s] Level 1:colcon.colcon_core.environment:checking '/home/rsanz/git/learning/ROS2/RustROS2/install/action_msgs/bin'
[2.093s] INFO:colcon.colcon_core.shell:Creating package script '/home/rsanz/git/learning/ROS2/RustROS2/install/action_msgs/share/action_msgs/package.ps1'
[2.093s] INFO:colcon.colcon_core.shell:Creating package descriptor '/home/rsanz/git/learning/ROS2/RustROS2/install/action_msgs/share/action_msgs/package.dsv'
[2.094s] INFO:colcon.colcon_core.shell:Creating package script '/home/rsanz/git/learning/ROS2/RustROS2/install/action_msgs/share/action_msgs/package.sh'
[2.094s] INFO:colcon.colcon_core.shell:Creating package script '/home/rsanz/git/learning/ROS2/RustROS2/install/action_msgs/share/action_msgs/package.bash'
[2.094s] INFO:colcon.colcon_core.shell:Creating package script '/home/rsanz/git/learning/ROS2/RustROS2/install/action_msgs/share/action_msgs/package.zsh'
[2.095s] Level 1:colcon.colcon_core.environment:create_file_with_runtime_dependencies(/home/rsanz/git/learning/ROS2/RustROS2/install/action_msgs/share/colcon-core/packages/action_msgs)
[2.095s] Level 1:colcon.colcon_core.environment:create_environment_scripts_only(action_msgs)
[2.095s] Level 1:colcon.colcon_core.environment:checking '/home/rsanz/git/learning/ROS2/RustROS2/install/action_msgs' for CMake module files
[2.096s] Level 1:colcon.colcon_core.environment:checking '/home/rsanz/git/learning/ROS2/RustROS2/install/action_msgs' for CMake config files
[2.097s] Level 1:colcon.colcon_core.shell:create_environment_hook('action_msgs', 'cmake_prefix_path')
[2.097s] INFO:colcon.colcon_core.shell:Creating environment hook '/home/rsanz/git/learning/ROS2/RustROS2/install/action_msgs/share/action_msgs/hook/cmake_prefix_path.ps1'
[2.097s] INFO:colcon.colcon_core.shell:Creating environment descriptor '/home/rsanz/git/learning/ROS2/RustROS2/install/action_msgs/share/action_msgs/hook/cmake_prefix_path.dsv'
[2.097s] INFO:colcon.colcon_core.shell:Creating environment hook '/home/rsanz/git/learning/ROS2/RustROS2/install/action_msgs/share/action_msgs/hook/cmake_prefix_path.sh'
[2.098s] Level 1:colcon.colcon_core.environment:checking '/home/rsanz/git/learning/ROS2/RustROS2/install/action_msgs/lib'
[2.098s] Level 1:colcon.colcon_core.shell:create_environment_hook('action_msgs', 'ld_library_path_lib')
[2.098s] INFO:colcon.colcon_core.shell:Creating environment hook '/home/rsanz/git/learning/ROS2/RustROS2/install/action_msgs/share/action_msgs/hook/ld_library_path_lib.ps1'
[2.098s] INFO:colcon.colcon_core.shell:Creating environment descriptor '/home/rsanz/git/learning/ROS2/RustROS2/install/action_msgs/share/action_msgs/hook/ld_library_path_lib.dsv'
[2.099s] INFO:colcon.colcon_core.shell:Creating environment hook '/home/rsanz/git/learning/ROS2/RustROS2/install/action_msgs/share/action_msgs/hook/ld_library_path_lib.sh'
[2.099s] Level 1:colcon.colcon_core.environment:checking '/home/rsanz/git/learning/ROS2/RustROS2/install/action_msgs/bin'
[2.099s] Level 1:colcon.colcon_core.environment:checking '/home/rsanz/git/learning/ROS2/RustROS2/install/action_msgs/lib/pkgconfig/action_msgs.pc'
[2.099s] Level 1:colcon.colcon_core.environment:checking '/home/rsanz/git/learning/ROS2/RustROS2/install/action_msgs/lib/python3.12/site-packages'
[2.099s] Level 1:colcon.colcon_core.shell:create_environment_hook('action_msgs', 'pythonpath')
[2.099s] INFO:colcon.colcon_core.shell:Creating environment hook '/home/rsanz/git/learning/ROS2/RustROS2/install/action_msgs/share/action_msgs/hook/pythonpath.ps1'
[2.099s] INFO:colcon.colcon_core.shell:Creating environment descriptor '/home/rsanz/git/learning/ROS2/RustROS2/install/action_msgs/share/action_msgs/hook/pythonpath.dsv'
[2.100s] INFO:colcon.colcon_core.shell:Creating environment hook '/home/rsanz/git/learning/ROS2/RustROS2/install/action_msgs/share/action_msgs/hook/pythonpath.sh'
[2.100s] Level 1:colcon.colcon_core.environment:checking '/home/rsanz/git/learning/ROS2/RustROS2/install/action_msgs/bin'
[2.100s] INFO:colcon.colcon_core.shell:Creating package script '/home/rsanz/git/learning/ROS2/RustROS2/install/action_msgs/share/action_msgs/package.ps1'
[2.101s] INFO:colcon.colcon_core.shell:Creating package descriptor '/home/rsanz/git/learning/ROS2/RustROS2/install/action_msgs/share/action_msgs/package.dsv'
[2.101s] INFO:colcon.colcon_core.shell:Creating package script '/home/rsanz/git/learning/ROS2/RustROS2/install/action_msgs/share/action_msgs/package.sh'
[2.102s] INFO:colcon.colcon_core.shell:Creating package script '/home/rsanz/git/learning/ROS2/RustROS2/install/action_msgs/share/action_msgs/package.bash'
[2.102s] INFO:colcon.colcon_core.shell:Creating package script '/home/rsanz/git/learning/ROS2/RustROS2/install/action_msgs/share/action_msgs/package.zsh'
[2.102s] Level 1:colcon.colcon_core.environment:create_file_with_runtime_dependencies(/home/rsanz/git/learning/ROS2/RustROS2/install/action_msgs/share/colcon-core/packages/action_msgs)
[2.102s] INFO:colcon.colcon_ros.task.ament_cmake.build:Building ROS package in '/home/rsanz/git/learning/ROS2/RustROS2/src/rosidl_defaults/rosidl_default_generators' with build type 'ament_cmake'
[2.103s] INFO:colcon.colcon_cmake.task.cmake.build:Building CMake package in '/home/rsanz/git/learning/ROS2/RustROS2/src/rosidl_defaults/rosidl_default_generators'
[2.103s] INFO:colcon.colcon_core.shell:Skip shell extension 'powershell' for command environment: Not usable outside of PowerShell
[2.103s] DEBUG:colcon.colcon_core.shell:Skip shell extension 'dsv' for command environment
[2.105s] INFO:colcon.colcon_ros.task.ament_cmake.build:Building ROS package in '/home/rsanz/git/learning/ROS2/RustROS2/src/rosidl_defaults/rosidl_default_runtime' with build type 'ament_cmake'
[2.105s] INFO:colcon.colcon_cmake.task.cmake.build:Building CMake package in '/home/rsanz/git/learning/ROS2/RustROS2/src/rosidl_defaults/rosidl_default_runtime'
[2.105s] INFO:colcon.colcon_core.shell:Skip shell extension 'powershell' for command environment: Not usable outside of PowerShell
[2.105s] DEBUG:colcon.colcon_core.shell:Skip shell extension 'dsv' for command environment
[2.120s] DEBUG:colcon.colcon_core.event_handler.log_command:Invoking command in '/home/rsanz/git/learning/ROS2/RustROS2/build/rosidl_default_generators': AMENT_PREFIX_PATH=/home/rsanz/git/learning/ROS2/RustROS2/install/action_msgs:/home/rsanz/git/learning/ROS2/RustROS2/install/service_msgs:/home/rsanz/git/learning/ROS2/RustROS2/install/unique_identifier_msgs:/home/rsanz/git/learning/ROS2/RustROS2/install/builtin_interfaces:/home/rsanz/git/learning/ROS2/RustROS2/install/rosidl_core_runtime:/home/rsanz/git/learning/ROS2/RustROS2/install/rosidl_core_generators:/home/rsanz/git/learning/ROS2/RustROS2/install/rosidl_generator_rs:${AMENT_PREFIX_PATH} CMAKE_PREFIX_PATH=/home/rsanz/git/learning/ROS2/RustROS2/install/action_msgs:/home/rsanz/git/learning/ROS2/RustROS2/install/service_msgs:/home/rsanz/git/learning/ROS2/RustROS2/install/unique_identifier_msgs:/home/rsanz/git/learning/ROS2/RustROS2/install/builtin_interfaces:/home/rsanz/git/learning/ROS2/RustROS2/install/rosidl_core_runtime:/home/rsanz/git/learning/ROS2/RustROS2/install/rosidl_core_generators:/home/rsanz/git/learning/ROS2/RustROS2/install/rosidl_generator_rs:/opt/ros/jazzy/opt/gz_math_vendor:/opt/ros/jazzy/opt/gz_utils_vendor:/opt/ros/jazzy/opt/gz_cmake_vendor:/opt/ros/jazzy DEBUGINFOD_URLS=https://debuginfod.ubuntu.com LD_LIBRARY_PATH=/home/rsanz/git/learning/ROS2/RustROS2/install/action_msgs/lib:/home/rsanz/git/learning/ROS2/RustROS2/install/service_msgs/lib:/home/rsanz/git/learning/ROS2/RustROS2/install/unique_identifier_msgs/lib:/home/rsanz/git/learning/ROS2/RustROS2/install/builtin_interfaces/lib:${LD_LIBRARY_PATH} PYTHONPATH=/home/rsanz/git/learning/ROS2/RustROS2/install/action_msgs/lib/python3.12/site-packages:/home/rsanz/git/learning/ROS2/RustROS2/install/service_msgs/lib/python3.12/site-packages:/home/rsanz/git/learning/ROS2/RustROS2/install/unique_identifier_msgs/lib/python3.12/site-packages:/home/rsanz/git/learning/ROS2/RustROS2/install/builtin_interfaces/lib/python3.12/site-packages:/home/rsanz/git/learning/ROS2/RustROS2/install/rosidl_generator_rs/lib/python3.12/site-packages:${PYTHONPATH} /usr/bin/cmake --build /home/rsanz/git/learning/ROS2/RustROS2/build/rosidl_default_generators -- -j24 -l24
[2.122s] DEBUG:colcon.colcon_core.event_handler.log_command:Invoking command in '/home/rsanz/git/learning/ROS2/RustROS2/build/rosidl_default_runtime': AMENT_PREFIX_PATH=/home/rsanz/git/learning/ROS2/RustROS2/install/action_msgs:/home/rsanz/git/learning/ROS2/RustROS2/install/service_msgs:/home/rsanz/git/learning/ROS2/RustROS2/install/unique_identifier_msgs:/home/rsanz/git/learning/ROS2/RustROS2/install/builtin_interfaces:/home/rsanz/git/learning/ROS2/RustROS2/install/rosidl_core_runtime:/home/rsanz/git/learning/ROS2/RustROS2/install/rosidl_core_generators:/home/rsanz/git/learning/ROS2/RustROS2/install/rosidl_generator_rs:${AMENT_PREFIX_PATH} CMAKE_PREFIX_PATH=/home/rsanz/git/learning/ROS2/RustROS2/install/action_msgs:/home/rsanz/git/learning/ROS2/RustROS2/install/service_msgs:/home/rsanz/git/learning/ROS2/RustROS2/install/unique_identifier_msgs:/home/rsanz/git/learning/ROS2/RustROS2/install/builtin_interfaces:/home/rsanz/git/learning/ROS2/RustROS2/install/rosidl_core_runtime:/home/rsanz/git/learning/ROS2/RustROS2/install/rosidl_core_generators:/home/rsanz/git/learning/ROS2/RustROS2/install/rosidl_generator_rs:/opt/ros/jazzy/opt/gz_math_vendor:/opt/ros/jazzy/opt/gz_utils_vendor:/opt/ros/jazzy/opt/gz_cmake_vendor:/opt/ros/jazzy DEBUGINFOD_URLS=https://debuginfod.ubuntu.com LD_LIBRARY_PATH=/home/rsanz/git/learning/ROS2/RustROS2/install/action_msgs/lib:/home/rsanz/git/learning/ROS2/RustROS2/install/service_msgs/lib:/home/rsanz/git/learning/ROS2/RustROS2/install/unique_identifier_msgs/lib:/home/rsanz/git/learning/ROS2/RustROS2/install/builtin_interfaces/lib:${LD_LIBRARY_PATH} PYTHONPATH=/home/rsanz/git/learning/ROS2/RustROS2/install/action_msgs/lib/python3.12/site-packages:/home/rsanz/git/learning/ROS2/RustROS2/install/service_msgs/lib/python3.12/site-packages:/home/rsanz/git/learning/ROS2/RustROS2/install/unique_identifier_msgs/lib/python3.12/site-packages:/home/rsanz/git/learning/ROS2/RustROS2/install/builtin_interfaces/lib/python3.12/site-packages:/home/rsanz/git/learning/ROS2/RustROS2/install/rosidl_generator_rs/lib/python3.12/site-packages:${PYTHONPATH} /usr/bin/cmake --build /home/rsanz/git/learning/ROS2/RustROS2/build/rosidl_default_runtime -- -j24 -l24
[2.157s] DEBUG:colcon.colcon_core.event_handler.log_command:Invoked command in '/home/rsanz/git/learning/ROS2/RustROS2/build/rosidl_default_runtime' returned '0': AMENT_PREFIX_PATH=/home/rsanz/git/learning/ROS2/RustROS2/install/action_msgs:/home/rsanz/git/learning/ROS2/RustROS2/install/service_msgs:/home/rsanz/git/learning/ROS2/RustROS2/install/unique_identifier_msgs:/home/rsanz/git/learning/ROS2/RustROS2/install/builtin_interfaces:/home/rsanz/git/learning/ROS2/RustROS2/install/rosidl_core_runtime:/home/rsanz/git/learning/ROS2/RustROS2/install/rosidl_core_generators:/home/rsanz/git/learning/ROS2/RustROS2/install/rosidl_generator_rs:${AMENT_PREFIX_PATH} CMAKE_PREFIX_PATH=/home/rsanz/git/learning/ROS2/RustROS2/install/action_msgs:/home/rsanz/git/learning/ROS2/RustROS2/install/service_msgs:/home/rsanz/git/learning/ROS2/RustROS2/install/unique_identifier_msgs:/home/rsanz/git/learning/ROS2/RustROS2/install/builtin_interfaces:/home/rsanz/git/learning/ROS2/RustROS2/install/rosidl_core_runtime:/home/rsanz/git/learning/ROS2/RustROS2/install/rosidl_core_generators:/home/rsanz/git/learning/ROS2/RustROS2/install/rosidl_generator_rs:/opt/ros/jazzy/opt/gz_math_vendor:/opt/ros/jazzy/opt/gz_utils_vendor:/opt/ros/jazzy/opt/gz_cmake_vendor:/opt/ros/jazzy DEBUGINFOD_URLS=https://debuginfod.ubuntu.com LD_LIBRARY_PATH=/home/rsanz/git/learning/ROS2/RustROS2/install/action_msgs/lib:/home/rsanz/git/learning/ROS2/RustROS2/install/service_msgs/lib:/home/rsanz/git/learning/ROS2/RustROS2/install/unique_identifier_msgs/lib:/home/rsanz/git/learning/ROS2/RustROS2/install/builtin_interfaces/lib:${LD_LIBRARY_PATH} PYTHONPATH=/home/rsanz/git/learning/ROS2/RustROS2/install/action_msgs/lib/python3.12/site-packages:/home/rsanz/git/learning/ROS2/RustROS2/install/service_msgs/lib/python3.12/site-packages:/home/rsanz/git/learning/ROS2/RustROS2/install/unique_identifier_msgs/lib/python3.12/site-packages:/home/rsanz/git/learning/ROS2/RustROS2/install/builtin_interfaces/lib/python3.12/site-packages:/home/rsanz/git/learning/ROS2/RustROS2/install/rosidl_generator_rs/lib/python3.12/site-packages:${PYTHONPATH} /usr/bin/cmake --build /home/rsanz/git/learning/ROS2/RustROS2/build/rosidl_default_runtime -- -j24 -l24
[2.158s] DEBUG:colcon.colcon_core.event_handler.log_command:Invoking command in '/home/rsanz/git/learning/ROS2/RustROS2/build/rosidl_default_runtime': AMENT_PREFIX_PATH=/home/rsanz/git/learning/ROS2/RustROS2/install/action_msgs:/home/rsanz/git/learning/ROS2/RustROS2/install/service_msgs:/home/rsanz/git/learning/ROS2/RustROS2/install/unique_identifier_msgs:/home/rsanz/git/learning/ROS2/RustROS2/install/builtin_interfaces:/home/rsanz/git/learning/ROS2/RustROS2/install/rosidl_core_runtime:/home/rsanz/git/learning/ROS2/RustROS2/install/rosidl_core_generators:/home/rsanz/git/learning/ROS2/RustROS2/install/rosidl_generator_rs:${AMENT_PREFIX_PATH} CMAKE_PREFIX_PATH=/home/rsanz/git/learning/ROS2/RustROS2/install/action_msgs:/home/rsanz/git/learning/ROS2/RustROS2/install/service_msgs:/home/rsanz/git/learning/ROS2/RustROS2/install/unique_identifier_msgs:/home/rsanz/git/learning/ROS2/RustROS2/install/builtin_interfaces:/home/rsanz/git/learning/ROS2/RustROS2/install/rosidl_core_runtime:/home/rsanz/git/learning/ROS2/RustROS2/install/rosidl_core_generators:/home/rsanz/git/learning/ROS2/RustROS2/install/rosidl_generator_rs:/opt/ros/jazzy/opt/gz_math_vendor:/opt/ros/jazzy/opt/gz_utils_vendor:/opt/ros/jazzy/opt/gz_cmake_vendor:/opt/ros/jazzy DEBUGINFOD_URLS=https://debuginfod.ubuntu.com LD_LIBRARY_PATH=/home/rsanz/git/learning/ROS2/RustROS2/install/action_msgs/lib:/home/rsanz/git/learning/ROS2/RustROS2/install/service_msgs/lib:/home/rsanz/git/learning/ROS2/RustROS2/install/unique_identifier_msgs/lib:/home/rsanz/git/learning/ROS2/RustROS2/install/builtin_interfaces/lib:${LD_LIBRARY_PATH} PYTHONPATH=/home/rsanz/git/learning/ROS2/RustROS2/install/action_msgs/lib/python3.12/site-packages:/home/rsanz/git/learning/ROS2/RustROS2/install/service_msgs/lib/python3.12/site-packages:/home/rsanz/git/learning/ROS2/RustROS2/install/unique_identifier_msgs/lib/python3.12/site-packages:/home/rsanz/git/learning/ROS2/RustROS2/install/builtin_interfaces/lib/python3.12/site-packages:/home/rsanz/git/learning/ROS2/RustROS2/install/rosidl_generator_rs/lib/python3.12/site-packages:${PYTHONPATH} /usr/bin/cmake --install /home/rsanz/git/learning/ROS2/RustROS2/build/rosidl_default_runtime
[2.158s] DEBUG:colcon.colcon_core.event_handler.log_command:Invoked command in '/home/rsanz/git/learning/ROS2/RustROS2/build/rosidl_default_generators' returned '0': AMENT_PREFIX_PATH=/home/rsanz/git/learning/ROS2/RustROS2/install/action_msgs:/home/rsanz/git/learning/ROS2/RustROS2/install/service_msgs:/home/rsanz/git/learning/ROS2/RustROS2/install/unique_identifier_msgs:/home/rsanz/git/learning/ROS2/RustROS2/install/builtin_interfaces:/home/rsanz/git/learning/ROS2/RustROS2/install/rosidl_core_runtime:/home/rsanz/git/learning/ROS2/RustROS2/install/rosidl_core_generators:/home/rsanz/git/learning/ROS2/RustROS2/install/rosidl_generator_rs:${AMENT_PREFIX_PATH} CMAKE_PREFIX_PATH=/home/rsanz/git/learning/ROS2/RustROS2/install/action_msgs:/home/rsanz/git/learning/ROS2/RustROS2/install/service_msgs:/home/rsanz/git/learning/ROS2/RustROS2/install/unique_identifier_msgs:/home/rsanz/git/learning/ROS2/RustROS2/install/builtin_interfaces:/home/rsanz/git/learning/ROS2/RustROS2/install/rosidl_core_runtime:/home/rsanz/git/learning/ROS2/RustROS2/install/rosidl_core_generators:/home/rsanz/git/learning/ROS2/RustROS2/install/rosidl_generator_rs:/opt/ros/jazzy/opt/gz_math_vendor:/opt/ros/jazzy/opt/gz_utils_vendor:/opt/ros/jazzy/opt/gz_cmake_vendor:/opt/ros/jazzy DEBUGINFOD_URLS=https://debuginfod.ubuntu.com LD_LIBRARY_PATH=/home/rsanz/git/learning/ROS2/RustROS2/install/action_msgs/lib:/home/rsanz/git/learning/ROS2/RustROS2/install/service_msgs/lib:/home/rsanz/git/learning/ROS2/RustROS2/install/unique_identifier_msgs/lib:/home/rsanz/git/learning/ROS2/RustROS2/install/builtin_interfaces/lib:${LD_LIBRARY_PATH} PYTHONPATH=/home/rsanz/git/learning/ROS2/RustROS2/install/action_msgs/lib/python3.12/site-packages:/home/rsanz/git/learning/ROS2/RustROS2/install/service_msgs/lib/python3.12/site-packages:/home/rsanz/git/learning/ROS2/RustROS2/install/unique_identifier_msgs/lib/python3.12/site-packages:/home/rsanz/git/learning/ROS2/RustROS2/install/builtin_interfaces/lib/python3.12/site-packages:/home/rsanz/git/learning/ROS2/RustROS2/install/rosidl_generator_rs/lib/python3.12/site-packages:${PYTHONPATH} /usr/bin/cmake --build /home/rsanz/git/learning/ROS2/RustROS2/build/rosidl_default_generators -- -j24 -l24
[2.159s] DEBUG:colcon.colcon_core.event_handler.log_command:Invoking command in '/home/rsanz/git/learning/ROS2/RustROS2/build/rosidl_default_generators': AMENT_PREFIX_PATH=/home/rsanz/git/learning/ROS2/RustROS2/install/action_msgs:/home/rsanz/git/learning/ROS2/RustROS2/install/service_msgs:/home/rsanz/git/learning/ROS2/RustROS2/install/unique_identifier_msgs:/home/rsanz/git/learning/ROS2/RustROS2/install/builtin_interfaces:/home/rsanz/git/learning/ROS2/RustROS2/install/rosidl_core_runtime:/home/rsanz/git/learning/ROS2/RustROS2/install/rosidl_core_generators:/home/rsanz/git/learning/ROS2/RustROS2/install/rosidl_generator_rs:${AMENT_PREFIX_PATH} CMAKE_PREFIX_PATH=/home/rsanz/git/learning/ROS2/RustROS2/install/action_msgs:/home/rsanz/git/learning/ROS2/RustROS2/install/service_msgs:/home/rsanz/git/learning/ROS2/RustROS2/install/unique_identifier_msgs:/home/rsanz/git/learning/ROS2/RustROS2/install/builtin_interfaces:/home/rsanz/git/learning/ROS2/RustROS2/install/rosidl_core_runtime:/home/rsanz/git/learning/ROS2/RustROS2/install/rosidl_core_generators:/home/rsanz/git/learning/ROS2/RustROS2/install/rosidl_generator_rs:/opt/ros/jazzy/opt/gz_math_vendor:/opt/ros/jazzy/opt/gz_utils_vendor:/opt/ros/jazzy/opt/gz_cmake_vendor:/opt/ros/jazzy DEBUGINFOD_URLS=https://debuginfod.ubuntu.com LD_LIBRARY_PATH=/home/rsanz/git/learning/ROS2/RustROS2/install/action_msgs/lib:/home/rsanz/git/learning/ROS2/RustROS2/install/service_msgs/lib:/home/rsanz/git/learning/ROS2/RustROS2/install/unique_identifier_msgs/lib:/home/rsanz/git/learning/ROS2/RustROS2/install/builtin_interfaces/lib:${LD_LIBRARY_PATH} PYTHONPATH=/home/rsanz/git/learning/ROS2/RustROS2/install/action_msgs/lib/python3.12/site-packages:/home/rsanz/git/learning/ROS2/RustROS2/install/service_msgs/lib/python3.12/site-packages:/home/rsanz/git/learning/ROS2/RustROS2/install/unique_identifier_msgs/lib/python3.12/site-packages:/home/rsanz/git/learning/ROS2/RustROS2/install/builtin_interfaces/lib/python3.12/site-packages:/home/rsanz/git/learning/ROS2/RustROS2/install/rosidl_generator_rs/lib/python3.12/site-packages:${PYTHONPATH} /usr/bin/cmake --install /home/rsanz/git/learning/ROS2/RustROS2/build/rosidl_default_generators
[2.168s] Level 1:colcon.colcon_core.environment:create_environment_scripts_only(rosidl_default_runtime)
[2.168s] Level 1:colcon.colcon_core.environment:checking '/home/rsanz/git/learning/ROS2/RustROS2/install/rosidl_default_runtime' for CMake module files
[2.169s] DEBUG:colcon.colcon_core.event_handler.log_command:Invoked command in '/home/rsanz/git/learning/ROS2/RustROS2/build/rosidl_default_runtime' returned '0': AMENT_PREFIX_PATH=/home/rsanz/git/learning/ROS2/RustROS2/install/action_msgs:/home/rsanz/git/learning/ROS2/RustROS2/install/service_msgs:/home/rsanz/git/learning/ROS2/RustROS2/install/unique_identifier_msgs:/home/rsanz/git/learning/ROS2/RustROS2/install/builtin_interfaces:/home/rsanz/git/learning/ROS2/RustROS2/install/rosidl_core_runtime:/home/rsanz/git/learning/ROS2/RustROS2/install/rosidl_core_generators:/home/rsanz/git/learning/ROS2/RustROS2/install/rosidl_generator_rs:${AMENT_PREFIX_PATH} CMAKE_PREFIX_PATH=/home/rsanz/git/learning/ROS2/RustROS2/install/action_msgs:/home/rsanz/git/learning/ROS2/RustROS2/install/service_msgs:/home/rsanz/git/learning/ROS2/RustROS2/install/unique_identifier_msgs:/home/rsanz/git/learning/ROS2/RustROS2/install/builtin_interfaces:/home/rsanz/git/learning/ROS2/RustROS2/install/rosidl_core_runtime:/home/rsanz/git/learning/ROS2/RustROS2/install/rosidl_core_generators:/home/rsanz/git/learning/ROS2/RustROS2/install/rosidl_generator_rs:/opt/ros/jazzy/opt/gz_math_vendor:/opt/ros/jazzy/opt/gz_utils_vendor:/opt/ros/jazzy/opt/gz_cmake_vendor:/opt/ros/jazzy DEBUGINFOD_URLS=https://debuginfod.ubuntu.com LD_LIBRARY_PATH=/home/rsanz/git/learning/ROS2/RustROS2/install/action_msgs/lib:/home/rsanz/git/learning/ROS2/RustROS2/install/service_msgs/lib:/home/rsanz/git/learning/ROS2/RustROS2/install/unique_identifier_msgs/lib:/home/rsanz/git/learning/ROS2/RustROS2/install/builtin_interfaces/lib:${LD_LIBRARY_PATH} PYTHONPATH=/home/rsanz/git/learning/ROS2/RustROS2/install/action_msgs/lib/python3.12/site-packages:/home/rsanz/git/learning/ROS2/RustROS2/install/service_msgs/lib/python3.12/site-packages:/home/rsanz/git/learning/ROS2/RustROS2/install/unique_identifier_msgs/lib/python3.12/site-packages:/home/rsanz/git/learning/ROS2/RustROS2/install/builtin_interfaces/lib/python3.12/site-packages:/home/rsanz/git/learning/ROS2/RustROS2/install/rosidl_generator_rs/lib/python3.12/site-packages:${PYTHONPATH} /usr/bin/cmake --install /home/rsanz/git/learning/ROS2/RustROS2/build/rosidl_default_runtime
[2.169s] Level 1:colcon.colcon_core.environment:checking '/home/rsanz/git/learning/ROS2/RustROS2/install/rosidl_default_runtime' for CMake config files
[2.170s] Level 1:colcon.colcon_core.shell:create_environment_hook('rosidl_default_runtime', 'cmake_prefix_path')
[2.170s] INFO:colcon.colcon_core.shell:Creating environment hook '/home/rsanz/git/learning/ROS2/RustROS2/install/rosidl_default_runtime/share/rosidl_default_runtime/hook/cmake_prefix_path.ps1'
[2.170s] INFO:colcon.colcon_core.shell:Creating environment descriptor '/home/rsanz/git/learning/ROS2/RustROS2/install/rosidl_default_runtime/share/rosidl_default_runtime/hook/cmake_prefix_path.dsv'
[2.170s] INFO:colcon.colcon_core.shell:Creating environment hook '/home/rsanz/git/learning/ROS2/RustROS2/install/rosidl_default_runtime/share/rosidl_default_runtime/hook/cmake_prefix_path.sh'
[2.171s] Level 1:colcon.colcon_core.environment:checking '/home/rsanz/git/learning/ROS2/RustROS2/install/rosidl_default_runtime/bin'
[2.171s] Level 1:colcon.colcon_core.environment:checking '/home/rsanz/git/learning/ROS2/RustROS2/install/rosidl_default_runtime/lib/pkgconfig/rosidl_default_runtime.pc'
[2.171s] Level 1:colcon.colcon_core.environment:checking '/home/rsanz/git/learning/ROS2/RustROS2/install/rosidl_default_runtime/lib/python3.12/site-packages'
[2.171s] Level 1:colcon.colcon_core.environment:checking '/home/rsanz/git/learning/ROS2/RustROS2/install/rosidl_default_runtime/bin'
[2.171s] INFO:colcon.colcon_core.shell:Creating package script '/home/rsanz/git/learning/ROS2/RustROS2/install/rosidl_default_runtime/share/rosidl_default_runtime/package.ps1'
[2.172s] INFO:colcon.colcon_core.shell:Creating package descriptor '/home/rsanz/git/learning/ROS2/RustROS2/install/rosidl_default_runtime/share/rosidl_default_runtime/package.dsv'
[2.172s] INFO:colcon.colcon_core.shell:Creating package script '/home/rsanz/git/learning/ROS2/RustROS2/install/rosidl_default_runtime/share/rosidl_default_runtime/package.sh'
[2.172s] INFO:colcon.colcon_core.shell:Creating package script '/home/rsanz/git/learning/ROS2/RustROS2/install/rosidl_default_runtime/share/rosidl_default_runtime/package.bash'
[2.173s] INFO:colcon.colcon_core.shell:Creating package script '/home/rsanz/git/learning/ROS2/RustROS2/install/rosidl_default_runtime/share/rosidl_default_runtime/package.zsh'
[2.173s] Level 1:colcon.colcon_core.environment:create_file_with_runtime_dependencies(/home/rsanz/git/learning/ROS2/RustROS2/install/rosidl_default_runtime/share/colcon-core/packages/rosidl_default_runtime)
[2.173s] Level 1:colcon.colcon_core.environment:create_environment_scripts_only(rosidl_default_runtime)
[2.173s] Level 1:colcon.colcon_core.environment:checking '/home/rsanz/git/learning/ROS2/RustROS2/install/rosidl_default_runtime' for CMake module files
[2.174s] Level 1:colcon.colcon_core.environment:checking '/home/rsanz/git/learning/ROS2/RustROS2/install/rosidl_default_runtime' for CMake config files
[2.174s] Level 1:colcon.colcon_core.shell:create_environment_hook('rosidl_default_runtime', 'cmake_prefix_path')
[2.174s] INFO:colcon.colcon_core.shell:Creating environment hook '/home/rsanz/git/learning/ROS2/RustROS2/install/rosidl_default_runtime/share/rosidl_default_runtime/hook/cmake_prefix_path.ps1'
[2.174s] INFO:colcon.colcon_core.shell:Creating environment descriptor '/home/rsanz/git/learning/ROS2/RustROS2/install/rosidl_default_runtime/share/rosidl_default_runtime/hook/cmake_prefix_path.dsv'
[2.174s] INFO:colcon.colcon_core.shell:Creating environment hook '/home/rsanz/git/learning/ROS2/RustROS2/install/rosidl_default_runtime/share/rosidl_default_runtime/hook/cmake_prefix_path.sh'
[2.175s] Level 1:colcon.colcon_core.environment:checking '/home/rsanz/git/learning/ROS2/RustROS2/install/rosidl_default_runtime/bin'
[2.175s] Level 1:colcon.colcon_core.environment:checking '/home/rsanz/git/learning/ROS2/RustROS2/install/rosidl_default_runtime/lib/pkgconfig/rosidl_default_runtime.pc'
[2.175s] Level 1:colcon.colcon_core.environment:checking '/home/rsanz/git/learning/ROS2/RustROS2/install/rosidl_default_runtime/lib/python3.12/site-packages'
[2.175s] Level 1:colcon.colcon_core.environment:checking '/home/rsanz/git/learning/ROS2/RustROS2/install/rosidl_default_runtime/bin'
[2.175s] INFO:colcon.colcon_core.shell:Creating package script '/home/rsanz/git/learning/ROS2/RustROS2/install/rosidl_default_runtime/share/rosidl_default_runtime/package.ps1'
[2.176s] INFO:colcon.colcon_core.shell:Creating package descriptor '/home/rsanz/git/learning/ROS2/RustROS2/install/rosidl_default_runtime/share/rosidl_default_runtime/package.dsv'
[2.176s] INFO:colcon.colcon_core.shell:Creating package script '/home/rsanz/git/learning/ROS2/RustROS2/install/rosidl_default_runtime/share/rosidl_default_runtime/package.sh'
[2.176s] INFO:colcon.colcon_core.shell:Creating package script '/home/rsanz/git/learning/ROS2/RustROS2/install/rosidl_default_runtime/share/rosidl_default_runtime/package.bash'
[2.176s] INFO:colcon.colcon_core.shell:Creating package script '/home/rsanz/git/learning/ROS2/RustROS2/install/rosidl_default_runtime/share/rosidl_default_runtime/package.zsh'
[2.177s] Level 1:colcon.colcon_core.environment:create_file_with_runtime_dependencies(/home/rsanz/git/learning/ROS2/RustROS2/install/rosidl_default_runtime/share/colcon-core/packages/rosidl_default_runtime)
[2.177s] Level 1:colcon.colcon_core.environment:create_environment_scripts_only(rosidl_default_generators)
[2.178s] Level 1:colcon.colcon_core.environment:checking '/home/rsanz/git/learning/ROS2/RustROS2/install/rosidl_default_generators' for CMake module files
[2.178s] DEBUG:colcon.colcon_core.event_handler.log_command:Invoked command in '/home/rsanz/git/learning/ROS2/RustROS2/build/rosidl_default_generators' returned '0': AMENT_PREFIX_PATH=/home/rsanz/git/learning/ROS2/RustROS2/install/action_msgs:/home/rsanz/git/learning/ROS2/RustROS2/install/service_msgs:/home/rsanz/git/learning/ROS2/RustROS2/install/unique_identifier_msgs:/home/rsanz/git/learning/ROS2/RustROS2/install/builtin_interfaces:/home/rsanz/git/learning/ROS2/RustROS2/install/rosidl_core_runtime:/home/rsanz/git/learning/ROS2/RustROS2/install/rosidl_core_generators:/home/rsanz/git/learning/ROS2/RustROS2/install/rosidl_generator_rs:${AMENT_PREFIX_PATH} CMAKE_PREFIX_PATH=/home/rsanz/git/learning/ROS2/RustROS2/install/action_msgs:/home/rsanz/git/learning/ROS2/RustROS2/install/service_msgs:/home/rsanz/git/learning/ROS2/RustROS2/install/unique_identifier_msgs:/home/rsanz/git/learning/ROS2/RustROS2/install/builtin_interfaces:/home/rsanz/git/learning/ROS2/RustROS2/install/rosidl_core_runtime:/home/rsanz/git/learning/ROS2/RustROS2/install/rosidl_core_generators:/home/rsanz/git/learning/ROS2/RustROS2/install/rosidl_generator_rs:/opt/ros/jazzy/opt/gz_math_vendor:/opt/ros/jazzy/opt/gz_utils_vendor:/opt/ros/jazzy/opt/gz_cmake_vendor:/opt/ros/jazzy DEBUGINFOD_URLS=https://debuginfod.ubuntu.com LD_LIBRARY_PATH=/home/rsanz/git/learning/ROS2/RustROS2/install/action_msgs/lib:/home/rsanz/git/learning/ROS2/RustROS2/install/service_msgs/lib:/home/rsanz/git/learning/ROS2/RustROS2/install/unique_identifier_msgs/lib:/home/rsanz/git/learning/ROS2/RustROS2/install/builtin_interfaces/lib:${LD_LIBRARY_PATH} PYTHONPATH=/home/rsanz/git/learning/ROS2/RustROS2/install/action_msgs/lib/python3.12/site-packages:/home/rsanz/git/learning/ROS2/RustROS2/install/service_msgs/lib/python3.12/site-packages:/home/rsanz/git/learning/ROS2/RustROS2/install/unique_identifier_msgs/lib/python3.12/site-packages:/home/rsanz/git/learning/ROS2/RustROS2/install/builtin_interfaces/lib/python3.12/site-packages:/home/rsanz/git/learning/ROS2/RustROS2/install/rosidl_generator_rs/lib/python3.12/site-packages:${PYTHONPATH} /usr/bin/cmake --install /home/rsanz/git/learning/ROS2/RustROS2/build/rosidl_default_generators
[2.178s] Level 1:colcon.colcon_core.environment:checking '/home/rsanz/git/learning/ROS2/RustROS2/install/rosidl_default_generators' for CMake config files
[2.179s] Level 1:colcon.colcon_core.shell:create_environment_hook('rosidl_default_generators', 'cmake_prefix_path')
[2.179s] INFO:colcon.colcon_core.shell:Creating environment hook '/home/rsanz/git/learning/ROS2/RustROS2/install/rosidl_default_generators/share/rosidl_default_generators/hook/cmake_prefix_path.ps1'
[2.179s] INFO:colcon.colcon_core.shell:Creating environment descriptor '/home/rsanz/git/learning/ROS2/RustROS2/install/rosidl_default_generators/share/rosidl_default_generators/hook/cmake_prefix_path.dsv'
[2.179s] INFO:colcon.colcon_core.shell:Creating environment hook '/home/rsanz/git/learning/ROS2/RustROS2/install/rosidl_default_generators/share/rosidl_default_generators/hook/cmake_prefix_path.sh'
[2.180s] Level 1:colcon.colcon_core.environment:checking '/home/rsanz/git/learning/ROS2/RustROS2/install/rosidl_default_generators/bin'
[2.180s] Level 1:colcon.colcon_core.environment:checking '/home/rsanz/git/learning/ROS2/RustROS2/install/rosidl_default_generators/lib/pkgconfig/rosidl_default_generators.pc'
[2.180s] Level 1:colcon.colcon_core.environment:checking '/home/rsanz/git/learning/ROS2/RustROS2/install/rosidl_default_generators/lib/python3.12/site-packages'
[2.180s] Level 1:colcon.colcon_core.environment:checking '/home/rsanz/git/learning/ROS2/RustROS2/install/rosidl_default_generators/bin'
[2.180s] INFO:colcon.colcon_core.shell:Creating package script '/home/rsanz/git/learning/ROS2/RustROS2/install/rosidl_default_generators/share/rosidl_default_generators/package.ps1'
[2.181s] INFO:colcon.colcon_core.shell:Creating package descriptor '/home/rsanz/git/learning/ROS2/RustROS2/install/rosidl_default_generators/share/rosidl_default_generators/package.dsv'
[2.181s] INFO:colcon.colcon_core.shell:Creating package script '/home/rsanz/git/learning/ROS2/RustROS2/install/rosidl_default_generators/share/rosidl_default_generators/package.sh'
[2.182s] INFO:colcon.colcon_core.shell:Creating package script '/home/rsanz/git/learning/ROS2/RustROS2/install/rosidl_default_generators/share/rosidl_default_generators/package.bash'
[2.182s] INFO:colcon.colcon_core.shell:Creating package script '/home/rsanz/git/learning/ROS2/RustROS2/install/rosidl_default_generators/share/rosidl_default_generators/package.zsh'
[2.182s] Level 1:colcon.colcon_core.environment:create_file_with_runtime_dependencies(/home/rsanz/git/learning/ROS2/RustROS2/install/rosidl_default_generators/share/colcon-core/packages/rosidl_default_generators)
[2.183s] Level 1:colcon.colcon_core.environment:create_environment_scripts_only(rosidl_default_generators)
[2.183s] Level 1:colcon.colcon_core.environment:checking '/home/rsanz/git/learning/ROS2/RustROS2/install/rosidl_default_generators' for CMake module files
[2.183s] Level 1:colcon.colcon_core.environment:checking '/home/rsanz/git/learning/ROS2/RustROS2/install/rosidl_default_generators' for CMake config files
[2.183s] Level 1:colcon.colcon_core.shell:create_environment_hook('rosidl_default_generators', 'cmake_prefix_path')
[2.183s] INFO:colcon.colcon_core.shell:Creating environment hook '/home/rsanz/git/learning/ROS2/RustROS2/install/rosidl_default_generators/share/rosidl_default_generators/hook/cmake_prefix_path.ps1'
[2.184s] INFO:colcon.colcon_core.shell:Creating environment descriptor '/home/rsanz/git/learning/ROS2/RustROS2/install/rosidl_default_generators/share/rosidl_default_generators/hook/cmake_prefix_path.dsv'
[2.184s] INFO:colcon.colcon_core.shell:Creating environment hook '/home/rsanz/git/learning/ROS2/RustROS2/install/rosidl_default_generators/share/rosidl_default_generators/hook/cmake_prefix_path.sh'
[2.184s] Level 1:colcon.colcon_core.environment:checking '/home/rsanz/git/learning/ROS2/RustROS2/install/rosidl_default_generators/bin'
[2.185s] Level 1:colcon.colcon_core.environment:checking '/home/rsanz/git/learning/ROS2/RustROS2/install/rosidl_default_generators/lib/pkgconfig/rosidl_default_generators.pc'
[2.185s] Level 1:colcon.colcon_core.environment:checking '/home/rsanz/git/learning/ROS2/RustROS2/install/rosidl_default_generators/lib/python3.12/site-packages'
[2.185s] Level 1:colcon.colcon_core.environment:checking '/home/rsanz/git/learning/ROS2/RustROS2/install/rosidl_default_generators/bin'
[2.185s] INFO:colcon.colcon_core.shell:Creating package script '/home/rsanz/git/learning/ROS2/RustROS2/install/rosidl_default_generators/share/rosidl_default_generators/package.ps1'
[2.185s] INFO:colcon.colcon_core.shell:Creating package descriptor '/home/rsanz/git/learning/ROS2/RustROS2/install/rosidl_default_generators/share/rosidl_default_generators/package.dsv'
[2.186s] INFO:colcon.colcon_core.shell:Creating package script '/home/rsanz/git/learning/ROS2/RustROS2/install/rosidl_default_generators/share/rosidl_default_generators/package.sh'
[2.186s] INFO:colcon.colcon_core.shell:Creating package script '/home/rsanz/git/learning/ROS2/RustROS2/install/rosidl_default_generators/share/rosidl_default_generators/package.bash'
[2.186s] INFO:colcon.colcon_core.shell:Creating package script '/home/rsanz/git/learning/ROS2/RustROS2/install/rosidl_default_generators/share/rosidl_default_generators/package.zsh'
[2.187s] Level 1:colcon.colcon_core.environment:create_file_with_runtime_dependencies(/home/rsanz/git/learning/ROS2/RustROS2/install/rosidl_default_generators/share/colcon-core/packages/rosidl_default_generators)
[2.187s] INFO:colcon.colcon_ros.task.ament_cmake.build:Building ROS package in '/home/rsanz/git/learning/ROS2/RustROS2/src/common_interfaces/std_msgs' with build type 'ament_cmake'
[2.187s] INFO:colcon.colcon_cmake.task.cmake.build:Building CMake package in '/home/rsanz/git/learning/ROS2/RustROS2/src/common_interfaces/std_msgs'
[2.187s] INFO:colcon.colcon_core.shell:Skip shell extension 'powershell' for command environment: Not usable outside of PowerShell
[2.187s] DEBUG:colcon.colcon_core.shell:Skip shell extension 'dsv' for command environment
[2.208s] DEBUG:colcon.colcon_core.event_handler.log_command:Invoking command in '/home/rsanz/git/learning/ROS2/RustROS2/build/std_msgs': AMENT_PREFIX_PATH=/home/rsanz/git/learning/ROS2/RustROS2/install/rosidl_default_runtime:/home/rsanz/git/learning/ROS2/RustROS2/install/rosidl_default_generators:/home/rsanz/git/learning/ROS2/RustROS2/install/action_msgs:/home/rsanz/git/learning/ROS2/RustROS2/install/service_msgs:/home/rsanz/git/learning/ROS2/RustROS2/install/unique_identifier_msgs:/home/rsanz/git/learning/ROS2/RustROS2/install/builtin_interfaces:/home/rsanz/git/learning/ROS2/RustROS2/install/rosidl_core_runtime:/home/rsanz/git/learning/ROS2/RustROS2/install/rosidl_core_generators:/home/rsanz/git/learning/ROS2/RustROS2/install/rosidl_generator_rs:${AMENT_PREFIX_PATH} CMAKE_PREFIX_PATH=/home/rsanz/git/learning/ROS2/RustROS2/install/rosidl_default_runtime:/home/rsanz/git/learning/ROS2/RustROS2/install/rosidl_default_generators:/home/rsanz/git/learning/ROS2/RustROS2/install/action_msgs:/home/rsanz/git/learning/ROS2/RustROS2/install/service_msgs:/home/rsanz/git/learning/ROS2/RustROS2/install/unique_identifier_msgs:/home/rsanz/git/learning/ROS2/RustROS2/install/builtin_interfaces:/home/rsanz/git/learning/ROS2/RustROS2/install/rosidl_core_runtime:/home/rsanz/git/learning/ROS2/RustROS2/install/rosidl_core_generators:/home/rsanz/git/learning/ROS2/RustROS2/install/rosidl_generator_rs:/opt/ros/jazzy/opt/gz_math_vendor:/opt/ros/jazzy/opt/gz_utils_vendor:/opt/ros/jazzy/opt/gz_cmake_vendor:/opt/ros/jazzy DEBUGINFOD_URLS=https://debuginfod.ubuntu.com LD_LIBRARY_PATH=/home/rsanz/git/learning/ROS2/RustROS2/install/action_msgs/lib:/home/rsanz/git/learning/ROS2/RustROS2/install/service_msgs/lib:/home/rsanz/git/learning/ROS2/RustROS2/install/unique_identifier_msgs/lib:/home/rsanz/git/learning/ROS2/RustROS2/install/builtin_interfaces/lib:${LD_LIBRARY_PATH} PYTHONPATH=/home/rsanz/git/learning/ROS2/RustROS2/install/action_msgs/lib/python3.12/site-packages:/home/rsanz/git/learning/ROS2/RustROS2/install/service_msgs/lib/python3.12/site-packages:/home/rsanz/git/learning/ROS2/RustROS2/install/unique_identifier_msgs/lib/python3.12/site-packages:/home/rsanz/git/learning/ROS2/RustROS2/install/builtin_interfaces/lib/python3.12/site-packages:/home/rsanz/git/learning/ROS2/RustROS2/install/rosidl_generator_rs/lib/python3.12/site-packages:${PYTHONPATH} /usr/bin/cmake --build /home/rsanz/git/learning/ROS2/RustROS2/build/std_msgs -- -j24 -l24
[2.620s] DEBUG:colcon.colcon_core.event_handler.log_command:Invoked command in '/home/rsanz/git/learning/ROS2/RustROS2/build/std_msgs' returned '0': AMENT_PREFIX_PATH=/home/rsanz/git/learning/ROS2/RustROS2/install/rosidl_default_runtime:/home/rsanz/git/learning/ROS2/RustROS2/install/rosidl_default_generators:/home/rsanz/git/learning/ROS2/RustROS2/install/action_msgs:/home/rsanz/git/learning/ROS2/RustROS2/install/service_msgs:/home/rsanz/git/learning/ROS2/RustROS2/install/unique_identifier_msgs:/home/rsanz/git/learning/ROS2/RustROS2/install/builtin_interfaces:/home/rsanz/git/learning/ROS2/RustROS2/install/rosidl_core_runtime:/home/rsanz/git/learning/ROS2/RustROS2/install/rosidl_core_generators:/home/rsanz/git/learning/ROS2/RustROS2/install/rosidl_generator_rs:${AMENT_PREFIX_PATH} CMAKE_PREFIX_PATH=/home/rsanz/git/learning/ROS2/RustROS2/install/rosidl_default_runtime:/home/rsanz/git/learning/ROS2/RustROS2/install/rosidl_default_generators:/home/rsanz/git/learning/ROS2/RustROS2/install/action_msgs:/home/rsanz/git/learning/ROS2/RustROS2/install/service_msgs:/home/rsanz/git/learning/ROS2/RustROS2/install/unique_identifier_msgs:/home/rsanz/git/learning/ROS2/RustROS2/install/builtin_interfaces:/home/rsanz/git/learning/ROS2/RustROS2/install/rosidl_core_runtime:/home/rsanz/git/learning/ROS2/RustROS2/install/rosidl_core_generators:/home/rsanz/git/learning/ROS2/RustROS2/install/rosidl_generator_rs:/opt/ros/jazzy/opt/gz_math_vendor:/opt/ros/jazzy/opt/gz_utils_vendor:/opt/ros/jazzy/opt/gz_cmake_vendor:/opt/ros/jazzy DEBUGINFOD_URLS=https://debuginfod.ubuntu.com LD_LIBRARY_PATH=/home/rsanz/git/learning/ROS2/RustROS2/install/action_msgs/lib:/home/rsanz/git/learning/ROS2/RustROS2/install/service_msgs/lib:/home/rsanz/git/learning/ROS2/RustROS2/install/unique_identifier_msgs/lib:/home/rsanz/git/learning/ROS2/RustROS2/install/builtin_interfaces/lib:${LD_LIBRARY_PATH} PYTHONPATH=/home/rsanz/git/learning/ROS2/RustROS2/install/action_msgs/lib/python3.12/site-packages:/home/rsanz/git/learning/ROS2/RustROS2/install/service_msgs/lib/python3.12/site-packages:/home/rsanz/git/learning/ROS2/RustROS2/install/unique_identifier_msgs/lib/python3.12/site-packages:/home/rsanz/git/learning/ROS2/RustROS2/install/builtin_interfaces/lib/python3.12/site-packages:/home/rsanz/git/learning/ROS2/RustROS2/install/rosidl_generator_rs/lib/python3.12/site-packages:${PYTHONPATH} /usr/bin/cmake --build /home/rsanz/git/learning/ROS2/RustROS2/build/std_msgs -- -j24 -l24
[2.621s] DEBUG:colcon.colcon_core.event_handler.log_command:Invoking command in '/home/rsanz/git/learning/ROS2/RustROS2/build/std_msgs': AMENT_PREFIX_PATH=/home/rsanz/git/learning/ROS2/RustROS2/install/rosidl_default_runtime:/home/rsanz/git/learning/ROS2/RustROS2/install/rosidl_default_generators:/home/rsanz/git/learning/ROS2/RustROS2/install/action_msgs:/home/rsanz/git/learning/ROS2/RustROS2/install/service_msgs:/home/rsanz/git/learning/ROS2/RustROS2/install/unique_identifier_msgs:/home/rsanz/git/learning/ROS2/RustROS2/install/builtin_interfaces:/home/rsanz/git/learning/ROS2/RustROS2/install/rosidl_core_runtime:/home/rsanz/git/learning/ROS2/RustROS2/install/rosidl_core_generators:/home/rsanz/git/learning/ROS2/RustROS2/install/rosidl_generator_rs:${AMENT_PREFIX_PATH} CMAKE_PREFIX_PATH=/home/rsanz/git/learning/ROS2/RustROS2/install/rosidl_default_runtime:/home/rsanz/git/learning/ROS2/RustROS2/install/rosidl_default_generators:/home/rsanz/git/learning/ROS2/RustROS2/install/action_msgs:/home/rsanz/git/learning/ROS2/RustROS2/install/service_msgs:/home/rsanz/git/learning/ROS2/RustROS2/install/unique_identifier_msgs:/home/rsanz/git/learning/ROS2/RustROS2/install/builtin_interfaces:/home/rsanz/git/learning/ROS2/RustROS2/install/rosidl_core_runtime:/home/rsanz/git/learning/ROS2/RustROS2/install/rosidl_core_generators:/home/rsanz/git/learning/ROS2/RustROS2/install/rosidl_generator_rs:/opt/ros/jazzy/opt/gz_math_vendor:/opt/ros/jazzy/opt/gz_utils_vendor:/opt/ros/jazzy/opt/gz_cmake_vendor:/opt/ros/jazzy DEBUGINFOD_URLS=https://debuginfod.ubuntu.com LD_LIBRARY_PATH=/home/rsanz/git/learning/ROS2/RustROS2/install/action_msgs/lib:/home/rsanz/git/learning/ROS2/RustROS2/install/service_msgs/lib:/home/rsanz/git/learning/ROS2/RustROS2/install/unique_identifier_msgs/lib:/home/rsanz/git/learning/ROS2/RustROS2/install/builtin_interfaces/lib:${LD_LIBRARY_PATH} PYTHONPATH=/home/rsanz/git/learning/ROS2/RustROS2/install/action_msgs/lib/python3.12/site-packages:/home/rsanz/git/learning/ROS2/RustROS2/install/service_msgs/lib/python3.12/site-packages:/home/rsanz/git/learning/ROS2/RustROS2/install/unique_identifier_msgs/lib/python3.12/site-packages:/home/rsanz/git/learning/ROS2/RustROS2/install/builtin_interfaces/lib/python3.12/site-packages:/home/rsanz/git/learning/ROS2/RustROS2/install/rosidl_generator_rs/lib/python3.12/site-packages:${PYTHONPATH} /usr/bin/cmake --install /home/rsanz/git/learning/ROS2/RustROS2/build/std_msgs
[2.709s] Level 1:colcon.colcon_core.environment:create_environment_scripts_only(std_msgs)
[2.709s] Level 1:colcon.colcon_core.environment:checking '/home/rsanz/git/learning/ROS2/RustROS2/install/std_msgs' for CMake module files
[2.710s] DEBUG:colcon.colcon_core.event_handler.log_command:Invoked command in '/home/rsanz/git/learning/ROS2/RustROS2/build/std_msgs' returned '0': AMENT_PREFIX_PATH=/home/rsanz/git/learning/ROS2/RustROS2/install/rosidl_default_runtime:/home/rsanz/git/learning/ROS2/RustROS2/install/rosidl_default_generators:/home/rsanz/git/learning/ROS2/RustROS2/install/action_msgs:/home/rsanz/git/learning/ROS2/RustROS2/install/service_msgs:/home/rsanz/git/learning/ROS2/RustROS2/install/unique_identifier_msgs:/home/rsanz/git/learning/ROS2/RustROS2/install/builtin_interfaces:/home/rsanz/git/learning/ROS2/RustROS2/install/rosidl_core_runtime:/home/rsanz/git/learning/ROS2/RustROS2/install/rosidl_core_generators:/home/rsanz/git/learning/ROS2/RustROS2/install/rosidl_generator_rs:${AMENT_PREFIX_PATH} CMAKE_PREFIX_PATH=/home/rsanz/git/learning/ROS2/RustROS2/install/rosidl_default_runtime:/home/rsanz/git/learning/ROS2/RustROS2/install/rosidl_default_generators:/home/rsanz/git/learning/ROS2/RustROS2/install/action_msgs:/home/rsanz/git/learning/ROS2/RustROS2/install/service_msgs:/home/rsanz/git/learning/ROS2/RustROS2/install/unique_identifier_msgs:/home/rsanz/git/learning/ROS2/RustROS2/install/builtin_interfaces:/home/rsanz/git/learning/ROS2/RustROS2/install/rosidl_core_runtime:/home/rsanz/git/learning/ROS2/RustROS2/install/rosidl_core_generators:/home/rsanz/git/learning/ROS2/RustROS2/install/rosidl_generator_rs:/opt/ros/jazzy/opt/gz_math_vendor:/opt/ros/jazzy/opt/gz_utils_vendor:/opt/ros/jazzy/opt/gz_cmake_vendor:/opt/ros/jazzy DEBUGINFOD_URLS=https://debuginfod.ubuntu.com LD_LIBRARY_PATH=/home/rsanz/git/learning/ROS2/RustROS2/install/action_msgs/lib:/home/rsanz/git/learning/ROS2/RustROS2/install/service_msgs/lib:/home/rsanz/git/learning/ROS2/RustROS2/install/unique_identifier_msgs/lib:/home/rsanz/git/learning/ROS2/RustROS2/install/builtin_interfaces/lib:${LD_LIBRARY_PATH} PYTHONPATH=/home/rsanz/git/learning/ROS2/RustROS2/install/action_msgs/lib/python3.12/site-packages:/home/rsanz/git/learning/ROS2/RustROS2/install/service_msgs/lib/python3.12/site-packages:/home/rsanz/git/learning/ROS2/RustROS2/install/unique_identifier_msgs/lib/python3.12/site-packages:/home/rsanz/git/learning/ROS2/RustROS2/install/builtin_interfaces/lib/python3.12/site-packages:/home/rsanz/git/learning/ROS2/RustROS2/install/rosidl_generator_rs/lib/python3.12/site-packages:${PYTHONPATH} /usr/bin/cmake --install /home/rsanz/git/learning/ROS2/RustROS2/build/std_msgs
[2.710s] Level 1:colcon.colcon_core.environment:checking '/home/rsanz/git/learning/ROS2/RustROS2/install/std_msgs' for CMake config files
[2.711s] Level 1:colcon.colcon_core.shell:create_environment_hook('std_msgs', 'cmake_prefix_path')
[2.711s] INFO:colcon.colcon_core.shell:Creating environment hook '/home/rsanz/git/learning/ROS2/RustROS2/install/std_msgs/share/std_msgs/hook/cmake_prefix_path.ps1'
[2.712s] INFO:colcon.colcon_core.shell:Creating environment descriptor '/home/rsanz/git/learning/ROS2/RustROS2/install/std_msgs/share/std_msgs/hook/cmake_prefix_path.dsv'
[2.712s] INFO:colcon.colcon_core.shell:Creating environment hook '/home/rsanz/git/learning/ROS2/RustROS2/install/std_msgs/share/std_msgs/hook/cmake_prefix_path.sh'
[2.712s] Level 1:colcon.colcon_core.environment:checking '/home/rsanz/git/learning/ROS2/RustROS2/install/std_msgs/lib'
[2.713s] Level 1:colcon.colcon_core.shell:create_environment_hook('std_msgs', 'ld_library_path_lib')
[2.713s] INFO:colcon.colcon_core.shell:Creating environment hook '/home/rsanz/git/learning/ROS2/RustROS2/install/std_msgs/share/std_msgs/hook/ld_library_path_lib.ps1'
[2.713s] INFO:colcon.colcon_core.shell:Creating environment descriptor '/home/rsanz/git/learning/ROS2/RustROS2/install/std_msgs/share/std_msgs/hook/ld_library_path_lib.dsv'
[2.713s] INFO:colcon.colcon_core.shell:Creating environment hook '/home/rsanz/git/learning/ROS2/RustROS2/install/std_msgs/share/std_msgs/hook/ld_library_path_lib.sh'
[2.713s] Level 1:colcon.colcon_core.environment:checking '/home/rsanz/git/learning/ROS2/RustROS2/install/std_msgs/bin'
[2.714s] Level 1:colcon.colcon_core.environment:checking '/home/rsanz/git/learning/ROS2/RustROS2/install/std_msgs/lib/pkgconfig/std_msgs.pc'
[2.714s] Level 1:colcon.colcon_core.environment:checking '/home/rsanz/git/learning/ROS2/RustROS2/install/std_msgs/lib/python3.12/site-packages'
[2.714s] Level 1:colcon.colcon_core.shell:create_environment_hook('std_msgs', 'pythonpath')
[2.714s] INFO:colcon.colcon_core.shell:Creating environment hook '/home/rsanz/git/learning/ROS2/RustROS2/install/std_msgs/share/std_msgs/hook/pythonpath.ps1'
[2.714s] INFO:colcon.colcon_core.shell:Creating environment descriptor '/home/rsanz/git/learning/ROS2/RustROS2/install/std_msgs/share/std_msgs/hook/pythonpath.dsv'
[2.714s] INFO:colcon.colcon_core.shell:Creating environment hook '/home/rsanz/git/learning/ROS2/RustROS2/install/std_msgs/share/std_msgs/hook/pythonpath.sh'
[2.715s] Level 1:colcon.colcon_core.environment:checking '/home/rsanz/git/learning/ROS2/RustROS2/install/std_msgs/bin'
[2.715s] INFO:colcon.colcon_core.shell:Creating package script '/home/rsanz/git/learning/ROS2/RustROS2/install/std_msgs/share/std_msgs/package.ps1'
[2.715s] INFO:colcon.colcon_core.shell:Creating package descriptor '/home/rsanz/git/learning/ROS2/RustROS2/install/std_msgs/share/std_msgs/package.dsv'
[2.716s] INFO:colcon.colcon_core.shell:Creating package script '/home/rsanz/git/learning/ROS2/RustROS2/install/std_msgs/share/std_msgs/package.sh'
[2.716s] INFO:colcon.colcon_core.shell:Creating package script '/home/rsanz/git/learning/ROS2/RustROS2/install/std_msgs/share/std_msgs/package.bash'
[2.716s] INFO:colcon.colcon_core.shell:Creating package script '/home/rsanz/git/learning/ROS2/RustROS2/install/std_msgs/share/std_msgs/package.zsh'
[2.716s] Level 1:colcon.colcon_core.environment:create_file_with_runtime_dependencies(/home/rsanz/git/learning/ROS2/RustROS2/install/std_msgs/share/colcon-core/packages/std_msgs)
[2.717s] Level 1:colcon.colcon_core.environment:create_environment_scripts_only(std_msgs)
[2.717s] Level 1:colcon.colcon_core.environment:checking '/home/rsanz/git/learning/ROS2/RustROS2/install/std_msgs' for CMake module files
[2.717s] Level 1:colcon.colcon_core.environment:checking '/home/rsanz/git/learning/ROS2/RustROS2/install/std_msgs' for CMake config files
[2.718s] Level 1:colcon.colcon_core.shell:create_environment_hook('std_msgs', 'cmake_prefix_path')
[2.718s] INFO:colcon.colcon_core.shell:Creating environment hook '/home/rsanz/git/learning/ROS2/RustROS2/install/std_msgs/share/std_msgs/hook/cmake_prefix_path.ps1'
[2.719s] INFO:colcon.colcon_core.shell:Creating environment descriptor '/home/rsanz/git/learning/ROS2/RustROS2/install/std_msgs/share/std_msgs/hook/cmake_prefix_path.dsv'
[2.719s] INFO:colcon.colcon_core.shell:Creating environment hook '/home/rsanz/git/learning/ROS2/RustROS2/install/std_msgs/share/std_msgs/hook/cmake_prefix_path.sh'
[2.719s] Level 1:colcon.colcon_core.environment:checking '/home/rsanz/git/learning/ROS2/RustROS2/install/std_msgs/lib'
[2.719s] Level 1:colcon.colcon_core.shell:create_environment_hook('std_msgs', 'ld_library_path_lib')
[2.719s] INFO:colcon.colcon_core.shell:Creating environment hook '/home/rsanz/git/learning/ROS2/RustROS2/install/std_msgs/share/std_msgs/hook/ld_library_path_lib.ps1'
[2.720s] INFO:colcon.colcon_core.shell:Creating environment descriptor '/home/rsanz/git/learning/ROS2/RustROS2/install/std_msgs/share/std_msgs/hook/ld_library_path_lib.dsv'
[2.720s] INFO:colcon.colcon_core.shell:Creating environment hook '/home/rsanz/git/learning/ROS2/RustROS2/install/std_msgs/share/std_msgs/hook/ld_library_path_lib.sh'
[2.720s] Level 1:colcon.colcon_core.environment:checking '/home/rsanz/git/learning/ROS2/RustROS2/install/std_msgs/bin'
[2.720s] Level 1:colcon.colcon_core.environment:checking '/home/rsanz/git/learning/ROS2/RustROS2/install/std_msgs/lib/pkgconfig/std_msgs.pc'
[2.720s] Level 1:colcon.colcon_core.environment:checking '/home/rsanz/git/learning/ROS2/RustROS2/install/std_msgs/lib/python3.12/site-packages'
[2.720s] Level 1:colcon.colcon_core.shell:create_environment_hook('std_msgs', 'pythonpath')
[2.721s] INFO:colcon.colcon_core.shell:Creating environment hook '/home/rsanz/git/learning/ROS2/RustROS2/install/std_msgs/share/std_msgs/hook/pythonpath.ps1'
[2.721s] INFO:colcon.colcon_core.shell:Creating environment descriptor '/home/rsanz/git/learning/ROS2/RustROS2/install/std_msgs/share/std_msgs/hook/pythonpath.dsv'
[2.721s] INFO:colcon.colcon_core.shell:Creating environment hook '/home/rsanz/git/learning/ROS2/RustROS2/install/std_msgs/share/std_msgs/hook/pythonpath.sh'
[2.721s] Level 1:colcon.colcon_core.environment:checking '/home/rsanz/git/learning/ROS2/RustROS2/install/std_msgs/bin'
[2.722s] INFO:colcon.colcon_core.shell:Creating package script '/home/rsanz/git/learning/ROS2/RustROS2/install/std_msgs/share/std_msgs/package.ps1'
[2.722s] INFO:colcon.colcon_core.shell:Creating package descriptor '/home/rsanz/git/learning/ROS2/RustROS2/install/std_msgs/share/std_msgs/package.dsv'
[2.722s] INFO:colcon.colcon_core.shell:Creating package script '/home/rsanz/git/learning/ROS2/RustROS2/install/std_msgs/share/std_msgs/package.sh'
[2.723s] INFO:colcon.colcon_core.shell:Creating package script '/home/rsanz/git/learning/ROS2/RustROS2/install/std_msgs/share/std_msgs/package.bash'
[2.723s] INFO:colcon.colcon_core.shell:Creating package script '/home/rsanz/git/learning/ROS2/RustROS2/install/std_msgs/share/std_msgs/package.zsh'
[2.723s] Level 1:colcon.colcon_core.environment:create_file_with_runtime_dependencies(/home/rsanz/git/learning/ROS2/RustROS2/install/std_msgs/share/colcon-core/packages/std_msgs)
[2.723s] INFO:colcon.colcon_cargo.task.cargo.build:Building Cargo package in '/home/rsanz/git/learning/ROS2/RustROS2/src/rust_pubsub'
[2.724s] INFO:colcon.colcon_core.shell:Skip shell extension 'powershell' for command environment: Not usable outside of PowerShell
[2.724s] DEBUG:colcon.colcon_core.shell:Skip shell extension 'dsv' for command environment
[2.746s] Level 1:colcon.colcon_core.shell:create_environment_hook('rust_pubsub', 'ament_prefix_path')
[2.746s] INFO:colcon.colcon_core.shell:Creating environment hook '/home/rsanz/git/learning/ROS2/RustROS2/install/rust_pubsub/share/rust_pubsub/hook/ament_prefix_path.ps1'
[2.746s] INFO:colcon.colcon_core.shell:Creating environment descriptor '/home/rsanz/git/learning/ROS2/RustROS2/install/rust_pubsub/share/rust_pubsub/hook/ament_prefix_path.dsv'
[2.747s] INFO:colcon.colcon_core.shell:Creating environment hook '/home/rsanz/git/learning/ROS2/RustROS2/install/rust_pubsub/share/rust_pubsub/hook/ament_prefix_path.sh'
[2.748s] DEBUG:colcon.colcon_core.event_handler.log_command:Invoking command in 'src/rust_pubsub': AMENT_PREFIX_PATH=/home/rsanz/git/learning/ROS2/RustROS2/install/std_msgs:/home/rsanz/git/learning/ROS2/RustROS2/install/rosidl_default_runtime:/home/rsanz/git/learning/ROS2/RustROS2/install/rosidl_default_generators:/home/rsanz/git/learning/ROS2/RustROS2/install/action_msgs:/home/rsanz/git/learning/ROS2/RustROS2/install/service_msgs:/home/rsanz/git/learning/ROS2/RustROS2/install/unique_identifier_msgs:/home/rsanz/git/learning/ROS2/RustROS2/install/builtin_interfaces:/home/rsanz/git/learning/ROS2/RustROS2/install/rosidl_core_runtime:/home/rsanz/git/learning/ROS2/RustROS2/install/rosidl_core_generators:/home/rsanz/git/learning/ROS2/RustROS2/install/rosidl_generator_rs:${AMENT_PREFIX_PATH} CMAKE_PREFIX_PATH=/home/rsanz/git/learning/ROS2/RustROS2/install/std_msgs:/home/rsanz/git/learning/ROS2/RustROS2/install/rosidl_default_runtime:/home/rsanz/git/learning/ROS2/RustROS2/install/rosidl_default_generators:/home/rsanz/git/learning/ROS2/RustROS2/install/action_msgs:/home/rsanz/git/learning/ROS2/RustROS2/install/service_msgs:/home/rsanz/git/learning/ROS2/RustROS2/install/unique_identifier_msgs:/home/rsanz/git/learning/ROS2/RustROS2/install/builtin_interfaces:/home/rsanz/git/learning/ROS2/RustROS2/install/rosidl_core_runtime:/home/rsanz/git/learning/ROS2/RustROS2/install/rosidl_core_generators:/home/rsanz/git/learning/ROS2/RustROS2/install/rosidl_generator_rs:${CMAKE_PREFIX_PATH} DEBUGINFOD_URLS=https://debuginfod.ubuntu.com LD_LIBRARY_PATH=/home/rsanz/git/learning/ROS2/RustROS2/install/std_msgs/lib:/home/rsanz/git/learning/ROS2/RustROS2/install/action_msgs/lib:/home/rsanz/git/learning/ROS2/RustROS2/install/service_msgs/lib:/home/rsanz/git/learning/ROS2/RustROS2/install/unique_identifier_msgs/lib:/home/rsanz/git/learning/ROS2/RustROS2/install/builtin_interfaces/lib:${LD_LIBRARY_PATH} PYTHONPATH=/home/rsanz/git/learning/ROS2/RustROS2/install/std_msgs/lib/python3.12/site-packages:/home/rsanz/git/learning/ROS2/RustROS2/install/action_msgs/lib/python3.12/site-packages:/home/rsanz/git/learning/ROS2/RustROS2/install/service_msgs/lib/python3.12/site-packages:/home/rsanz/git/learning/ROS2/RustROS2/install/unique_identifier_msgs/lib/python3.12/site-packages:/home/rsanz/git/learning/ROS2/RustROS2/install/builtin_interfaces/lib/python3.12/site-packages:/home/rsanz/git/learning/ROS2/RustROS2/install/rosidl_generator_rs/lib/python3.12/site-packages:${PYTHONPATH} /home/rsanz/.cargo/bin/cargo metadata --no-deps --format-version 1
[2.762s] DEBUG:colcon.colcon_core.event_handler.log_command:Invoked command in 'src/rust_pubsub' returned '0': AMENT_PREFIX_PATH=/home/rsanz/git/learning/ROS2/RustROS2/install/std_msgs:/home/rsanz/git/learning/ROS2/RustROS2/install/rosidl_default_runtime:/home/rsanz/git/learning/ROS2/RustROS2/install/rosidl_default_generators:/home/rsanz/git/learning/ROS2/RustROS2/install/action_msgs:/home/rsanz/git/learning/ROS2/RustROS2/install/service_msgs:/home/rsanz/git/learning/ROS2/RustROS2/install/unique_identifier_msgs:/home/rsanz/git/learning/ROS2/RustROS2/install/builtin_interfaces:/home/rsanz/git/learning/ROS2/RustROS2/install/rosidl_core_runtime:/home/rsanz/git/learning/ROS2/RustROS2/install/rosidl_core_generators:/home/rsanz/git/learning/ROS2/RustROS2/install/rosidl_generator_rs:${AMENT_PREFIX_PATH} CMAKE_PREFIX_PATH=/home/rsanz/git/learning/ROS2/RustROS2/install/std_msgs:/home/rsanz/git/learning/ROS2/RustROS2/install/rosidl_default_runtime:/home/rsanz/git/learning/ROS2/RustROS2/install/rosidl_default_generators:/home/rsanz/git/learning/ROS2/RustROS2/install/action_msgs:/home/rsanz/git/learning/ROS2/RustROS2/install/service_msgs:/home/rsanz/git/learning/ROS2/RustROS2/install/unique_identifier_msgs:/home/rsanz/git/learning/ROS2/RustROS2/install/builtin_interfaces:/home/rsanz/git/learning/ROS2/RustROS2/install/rosidl_core_runtime:/home/rsanz/git/learning/ROS2/RustROS2/install/rosidl_core_generators:/home/rsanz/git/learning/ROS2/RustROS2/install/rosidl_generator_rs:${CMAKE_PREFIX_PATH} DEBUGINFOD_URLS=https://debuginfod.ubuntu.com LD_LIBRARY_PATH=/home/rsanz/git/learning/ROS2/RustROS2/install/std_msgs/lib:/home/rsanz/git/learning/ROS2/RustROS2/install/action_msgs/lib:/home/rsanz/git/learning/ROS2/RustROS2/install/service_msgs/lib:/home/rsanz/git/learning/ROS2/RustROS2/install/unique_identifier_msgs/lib:/home/rsanz/git/learning/ROS2/RustROS2/install/builtin_interfaces/lib:${LD_LIBRARY_PATH} PYTHONPATH=/home/rsanz/git/learning/ROS2/RustROS2/install/std_msgs/lib/python3.12/site-packages:/home/rsanz/git/learning/ROS2/RustROS2/install/action_msgs/lib/python3.12/site-packages:/home/rsanz/git/learning/ROS2/RustROS2/install/service_msgs/lib/python3.12/site-packages:/home/rsanz/git/learning/ROS2/RustROS2/install/unique_identifier_msgs/lib/python3.12/site-packages:/home/rsanz/git/learning/ROS2/RustROS2/install/builtin_interfaces/lib/python3.12/site-packages:/home/rsanz/git/learning/ROS2/RustROS2/install/rosidl_generator_rs/lib/python3.12/site-packages:${PYTHONPATH} /home/rsanz/.cargo/bin/cargo metadata --no-deps --format-version 1
[2.762s] DEBUG:colcon.colcon_core.event_handler.log_command:Invoking command in 'src/rust_pubsub': AMENT_PREFIX_PATH=/home/rsanz/git/learning/ROS2/RustROS2/install/std_msgs:/home/rsanz/git/learning/ROS2/RustROS2/install/rosidl_default_runtime:/home/rsanz/git/learning/ROS2/RustROS2/install/rosidl_default_generators:/home/rsanz/git/learning/ROS2/RustROS2/install/action_msgs:/home/rsanz/git/learning/ROS2/RustROS2/install/service_msgs:/home/rsanz/git/learning/ROS2/RustROS2/install/unique_identifier_msgs:/home/rsanz/git/learning/ROS2/RustROS2/install/builtin_interfaces:/home/rsanz/git/learning/ROS2/RustROS2/install/rosidl_core_runtime:/home/rsanz/git/learning/ROS2/RustROS2/install/rosidl_core_generators:/home/rsanz/git/learning/ROS2/RustROS2/install/rosidl_generator_rs:${AMENT_PREFIX_PATH} CMAKE_PREFIX_PATH=/home/rsanz/git/learning/ROS2/RustROS2/install/std_msgs:/home/rsanz/git/learning/ROS2/RustROS2/install/rosidl_default_runtime:/home/rsanz/git/learning/ROS2/RustROS2/install/rosidl_default_generators:/home/rsanz/git/learning/ROS2/RustROS2/install/action_msgs:/home/rsanz/git/learning/ROS2/RustROS2/install/service_msgs:/home/rsanz/git/learning/ROS2/RustROS2/install/unique_identifier_msgs:/home/rsanz/git/learning/ROS2/RustROS2/install/builtin_interfaces:/home/rsanz/git/learning/ROS2/RustROS2/install/rosidl_core_runtime:/home/rsanz/git/learning/ROS2/RustROS2/install/rosidl_core_generators:/home/rsanz/git/learning/ROS2/RustROS2/install/rosidl_generator_rs:${CMAKE_PREFIX_PATH} DEBUGINFOD_URLS=https://debuginfod.ubuntu.com LD_LIBRARY_PATH=/home/rsanz/git/learning/ROS2/RustROS2/install/std_msgs/lib:/home/rsanz/git/learning/ROS2/RustROS2/install/action_msgs/lib:/home/rsanz/git/learning/ROS2/RustROS2/install/service_msgs/lib:/home/rsanz/git/learning/ROS2/RustROS2/install/unique_identifier_msgs/lib:/home/rsanz/git/learning/ROS2/RustROS2/install/builtin_interfaces/lib:${LD_LIBRARY_PATH} PYTHONPATH=/home/rsanz/git/learning/ROS2/RustROS2/install/std_msgs/lib/python3.12/site-packages:/home/rsanz/git/learning/ROS2/RustROS2/install/action_msgs/lib/python3.12/site-packages:/home/rsanz/git/learning/ROS2/RustROS2/install/service_msgs/lib/python3.12/site-packages:/home/rsanz/git/learning/ROS2/RustROS2/install/unique_identifier_msgs/lib/python3.12/site-packages:/home/rsanz/git/learning/ROS2/RustROS2/install/builtin_interfaces/lib/python3.12/site-packages:/home/rsanz/git/learning/ROS2/RustROS2/install/rosidl_generator_rs/lib/python3.12/site-packages:${PYTHONPATH} /home/rsanz/.cargo/bin/cargo ament-build --install-base /home/rsanz/git/learning/ROS2/RustROS2/install/rust_pubsub -- --manifest-path /home/rsanz/git/learning/ROS2/RustROS2/src/rust_pubsub/Cargo.toml --target-dir /home/rsanz/git/learning/ROS2/RustROS2/build/rust_pubsub --quiet
[2.903s] DEBUG:colcon.colcon_core.event_handler.log_command:Invoked command in 'src/rust_pubsub' returned '1': AMENT_PREFIX_PATH=/home/rsanz/git/learning/ROS2/RustROS2/install/std_msgs:/home/rsanz/git/learning/ROS2/RustROS2/install/rosidl_default_runtime:/home/rsanz/git/learning/ROS2/RustROS2/install/rosidl_default_generators:/home/rsanz/git/learning/ROS2/RustROS2/install/action_msgs:/home/rsanz/git/learning/ROS2/RustROS2/install/service_msgs:/home/rsanz/git/learning/ROS2/RustROS2/install/unique_identifier_msgs:/home/rsanz/git/learning/ROS2/RustROS2/install/builtin_interfaces:/home/rsanz/git/learning/ROS2/RustROS2/install/rosidl_core_runtime:/home/rsanz/git/learning/ROS2/RustROS2/install/rosidl_core_generators:/home/rsanz/git/learning/ROS2/RustROS2/install/rosidl_generator_rs:${AMENT_PREFIX_PATH} CMAKE_PREFIX_PATH=/home/rsanz/git/learning/ROS2/RustROS2/install/std_msgs:/home/rsanz/git/learning/ROS2/RustROS2/install/rosidl_default_runtime:/home/rsanz/git/learning/ROS2/RustROS2/install/rosidl_default_generators:/home/rsanz/git/learning/ROS2/RustROS2/install/action_msgs:/home/rsanz/git/learning/ROS2/RustROS2/install/service_msgs:/home/rsanz/git/learning/ROS2/RustROS2/install/unique_identifier_msgs:/home/rsanz/git/learning/ROS2/RustROS2/install/builtin_interfaces:/home/rsanz/git/learning/ROS2/RustROS2/install/rosidl_core_runtime:/home/rsanz/git/learning/ROS2/RustROS2/install/rosidl_core_generators:/home/rsanz/git/learning/ROS2/RustROS2/install/rosidl_generator_rs:${CMAKE_PREFIX_PATH} DEBUGINFOD_URLS=https://debuginfod.ubuntu.com LD_LIBRARY_PATH=/home/rsanz/git/learning/ROS2/RustROS2/install/std_msgs/lib:/home/rsanz/git/learning/ROS2/RustROS2/install/action_msgs/lib:/home/rsanz/git/learning/ROS2/RustROS2/install/service_msgs/lib:/home/rsanz/git/learning/ROS2/RustROS2/install/unique_identifier_msgs/lib:/home/rsanz/git/learning/ROS2/RustROS2/install/builtin_interfaces/lib:${LD_LIBRARY_PATH} PYTHONPATH=/home/rsanz/git/learning/ROS2/RustROS2/install/std_msgs/lib/python3.12/site-packages:/home/rsanz/git/learning/ROS2/RustROS2/install/action_msgs/lib/python3.12/site-packages:/home/rsanz/git/learning/ROS2/RustROS2/install/service_msgs/lib/python3.12/site-packages:/home/rsanz/git/learning/ROS2/RustROS2/install/unique_identifier_msgs/lib/python3.12/site-packages:/home/rsanz/git/learning/ROS2/RustROS2/install/builtin_interfaces/lib/python3.12/site-packages:/home/rsanz/git/learning/ROS2/RustROS2/install/rosidl_generator_rs/lib/python3.12/site-packages:${PYTHONPATH} /home/rsanz/.cargo/bin/cargo ament-build --install-base /home/rsanz/git/learning/ROS2/RustROS2/install/rust_pubsub -- --manifest-path /home/rsanz/git/learning/ROS2/RustROS2/src/rust_pubsub/Cargo.toml --target-dir /home/rsanz/git/learning/ROS2/RustROS2/build/rust_pubsub --quiet
[2.913s] DEBUG:colcon.colcon_parallel_executor.executor.parallel:closing loop
[2.913s] DEBUG:colcon.colcon_parallel_executor.executor.parallel:loop closed
[2.913s] DEBUG:colcon.colcon_parallel_executor.executor.parallel:run_until_complete finished with '1'
[2.913s] DEBUG:colcon.colcon_core.event_reactor:joining thread
[2.919s] INFO:colcon.colcon_core.plugin_system:Skipping extension 'colcon_notification.desktop_notification.terminal_notifier': Not used on non-Darwin systems
[2.919s] INFO:colcon.colcon_core.plugin_system:Skipping extension 'colcon_notification.desktop_notification.win32': Not used on non-Windows systems
[2.919s] INFO:colcon.colcon_notification.desktop_notification:Sending desktop notification using 'notify2'
[2.930s] DEBUG:colcon.colcon_core.event_reactor:joined thread
[2.931s] INFO:colcon.colcon_core.shell:Creating prefix script '/home/rsanz/git/learning/ROS2/RustROS2/install/local_setup.ps1'
[2.932s] INFO:colcon.colcon_core.shell:Creating prefix util module '/home/rsanz/git/learning/ROS2/RustROS2/install/_local_setup_util_ps1.py'
[2.932s] INFO:colcon.colcon_core.shell:Creating prefix chain script '/home/rsanz/git/learning/ROS2/RustROS2/install/setup.ps1'
[2.933s] INFO:colcon.colcon_core.shell:Creating prefix script '/home/rsanz/git/learning/ROS2/RustROS2/install/local_setup.sh'
[2.934s] INFO:colcon.colcon_core.shell:Creating prefix util module '/home/rsanz/git/learning/ROS2/RustROS2/install/_local_setup_util_sh.py'
[2.934s] INFO:colcon.colcon_core.shell:Creating prefix chain script '/home/rsanz/git/learning/ROS2/RustROS2/install/setup.sh'
[2.935s] INFO:colcon.colcon_core.shell:Creating prefix script '/home/rsanz/git/learning/ROS2/RustROS2/install/local_setup.bash'
[2.935s] INFO:colcon.colcon_core.shell:Creating prefix chain script '/home/rsanz/git/learning/ROS2/RustROS2/install/setup.bash'
[2.936s] INFO:colcon.colcon_core.shell:Creating prefix script '/home/rsanz/git/learning/ROS2/RustROS2/install/local_setup.zsh'
[2.936s] INFO:colcon.colcon_core.shell:Creating prefix chain script '/home/rsanz/git/learning/ROS2/RustROS2/install/setup.zsh'
