[  1%] [34m[1mGenerating Rust code for ROS interfaces[0m
[  1%] [34m[1mGenerating type hashes for ROS interfaces[0m
[  1%] Built target ament_cmake_python_copy_std_msgs
running egg_info
creating std_msgs.egg-info
writing std_msgs.egg-info/PKG-INFO
writing dependency_links to std_msgs.egg-info/dependency_links.txt
writing top-level names to std_msgs.egg-info/top_level.txt
writing manifest file 'std_msgs.egg-info/SOURCES.txt'
reading manifest file 'std_msgs.egg-info/SOURCES.txt'
writing manifest file 'std_msgs.egg-info/SOURCES.txt'
[  1%] Built target ament_cmake_python_build_std_msgs_egg
[  1%] Built target std_msgs__rosidl_generator_type_description
[  1%] [34m[1mGenerating C code for ROS interfaces[0m
[  1%] [34m[1mGenerating C++ code for ROS interfaces[0m
[  1%] Built target std_msgs__rs
[  1%] Built target std_msgs__cpp
[  2%] [32mBuilding C object CMakeFiles/std_msgs__rosidl_generator_c.dir/rosidl_generator_c/std_msgs/msg/detail/bool__description.c.o[0m
[  2%] [32mBuilding C object CMakeFiles/std_msgs__rosidl_generator_c.dir/rosidl_generator_c/std_msgs/msg/detail/bool__type_support.c.o[0m
[  3%] [32mBuilding C object CMakeFiles/std_msgs__rosidl_generator_c.dir/rosidl_generator_c/std_msgs/msg/detail/byte__description.c.o[0m
[  3%] [32mBuilding C object CMakeFiles/std_msgs__rosidl_generator_c.dir/rosidl_generator_c/std_msgs/msg/detail/byte__functions.c.o[0m
[  4%] [32mBuilding C object CMakeFiles/std_msgs__rosidl_generator_c.dir/rosidl_generator_c/std_msgs/msg/detail/byte_multi_array__description.c.o[0m
[  4%] [32mBuilding C object CMakeFiles/std_msgs__rosidl_generator_c.dir/rosidl_generator_c/std_msgs/msg/detail/byte_multi_array__type_support.c.o[0m
[  5%] [32mBuilding C object CMakeFiles/std_msgs__rosidl_generator_c.dir/rosidl_generator_c/std_msgs/msg/detail/char__description.c.o[0m
[  5%] [32mBuilding C object CMakeFiles/std_msgs__rosidl_generator_c.dir/rosidl_generator_c/std_msgs/msg/detail/byte_multi_array__functions.c.o[0m
[  5%] [32mBuilding C object CMakeFiles/std_msgs__rosidl_generator_c.dir/rosidl_generator_c/std_msgs/msg/detail/byte__type_support.c.o[0m
[  5%] [32mBuilding C object CMakeFiles/std_msgs__rosidl_generator_c.dir/rosidl_generator_c/std_msgs/msg/detail/char__functions.c.o[0m
[  5%] [32mBuilding C object CMakeFiles/std_msgs__rosidl_generator_c.dir/rosidl_generator_c/std_msgs/msg/detail/char__type_support.c.o[0m
[  5%] [32mBuilding C object CMakeFiles/std_msgs__rosidl_generator_c.dir/rosidl_generator_c/std_msgs/msg/detail/color_rgba__description.c.o[0m
[  5%] [32mBuilding C object CMakeFiles/std_msgs__rosidl_generator_c.dir/rosidl_generator_c/std_msgs/msg/detail/bool__functions.c.o[0m
[  5%] [32mBuilding C object CMakeFiles/std_msgs__rosidl_generator_c.dir/rosidl_generator_c/std_msgs/msg/detail/color_rgba__type_support.c.o[0m
[  5%] [32mBuilding C object CMakeFiles/std_msgs__rosidl_generator_c.dir/rosidl_generator_c/std_msgs/msg/detail/empty__type_support.c.o[0m
[  5%] [32mBuilding C object CMakeFiles/std_msgs__rosidl_generator_c.dir/rosidl_generator_c/std_msgs/msg/detail/empty__description.c.o[0m
[  6%] [32mBuilding C object CMakeFiles/std_msgs__rosidl_generator_c.dir/rosidl_generator_c/std_msgs/msg/detail/float32__description.c.o[0m
[  6%] [32mBuilding C object CMakeFiles/std_msgs__rosidl_generator_c.dir/rosidl_generator_c/std_msgs/msg/detail/empty__functions.c.o[0m
[  7%] [32mBuilding C object CMakeFiles/std_msgs__rosidl_generator_c.dir/rosidl_generator_c/std_msgs/msg/detail/color_rgba__functions.c.o[0m
[  8%] [32mBuilding C object CMakeFiles/std_msgs__rosidl_generator_c.dir/rosidl_generator_c/std_msgs/msg/detail/float32__functions.c.o[0m
[  8%] [32mBuilding C object CMakeFiles/std_msgs__rosidl_generator_c.dir/rosidl_generator_c/std_msgs/msg/detail/float32_multi_array__description.c.o[0m
[  8%] [32mBuilding C object CMakeFiles/std_msgs__rosidl_generator_c.dir/rosidl_generator_c/std_msgs/msg/detail/float32__type_support.c.o[0m
[  9%] [32mBuilding C object CMakeFiles/std_msgs__rosidl_generator_c.dir/rosidl_generator_c/std_msgs/msg/detail/float32_multi_array__functions.c.o[0m
[  9%] [32mBuilding C object CMakeFiles/std_msgs__rosidl_generator_c.dir/rosidl_generator_c/std_msgs/msg/detail/float32_multi_array__type_support.c.o[0m
[  9%] [32mBuilding C object CMakeFiles/std_msgs__rosidl_generator_c.dir/rosidl_generator_c/std_msgs/msg/detail/float64__description.c.o[0m
[  9%] [32mBuilding C object CMakeFiles/std_msgs__rosidl_generator_c.dir/rosidl_generator_c/std_msgs/msg/detail/float64__functions.c.o[0m
[ 10%] [32mBuilding C object CMakeFiles/std_msgs__rosidl_generator_c.dir/rosidl_generator_c/std_msgs/msg/detail/float64__type_support.c.o[0m
[ 11%] [32mBuilding C object CMakeFiles/std_msgs__rosidl_generator_c.dir/rosidl_generator_c/std_msgs/msg/detail/float64_multi_array__description.c.o[0m
[ 11%] [32mBuilding C object CMakeFiles/std_msgs__rosidl_generator_c.dir/rosidl_generator_c/std_msgs/msg/detail/float64_multi_array__type_support.c.o[0m
[ 11%] [32mBuilding C object CMakeFiles/std_msgs__rosidl_generator_c.dir/rosidl_generator_c/std_msgs/msg/detail/float64_multi_array__functions.c.o[0m
[ 11%] [32mBuilding C object CMakeFiles/std_msgs__rosidl_generator_c.dir/rosidl_generator_c/std_msgs/msg/detail/header__functions.c.o[0m
[ 11%] [32mBuilding C object CMakeFiles/std_msgs__rosidl_generator_c.dir/rosidl_generator_c/std_msgs/msg/detail/header__description.c.o[0m
[ 12%] [32mBuilding C object CMakeFiles/std_msgs__rosidl_generator_c.dir/rosidl_generator_c/std_msgs/msg/detail/header__type_support.c.o[0m
[ 12%] [32mBuilding C object CMakeFiles/std_msgs__rosidl_generator_c.dir/rosidl_generator_c/std_msgs/msg/detail/int16__description.c.o[0m
[ 12%] [32mBuilding C object CMakeFiles/std_msgs__rosidl_generator_c.dir/rosidl_generator_c/std_msgs/msg/detail/int16__functions.c.o[0m
[ 13%] [32mBuilding C object CMakeFiles/std_msgs__rosidl_generator_c.dir/rosidl_generator_c/std_msgs/msg/detail/int16__type_support.c.o[0m
[ 13%] [32mBuilding C object CMakeFiles/std_msgs__rosidl_generator_c.dir/rosidl_generator_c/std_msgs/msg/detail/int16_multi_array__description.c.o[0m
[ 13%] [32mBuilding C object CMakeFiles/std_msgs__rosidl_generator_c.dir/rosidl_generator_c/std_msgs/msg/detail/int16_multi_array__functions.c.o[0m
[ 13%] [32mBuilding C object CMakeFiles/std_msgs__rosidl_generator_c.dir/rosidl_generator_c/std_msgs/msg/detail/int16_multi_array__type_support.c.o[0m
[ 14%] [32mBuilding C object CMakeFiles/std_msgs__rosidl_generator_c.dir/rosidl_generator_c/std_msgs/msg/detail/int32__description.c.o[0m
[ 14%] [32mBuilding C object CMakeFiles/std_msgs__rosidl_generator_c.dir/rosidl_generator_c/std_msgs/msg/detail/int32__type_support.c.o[0m
[ 15%] [32mBuilding C object CMakeFiles/std_msgs__rosidl_generator_c.dir/rosidl_generator_c/std_msgs/msg/detail/int32_multi_array__description.c.o[0m
[ 15%] [32mBuilding C object CMakeFiles/std_msgs__rosidl_generator_c.dir/rosidl_generator_c/std_msgs/msg/detail/int32__functions.c.o[0m
[ 15%] [32mBuilding C object CMakeFiles/std_msgs__rosidl_generator_c.dir/rosidl_generator_c/std_msgs/msg/detail/int32_multi_array__functions.c.o[0m
[ 15%] [32mBuilding C object CMakeFiles/std_msgs__rosidl_generator_c.dir/rosidl_generator_c/std_msgs/msg/detail/int32_multi_array__type_support.c.o[0m
[ 16%] [32mBuilding C object CMakeFiles/std_msgs__rosidl_generator_c.dir/rosidl_generator_c/std_msgs/msg/detail/int64__description.c.o[0m
[ 16%] [32mBuilding C object CMakeFiles/std_msgs__rosidl_generator_c.dir/rosidl_generator_c/std_msgs/msg/detail/int64__type_support.c.o[0m
[ 16%] [32mBuilding C object CMakeFiles/std_msgs__rosidl_generator_c.dir/rosidl_generator_c/std_msgs/msg/detail/int64__functions.c.o[0m
[ 17%] [32mBuilding C object CMakeFiles/std_msgs__rosidl_generator_c.dir/rosidl_generator_c/std_msgs/msg/detail/int64_multi_array__description.c.o[0m
[ 16%] [32mBuilding C object CMakeFiles/std_msgs__rosidl_generator_c.dir/rosidl_generator_c/std_msgs/msg/detail/int64_multi_array__functions.c.o[0m
[ 17%] [32mBuilding C object CMakeFiles/std_msgs__rosidl_generator_c.dir/rosidl_generator_c/std_msgs/msg/detail/int64_multi_array__type_support.c.o[0m
[ 17%] [32mBuilding C object CMakeFiles/std_msgs__rosidl_generator_c.dir/rosidl_generator_c/std_msgs/msg/detail/int8__description.c.o[0m
[ 18%] [32mBuilding C object CMakeFiles/std_msgs__rosidl_generator_c.dir/rosidl_generator_c/std_msgs/msg/detail/int8__functions.c.o[0m
[ 18%] [32mBuilding C object CMakeFiles/std_msgs__rosidl_generator_c.dir/rosidl_generator_c/std_msgs/msg/detail/int8__type_support.c.o[0m
[ 18%] [32mBuilding C object CMakeFiles/std_msgs__rosidl_generator_c.dir/rosidl_generator_c/std_msgs/msg/detail/int8_multi_array__description.c.o[0m
[ 19%] [32mBuilding C object CMakeFiles/std_msgs__rosidl_generator_c.dir/rosidl_generator_c/std_msgs/msg/detail/int8_multi_array__functions.c.o[0m
[ 19%] [32mBuilding C object CMakeFiles/std_msgs__rosidl_generator_c.dir/rosidl_generator_c/std_msgs/msg/detail/int8_multi_array__type_support.c.o[0m
[ 20%] [32mBuilding C object CMakeFiles/std_msgs__rosidl_generator_c.dir/rosidl_generator_c/std_msgs/msg/detail/multi_array_dimension__functions.c.o[0m
[ 20%] [32mBuilding C object CMakeFiles/std_msgs__rosidl_generator_c.dir/rosidl_generator_c/std_msgs/msg/detail/multi_array_dimension__description.c.o[0m
[ 20%] [32mBuilding C object CMakeFiles/std_msgs__rosidl_generator_c.dir/rosidl_generator_c/std_msgs/msg/detail/multi_array_dimension__type_support.c.o[0m
[ 20%] [32mBuilding C object CMakeFiles/std_msgs__rosidl_generator_c.dir/rosidl_generator_c/std_msgs/msg/detail/multi_array_layout__type_support.c.o[0m
[ 21%] [32mBuilding C object CMakeFiles/std_msgs__rosidl_generator_c.dir/rosidl_generator_c/std_msgs/msg/detail/multi_array_layout__functions.c.o[0m
[ 21%] [32mBuilding C object CMakeFiles/std_msgs__rosidl_generator_c.dir/rosidl_generator_c/std_msgs/msg/detail/multi_array_layout__description.c.o[0m
[ 21%] [32mBuilding C object CMakeFiles/std_msgs__rosidl_generator_c.dir/rosidl_generator_c/std_msgs/msg/detail/string__functions.c.o[0m
[ 22%] [32mBuilding C object CMakeFiles/std_msgs__rosidl_generator_c.dir/rosidl_generator_c/std_msgs/msg/detail/string__type_support.c.o[0m
[ 22%] [32mBuilding C object CMakeFiles/std_msgs__rosidl_generator_c.dir/rosidl_generator_c/std_msgs/msg/detail/string__description.c.o[0m
[ 22%] [32mBuilding C object CMakeFiles/std_msgs__rosidl_generator_c.dir/rosidl_generator_c/std_msgs/msg/detail/u_int16__description.c.o[0m
[ 23%] [32mBuilding C object CMakeFiles/std_msgs__rosidl_generator_c.dir/rosidl_generator_c/std_msgs/msg/detail/u_int16__type_support.c.o[0m
[ 23%] [32mBuilding C object CMakeFiles/std_msgs__rosidl_generator_c.dir/rosidl_generator_c/std_msgs/msg/detail/u_int16__functions.c.o[0m
[ 23%] [32mBuilding C object CMakeFiles/std_msgs__rosidl_generator_c.dir/rosidl_generator_c/std_msgs/msg/detail/u_int16_multi_array__description.c.o[0m
[ 23%] [32mBuilding C object CMakeFiles/std_msgs__rosidl_generator_c.dir/rosidl_generator_c/std_msgs/msg/detail/u_int16_multi_array__functions.c.o[0m
[ 24%] [32mBuilding C object CMakeFiles/std_msgs__rosidl_generator_c.dir/rosidl_generator_c/std_msgs/msg/detail/u_int16_multi_array__type_support.c.o[0m
[ 24%] [32mBuilding C object CMakeFiles/std_msgs__rosidl_generator_c.dir/rosidl_generator_c/std_msgs/msg/detail/u_int32__description.c.o[0m
[ 24%] [32mBuilding C object CMakeFiles/std_msgs__rosidl_generator_c.dir/rosidl_generator_c/std_msgs/msg/detail/u_int32__functions.c.o[0m
[ 25%] [32mBuilding C object CMakeFiles/std_msgs__rosidl_generator_c.dir/rosidl_generator_c/std_msgs/msg/detail/u_int32__type_support.c.o[0m
[ 25%] [32mBuilding C object CMakeFiles/std_msgs__rosidl_generator_c.dir/rosidl_generator_c/std_msgs/msg/detail/u_int32_multi_array__description.c.o[0m
[ 25%] [32mBuilding C object CMakeFiles/std_msgs__rosidl_generator_c.dir/rosidl_generator_c/std_msgs/msg/detail/u_int32_multi_array__functions.c.o[0m
[ 26%] [32mBuilding C object CMakeFiles/std_msgs__rosidl_generator_c.dir/rosidl_generator_c/std_msgs/msg/detail/u_int32_multi_array__type_support.c.o[0m
[ 26%] [32mBuilding C object CMakeFiles/std_msgs__rosidl_generator_c.dir/rosidl_generator_c/std_msgs/msg/detail/u_int64__description.c.o[0m
[ 26%] [32mBuilding C object CMakeFiles/std_msgs__rosidl_generator_c.dir/rosidl_generator_c/std_msgs/msg/detail/u_int64__type_support.c.o[0m
[ 26%] [32mBuilding C object CMakeFiles/std_msgs__rosidl_generator_c.dir/rosidl_generator_c/std_msgs/msg/detail/u_int64__functions.c.o[0m
[ 27%] [32mBuilding C object CMakeFiles/std_msgs__rosidl_generator_c.dir/rosidl_generator_c/std_msgs/msg/detail/u_int64_multi_array__description.c.o[0m
[ 27%] [32mBuilding C object CMakeFiles/std_msgs__rosidl_generator_c.dir/rosidl_generator_c/std_msgs/msg/detail/u_int64_multi_array__functions.c.o[0m
[ 27%] [32mBuilding C object CMakeFiles/std_msgs__rosidl_generator_c.dir/rosidl_generator_c/std_msgs/msg/detail/u_int64_multi_array__type_support.c.o[0m
[ 28%] [32mBuilding C object CMakeFiles/std_msgs__rosidl_generator_c.dir/rosidl_generator_c/std_msgs/msg/detail/u_int8__description.c.o[0m
[ 28%] [32mBuilding C object CMakeFiles/std_msgs__rosidl_generator_c.dir/rosidl_generator_c/std_msgs/msg/detail/u_int8__functions.c.o[0m
[ 28%] [32mBuilding C object CMakeFiles/std_msgs__rosidl_generator_c.dir/rosidl_generator_c/std_msgs/msg/detail/u_int8__type_support.c.o[0m
[ 29%] [32mBuilding C object CMakeFiles/std_msgs__rosidl_generator_c.dir/rosidl_generator_c/std_msgs/msg/detail/u_int8_multi_array__description.c.o[0m
[ 29%] [32mBuilding C object CMakeFiles/std_msgs__rosidl_generator_c.dir/rosidl_generator_c/std_msgs/msg/detail/u_int8_multi_array__functions.c.o[0m
[ 29%] [32mBuilding C object CMakeFiles/std_msgs__rosidl_generator_c.dir/rosidl_generator_c/std_msgs/msg/detail/u_int8_multi_array__type_support.c.o[0m
[ 29%] [32m[1mLinking C shared library libstd_msgs__rosidl_generator_c.so[0m
[ 29%] Built target std_msgs__rosidl_generator_c
[ 29%] [34m[1mGenerating C++ type support for eProsima Fast-RTPS[0m
[ 29%] [34m[1mGenerating C introspection for ROS interfaces[0m
[ 30%] [34m[1mGenerating C type support for eProsima Fast-RTPS[0m
[ 30%] [34m[1mGenerating C++ type support dispatch for ROS interfaces[0m
[ 30%] [34m[1mGenerating C type support dispatch for ROS interfaces[0m
[ 30%] [34m[1mGenerating C++ introspection for ROS interfaces[0m
[ 30%] [32mBuilding CXX object CMakeFiles/std_msgs__rosidl_typesupport_c.dir/rosidl_typesupport_c/std_msgs/msg/bool__type_support.cpp.o[0m
[ 31%] [32mBuilding CXX object CMakeFiles/std_msgs__rosidl_typesupport_c.dir/rosidl_typesupport_c/std_msgs/msg/byte_multi_array__type_support.cpp.o[0m
[ 31%] [32mBuilding CXX object CMakeFiles/std_msgs__rosidl_typesupport_c.dir/rosidl_typesupport_c/std_msgs/msg/byte__type_support.cpp.o[0m
[ 31%] [32mBuilding CXX object CMakeFiles/std_msgs__rosidl_typesupport_c.dir/rosidl_typesupport_c/std_msgs/msg/color_rgba__type_support.cpp.o[0m
[ 32%] [32mBuilding CXX object CMakeFiles/std_msgs__rosidl_typesupport_c.dir/rosidl_typesupport_c/std_msgs/msg/float32_multi_array__type_support.cpp.o[0m
[ 32%] [32mBuilding CXX object CMakeFiles/std_msgs__rosidl_typesupport_c.dir/rosidl_typesupport_c/std_msgs/msg/float32__type_support.cpp.o[0m
[ 33%] [32mBuilding CXX object CMakeFiles/std_msgs__rosidl_typesupport_c.dir/rosidl_typesupport_c/std_msgs/msg/empty__type_support.cpp.o[0m
[ 33%] [32mBuilding CXX object CMakeFiles/std_msgs__rosidl_typesupport_c.dir/rosidl_typesupport_c/std_msgs/msg/float64__type_support.cpp.o[0m
[ 33%] [32mBuilding CXX object CMakeFiles/std_msgs__rosidl_typesupport_c.dir/rosidl_typesupport_c/std_msgs/msg/float64_multi_array__type_support.cpp.o[0m
[ 33%] [32mBuilding CXX object CMakeFiles/std_msgs__rosidl_typesupport_c.dir/rosidl_typesupport_c/std_msgs/msg/header__type_support.cpp.o[0m
[ 33%] [32mBuilding CXX object CMakeFiles/std_msgs__rosidl_typesupport_c.dir/rosidl_typesupport_c/std_msgs/msg/char__type_support.cpp.o[0m
[ 34%] [32mBuilding CXX object CMakeFiles/std_msgs__rosidl_typesupport_c.dir/rosidl_typesupport_c/std_msgs/msg/int16_multi_array__type_support.cpp.o[0m
[ 34%] [32mBuilding CXX object CMakeFiles/std_msgs__rosidl_typesupport_c.dir/rosidl_typesupport_c/std_msgs/msg/int32__type_support.cpp.o[0m
[ 34%] [32mBuilding CXX object CMakeFiles/std_msgs__rosidl_typesupport_c.dir/rosidl_typesupport_c/std_msgs/msg/int16__type_support.cpp.o[0m
[ 35%] [32mBuilding CXX object CMakeFiles/std_msgs__rosidl_typesupport_c.dir/rosidl_typesupport_c/std_msgs/msg/int64__type_support.cpp.o[0m
[ 35%] [32mBuilding CXX object CMakeFiles/std_msgs__rosidl_typesupport_c.dir/rosidl_typesupport_c/std_msgs/msg/int8__type_support.cpp.o[0m
[ 35%] [32mBuilding CXX object CMakeFiles/std_msgs__rosidl_typesupport_c.dir/rosidl_typesupport_c/std_msgs/msg/int64_multi_array__type_support.cpp.o[0m
[ 35%] [32mBuilding CXX object CMakeFiles/std_msgs__rosidl_typesupport_c.dir/rosidl_typesupport_c/std_msgs/msg/int32_multi_array__type_support.cpp.o[0m
[ 35%] [32mBuilding CXX object CMakeFiles/std_msgs__rosidl_typesupport_c.dir/rosidl_typesupport_c/std_msgs/msg/int8_multi_array__type_support.cpp.o[0m
[ 36%] [32mBuilding CXX object CMakeFiles/std_msgs__rosidl_typesupport_cpp.dir/rosidl_typesupport_cpp/std_msgs/msg/bool__type_support.cpp.o[0m
[ 37%] [32mBuilding CXX object CMakeFiles/std_msgs__rosidl_typesupport_cpp.dir/rosidl_typesupport_cpp/std_msgs/msg/byte__type_support.cpp.o[0m
[ 37%] [32mBuilding CXX object CMakeFiles/std_msgs__rosidl_typesupport_c.dir/rosidl_typesupport_c/std_msgs/msg/multi_array_layout__type_support.cpp.o[0m
[ 37%] [32mBuilding CXX object CMakeFiles/std_msgs__rosidl_typesupport_c.dir/rosidl_typesupport_c/std_msgs/msg/string__type_support.cpp.o[0m
[ 37%] [32mBuilding CXX object CMakeFiles/std_msgs__rosidl_typesupport_cpp.dir/rosidl_typesupport_cpp/std_msgs/msg/char__type_support.cpp.o[0m
[ 37%] [32mBuilding CXX object CMakeFiles/std_msgs__rosidl_typesupport_cpp.dir/rosidl_typesupport_cpp/std_msgs/msg/float32_multi_array__type_support.cpp.o[0m
[ 37%] [32mBuilding CXX object CMakeFiles/std_msgs__rosidl_typesupport_cpp.dir/rosidl_typesupport_cpp/std_msgs/msg/empty__type_support.cpp.o[0m
[ 37%] [32mBuilding CXX object CMakeFiles/std_msgs__rosidl_typesupport_cpp.dir/rosidl_typesupport_cpp/std_msgs/msg/byte_multi_array__type_support.cpp.o[0m
[ 38%] [32mBuilding CXX object CMakeFiles/std_msgs__rosidl_typesupport_c.dir/rosidl_typesupport_c/std_msgs/msg/u_int16_multi_array__type_support.cpp.o[0m
[ 37%] [32mBuilding CXX object CMakeFiles/std_msgs__rosidl_typesupport_cpp.dir/rosidl_typesupport_cpp/std_msgs/msg/color_rgba__type_support.cpp.o[0m
[ 39%] [32mBuilding CXX object CMakeFiles/std_msgs__rosidl_typesupport_c.dir/rosidl_typesupport_c/std_msgs/msg/u_int16__type_support.cpp.o[0m
[ 38%] [32mBuilding CXX object CMakeFiles/std_msgs__rosidl_typesupport_cpp.dir/rosidl_typesupport_cpp/std_msgs/msg/float32__type_support.cpp.o[0m
[ 40%] [32mBuilding CXX object CMakeFiles/std_msgs__rosidl_typesupport_c.dir/rosidl_typesupport_c/std_msgs/msg/u_int64__type_support.cpp.o[0m
[ 41%] [32mBuilding CXX object CMakeFiles/std_msgs__rosidl_typesupport_c.dir/rosidl_typesupport_c/std_msgs/msg/u_int32_multi_array__type_support.cpp.o[0m
[ 41%] [32mBuilding CXX object CMakeFiles/std_msgs__rosidl_typesupport_c.dir/rosidl_typesupport_c/std_msgs/msg/multi_array_dimension__type_support.cpp.o[0m
[ 41%] [32mBuilding CXX object CMakeFiles/std_msgs__rosidl_typesupport_c.dir/rosidl_typesupport_c/std_msgs/msg/u_int32__type_support.cpp.o[0m
[ 41%] [32mBuilding CXX object CMakeFiles/std_msgs__rosidl_typesupport_cpp.dir/rosidl_typesupport_cpp/std_msgs/msg/float64__type_support.cpp.o[0m
[ 41%] [32mBuilding CXX object CMakeFiles/std_msgs__rosidl_typesupport_c.dir/rosidl_typesupport_c/std_msgs/msg/u_int64_multi_array__type_support.cpp.o[0m
[ 42%] [32mBuilding CXX object CMakeFiles/std_msgs__rosidl_typesupport_cpp.dir/rosidl_typesupport_cpp/std_msgs/msg/float64_multi_array__type_support.cpp.o[0m
[ 42%] [32mBuilding CXX object CMakeFiles/std_msgs__rosidl_typesupport_cpp.dir/rosidl_typesupport_cpp/std_msgs/msg/header__type_support.cpp.o[0m
[ 43%] [32mBuilding CXX object CMakeFiles/std_msgs__rosidl_typesupport_cpp.dir/rosidl_typesupport_cpp/std_msgs/msg/int16__type_support.cpp.o[0m
[ 43%] [32mBuilding CXX object CMakeFiles/std_msgs__rosidl_typesupport_cpp.dir/rosidl_typesupport_cpp/std_msgs/msg/int16_multi_array__type_support.cpp.o[0m
[ 43%] [32mBuilding CXX object CMakeFiles/std_msgs__rosidl_typesupport_c.dir/rosidl_typesupport_c/std_msgs/msg/u_int8__type_support.cpp.o[0m
[ 43%] [32mBuilding CXX object CMakeFiles/std_msgs__rosidl_typesupport_cpp.dir/rosidl_typesupport_cpp/std_msgs/msg/int32_multi_array__type_support.cpp.o[0m
[ 44%] [32mBuilding CXX object CMakeFiles/std_msgs__rosidl_typesupport_cpp.dir/rosidl_typesupport_cpp/std_msgs/msg/int32__type_support.cpp.o[0m
[ 44%] [32mBuilding CXX object CMakeFiles/std_msgs__rosidl_typesupport_c.dir/rosidl_typesupport_c/std_msgs/msg/u_int8_multi_array__type_support.cpp.o[0m
[ 44%] [32mBuilding CXX object CMakeFiles/std_msgs__rosidl_typesupport_cpp.dir/rosidl_typesupport_cpp/std_msgs/msg/int64__type_support.cpp.o[0m
[ 45%] [32mBuilding CXX object CMakeFiles/std_msgs__rosidl_typesupport_cpp.dir/rosidl_typesupport_cpp/std_msgs/msg/int64_multi_array__type_support.cpp.o[0m
[ 45%] [32mBuilding CXX object CMakeFiles/std_msgs__rosidl_typesupport_cpp.dir/rosidl_typesupport_cpp/std_msgs/msg/int8__type_support.cpp.o[0m
[ 45%] [32mBuilding CXX object CMakeFiles/std_msgs__rosidl_typesupport_cpp.dir/rosidl_typesupport_cpp/std_msgs/msg/int8_multi_array__type_support.cpp.o[0m
[ 45%] [32m[1mLinking CXX shared library libstd_msgs__rosidl_typesupport_c.so[0m
[ 45%] Built target std_msgs__rosidl_typesupport_c
[ 46%] [32mBuilding CXX object CMakeFiles/std_msgs__rosidl_typesupport_cpp.dir/rosidl_typesupport_cpp/std_msgs/msg/multi_array_dimension__type_support.cpp.o[0m
[ 46%] [32mBuilding CXX object CMakeFiles/std_msgs__rosidl_typesupport_cpp.dir/rosidl_typesupport_cpp/std_msgs/msg/multi_array_layout__type_support.cpp.o[0m
[ 46%] [32mBuilding CXX object CMakeFiles/std_msgs__rosidl_typesupport_cpp.dir/rosidl_typesupport_cpp/std_msgs/msg/string__type_support.cpp.o[0m
[ 47%] [32mBuilding CXX object CMakeFiles/std_msgs__rosidl_typesupport_cpp.dir/rosidl_typesupport_cpp/std_msgs/msg/u_int16__type_support.cpp.o[0m
[ 47%] [32mBuilding CXX object CMakeFiles/std_msgs__rosidl_typesupport_cpp.dir/rosidl_typesupport_cpp/std_msgs/msg/u_int16_multi_array__type_support.cpp.o[0m
[ 47%] [32mBuilding CXX object CMakeFiles/std_msgs__rosidl_typesupport_cpp.dir/rosidl_typesupport_cpp/std_msgs/msg/u_int32__type_support.cpp.o[0m
[ 47%] [32mBuilding CXX object CMakeFiles/std_msgs__rosidl_typesupport_cpp.dir/rosidl_typesupport_cpp/std_msgs/msg/u_int32_multi_array__type_support.cpp.o[0m
[ 48%] [32mBuilding CXX object CMakeFiles/std_msgs__rosidl_typesupport_cpp.dir/rosidl_typesupport_cpp/std_msgs/msg/u_int64__type_support.cpp.o[0m
[ 48%] [32mBuilding CXX object CMakeFiles/std_msgs__rosidl_typesupport_cpp.dir/rosidl_typesupport_cpp/std_msgs/msg/u_int64_multi_array__type_support.cpp.o[0m
[ 48%] [32mBuilding CXX object CMakeFiles/std_msgs__rosidl_typesupport_cpp.dir/rosidl_typesupport_cpp/std_msgs/msg/u_int8__type_support.cpp.o[0m
[ 49%] [32mBuilding CXX object CMakeFiles/std_msgs__rosidl_typesupport_cpp.dir/rosidl_typesupport_cpp/std_msgs/msg/u_int8_multi_array__type_support.cpp.o[0m
[ 50%] [32mBuilding C object CMakeFiles/std_msgs__rosidl_typesupport_introspection_c.dir/rosidl_typesupport_introspection_c/std_msgs/msg/detail/bool__type_support.c.o[0m
[ 50%] [32mBuilding C object CMakeFiles/std_msgs__rosidl_typesupport_introspection_c.dir/rosidl_typesupport_introspection_c/std_msgs/msg/detail/byte__type_support.c.o[0m
[ 51%] [32mBuilding C object CMakeFiles/std_msgs__rosidl_typesupport_introspection_c.dir/rosidl_typesupport_introspection_c/std_msgs/msg/detail/color_rgba__type_support.c.o[0m
[ 51%] [32mBuilding C object CMakeFiles/std_msgs__rosidl_typesupport_introspection_c.dir/rosidl_typesupport_introspection_c/std_msgs/msg/detail/char__type_support.c.o[0m
[ 51%] [32mBuilding C object CMakeFiles/std_msgs__rosidl_typesupport_introspection_c.dir/rosidl_typesupport_introspection_c/std_msgs/msg/detail/float32__type_support.c.o[0m
[ 51%] [32mBuilding C object CMakeFiles/std_msgs__rosidl_typesupport_introspection_c.dir/rosidl_typesupport_introspection_c/std_msgs/msg/detail/empty__type_support.c.o[0m
[ 51%] [32mBuilding C object CMakeFiles/std_msgs__rosidl_typesupport_introspection_c.dir/rosidl_typesupport_introspection_c/std_msgs/msg/detail/float64_multi_array__type_support.c.o[0m
[ 52%] [32mBuilding C object CMakeFiles/std_msgs__rosidl_typesupport_introspection_c.dir/rosidl_typesupport_introspection_c/std_msgs/msg/detail/float64__type_support.c.o[0m
[ 52%] [32mBuilding C object CMakeFiles/std_msgs__rosidl_typesupport_introspection_c.dir/rosidl_typesupport_introspection_c/std_msgs/msg/detail/byte_multi_array__type_support.c.o[0m
[ 52%] [32mBuilding C object CMakeFiles/std_msgs__rosidl_typesupport_introspection_c.dir/rosidl_typesupport_introspection_c/std_msgs/msg/detail/float32_multi_array__type_support.c.o[0m
[ 52%] [32mBuilding CXX object CMakeFiles/std_msgs__rosidl_typesupport_introspection_cpp.dir/rosidl_typesupport_introspection_cpp/std_msgs/msg/detail/bool__type_support.cpp.o[0m
[ 53%] [32mBuilding C object CMakeFiles/std_msgs__rosidl_typesupport_introspection_c.dir/rosidl_typesupport_introspection_c/std_msgs/msg/detail/int16__type_support.c.o[0m
[ 53%] [32mBuilding CXX object CMakeFiles/std_msgs__rosidl_typesupport_introspection_cpp.dir/rosidl_typesupport_introspection_cpp/std_msgs/msg/detail/byte__type_support.cpp.o[0m
[ 53%] [32mBuilding C object CMakeFiles/std_msgs__rosidl_typesupport_introspection_c.dir/rosidl_typesupport_introspection_c/std_msgs/msg/detail/header__type_support.c.o[0m
[ 53%] [32mBuilding C object CMakeFiles/std_msgs__rosidl_typesupport_introspection_c.dir/rosidl_typesupport_introspection_c/std_msgs/msg/detail/int16_multi_array__type_support.c.o[0m
[ 54%] [32mBuilding CXX object CMakeFiles/std_msgs__rosidl_typesupport_introspection_cpp.dir/rosidl_typesupport_introspection_cpp/std_msgs/msg/detail/byte_multi_array__type_support.cpp.o[0m
[ 54%] [32mBuilding CXX object CMakeFiles/std_msgs__rosidl_typesupport_introspection_cpp.dir/rosidl_typesupport_introspection_cpp/std_msgs/msg/detail/color_rgba__type_support.cpp.o[0m
[ 54%] [32mBuilding CXX object CMakeFiles/std_msgs__rosidl_typesupport_introspection_cpp.dir/rosidl_typesupport_introspection_cpp/std_msgs/msg/detail/char__type_support.cpp.o[0m
[ 54%] [32mBuilding C object CMakeFiles/std_msgs__rosidl_typesupport_introspection_c.dir/rosidl_typesupport_introspection_c/std_msgs/msg/detail/int32__type_support.c.o[0m
[ 55%] [32mBuilding C object CMakeFiles/std_msgs__rosidl_typesupport_introspection_c.dir/rosidl_typesupport_introspection_c/std_msgs/msg/detail/int32_multi_array__type_support.c.o[0m
[ 55%] [32mBuilding C object CMakeFiles/std_msgs__rosidl_typesupport_introspection_c.dir/rosidl_typesupport_introspection_c/std_msgs/msg/detail/int64__type_support.c.o[0m
[ 56%] [32mBuilding CXX object CMakeFiles/std_msgs__rosidl_typesupport_introspection_cpp.dir/rosidl_typesupport_introspection_cpp/std_msgs/msg/detail/empty__type_support.cpp.o[0m
[ 56%] [32mBuilding CXX object CMakeFiles/std_msgs__rosidl_typesupport_introspection_cpp.dir/rosidl_typesupport_introspection_cpp/std_msgs/msg/detail/float32__type_support.cpp.o[0m
[ 56%] [32mBuilding C object CMakeFiles/std_msgs__rosidl_typesupport_introspection_c.dir/rosidl_typesupport_introspection_c/std_msgs/msg/detail/int64_multi_array__type_support.c.o[0m
[ 56%] [32mBuilding CXX object CMakeFiles/std_msgs__rosidl_typesupport_introspection_cpp.dir/rosidl_typesupport_introspection_cpp/std_msgs/msg/detail/float32_multi_array__type_support.cpp.o[0m
[ 57%] [32mBuilding C object CMakeFiles/std_msgs__rosidl_typesupport_introspection_c.dir/rosidl_typesupport_introspection_c/std_msgs/msg/detail/int8__type_support.c.o[0m
[ 57%] [32mBuilding C object CMakeFiles/std_msgs__rosidl_typesupport_introspection_c.dir/rosidl_typesupport_introspection_c/std_msgs/msg/detail/int8_multi_array__type_support.c.o[0m
[ 58%] [32mBuilding CXX object CMakeFiles/std_msgs__rosidl_typesupport_introspection_cpp.dir/rosidl_typesupport_introspection_cpp/std_msgs/msg/detail/float64__type_support.cpp.o[0m
[ 58%] [32mBuilding CXX object CMakeFiles/std_msgs__rosidl_typesupport_introspection_cpp.dir/rosidl_typesupport_introspection_cpp/std_msgs/msg/detail/float64_multi_array__type_support.cpp.o[0m
[ 58%] [32mBuilding CXX object CMakeFiles/std_msgs__rosidl_typesupport_introspection_cpp.dir/rosidl_typesupport_introspection_cpp/std_msgs/msg/detail/header__type_support.cpp.o[0m
[ 58%] [32mBuilding C object CMakeFiles/std_msgs__rosidl_typesupport_introspection_c.dir/rosidl_typesupport_introspection_c/std_msgs/msg/detail/multi_array_dimension__type_support.c.o[0m
[ 58%] [32mBuilding C object CMakeFiles/std_msgs__rosidl_typesupport_introspection_c.dir/rosidl_typesupport_introspection_c/std_msgs/msg/detail/multi_array_layout__type_support.c.o[0m
[ 59%] [32mBuilding CXX object CMakeFiles/std_msgs__rosidl_typesupport_introspection_cpp.dir/rosidl_typesupport_introspection_cpp/std_msgs/msg/detail/int16__type_support.cpp.o[0m
[ 59%] [32mBuilding CXX object CMakeFiles/std_msgs__rosidl_typesupport_introspection_cpp.dir/rosidl_typesupport_introspection_cpp/std_msgs/msg/detail/int16_multi_array__type_support.cpp.o[0m
[ 60%] [32mBuilding C object CMakeFiles/std_msgs__rosidl_typesupport_introspection_c.dir/rosidl_typesupport_introspection_c/std_msgs/msg/detail/string__type_support.c.o[0m
[ 60%] [32mBuilding CXX object CMakeFiles/std_msgs__rosidl_typesupport_introspection_cpp.dir/rosidl_typesupport_introspection_cpp/std_msgs/msg/detail/int32__type_support.cpp.o[0m
[ 60%] [32mBuilding CXX object CMakeFiles/std_msgs__rosidl_typesupport_introspection_cpp.dir/rosidl_typesupport_introspection_cpp/std_msgs/msg/detail/int32_multi_array__type_support.cpp.o[0m
[ 61%] [32mBuilding CXX object CMakeFiles/std_msgs__rosidl_typesupport_introspection_cpp.dir/rosidl_typesupport_introspection_cpp/std_msgs/msg/detail/int64__type_support.cpp.o[0m
[ 61%] [32mBuilding CXX object CMakeFiles/std_msgs__rosidl_typesupport_introspection_cpp.dir/rosidl_typesupport_introspection_cpp/std_msgs/msg/detail/int64_multi_array__type_support.cpp.o[0m
[ 61%] [32mBuilding C object CMakeFiles/std_msgs__rosidl_typesupport_introspection_c.dir/rosidl_typesupport_introspection_c/std_msgs/msg/detail/u_int16__type_support.c.o[0m
[ 61%] [32mBuilding CXX object CMakeFiles/std_msgs__rosidl_typesupport_introspection_cpp.dir/rosidl_typesupport_introspection_cpp/std_msgs/msg/detail/int8__type_support.cpp.o[0m
[ 61%] [32m[1mLinking CXX shared library libstd_msgs__rosidl_typesupport_cpp.so[0m
[ 62%] [32mBuilding C object CMakeFiles/std_msgs__rosidl_typesupport_introspection_c.dir/rosidl_typesupport_introspection_c/std_msgs/msg/detail/u_int16_multi_array__type_support.c.o[0m
[ 62%] [32mBuilding CXX object CMakeFiles/std_msgs__rosidl_typesupport_introspection_cpp.dir/rosidl_typesupport_introspection_cpp/std_msgs/msg/detail/int8_multi_array__type_support.cpp.o[0m
[ 63%] [32mBuilding C object CMakeFiles/std_msgs__rosidl_typesupport_introspection_c.dir/rosidl_typesupport_introspection_c/std_msgs/msg/detail/u_int32__type_support.c.o[0m
[ 63%] [32mBuilding CXX object CMakeFiles/std_msgs__rosidl_typesupport_introspection_cpp.dir/rosidl_typesupport_introspection_cpp/std_msgs/msg/detail/multi_array_dimension__type_support.cpp.o[0m
[ 63%] Built target std_msgs__rosidl_typesupport_cpp
[ 63%] [32mBuilding CXX object CMakeFiles/std_msgs__rosidl_typesupport_introspection_cpp.dir/rosidl_typesupport_introspection_cpp/std_msgs/msg/detail/multi_array_layout__type_support.cpp.o[0m
[ 63%] [32mBuilding C object CMakeFiles/std_msgs__rosidl_typesupport_introspection_c.dir/rosidl_typesupport_introspection_c/std_msgs/msg/detail/u_int32_multi_array__type_support.c.o[0m
[ 63%] [32mBuilding C object CMakeFiles/std_msgs__rosidl_typesupport_introspection_c.dir/rosidl_typesupport_introspection_c/std_msgs/msg/detail/u_int64__type_support.c.o[0m
[ 64%] [32mBuilding C object CMakeFiles/std_msgs__rosidl_typesupport_introspection_c.dir/rosidl_typesupport_introspection_c/std_msgs/msg/detail/u_int64_multi_array__type_support.c.o[0m
[ 64%] [32mBuilding C object CMakeFiles/std_msgs__rosidl_typesupport_introspection_c.dir/rosidl_typesupport_introspection_c/std_msgs/msg/detail/u_int8__type_support.c.o[0m
[ 64%] [32mBuilding C object CMakeFiles/std_msgs__rosidl_typesupport_introspection_c.dir/rosidl_typesupport_introspection_c/std_msgs/msg/detail/u_int8_multi_array__type_support.c.o[0m
[ 65%] [32mBuilding CXX object CMakeFiles/std_msgs__rosidl_typesupport_introspection_cpp.dir/rosidl_typesupport_introspection_cpp/std_msgs/msg/detail/string__type_support.cpp.o[0m
[ 65%] [32mBuilding CXX object CMakeFiles/std_msgs__rosidl_typesupport_introspection_cpp.dir/rosidl_typesupport_introspection_cpp/std_msgs/msg/detail/u_int16__type_support.cpp.o[0m
[ 65%] [32mBuilding CXX object CMakeFiles/std_msgs__rosidl_typesupport_introspection_cpp.dir/rosidl_typesupport_introspection_cpp/std_msgs/msg/detail/u_int16_multi_array__type_support.cpp.o[0m
[ 65%] [32mBuilding CXX object CMakeFiles/std_msgs__rosidl_typesupport_introspection_cpp.dir/rosidl_typesupport_introspection_cpp/std_msgs/msg/detail/u_int32_multi_array__type_support.cpp.o[0m
[ 66%] [32mBuilding CXX object CMakeFiles/std_msgs__rosidl_typesupport_introspection_cpp.dir/rosidl_typesupport_introspection_cpp/std_msgs/msg/detail/u_int32__type_support.cpp.o[0m
[ 67%] [32m[1mLinking C shared library libstd_msgs__rosidl_typesupport_introspection_c.so[0m
[ 67%] [32mBuilding CXX object CMakeFiles/std_msgs__rosidl_typesupport_introspection_cpp.dir/rosidl_typesupport_introspection_cpp/std_msgs/msg/detail/u_int64__type_support.cpp.o[0m
[ 67%] [32mBuilding CXX object CMakeFiles/std_msgs__rosidl_typesupport_introspection_cpp.dir/rosidl_typesupport_introspection_cpp/std_msgs/msg/detail/u_int64_multi_array__type_support.cpp.o[0m
[ 68%] [32mBuilding CXX object CMakeFiles/std_msgs__rosidl_typesupport_introspection_cpp.dir/rosidl_typesupport_introspection_cpp/std_msgs/msg/detail/u_int8__type_support.cpp.o[0m
[ 68%] Built target std_msgs__rosidl_typesupport_introspection_c
[ 68%] [32mBuilding CXX object CMakeFiles/std_msgs__rosidl_typesupport_introspection_cpp.dir/rosidl_typesupport_introspection_cpp/std_msgs/msg/detail/u_int8_multi_array__type_support.cpp.o[0m
[ 69%] [32mBuilding CXX object CMakeFiles/std_msgs__rosidl_typesupport_fastrtps_cpp.dir/rosidl_typesupport_fastrtps_cpp/std_msgs/msg/detail/dds_fastrtps/byte__type_support.cpp.o[0m
[ 69%] [32mBuilding CXX object CMakeFiles/std_msgs__rosidl_typesupport_fastrtps_cpp.dir/rosidl_typesupport_fastrtps_cpp/std_msgs/msg/detail/dds_fastrtps/char__type_support.cpp.o[0m
[ 69%] [32mBuilding CXX object CMakeFiles/std_msgs__rosidl_typesupport_fastrtps_cpp.dir/rosidl_typesupport_fastrtps_cpp/std_msgs/msg/detail/dds_fastrtps/bool__type_support.cpp.o[0m
[ 70%] [32mBuilding CXX object CMakeFiles/std_msgs__rosidl_typesupport_fastrtps_cpp.dir/rosidl_typesupport_fastrtps_cpp/std_msgs/msg/detail/dds_fastrtps/color_rgba__type_support.cpp.o[0m
[ 71%] [32mBuilding CXX object CMakeFiles/std_msgs__rosidl_typesupport_fastrtps_cpp.dir/rosidl_typesupport_fastrtps_cpp/std_msgs/msg/detail/dds_fastrtps/empty__type_support.cpp.o[0m
[ 71%] [32mBuilding CXX object CMakeFiles/std_msgs__rosidl_typesupport_fastrtps_cpp.dir/rosidl_typesupport_fastrtps_cpp/std_msgs/msg/detail/dds_fastrtps/float64__type_support.cpp.o[0m
[ 71%] [32mBuilding CXX object CMakeFiles/std_msgs__rosidl_typesupport_fastrtps_cpp.dir/rosidl_typesupport_fastrtps_cpp/std_msgs/msg/detail/dds_fastrtps/byte_multi_array__type_support.cpp.o[0m
[ 71%] [32mBuilding CXX object CMakeFiles/std_msgs__rosidl_typesupport_fastrtps_cpp.dir/rosidl_typesupport_fastrtps_cpp/std_msgs/msg/detail/dds_fastrtps/float32_multi_array__type_support.cpp.o[0m
[ 71%] [32mBuilding CXX object CMakeFiles/std_msgs__rosidl_typesupport_fastrtps_cpp.dir/rosidl_typesupport_fastrtps_cpp/std_msgs/msg/detail/dds_fastrtps/float32__type_support.cpp.o[0m
[ 71%] [32mBuilding CXX object CMakeFiles/std_msgs__rosidl_typesupport_fastrtps_cpp.dir/rosidl_typesupport_fastrtps_cpp/std_msgs/msg/detail/dds_fastrtps/float64_multi_array__type_support.cpp.o[0m
[ 72%] [32mBuilding CXX object CMakeFiles/std_msgs__rosidl_typesupport_fastrtps_cpp.dir/rosidl_typesupport_fastrtps_cpp/std_msgs/msg/detail/dds_fastrtps/header__type_support.cpp.o[0m
[ 73%] [32mBuilding CXX object CMakeFiles/std_msgs__rosidl_typesupport_fastrtps_c.dir/rosidl_typesupport_fastrtps_c/std_msgs/msg/detail/bool__type_support_c.cpp.o[0m
[ 73%] [32mBuilding CXX object CMakeFiles/std_msgs__rosidl_typesupport_fastrtps_cpp.dir/rosidl_typesupport_fastrtps_cpp/std_msgs/msg/detail/dds_fastrtps/int16__type_support.cpp.o[0m
[ 73%] [32mBuilding CXX object CMakeFiles/std_msgs__rosidl_typesupport_fastrtps_cpp.dir/rosidl_typesupport_fastrtps_cpp/std_msgs/msg/detail/dds_fastrtps/int16_multi_array__type_support.cpp.o[0m
[ 73%] [32mBuilding CXX object CMakeFiles/std_msgs__rosidl_typesupport_fastrtps_c.dir/rosidl_typesupport_fastrtps_c/std_msgs/msg/detail/byte__type_support_c.cpp.o[0m
[ 73%] [32mBuilding CXX object CMakeFiles/std_msgs__rosidl_typesupport_fastrtps_cpp.dir/rosidl_typesupport_fastrtps_cpp/std_msgs/msg/detail/dds_fastrtps/int32__type_support.cpp.o[0m
[ 73%] [32mBuilding CXX object CMakeFiles/std_msgs__rosidl_typesupport_fastrtps_c.dir/rosidl_typesupport_fastrtps_c/std_msgs/msg/detail/byte_multi_array__type_support_c.cpp.o[0m
[ 74%] [32mBuilding CXX object CMakeFiles/std_msgs__rosidl_typesupport_fastrtps_cpp.dir/rosidl_typesupport_fastrtps_cpp/std_msgs/msg/detail/dds_fastrtps/int32_multi_array__type_support.cpp.o[0m
[ 74%] [32mBuilding CXX object CMakeFiles/std_msgs__rosidl_typesupport_fastrtps_cpp.dir/rosidl_typesupport_fastrtps_cpp/std_msgs/msg/detail/dds_fastrtps/int64_multi_array__type_support.cpp.o[0m
[ 74%] [32mBuilding CXX object CMakeFiles/std_msgs__rosidl_typesupport_fastrtps_cpp.dir/rosidl_typesupport_fastrtps_cpp/std_msgs/msg/detail/dds_fastrtps/int64__type_support.cpp.o[0m
[ 75%] [32mBuilding CXX object CMakeFiles/std_msgs__rosidl_typesupport_fastrtps_cpp.dir/rosidl_typesupport_fastrtps_cpp/std_msgs/msg/detail/dds_fastrtps/int8__type_support.cpp.o[0m
[ 76%] [32mBuilding CXX object CMakeFiles/std_msgs__rosidl_typesupport_fastrtps_c.dir/rosidl_typesupport_fastrtps_c/std_msgs/msg/detail/char__type_support_c.cpp.o[0m
[ 76%] [32mBuilding CXX object CMakeFiles/std_msgs__rosidl_typesupport_fastrtps_c.dir/rosidl_typesupport_fastrtps_c/std_msgs/msg/detail/color_rgba__type_support_c.cpp.o[0m
[ 76%] [32m[1mLinking CXX shared library libstd_msgs__rosidl_typesupport_introspection_cpp.so[0m
[ 76%] Built target std_msgs__rosidl_typesupport_introspection_cpp
[ 76%] [32mBuilding CXX object CMakeFiles/std_msgs__rosidl_typesupport_fastrtps_cpp.dir/rosidl_typesupport_fastrtps_cpp/std_msgs/msg/detail/dds_fastrtps/int8_multi_array__type_support.cpp.o[0m
[ 76%] [32mBuilding CXX object CMakeFiles/std_msgs__rosidl_typesupport_fastrtps_cpp.dir/rosidl_typesupport_fastrtps_cpp/std_msgs/msg/detail/dds_fastrtps/multi_array_dimension__type_support.cpp.o[0m
[ 76%] [32mBuilding CXX object CMakeFiles/std_msgs__rosidl_typesupport_fastrtps_c.dir/rosidl_typesupport_fastrtps_c/std_msgs/msg/detail/empty__type_support_c.cpp.o[0m
[ 76%] [32mBuilding CXX object CMakeFiles/std_msgs__rosidl_typesupport_fastrtps_c.dir/rosidl_typesupport_fastrtps_c/std_msgs/msg/detail/float32__type_support_c.cpp.o[0m
[ 76%] [32mBuilding CXX object CMakeFiles/std_msgs__rosidl_typesupport_fastrtps_c.dir/rosidl_typesupport_fastrtps_c/std_msgs/msg/detail/float64__type_support_c.cpp.o[0m
[ 77%] [32mBuilding CXX object CMakeFiles/std_msgs__rosidl_typesupport_fastrtps_cpp.dir/rosidl_typesupport_fastrtps_cpp/std_msgs/msg/detail/dds_fastrtps/multi_array_layout__type_support.cpp.o[0m
[ 78%] [32mBuilding CXX object CMakeFiles/std_msgs__rosidl_typesupport_fastrtps_c.dir/rosidl_typesupport_fastrtps_c/std_msgs/msg/detail/float32_multi_array__type_support_c.cpp.o[0m
[ 78%] [32mBuilding CXX object CMakeFiles/std_msgs__rosidl_typesupport_fastrtps_c.dir/rosidl_typesupport_fastrtps_c/std_msgs/msg/detail/float64_multi_array__type_support_c.cpp.o[0m
[ 78%] [32mBuilding CXX object CMakeFiles/std_msgs__rosidl_typesupport_fastrtps_cpp.dir/rosidl_typesupport_fastrtps_cpp/std_msgs/msg/detail/dds_fastrtps/string__type_support.cpp.o[0m
[ 78%] [32mBuilding CXX object CMakeFiles/std_msgs__rosidl_typesupport_fastrtps_c.dir/rosidl_typesupport_fastrtps_c/std_msgs/msg/detail/int16__type_support_c.cpp.o[0m
[ 79%] [32mBuilding CXX object CMakeFiles/std_msgs__rosidl_typesupport_fastrtps_c.dir/rosidl_typesupport_fastrtps_c/std_msgs/msg/detail/header__type_support_c.cpp.o[0m
[ 79%] [32mBuilding CXX object CMakeFiles/std_msgs__rosidl_typesupport_fastrtps_c.dir/rosidl_typesupport_fastrtps_c/std_msgs/msg/detail/int16_multi_array__type_support_c.cpp.o[0m
[ 80%] [32mBuilding CXX object CMakeFiles/std_msgs__rosidl_typesupport_fastrtps_c.dir/rosidl_typesupport_fastrtps_c/std_msgs/msg/detail/int32__type_support_c.cpp.o[0m
[ 80%] [32mBuilding CXX object CMakeFiles/std_msgs__rosidl_typesupport_fastrtps_c.dir/rosidl_typesupport_fastrtps_c/std_msgs/msg/detail/int32_multi_array__type_support_c.cpp.o[0m
[ 80%] [32mBuilding CXX object CMakeFiles/std_msgs__rosidl_typesupport_fastrtps_c.dir/rosidl_typesupport_fastrtps_c/std_msgs/msg/detail/int64__type_support_c.cpp.o[0m
[ 80%] [32mBuilding CXX object CMakeFiles/std_msgs__rosidl_typesupport_fastrtps_cpp.dir/rosidl_typesupport_fastrtps_cpp/std_msgs/msg/detail/dds_fastrtps/u_int16__type_support.cpp.o[0m
[ 81%] [32mBuilding CXX object CMakeFiles/std_msgs__rosidl_typesupport_fastrtps_c.dir/rosidl_typesupport_fastrtps_c/std_msgs/msg/detail/int64_multi_array__type_support_c.cpp.o[0m
[ 81%] [32mBuilding CXX object CMakeFiles/std_msgs__rosidl_typesupport_fastrtps_c.dir/rosidl_typesupport_fastrtps_c/std_msgs/msg/detail/int8__type_support_c.cpp.o[0m
[ 82%] [32mBuilding CXX object CMakeFiles/std_msgs__rosidl_typesupport_fastrtps_cpp.dir/rosidl_typesupport_fastrtps_cpp/std_msgs/msg/detail/dds_fastrtps/u_int16_multi_array__type_support.cpp.o[0m
[ 82%] [32mBuilding CXX object CMakeFiles/std_msgs__rosidl_typesupport_fastrtps_cpp.dir/rosidl_typesupport_fastrtps_cpp/std_msgs/msg/detail/dds_fastrtps/u_int32__type_support.cpp.o[0m
[ 82%] [32mBuilding CXX object CMakeFiles/std_msgs__rosidl_typesupport_fastrtps_c.dir/rosidl_typesupport_fastrtps_c/std_msgs/msg/detail/int8_multi_array__type_support_c.cpp.o[0m
[ 82%] [32mBuilding CXX object CMakeFiles/std_msgs__rosidl_typesupport_fastrtps_cpp.dir/rosidl_typesupport_fastrtps_cpp/std_msgs/msg/detail/dds_fastrtps/u_int32_multi_array__type_support.cpp.o[0m
[ 82%] [32mBuilding CXX object CMakeFiles/std_msgs__rosidl_typesupport_fastrtps_c.dir/rosidl_typesupport_fastrtps_c/std_msgs/msg/detail/multi_array_dimension__type_support_c.cpp.o[0m
[ 83%] [32mBuilding CXX object CMakeFiles/std_msgs__rosidl_typesupport_fastrtps_c.dir/rosidl_typesupport_fastrtps_c/std_msgs/msg/detail/multi_array_layout__type_support_c.cpp.o[0m
[ 83%] [32mBuilding CXX object CMakeFiles/std_msgs__rosidl_typesupport_fastrtps_cpp.dir/rosidl_typesupport_fastrtps_cpp/std_msgs/msg/detail/dds_fastrtps/u_int64__type_support.cpp.o[0m
[ 83%] [32mBuilding CXX object CMakeFiles/std_msgs__rosidl_typesupport_fastrtps_c.dir/rosidl_typesupport_fastrtps_c/std_msgs/msg/detail/string__type_support_c.cpp.o[0m
[ 84%] [32mBuilding CXX object CMakeFiles/std_msgs__rosidl_typesupport_fastrtps_cpp.dir/rosidl_typesupport_fastrtps_cpp/std_msgs/msg/detail/dds_fastrtps/u_int64_multi_array__type_support.cpp.o[0m
[ 84%] [32mBuilding CXX object CMakeFiles/std_msgs__rosidl_typesupport_fastrtps_cpp.dir/rosidl_typesupport_fastrtps_cpp/std_msgs/msg/detail/dds_fastrtps/u_int8__type_support.cpp.o[0m
[ 84%] [32mBuilding CXX object CMakeFiles/std_msgs__rosidl_typesupport_fastrtps_c.dir/rosidl_typesupport_fastrtps_c/std_msgs/msg/detail/u_int16__type_support_c.cpp.o[0m
[ 84%] [32mBuilding CXX object CMakeFiles/std_msgs__rosidl_typesupport_fastrtps_cpp.dir/rosidl_typesupport_fastrtps_cpp/std_msgs/msg/detail/dds_fastrtps/u_int8_multi_array__type_support.cpp.o[0m
[ 85%] [32mBuilding CXX object CMakeFiles/std_msgs__rosidl_typesupport_fastrtps_c.dir/rosidl_typesupport_fastrtps_c/std_msgs/msg/detail/u_int16_multi_array__type_support_c.cpp.o[0m
[ 85%] [32mBuilding CXX object CMakeFiles/std_msgs__rosidl_typesupport_fastrtps_c.dir/rosidl_typesupport_fastrtps_c/std_msgs/msg/detail/u_int32__type_support_c.cpp.o[0m
[ 85%] [32mBuilding CXX object CMakeFiles/std_msgs__rosidl_typesupport_fastrtps_c.dir/rosidl_typesupport_fastrtps_c/std_msgs/msg/detail/u_int32_multi_array__type_support_c.cpp.o[0m
[ 86%] [32mBuilding CXX object CMakeFiles/std_msgs__rosidl_typesupport_fastrtps_c.dir/rosidl_typesupport_fastrtps_c/std_msgs/msg/detail/u_int64__type_support_c.cpp.o[0m
[ 86%] [32mBuilding CXX object CMakeFiles/std_msgs__rosidl_typesupport_fastrtps_c.dir/rosidl_typesupport_fastrtps_c/std_msgs/msg/detail/u_int64_multi_array__type_support_c.cpp.o[0m
[ 86%] [32mBuilding CXX object CMakeFiles/std_msgs__rosidl_typesupport_fastrtps_c.dir/rosidl_typesupport_fastrtps_c/std_msgs/msg/detail/u_int8__type_support_c.cpp.o[0m
[ 87%] [32mBuilding CXX object CMakeFiles/std_msgs__rosidl_typesupport_fastrtps_c.dir/rosidl_typesupport_fastrtps_c/std_msgs/msg/detail/u_int8_multi_array__type_support_c.cpp.o[0m
[ 88%] [32m[1mLinking CXX shared library libstd_msgs__rosidl_typesupport_fastrtps_cpp.so[0m
[ 88%] [32m[1mLinking CXX shared library libstd_msgs__rosidl_typesupport_fastrtps_c.so[0m
[ 88%] Built target std_msgs__rosidl_typesupport_fastrtps_cpp
[ 88%] Built target std_msgs__rosidl_typesupport_fastrtps_c
[ 88%] Built target std_msgs
[ 88%] [34m[1mGenerating Python code for ROS interfaces[0m
[ 88%] Built target std_msgs__py
[ 89%] [32mBuilding C object CMakeFiles/std_msgs__rosidl_generator_py.dir/rosidl_generator_py/std_msgs/msg/_bool_s.c.o[0m
[ 89%] [32mBuilding C object CMakeFiles/std_msgs__rosidl_generator_py.dir/rosidl_generator_py/std_msgs/msg/_color_rgba_s.c.o[0m
[ 89%] [32mBuilding C object CMakeFiles/std_msgs__rosidl_generator_py.dir/rosidl_generator_py/std_msgs/msg/_byte_s.c.o[0m
[ 89%] [32mBuilding C object CMakeFiles/std_msgs__rosidl_generator_py.dir/rosidl_generator_py/std_msgs/msg/_byte_multi_array_s.c.o[0m
[ 91%] [32mBuilding C object CMakeFiles/std_msgs__rosidl_generator_py.dir/rosidl_generator_py/std_msgs/msg/_float64_s.c.o[0m
[ 91%] [32mBuilding C object CMakeFiles/std_msgs__rosidl_generator_py.dir/rosidl_generator_py/std_msgs/msg/_char_s.c.o[0m
[ 91%] [32mBuilding C object CMakeFiles/std_msgs__rosidl_generator_py.dir/rosidl_generator_py/std_msgs/msg/_empty_s.c.o[0m
[ 92%] [32mBuilding C object CMakeFiles/std_msgs__rosidl_generator_py.dir/rosidl_generator_py/std_msgs/msg/_float64_multi_array_s.c.o[0m
[ 92%] [32mBuilding C object CMakeFiles/std_msgs__rosidl_generator_py.dir/rosidl_generator_py/std_msgs/msg/_float32_s.c.o[0m
[ 92%] [32mBuilding C object CMakeFiles/std_msgs__rosidl_generator_py.dir/rosidl_generator_py/std_msgs/msg/_int16_s.c.o[0m
[ 92%] [32mBuilding C object CMakeFiles/std_msgs__rosidl_generator_py.dir/rosidl_generator_py/std_msgs/msg/_header_s.c.o[0m
[ 92%] [32mBuilding C object CMakeFiles/std_msgs__rosidl_generator_py.dir/rosidl_generator_py/std_msgs/msg/_int16_multi_array_s.c.o[0m
[ 92%] [32mBuilding C object CMakeFiles/std_msgs__rosidl_generator_py.dir/rosidl_generator_py/std_msgs/msg/_int32_multi_array_s.c.o[0m
[ 92%] [32mBuilding C object CMakeFiles/std_msgs__rosidl_generator_py.dir/rosidl_generator_py/std_msgs/msg/_float32_multi_array_s.c.o[0m
[ 93%] [32mBuilding C object CMakeFiles/std_msgs__rosidl_generator_py.dir/rosidl_generator_py/std_msgs/msg/_int32_s.c.o[0m
[ 93%] [32mBuilding C object CMakeFiles/std_msgs__rosidl_generator_py.dir/rosidl_generator_py/std_msgs/msg/_int64_s.c.o[0m
[ 93%] [32mBuilding C object CMakeFiles/std_msgs__rosidl_generator_py.dir/rosidl_generator_py/std_msgs/msg/_int8_multi_array_s.c.o[0m
[ 93%] [32mBuilding C object CMakeFiles/std_msgs__rosidl_generator_py.dir/rosidl_generator_py/std_msgs/msg/_int8_s.c.o[0m
[ 94%] [32mBuilding C object CMakeFiles/std_msgs__rosidl_generator_py.dir/rosidl_generator_py/std_msgs/msg/_int64_multi_array_s.c.o[0m
[ 95%] [32mBuilding C object CMakeFiles/std_msgs__rosidl_generator_py.dir/rosidl_generator_py/std_msgs/msg/_multi_array_dimension_s.c.o[0m
[ 95%] [32mBuilding C object CMakeFiles/std_msgs__rosidl_generator_py.dir/rosidl_generator_py/std_msgs/msg/_multi_array_layout_s.c.o[0m
[ 95%] [32mBuilding C object CMakeFiles/std_msgs__rosidl_generator_py.dir/rosidl_generator_py/std_msgs/msg/_string_s.c.o[0m
[ 96%] [32mBuilding C object CMakeFiles/std_msgs__rosidl_generator_py.dir/rosidl_generator_py/std_msgs/msg/_u_int16_s.c.o[0m
[ 96%] [32mBuilding C object CMakeFiles/std_msgs__rosidl_generator_py.dir/rosidl_generator_py/std_msgs/msg/_u_int16_multi_array_s.c.o[0m
[ 96%] [32mBuilding C object CMakeFiles/std_msgs__rosidl_generator_py.dir/rosidl_generator_py/std_msgs/msg/_u_int32_multi_array_s.c.o[0m
[ 96%] [32mBuilding C object CMakeFiles/std_msgs__rosidl_generator_py.dir/rosidl_generator_py/std_msgs/msg/_u_int32_s.c.o[0m
[ 97%] [32mBuilding C object CMakeFiles/std_msgs__rosidl_generator_py.dir/rosidl_generator_py/std_msgs/msg/_u_int64_s.c.o[0m
[ 97%] [32mBuilding C object CMakeFiles/std_msgs__rosidl_generator_py.dir/rosidl_generator_py/std_msgs/msg/_u_int8_s.c.o[0m
[ 97%] [32mBuilding C object CMakeFiles/std_msgs__rosidl_generator_py.dir/rosidl_generator_py/std_msgs/msg/_u_int64_multi_array_s.c.o[0m
[ 98%] [32mBuilding C object CMakeFiles/std_msgs__rosidl_generator_py.dir/rosidl_generator_py/std_msgs/msg/_u_int8_multi_array_s.c.o[0m
[ 98%] [32m[1mLinking C shared library libstd_msgs__rosidl_generator_py.so[0m
[ 98%] Built target std_msgs__rosidl_generator_py
[ 98%] [32mBuilding C object CMakeFiles/std_msgs_s__rosidl_typesupport_c.dir/rosidl_generator_py/std_msgs/_std_msgs_s.ep.rosidl_typesupport_c.c.o[0m
[ 99%] [32mBuilding C object CMakeFiles/std_msgs_s__rosidl_typesupport_fastrtps_c.dir/rosidl_generator_py/std_msgs/_std_msgs_s.ep.rosidl_typesupport_fastrtps_c.c.o[0m
[ 99%] [32mBuilding C object CMakeFiles/std_msgs_s__rosidl_typesupport_introspection_c.dir/rosidl_generator_py/std_msgs/_std_msgs_s.ep.rosidl_typesupport_introspection_c.c.o[0m
[100%] [32m[1mLinking C shared module rosidl_generator_py/std_msgs/std_msgs_s__rosidl_typesupport_introspection_c.so[0m
[100%] [32m[1mLinking C shared module rosidl_generator_py/std_msgs/std_msgs_s__rosidl_typesupport_c.so[0m
[100%] [32m[1mLinking C shared module rosidl_generator_py/std_msgs/std_msgs_s__rosidl_typesupport_fastrtps_c.so[0m
[100%] Built target std_msgs_s__rosidl_typesupport_c
[100%] Built target std_msgs_s__rosidl_typesupport_introspection_c
[100%] Built target std_msgs_s__rosidl_typesupport_fastrtps_c
-- Install configuration: ""
-- Installing: /home/rsanz/git/learning/ROS2/RustROS2/install/std_msgs/share/ament_index/resource_index/rosidl_interfaces/std_msgs
-- Installing: /home/rsanz/git/learning/ROS2/RustROS2/install/std_msgs/share/std_msgs/msg/Bool.json
-- Installing: /home/rsanz/git/learning/ROS2/RustROS2/install/std_msgs/share/std_msgs/msg/Byte.json
-- Installing: /home/rsanz/git/learning/ROS2/RustROS2/install/std_msgs/share/std_msgs/msg/ByteMultiArray.json
-- Installing: /home/rsanz/git/learning/ROS2/RustROS2/install/std_msgs/share/std_msgs/msg/Char.json
-- Installing: /home/rsanz/git/learning/ROS2/RustROS2/install/std_msgs/share/std_msgs/msg/ColorRGBA.json
-- Installing: /home/rsanz/git/learning/ROS2/RustROS2/install/std_msgs/share/std_msgs/msg/Empty.json
-- Installing: /home/rsanz/git/learning/ROS2/RustROS2/install/std_msgs/share/std_msgs/msg/Float32.json
-- Installing: /home/rsanz/git/learning/ROS2/RustROS2/install/std_msgs/share/std_msgs/msg/Float32MultiArray.json
-- Installing: /home/rsanz/git/learning/ROS2/RustROS2/install/std_msgs/share/std_msgs/msg/Float64.json
-- Installing: /home/rsanz/git/learning/ROS2/RustROS2/install/std_msgs/share/std_msgs/msg/Float64MultiArray.json
-- Installing: /home/rsanz/git/learning/ROS2/RustROS2/install/std_msgs/share/std_msgs/msg/Header.json
-- Installing: /home/rsanz/git/learning/ROS2/RustROS2/install/std_msgs/share/std_msgs/msg/Int16.json
-- Installing: /home/rsanz/git/learning/ROS2/RustROS2/install/std_msgs/share/std_msgs/msg/Int16MultiArray.json
-- Installing: /home/rsanz/git/learning/ROS2/RustROS2/install/std_msgs/share/std_msgs/msg/Int32.json
-- Installing: /home/rsanz/git/learning/ROS2/RustROS2/install/std_msgs/share/std_msgs/msg/Int32MultiArray.json
-- Installing: /home/rsanz/git/learning/ROS2/RustROS2/install/std_msgs/share/std_msgs/msg/Int64.json
-- Installing: /home/rsanz/git/learning/ROS2/RustROS2/install/std_msgs/share/std_msgs/msg/Int64MultiArray.json
-- Installing: /home/rsanz/git/learning/ROS2/RustROS2/install/std_msgs/share/std_msgs/msg/Int8.json
-- Installing: /home/rsanz/git/learning/ROS2/RustROS2/install/std_msgs/share/std_msgs/msg/Int8MultiArray.json
-- Installing: /home/rsanz/git/learning/ROS2/RustROS2/install/std_msgs/share/std_msgs/msg/MultiArrayDimension.json
-- Installing: /home/rsanz/git/learning/ROS2/RustROS2/install/std_msgs/share/std_msgs/msg/MultiArrayLayout.json
-- Installing: /home/rsanz/git/learning/ROS2/RustROS2/install/std_msgs/share/std_msgs/msg/String.json
-- Installing: /home/rsanz/git/learning/ROS2/RustROS2/install/std_msgs/share/std_msgs/msg/UInt16.json
-- Installing: /home/rsanz/git/learning/ROS2/RustROS2/install/std_msgs/share/std_msgs/msg/UInt16MultiArray.json
-- Installing: /home/rsanz/git/learning/ROS2/RustROS2/install/std_msgs/share/std_msgs/msg/UInt32.json
-- Installing: /home/rsanz/git/learning/ROS2/RustROS2/install/std_msgs/share/std_msgs/msg/UInt32MultiArray.json
-- Installing: /home/rsanz/git/learning/ROS2/RustROS2/install/std_msgs/share/std_msgs/msg/UInt64.json
-- Installing: /home/rsanz/git/learning/ROS2/RustROS2/install/std_msgs/share/std_msgs/msg/UInt64MultiArray.json
-- Installing: /home/rsanz/git/learning/ROS2/RustROS2/install/std_msgs/share/std_msgs/msg/UInt8.json
-- Installing: /home/rsanz/git/learning/ROS2/RustROS2/install/std_msgs/share/std_msgs/msg/UInt8MultiArray.json
-- Installing: /home/rsanz/git/learning/ROS2/RustROS2/install/std_msgs/include/std_msgs/std_msgs
-- Installing: /home/rsanz/git/learning/ROS2/RustROS2/install/std_msgs/include/std_msgs/std_msgs/msg
-- Installing: /home/rsanz/git/learning/ROS2/RustROS2/install/std_msgs/include/std_msgs/std_msgs/msg/bool.h
-- Installing: /home/rsanz/git/learning/ROS2/RustROS2/install/std_msgs/include/std_msgs/std_msgs/msg/rosidl_generator_c__visibility_control.h
-- Installing: /home/rsanz/git/learning/ROS2/RustROS2/install/std_msgs/include/std_msgs/std_msgs/msg/u_int32.h
-- Installing: /home/rsanz/git/learning/ROS2/RustROS2/install/std_msgs/include/std_msgs/std_msgs/msg/int64_multi_array.h
-- Installing: /home/rsanz/git/learning/ROS2/RustROS2/install/std_msgs/include/std_msgs/std_msgs/msg/u_int8.h
-- Installing: /home/rsanz/git/learning/ROS2/RustROS2/install/std_msgs/include/std_msgs/std_msgs/msg/int64.h
-- Installing: /home/rsanz/git/learning/ROS2/RustROS2/install/std_msgs/include/std_msgs/std_msgs/msg/u_int16_multi_array.h
-- Installing: /home/rsanz/git/learning/ROS2/RustROS2/install/std_msgs/include/std_msgs/std_msgs/msg/int32_multi_array.h
-- Installing: /home/rsanz/git/learning/ROS2/RustROS2/install/std_msgs/include/std_msgs/std_msgs/msg/int32.h
-- Installing: /home/rsanz/git/learning/ROS2/RustROS2/install/std_msgs/include/std_msgs/std_msgs/msg/header.h
-- Installing: /home/rsanz/git/learning/ROS2/RustROS2/install/std_msgs/include/std_msgs/std_msgs/msg/char.h
-- Installing: /home/rsanz/git/learning/ROS2/RustROS2/install/std_msgs/include/std_msgs/std_msgs/msg/byte_multi_array.h
-- Installing: /home/rsanz/git/learning/ROS2/RustROS2/install/std_msgs/include/std_msgs/std_msgs/msg/int16_multi_array.h
-- Installing: /home/rsanz/git/learning/ROS2/RustROS2/install/std_msgs/include/std_msgs/std_msgs/msg/int8.h
-- Installing: /home/rsanz/git/learning/ROS2/RustROS2/install/std_msgs/include/std_msgs/std_msgs/msg/u_int64.h
-- Installing: /home/rsanz/git/learning/ROS2/RustROS2/install/std_msgs/include/std_msgs/std_msgs/msg/multi_array_dimension.h
-- Installing: /home/rsanz/git/learning/ROS2/RustROS2/install/std_msgs/include/std_msgs/std_msgs/msg/float32_multi_array.h
-- Installing: /home/rsanz/git/learning/ROS2/RustROS2/install/std_msgs/include/std_msgs/std_msgs/msg/u_int32_multi_array.h
-- Installing: /home/rsanz/git/learning/ROS2/RustROS2/install/std_msgs/include/std_msgs/std_msgs/msg/empty.h
-- Installing: /home/rsanz/git/learning/ROS2/RustROS2/install/std_msgs/include/std_msgs/std_msgs/msg/float64.h
-- Installing: /home/rsanz/git/learning/ROS2/RustROS2/install/std_msgs/include/std_msgs/std_msgs/msg/byte.h
-- Installing: /home/rsanz/git/learning/ROS2/RustROS2/install/std_msgs/include/std_msgs/std_msgs/msg/u_int16.h
-- Installing: /home/rsanz/git/learning/ROS2/RustROS2/install/std_msgs/include/std_msgs/std_msgs/msg/detail
-- Installing: /home/rsanz/git/learning/ROS2/RustROS2/install/std_msgs/include/std_msgs/std_msgs/msg/detail/float64_multi_array__struct.h
-- Installing: /home/rsanz/git/learning/ROS2/RustROS2/install/std_msgs/include/std_msgs/std_msgs/msg/detail/int32__type_support.h
-- Installing: /home/rsanz/git/learning/ROS2/RustROS2/install/std_msgs/include/std_msgs/std_msgs/msg/detail/u_int64__struct.h
-- Installing: /home/rsanz/git/learning/ROS2/RustROS2/install/std_msgs/include/std_msgs/std_msgs/msg/detail/float64_multi_array__description.c
-- Installing: /home/rsanz/git/learning/ROS2/RustROS2/install/std_msgs/include/std_msgs/std_msgs/msg/detail/u_int8__functions.c
-- Installing: /home/rsanz/git/learning/ROS2/RustROS2/install/std_msgs/include/std_msgs/std_msgs/msg/detail/char__functions.h
-- Installing: /home/rsanz/git/learning/ROS2/RustROS2/install/std_msgs/include/std_msgs/std_msgs/msg/detail/float64__type_support.h
-- Installing: /home/rsanz/git/learning/ROS2/RustROS2/install/std_msgs/include/std_msgs/std_msgs/msg/detail/u_int16__type_support.h
-- Installing: /home/rsanz/git/learning/ROS2/RustROS2/install/std_msgs/include/std_msgs/std_msgs/msg/detail/int64_multi_array__type_support.h
-- Installing: /home/rsanz/git/learning/ROS2/RustROS2/install/std_msgs/include/std_msgs/std_msgs/msg/detail/u_int16__description.c
-- Installing: /home/rsanz/git/learning/ROS2/RustROS2/install/std_msgs/include/std_msgs/std_msgs/msg/detail/u_int32__struct.h
-- Installing: /home/rsanz/git/learning/ROS2/RustROS2/install/std_msgs/include/std_msgs/std_msgs/msg/detail/u_int8_multi_array__type_support.h
-- Installing: /home/rsanz/git/learning/ROS2/RustROS2/install/std_msgs/include/std_msgs/std_msgs/msg/detail/header__type_support.c
-- Installing: /home/rsanz/git/learning/ROS2/RustROS2/install/std_msgs/include/std_msgs/std_msgs/msg/detail/int16_multi_array__type_support.c
-- Installing: /home/rsanz/git/learning/ROS2/RustROS2/install/std_msgs/include/std_msgs/std_msgs/msg/detail/int8__struct.h
-- Installing: /home/rsanz/git/learning/ROS2/RustROS2/install/std_msgs/include/std_msgs/std_msgs/msg/detail/u_int32_multi_array__functions.h
-- Installing: /home/rsanz/git/learning/ROS2/RustROS2/install/std_msgs/include/std_msgs/std_msgs/msg/detail/multi_array_layout__functions.h
-- Installing: /home/rsanz/git/learning/ROS2/RustROS2/install/std_msgs/include/std_msgs/std_msgs/msg/detail/header__type_support.h
-- Installing: /home/rsanz/git/learning/ROS2/RustROS2/install/std_msgs/include/std_msgs/std_msgs/msg/detail/int8__description.c
-- Installing: /home/rsanz/git/learning/ROS2/RustROS2/install/std_msgs/include/std_msgs/std_msgs/msg/detail/float32_multi_array__functions.c
-- Installing: /home/rsanz/git/learning/ROS2/RustROS2/install/std_msgs/include/std_msgs/std_msgs/msg/detail/float32__struct.h
-- Installing: /home/rsanz/git/learning/ROS2/RustROS2/install/std_msgs/include/std_msgs/std_msgs/msg/detail/char__description.c
-- Installing: /home/rsanz/git/learning/ROS2/RustROS2/install/std_msgs/include/std_msgs/std_msgs/msg/detail/u_int16__functions.c
-- Installing: /home/rsanz/git/learning/ROS2/RustROS2/install/std_msgs/include/std_msgs/std_msgs/msg/detail/float32_multi_array__functions.h
-- Installing: /home/rsanz/git/learning/ROS2/RustROS2/install/std_msgs/include/std_msgs/std_msgs/msg/detail/int8__functions.c
-- Installing: /home/rsanz/git/learning/ROS2/RustROS2/install/std_msgs/include/std_msgs/std_msgs/msg/detail/byte_multi_array__description.c
-- Installing: /home/rsanz/git/learning/ROS2/RustROS2/install/std_msgs/include/std_msgs/std_msgs/msg/detail/u_int16__functions.h
-- Installing: /home/rsanz/git/learning/ROS2/RustROS2/install/std_msgs/include/std_msgs/std_msgs/msg/detail/color_rgba__description.c
-- Installing: /home/rsanz/git/learning/ROS2/RustROS2/install/std_msgs/include/std_msgs/std_msgs/msg/detail/int64__type_support.c
-- Installing: /home/rsanz/git/learning/ROS2/RustROS2/install/std_msgs/include/std_msgs/std_msgs/msg/detail/int64__functions.c
-- Installing: /home/rsanz/git/learning/ROS2/RustROS2/install/std_msgs/include/std_msgs/std_msgs/msg/detail/bool__description.c
-- Installing: /home/rsanz/git/learning/ROS2/RustROS2/install/std_msgs/include/std_msgs/std_msgs/msg/detail/byte__type_support.c
-- Installing: /home/rsanz/git/learning/ROS2/RustROS2/install/std_msgs/include/std_msgs/std_msgs/msg/detail/byte_multi_array__functions.c
-- Installing: /home/rsanz/git/learning/ROS2/RustROS2/install/std_msgs/include/std_msgs/std_msgs/msg/detail/float64_multi_array__functions.h
-- Installing: /home/rsanz/git/learning/ROS2/RustROS2/install/std_msgs/include/std_msgs/std_msgs/msg/detail/color_rgba__functions.h
-- Installing: /home/rsanz/git/learning/ROS2/RustROS2/install/std_msgs/include/std_msgs/std_msgs/msg/detail/u_int64__type_support.h
-- Installing: /home/rsanz/git/learning/ROS2/RustROS2/install/std_msgs/include/std_msgs/std_msgs/msg/detail/string__functions.h
-- Installing: /home/rsanz/git/learning/ROS2/RustROS2/install/std_msgs/include/std_msgs/std_msgs/msg/detail/int16__functions.c
-- Installing: /home/rsanz/git/learning/ROS2/RustROS2/install/std_msgs/include/std_msgs/std_msgs/msg/detail/u_int8__type_support.h
-- Installing: /home/rsanz/git/learning/ROS2/RustROS2/install/std_msgs/include/std_msgs/std_msgs/msg/detail/empty__struct.h
-- Installing: /home/rsanz/git/learning/ROS2/RustROS2/install/std_msgs/include/std_msgs/std_msgs/msg/detail/float64__description.c
-- Installing: /home/rsanz/git/learning/ROS2/RustROS2/install/std_msgs/include/std_msgs/std_msgs/msg/detail/int16_multi_array__functions.c
-- Installing: /home/rsanz/git/learning/ROS2/RustROS2/install/std_msgs/include/std_msgs/std_msgs/msg/detail/byte_multi_array__type_support.h
-- Installing: /home/rsanz/git/learning/ROS2/RustROS2/install/std_msgs/include/std_msgs/std_msgs/msg/detail/float32_multi_array__struct.h
-- Installing: /home/rsanz/git/learning/ROS2/RustROS2/install/std_msgs/include/std_msgs/std_msgs/msg/detail/int64__functions.h
-- Installing: /home/rsanz/git/learning/ROS2/RustROS2/install/std_msgs/include/std_msgs/std_msgs/msg/detail/int64__description.c
-- Installing: /home/rsanz/git/learning/ROS2/RustROS2/install/std_msgs/include/std_msgs/std_msgs/msg/detail/header__description.c
-- Installing: /home/rsanz/git/learning/ROS2/RustROS2/install/std_msgs/include/std_msgs/std_msgs/msg/detail/int32__struct.h
-- Installing: /home/rsanz/git/learning/ROS2/RustROS2/install/std_msgs/include/std_msgs/std_msgs/msg/detail/int16__type_support.c
-- Installing: /home/rsanz/git/learning/ROS2/RustROS2/install/std_msgs/include/std_msgs/std_msgs/msg/detail/int8_multi_array__functions.c
-- Installing: /home/rsanz/git/learning/ROS2/RustROS2/install/std_msgs/include/std_msgs/std_msgs/msg/detail/float64__functions.h
-- Installing: /home/rsanz/git/learning/ROS2/RustROS2/install/std_msgs/include/std_msgs/std_msgs/msg/detail/float32_multi_array__description.c
-- Installing: /home/rsanz/git/learning/ROS2/RustROS2/install/std_msgs/include/std_msgs/std_msgs/msg/detail/byte_multi_array__functions.h
-- Installing: /home/rsanz/git/learning/ROS2/RustROS2/install/std_msgs/include/std_msgs/std_msgs/msg/detail/u_int64_multi_array__description.c
-- Installing: /home/rsanz/git/learning/ROS2/RustROS2/install/std_msgs/include/std_msgs/std_msgs/msg/detail/int16__description.c
-- Installing: /home/rsanz/git/learning/ROS2/RustROS2/install/std_msgs/include/std_msgs/std_msgs/msg/detail/string__description.c
-- Installing: /home/rsanz/git/learning/ROS2/RustROS2/install/std_msgs/include/std_msgs/std_msgs/msg/detail/empty__functions.h
-- Installing: /home/rsanz/git/learning/ROS2/RustROS2/install/std_msgs/include/std_msgs/std_msgs/msg/detail/u_int32_multi_array__type_support.c
-- Installing: /home/rsanz/git/learning/ROS2/RustROS2/install/std_msgs/include/std_msgs/std_msgs/msg/detail/multi_array_layout__description.c
-- Installing: /home/rsanz/git/learning/ROS2/RustROS2/install/std_msgs/include/std_msgs/std_msgs/msg/detail/u_int64_multi_array__functions.h
-- Installing: /home/rsanz/git/learning/ROS2/RustROS2/install/std_msgs/include/std_msgs/std_msgs/msg/detail/byte__functions.c
-- Installing: /home/rsanz/git/learning/ROS2/RustROS2/install/std_msgs/include/std_msgs/std_msgs/msg/detail/int64_multi_array__struct.h
-- Installing: /home/rsanz/git/learning/ROS2/RustROS2/install/std_msgs/include/std_msgs/std_msgs/msg/detail/u_int32_multi_array__type_support.h
-- Installing: /home/rsanz/git/learning/ROS2/RustROS2/install/std_msgs/include/std_msgs/std_msgs/msg/detail/u_int16_multi_array__functions.h
-- Installing: /home/rsanz/git/learning/ROS2/RustROS2/install/std_msgs/include/std_msgs/std_msgs/msg/detail/u_int8_multi_array__description.c
-- Installing: /home/rsanz/git/learning/ROS2/RustROS2/install/std_msgs/include/std_msgs/std_msgs/msg/detail/int8__type_support.c
-- Installing: /home/rsanz/git/learning/ROS2/RustROS2/install/std_msgs/include/std_msgs/std_msgs/msg/detail/header__functions.c
-- Installing: /home/rsanz/git/learning/ROS2/RustROS2/install/std_msgs/include/std_msgs/std_msgs/msg/detail/string__struct.h
-- Installing: /home/rsanz/git/learning/ROS2/RustROS2/install/std_msgs/include/std_msgs/std_msgs/msg/detail/u_int64_multi_array__struct.h
-- Installing: /home/rsanz/git/learning/ROS2/RustROS2/install/std_msgs/include/std_msgs/std_msgs/msg/detail/multi_array_dimension__struct.h
-- Installing: /home/rsanz/git/learning/ROS2/RustROS2/install/std_msgs/include/std_msgs/std_msgs/msg/detail/float32__functions.c
-- Installing: /home/rsanz/git/learning/ROS2/RustROS2/install/std_msgs/include/std_msgs/std_msgs/msg/detail/u_int16__type_support.c
-- Installing: /home/rsanz/git/learning/ROS2/RustROS2/install/std_msgs/include/std_msgs/std_msgs/msg/detail/float32__description.c
-- Installing: /home/rsanz/git/learning/ROS2/RustROS2/install/std_msgs/include/std_msgs/std_msgs/msg/detail/empty__type_support.h
-- Installing: /home/rsanz/git/learning/ROS2/RustROS2/install/std_msgs/include/std_msgs/std_msgs/msg/detail/u_int16_multi_array__description.c
-- Installing: /home/rsanz/git/learning/ROS2/RustROS2/install/std_msgs/include/std_msgs/std_msgs/msg/detail/char__type_support.h
-- Installing: /home/rsanz/git/learning/ROS2/RustROS2/install/std_msgs/include/std_msgs/std_msgs/msg/detail/int16_multi_array__type_support.h
-- Installing: /home/rsanz/git/learning/ROS2/RustROS2/install/std_msgs/include/std_msgs/std_msgs/msg/detail/u_int8_multi_array__type_support.c
-- Installing: /home/rsanz/git/learning/ROS2/RustROS2/install/std_msgs/include/std_msgs/std_msgs/msg/detail/int32__functions.h
-- Installing: /home/rsanz/git/learning/ROS2/RustROS2/install/std_msgs/include/std_msgs/std_msgs/msg/detail/u_int16_multi_array__struct.h
-- Installing: /home/rsanz/git/learning/ROS2/RustROS2/install/std_msgs/include/std_msgs/std_msgs/msg/detail/bool__functions.c
-- Installing: /home/rsanz/git/learning/ROS2/RustROS2/install/std_msgs/include/std_msgs/std_msgs/msg/detail/u_int32__type_support.c
-- Installing: /home/rsanz/git/learning/ROS2/RustROS2/install/std_msgs/include/std_msgs/std_msgs/msg/detail/int64__struct.h
-- Installing: /home/rsanz/git/learning/ROS2/RustROS2/install/std_msgs/include/std_msgs/std_msgs/msg/detail/u_int32_multi_array__struct.h
-- Installing: /home/rsanz/git/learning/ROS2/RustROS2/install/std_msgs/include/std_msgs/std_msgs/msg/detail/u_int64__functions.c
-- Installing: /home/rsanz/git/learning/ROS2/RustROS2/install/std_msgs/include/std_msgs/std_msgs/msg/detail/u_int8_multi_array__struct.h
-- Installing: /home/rsanz/git/learning/ROS2/RustROS2/install/std_msgs/include/std_msgs/std_msgs/msg/detail/int16__type_support.h
-- Installing: /home/rsanz/git/learning/ROS2/RustROS2/install/std_msgs/include/std_msgs/std_msgs/msg/detail/byte__type_support.h
-- Installing: /home/rsanz/git/learning/ROS2/RustROS2/install/std_msgs/include/std_msgs/std_msgs/msg/detail/float32_multi_array__type_support.c
-- Installing: /home/rsanz/git/learning/ROS2/RustROS2/install/std_msgs/include/std_msgs/std_msgs/msg/detail/int16__functions.h
-- Installing: /home/rsanz/git/learning/ROS2/RustROS2/install/std_msgs/include/std_msgs/std_msgs/msg/detail/bool__type_support.c
-- Installing: /home/rsanz/git/learning/ROS2/RustROS2/install/std_msgs/include/std_msgs/std_msgs/msg/detail/u_int32__description.c
-- Installing: /home/rsanz/git/learning/ROS2/RustROS2/install/std_msgs/include/std_msgs/std_msgs/msg/detail/float32_multi_array__type_support.h
-- Installing: /home/rsanz/git/learning/ROS2/RustROS2/install/std_msgs/include/std_msgs/std_msgs/msg/detail/int8_multi_array__description.c
-- Installing: /home/rsanz/git/learning/ROS2/RustROS2/install/std_msgs/include/std_msgs/std_msgs/msg/detail/int8_multi_array__type_support.h
-- Installing: /home/rsanz/git/learning/ROS2/RustROS2/install/std_msgs/include/std_msgs/std_msgs/msg/detail/int8__functions.h
-- Installing: /home/rsanz/git/learning/ROS2/RustROS2/install/std_msgs/include/std_msgs/std_msgs/msg/detail/u_int16__struct.h
-- Installing: /home/rsanz/git/learning/ROS2/RustROS2/install/std_msgs/include/std_msgs/std_msgs/msg/detail/int64__type_support.h
-- Installing: /home/rsanz/git/learning/ROS2/RustROS2/install/std_msgs/include/std_msgs/std_msgs/msg/detail/int32_multi_array__struct.h
-- Installing: /home/rsanz/git/learning/ROS2/RustROS2/install/std_msgs/include/std_msgs/std_msgs/msg/detail/u_int64__description.c
-- Installing: /home/rsanz/git/learning/ROS2/RustROS2/install/std_msgs/include/std_msgs/std_msgs/msg/detail/char__type_support.c
-- Installing: /home/rsanz/git/learning/ROS2/RustROS2/install/std_msgs/include/std_msgs/std_msgs/msg/detail/int64_multi_array__type_support.c
-- Installing: /home/rsanz/git/learning/ROS2/RustROS2/install/std_msgs/include/std_msgs/std_msgs/msg/detail/int16__struct.h
-- Installing: /home/rsanz/git/learning/ROS2/RustROS2/install/std_msgs/include/std_msgs/std_msgs/msg/detail/int64_multi_array__description.c
-- Installing: /home/rsanz/git/learning/ROS2/RustROS2/install/std_msgs/include/std_msgs/std_msgs/msg/detail/u_int8__description.c
-- Installing: /home/rsanz/git/learning/ROS2/RustROS2/install/std_msgs/include/std_msgs/std_msgs/msg/detail/empty__functions.c
-- Installing: /home/rsanz/git/learning/ROS2/RustROS2/install/std_msgs/include/std_msgs/std_msgs/msg/detail/color_rgba__type_support.h
-- Installing: /home/rsanz/git/learning/ROS2/RustROS2/install/std_msgs/include/std_msgs/std_msgs/msg/detail/u_int8__type_support.c
-- Installing: /home/rsanz/git/learning/ROS2/RustROS2/install/std_msgs/include/std_msgs/std_msgs/msg/detail/int64_multi_array__functions.c
-- Installing: /home/rsanz/git/learning/ROS2/RustROS2/install/std_msgs/include/std_msgs/std_msgs/msg/detail/header__functions.h
-- Installing: /home/rsanz/git/learning/ROS2/RustROS2/install/std_msgs/include/std_msgs/std_msgs/msg/detail/int32_multi_array__functions.c
-- Installing: /home/rsanz/git/learning/ROS2/RustROS2/install/std_msgs/include/std_msgs/std_msgs/msg/detail/char__struct.h
-- Installing: /home/rsanz/git/learning/ROS2/RustROS2/install/std_msgs/include/std_msgs/std_msgs/msg/detail/float32__type_support.h
-- Installing: /home/rsanz/git/learning/ROS2/RustROS2/install/std_msgs/include/std_msgs/std_msgs/msg/detail/u_int64_multi_array__type_support.h
-- Installing: /home/rsanz/git/learning/ROS2/RustROS2/install/std_msgs/include/std_msgs/std_msgs/msg/detail/float64__struct.h
-- Installing: /home/rsanz/git/learning/ROS2/RustROS2/install/std_msgs/include/std_msgs/std_msgs/msg/detail/u_int8_multi_array__functions.c
-- Installing: /home/rsanz/git/learning/ROS2/RustROS2/install/std_msgs/include/std_msgs/std_msgs/msg/detail/int16_multi_array__description.c
-- Installing: /home/rsanz/git/learning/ROS2/RustROS2/install/std_msgs/include/std_msgs/std_msgs/msg/detail/u_int16_multi_array__type_support.h
-- Installing: /home/rsanz/git/learning/ROS2/RustROS2/install/std_msgs/include/std_msgs/std_msgs/msg/detail/u_int8__functions.h
-- Installing: /home/rsanz/git/learning/ROS2/RustROS2/install/std_msgs/include/std_msgs/std_msgs/msg/detail/int32__description.c
-- Installing: /home/rsanz/git/learning/ROS2/RustROS2/install/std_msgs/include/std_msgs/std_msgs/msg/detail/float32__functions.h
-- Installing: /home/rsanz/git/learning/ROS2/RustROS2/install/std_msgs/include/std_msgs/std_msgs/msg/detail/u_int8_multi_array__functions.h
-- Installing: /home/rsanz/git/learning/ROS2/RustROS2/install/std_msgs/include/std_msgs/std_msgs/msg/detail/header__struct.h
-- Installing: /home/rsanz/git/learning/ROS2/RustROS2/install/std_msgs/include/std_msgs/std_msgs/msg/detail/int16_multi_array__functions.h
-- Installing: /home/rsanz/git/learning/ROS2/RustROS2/install/std_msgs/include/std_msgs/std_msgs/msg/detail/multi_array_dimension__type_support.h
-- Installing: /home/rsanz/git/learning/ROS2/RustROS2/install/std_msgs/include/std_msgs/std_msgs/msg/detail/multi_array_dimension__description.c
-- Installing: /home/rsanz/git/learning/ROS2/RustROS2/install/std_msgs/include/std_msgs/std_msgs/msg/detail/u_int64_multi_array__functions.c
-- Installing: /home/rsanz/git/learning/ROS2/RustROS2/install/std_msgs/include/std_msgs/std_msgs/msg/detail/multi_array_layout__struct.h
-- Installing: /home/rsanz/git/learning/ROS2/RustROS2/install/std_msgs/include/std_msgs/std_msgs/msg/detail/float64_multi_array__type_support.c
-- Installing: /home/rsanz/git/learning/ROS2/RustROS2/install/std_msgs/include/std_msgs/std_msgs/msg/detail/byte__description.c
-- Installing: /home/rsanz/git/learning/ROS2/RustROS2/install/std_msgs/include/std_msgs/std_msgs/msg/detail/u_int16_multi_array__type_support.c
-- Installing: /home/rsanz/git/learning/ROS2/RustROS2/install/std_msgs/include/std_msgs/std_msgs/msg/detail/u_int32_multi_array__description.c
-- Installing: /home/rsanz/git/learning/ROS2/RustROS2/install/std_msgs/include/std_msgs/std_msgs/msg/detail/u_int32__type_support.h
-- Installing: /home/rsanz/git/learning/ROS2/RustROS2/install/std_msgs/include/std_msgs/std_msgs/msg/detail/u_int64_multi_array__type_support.c
-- Installing: /home/rsanz/git/learning/ROS2/RustROS2/install/std_msgs/include/std_msgs/std_msgs/msg/detail/u_int32__functions.h
-- Installing: /home/rsanz/git/learning/ROS2/RustROS2/install/std_msgs/include/std_msgs/std_msgs/msg/detail/int32_multi_array__type_support.h
-- Installing: /home/rsanz/git/learning/ROS2/RustROS2/install/std_msgs/include/std_msgs/std_msgs/msg/detail/multi_array_dimension__functions.c
-- Installing: /home/rsanz/git/learning/ROS2/RustROS2/install/std_msgs/include/std_msgs/std_msgs/msg/detail/color_rgba__functions.c
-- Installing: /home/rsanz/git/learning/ROS2/RustROS2/install/std_msgs/include/std_msgs/std_msgs/msg/detail/byte_multi_array__type_support.c
-- Installing: /home/rsanz/git/learning/ROS2/RustROS2/install/std_msgs/include/std_msgs/std_msgs/msg/detail/color_rgba__struct.h
-- Installing: /home/rsanz/git/learning/ROS2/RustROS2/install/std_msgs/include/std_msgs/std_msgs/msg/detail/bool__struct.h
-- Installing: /home/rsanz/git/learning/ROS2/RustROS2/install/std_msgs/include/std_msgs/std_msgs/msg/detail/int32__type_support.c
-- Installing: /home/rsanz/git/learning/ROS2/RustROS2/install/std_msgs/include/std_msgs/std_msgs/msg/detail/byte__struct.h
-- Installing: /home/rsanz/git/learning/ROS2/RustROS2/install/std_msgs/include/std_msgs/std_msgs/msg/detail/u_int32_multi_array__functions.c
-- Installing: /home/rsanz/git/learning/ROS2/RustROS2/install/std_msgs/include/std_msgs/std_msgs/msg/detail/int8_multi_array__type_support.c
-- Installing: /home/rsanz/git/learning/ROS2/RustROS2/install/std_msgs/include/std_msgs/std_msgs/msg/detail/multi_array_layout__type_support.c
-- Installing: /home/rsanz/git/learning/ROS2/RustROS2/install/std_msgs/include/std_msgs/std_msgs/msg/detail/u_int8__struct.h
-- Installing: /home/rsanz/git/learning/ROS2/RustROS2/install/std_msgs/include/std_msgs/std_msgs/msg/detail/char__functions.c
-- Installing: /home/rsanz/git/learning/ROS2/RustROS2/install/std_msgs/include/std_msgs/std_msgs/msg/detail/multi_array_dimension__type_support.c
-- Installing: /home/rsanz/git/learning/ROS2/RustROS2/install/std_msgs/include/std_msgs/std_msgs/msg/detail/color_rgba__type_support.c
-- Installing: /home/rsanz/git/learning/ROS2/RustROS2/install/std_msgs/include/std_msgs/std_msgs/msg/detail/float32__type_support.c
-- Installing: /home/rsanz/git/learning/ROS2/RustROS2/install/std_msgs/include/std_msgs/std_msgs/msg/detail/int32_multi_array__type_support.c
-- Installing: /home/rsanz/git/learning/ROS2/RustROS2/install/std_msgs/include/std_msgs/std_msgs/msg/detail/int8__type_support.h
-- Installing: /home/rsanz/git/learning/ROS2/RustROS2/install/std_msgs/include/std_msgs/std_msgs/msg/detail/string__type_support.h
-- Installing: /home/rsanz/git/learning/ROS2/RustROS2/install/std_msgs/include/std_msgs/std_msgs/msg/detail/int64_multi_array__functions.h
-- Installing: /home/rsanz/git/learning/ROS2/RustROS2/install/std_msgs/include/std_msgs/std_msgs/msg/detail/float64_multi_array__functions.c
-- Installing: /home/rsanz/git/learning/ROS2/RustROS2/install/std_msgs/include/std_msgs/std_msgs/msg/detail/byte_multi_array__struct.h
-- Installing: /home/rsanz/git/learning/ROS2/RustROS2/install/std_msgs/include/std_msgs/std_msgs/msg/detail/float64__functions.c
-- Installing: /home/rsanz/git/learning/ROS2/RustROS2/install/std_msgs/include/std_msgs/std_msgs/msg/detail/int8_multi_array__functions.h
-- Installing: /home/rsanz/git/learning/ROS2/RustROS2/install/std_msgs/include/std_msgs/std_msgs/msg/detail/int8_multi_array__struct.h
-- Installing: /home/rsanz/git/learning/ROS2/RustROS2/install/std_msgs/include/std_msgs/std_msgs/msg/detail/empty__type_support.c
-- Installing: /home/rsanz/git/learning/ROS2/RustROS2/install/std_msgs/include/std_msgs/std_msgs/msg/detail/multi_array_layout__functions.c
-- Installing: /home/rsanz/git/learning/ROS2/RustROS2/install/std_msgs/include/std_msgs/std_msgs/msg/detail/u_int16_multi_array__functions.c
-- Installing: /home/rsanz/git/learning/ROS2/RustROS2/install/std_msgs/include/std_msgs/std_msgs/msg/detail/u_int64__type_support.c
-- Installing: /home/rsanz/git/learning/ROS2/RustROS2/install/std_msgs/include/std_msgs/std_msgs/msg/detail/int16_multi_array__struct.h
-- Installing: /home/rsanz/git/learning/ROS2/RustROS2/install/std_msgs/include/std_msgs/std_msgs/msg/detail/u_int64__functions.h
-- Installing: /home/rsanz/git/learning/ROS2/RustROS2/install/std_msgs/include/std_msgs/std_msgs/msg/detail/byte__functions.h
-- Installing: /home/rsanz/git/learning/ROS2/RustROS2/install/std_msgs/include/std_msgs/std_msgs/msg/detail/float64__type_support.c
-- Installing: /home/rsanz/git/learning/ROS2/RustROS2/install/std_msgs/include/std_msgs/std_msgs/msg/detail/int32__functions.c
-- Installing: /home/rsanz/git/learning/ROS2/RustROS2/install/std_msgs/include/std_msgs/std_msgs/msg/detail/string__functions.c
-- Installing: /home/rsanz/git/learning/ROS2/RustROS2/install/std_msgs/include/std_msgs/std_msgs/msg/detail/int32_multi_array__description.c
-- Installing: /home/rsanz/git/learning/ROS2/RustROS2/install/std_msgs/include/std_msgs/std_msgs/msg/detail/multi_array_dimension__functions.h
-- Installing: /home/rsanz/git/learning/ROS2/RustROS2/install/std_msgs/include/std_msgs/std_msgs/msg/detail/empty__description.c
-- Installing: /home/rsanz/git/learning/ROS2/RustROS2/install/std_msgs/include/std_msgs/std_msgs/msg/detail/bool__functions.h
-- Installing: /home/rsanz/git/learning/ROS2/RustROS2/install/std_msgs/include/std_msgs/std_msgs/msg/detail/multi_array_layout__type_support.h
-- Installing: /home/rsanz/git/learning/ROS2/RustROS2/install/std_msgs/include/std_msgs/std_msgs/msg/detail/u_int32__functions.c
-- Installing: /home/rsanz/git/learning/ROS2/RustROS2/install/std_msgs/include/std_msgs/std_msgs/msg/detail/string__type_support.c
-- Installing: /home/rsanz/git/learning/ROS2/RustROS2/install/std_msgs/include/std_msgs/std_msgs/msg/detail/bool__type_support.h
-- Installing: /home/rsanz/git/learning/ROS2/RustROS2/install/std_msgs/include/std_msgs/std_msgs/msg/detail/int32_multi_array__functions.h
-- Installing: /home/rsanz/git/learning/ROS2/RustROS2/install/std_msgs/include/std_msgs/std_msgs/msg/detail/float64_multi_array__type_support.h
-- Installing: /home/rsanz/git/learning/ROS2/RustROS2/install/std_msgs/include/std_msgs/std_msgs/msg/u_int64_multi_array.h
-- Installing: /home/rsanz/git/learning/ROS2/RustROS2/install/std_msgs/include/std_msgs/std_msgs/msg/multi_array_layout.h
-- Installing: /home/rsanz/git/learning/ROS2/RustROS2/install/std_msgs/include/std_msgs/std_msgs/msg/int16.h
-- Installing: /home/rsanz/git/learning/ROS2/RustROS2/install/std_msgs/include/std_msgs/std_msgs/msg/float32.h
-- Installing: /home/rsanz/git/learning/ROS2/RustROS2/install/std_msgs/include/std_msgs/std_msgs/msg/float64_multi_array.h
-- Installing: /home/rsanz/git/learning/ROS2/RustROS2/install/std_msgs/include/std_msgs/std_msgs/msg/string.h
-- Installing: /home/rsanz/git/learning/ROS2/RustROS2/install/std_msgs/include/std_msgs/std_msgs/msg/color_rgba.h
-- Installing: /home/rsanz/git/learning/ROS2/RustROS2/install/std_msgs/include/std_msgs/std_msgs/msg/u_int8_multi_array.h
-- Installing: /home/rsanz/git/learning/ROS2/RustROS2/install/std_msgs/include/std_msgs/std_msgs/msg/int8_multi_array.h
-- Installing: /home/rsanz/git/learning/ROS2/RustROS2/install/std_msgs/share/std_msgs/environment/library_path.sh
-- Installing: /home/rsanz/git/learning/ROS2/RustROS2/install/std_msgs/share/std_msgs/environment/library_path.dsv
-- Installing: /home/rsanz/git/learning/ROS2/RustROS2/install/std_msgs/lib/libstd_msgs__rosidl_generator_c.so
-- Set non-toolchain portion of runtime path of "/home/rsanz/git/learning/ROS2/RustROS2/install/std_msgs/lib/libstd_msgs__rosidl_generator_c.so" to ""
-- Up-to-date: /home/rsanz/git/learning/ROS2/RustROS2/install/std_msgs/include/std_msgs/std_msgs
-- Up-to-date: /home/rsanz/git/learning/ROS2/RustROS2/install/std_msgs/include/std_msgs/std_msgs/msg
-- Installing: /home/rsanz/git/learning/ROS2/RustROS2/install/std_msgs/include/std_msgs/std_msgs/msg/rosidl_typesupport_fastrtps_c__visibility_control.h
-- Up-to-date: /home/rsanz/git/learning/ROS2/RustROS2/install/std_msgs/include/std_msgs/std_msgs/msg/detail
-- Installing: /home/rsanz/git/learning/ROS2/RustROS2/install/std_msgs/include/std_msgs/std_msgs/msg/detail/int64__rosidl_typesupport_fastrtps_c.h
-- Installing: /home/rsanz/git/learning/ROS2/RustROS2/install/std_msgs/include/std_msgs/std_msgs/msg/detail/u_int64_multi_array__rosidl_typesupport_fastrtps_c.h
-- Installing: /home/rsanz/git/learning/ROS2/RustROS2/install/std_msgs/include/std_msgs/std_msgs/msg/detail/u_int8_multi_array__rosidl_typesupport_fastrtps_c.h
-- Installing: /home/rsanz/git/learning/ROS2/RustROS2/install/std_msgs/include/std_msgs/std_msgs/msg/detail/int64_multi_array__rosidl_typesupport_fastrtps_c.h
-- Installing: /home/rsanz/git/learning/ROS2/RustROS2/install/std_msgs/include/std_msgs/std_msgs/msg/detail/int16__rosidl_typesupport_fastrtps_c.h
-- Installing: /home/rsanz/git/learning/ROS2/RustROS2/install/std_msgs/include/std_msgs/std_msgs/msg/detail/float32__rosidl_typesupport_fastrtps_c.h
-- Installing: /home/rsanz/git/learning/ROS2/RustROS2/install/std_msgs/include/std_msgs/std_msgs/msg/detail/multi_array_dimension__rosidl_typesupport_fastrtps_c.h
-- Installing: /home/rsanz/git/learning/ROS2/RustROS2/install/std_msgs/include/std_msgs/std_msgs/msg/detail/u_int16_multi_array__rosidl_typesupport_fastrtps_c.h
-- Installing: /home/rsanz/git/learning/ROS2/RustROS2/install/std_msgs/include/std_msgs/std_msgs/msg/detail/color_rgba__rosidl_typesupport_fastrtps_c.h
-- Installing: /home/rsanz/git/learning/ROS2/RustROS2/install/std_msgs/include/std_msgs/std_msgs/msg/detail/header__rosidl_typesupport_fastrtps_c.h
-- Installing: /home/rsanz/git/learning/ROS2/RustROS2/install/std_msgs/include/std_msgs/std_msgs/msg/detail/string__rosidl_typesupport_fastrtps_c.h
-- Installing: /home/rsanz/git/learning/ROS2/RustROS2/install/std_msgs/include/std_msgs/std_msgs/msg/detail/byte_multi_array__rosidl_typesupport_fastrtps_c.h
-- Installing: /home/rsanz/git/learning/ROS2/RustROS2/install/std_msgs/include/std_msgs/std_msgs/msg/detail/int16_multi_array__rosidl_typesupport_fastrtps_c.h
-- Installing: /home/rsanz/git/learning/ROS2/RustROS2/install/std_msgs/include/std_msgs/std_msgs/msg/detail/bool__rosidl_typesupport_fastrtps_c.h
-- Installing: /home/rsanz/git/learning/ROS2/RustROS2/install/std_msgs/include/std_msgs/std_msgs/msg/detail/empty__rosidl_typesupport_fastrtps_c.h
-- Installing: /home/rsanz/git/learning/ROS2/RustROS2/install/std_msgs/include/std_msgs/std_msgs/msg/detail/char__rosidl_typesupport_fastrtps_c.h
-- Installing: /home/rsanz/git/learning/ROS2/RustROS2/install/std_msgs/include/std_msgs/std_msgs/msg/detail/u_int8__rosidl_typesupport_fastrtps_c.h
-- Installing: /home/rsanz/git/learning/ROS2/RustROS2/install/std_msgs/include/std_msgs/std_msgs/msg/detail/float64__rosidl_typesupport_fastrtps_c.h
-- Installing: /home/rsanz/git/learning/ROS2/RustROS2/install/std_msgs/include/std_msgs/std_msgs/msg/detail/u_int16__rosidl_typesupport_fastrtps_c.h
-- Installing: /home/rsanz/git/learning/ROS2/RustROS2/install/std_msgs/include/std_msgs/std_msgs/msg/detail/int32__rosidl_typesupport_fastrtps_c.h
-- Installing: /home/rsanz/git/learning/ROS2/RustROS2/install/std_msgs/include/std_msgs/std_msgs/msg/detail/u_int32__rosidl_typesupport_fastrtps_c.h
-- Installing: /home/rsanz/git/learning/ROS2/RustROS2/install/std_msgs/include/std_msgs/std_msgs/msg/detail/byte__rosidl_typesupport_fastrtps_c.h
-- Installing: /home/rsanz/git/learning/ROS2/RustROS2/install/std_msgs/include/std_msgs/std_msgs/msg/detail/int32_multi_array__rosidl_typesupport_fastrtps_c.h
-- Installing: /home/rsanz/git/learning/ROS2/RustROS2/install/std_msgs/include/std_msgs/std_msgs/msg/detail/float32_multi_array__rosidl_typesupport_fastrtps_c.h
-- Installing: /home/rsanz/git/learning/ROS2/RustROS2/install/std_msgs/include/std_msgs/std_msgs/msg/detail/float64_multi_array__rosidl_typesupport_fastrtps_c.h
-- Installing: /home/rsanz/git/learning/ROS2/RustROS2/install/std_msgs/include/std_msgs/std_msgs/msg/detail/u_int64__rosidl_typesupport_fastrtps_c.h
-- Installing: /home/rsanz/git/learning/ROS2/RustROS2/install/std_msgs/include/std_msgs/std_msgs/msg/detail/u_int32_multi_array__rosidl_typesupport_fastrtps_c.h
-- Installing: /home/rsanz/git/learning/ROS2/RustROS2/install/std_msgs/include/std_msgs/std_msgs/msg/detail/int8__rosidl_typesupport_fastrtps_c.h
-- Installing: /home/rsanz/git/learning/ROS2/RustROS2/install/std_msgs/include/std_msgs/std_msgs/msg/detail/multi_array_layout__rosidl_typesupport_fastrtps_c.h
-- Installing: /home/rsanz/git/learning/ROS2/RustROS2/install/std_msgs/include/std_msgs/std_msgs/msg/detail/int8_multi_array__rosidl_typesupport_fastrtps_c.h
-- Installing: /home/rsanz/git/learning/ROS2/RustROS2/install/std_msgs/lib/libstd_msgs__rosidl_typesupport_fastrtps_c.so
-- Set non-toolchain portion of runtime path of "/home/rsanz/git/learning/ROS2/RustROS2/install/std_msgs/lib/libstd_msgs__rosidl_typesupport_fastrtps_c.so" to ""
-- Up-to-date: /home/rsanz/git/learning/ROS2/RustROS2/install/std_msgs/include/std_msgs/std_msgs
-- Up-to-date: /home/rsanz/git/learning/ROS2/RustROS2/install/std_msgs/include/std_msgs/std_msgs/msg
-- Installing: /home/rsanz/git/learning/ROS2/RustROS2/install/std_msgs/include/std_msgs/std_msgs/msg/multi_array_dimension.hpp
-- Installing: /home/rsanz/git/learning/ROS2/RustROS2/install/std_msgs/include/std_msgs/std_msgs/msg/float64_multi_array.hpp
-- Installing: /home/rsanz/git/learning/ROS2/RustROS2/install/std_msgs/include/std_msgs/std_msgs/msg/empty.hpp
-- Installing: /home/rsanz/git/learning/ROS2/RustROS2/install/std_msgs/include/std_msgs/std_msgs/msg/byte.hpp
-- Installing: /home/rsanz/git/learning/ROS2/RustROS2/install/std_msgs/include/std_msgs/std_msgs/msg/string.hpp
-- Installing: /home/rsanz/git/learning/ROS2/RustROS2/install/std_msgs/include/std_msgs/std_msgs/msg/u_int8_multi_array.hpp
-- Installing: /home/rsanz/git/learning/ROS2/RustROS2/install/std_msgs/include/std_msgs/std_msgs/msg/bool.hpp
-- Installing: /home/rsanz/git/learning/ROS2/RustROS2/install/std_msgs/include/std_msgs/std_msgs/msg/int32_multi_array.hpp
-- Installing: /home/rsanz/git/learning/ROS2/RustROS2/install/std_msgs/include/std_msgs/std_msgs/msg/u_int32.hpp
-- Installing: /home/rsanz/git/learning/ROS2/RustROS2/install/std_msgs/include/std_msgs/std_msgs/msg/int8.hpp
-- Installing: /home/rsanz/git/learning/ROS2/RustROS2/install/std_msgs/include/std_msgs/std_msgs/msg/color_rgba.hpp
-- Installing: /home/rsanz/git/learning/ROS2/RustROS2/install/std_msgs/include/std_msgs/std_msgs/msg/float32.hpp
-- Installing: /home/rsanz/git/learning/ROS2/RustROS2/install/std_msgs/include/std_msgs/std_msgs/msg/int16.hpp
-- Installing: /home/rsanz/git/learning/ROS2/RustROS2/install/std_msgs/include/std_msgs/std_msgs/msg/int64.hpp
-- Installing: /home/rsanz/git/learning/ROS2/RustROS2/install/std_msgs/include/std_msgs/std_msgs/msg/u_int8.hpp
-- Installing: /home/rsanz/git/learning/ROS2/RustROS2/install/std_msgs/include/std_msgs/std_msgs/msg/multi_array_layout.hpp
-- Installing: /home/rsanz/git/learning/ROS2/RustROS2/install/std_msgs/include/std_msgs/std_msgs/msg/u_int64_multi_array.hpp
-- Installing: /home/rsanz/git/learning/ROS2/RustROS2/install/std_msgs/include/std_msgs/std_msgs/msg/int16_multi_array.hpp
-- Installing: /home/rsanz/git/learning/ROS2/RustROS2/install/std_msgs/include/std_msgs/std_msgs/msg/byte_multi_array.hpp
-- Installing: /home/rsanz/git/learning/ROS2/RustROS2/install/std_msgs/include/std_msgs/std_msgs/msg/u_int32_multi_array.hpp
-- Installing: /home/rsanz/git/learning/ROS2/RustROS2/install/std_msgs/include/std_msgs/std_msgs/msg/u_int16_multi_array.hpp
-- Installing: /home/rsanz/git/learning/ROS2/RustROS2/install/std_msgs/include/std_msgs/std_msgs/msg/int64_multi_array.hpp
-- Installing: /home/rsanz/git/learning/ROS2/RustROS2/install/std_msgs/include/std_msgs/std_msgs/msg/int32.hpp
-- Up-to-date: /home/rsanz/git/learning/ROS2/RustROS2/install/std_msgs/include/std_msgs/std_msgs/msg/detail
-- Installing: /home/rsanz/git/learning/ROS2/RustROS2/install/std_msgs/include/std_msgs/std_msgs/msg/detail/u_int8_multi_array__traits.hpp
-- Installing: /home/rsanz/git/learning/ROS2/RustROS2/install/std_msgs/include/std_msgs/std_msgs/msg/detail/u_int8__type_support.hpp
-- Installing: /home/rsanz/git/learning/ROS2/RustROS2/install/std_msgs/include/std_msgs/std_msgs/msg/detail/u_int16_multi_array__builder.hpp
-- Installing: /home/rsanz/git/learning/ROS2/RustROS2/install/std_msgs/include/std_msgs/std_msgs/msg/detail/byte__builder.hpp
-- Installing: /home/rsanz/git/learning/ROS2/RustROS2/install/std_msgs/include/std_msgs/std_msgs/msg/detail/multi_array_dimension__struct.hpp
-- Installing: /home/rsanz/git/learning/ROS2/RustROS2/install/std_msgs/include/std_msgs/std_msgs/msg/detail/int32_multi_array__builder.hpp
-- Installing: /home/rsanz/git/learning/ROS2/RustROS2/install/std_msgs/include/std_msgs/std_msgs/msg/detail/int32_multi_array__traits.hpp
-- Installing: /home/rsanz/git/learning/ROS2/RustROS2/install/std_msgs/include/std_msgs/std_msgs/msg/detail/int64__struct.hpp
-- Installing: /home/rsanz/git/learning/ROS2/RustROS2/install/std_msgs/include/std_msgs/std_msgs/msg/detail/header__builder.hpp
-- Installing: /home/rsanz/git/learning/ROS2/RustROS2/install/std_msgs/include/std_msgs/std_msgs/msg/detail/int32_multi_array__struct.hpp
-- Installing: /home/rsanz/git/learning/ROS2/RustROS2/install/std_msgs/include/std_msgs/std_msgs/msg/detail/byte_multi_array__struct.hpp
-- Installing: /home/rsanz/git/learning/ROS2/RustROS2/install/std_msgs/include/std_msgs/std_msgs/msg/detail/float64__struct.hpp
-- Installing: /home/rsanz/git/learning/ROS2/RustROS2/install/std_msgs/include/std_msgs/std_msgs/msg/detail/int64_multi_array__type_support.hpp
-- Installing: /home/rsanz/git/learning/ROS2/RustROS2/install/std_msgs/include/std_msgs/std_msgs/msg/detail/int64__traits.hpp
-- Installing: /home/rsanz/git/learning/ROS2/RustROS2/install/std_msgs/include/std_msgs/std_msgs/msg/detail/u_int64_multi_array__traits.hpp
-- Installing: /home/rsanz/git/learning/ROS2/RustROS2/install/std_msgs/include/std_msgs/std_msgs/msg/detail/float64_multi_array__type_support.hpp
-- Installing: /home/rsanz/git/learning/ROS2/RustROS2/install/std_msgs/include/std_msgs/std_msgs/msg/detail/u_int32_multi_array__type_support.hpp
-- Installing: /home/rsanz/git/learning/ROS2/RustROS2/install/std_msgs/include/std_msgs/std_msgs/msg/detail/int8_multi_array__struct.hpp
-- Installing: /home/rsanz/git/learning/ROS2/RustROS2/install/std_msgs/include/std_msgs/std_msgs/msg/detail/float32_multi_array__type_support.hpp
-- Installing: /home/rsanz/git/learning/ROS2/RustROS2/install/std_msgs/include/std_msgs/std_msgs/msg/detail/u_int32_multi_array__builder.hpp
-- Installing: /home/rsanz/git/learning/ROS2/RustROS2/install/std_msgs/include/std_msgs/std_msgs/msg/detail/u_int16_multi_array__traits.hpp
-- Installing: /home/rsanz/git/learning/ROS2/RustROS2/install/std_msgs/include/std_msgs/std_msgs/msg/detail/int16_multi_array__builder.hpp
-- Installing: /home/rsanz/git/learning/ROS2/RustROS2/install/std_msgs/include/std_msgs/std_msgs/msg/detail/u_int32__traits.hpp
-- Installing: /home/rsanz/git/learning/ROS2/RustROS2/install/std_msgs/include/std_msgs/std_msgs/msg/detail/int16_multi_array__traits.hpp
-- Installing: /home/rsanz/git/learning/ROS2/RustROS2/install/std_msgs/include/std_msgs/std_msgs/msg/detail/float64_multi_array__traits.hpp
-- Installing: /home/rsanz/git/learning/ROS2/RustROS2/install/std_msgs/include/std_msgs/std_msgs/msg/detail/byte__type_support.hpp
-- Installing: /home/rsanz/git/learning/ROS2/RustROS2/install/std_msgs/include/std_msgs/std_msgs/msg/detail/u_int8__struct.hpp
-- Installing: /home/rsanz/git/learning/ROS2/RustROS2/install/std_msgs/include/std_msgs/std_msgs/msg/detail/u_int64__struct.hpp
-- Installing: /home/rsanz/git/learning/ROS2/RustROS2/install/std_msgs/include/std_msgs/std_msgs/msg/detail/multi_array_dimension__builder.hpp
-- Installing: /home/rsanz/git/learning/ROS2/RustROS2/install/std_msgs/include/std_msgs/std_msgs/msg/detail/int8_multi_array__traits.hpp
-- Installing: /home/rsanz/git/learning/ROS2/RustROS2/install/std_msgs/include/std_msgs/std_msgs/msg/detail/char__struct.hpp
-- Installing: /home/rsanz/git/learning/ROS2/RustROS2/install/std_msgs/include/std_msgs/std_msgs/msg/detail/bool__traits.hpp
-- Installing: /home/rsanz/git/learning/ROS2/RustROS2/install/std_msgs/include/std_msgs/std_msgs/msg/detail/u_int16_multi_array__type_support.hpp
-- Installing: /home/rsanz/git/learning/ROS2/RustROS2/install/std_msgs/include/std_msgs/std_msgs/msg/detail/byte__struct.hpp
-- Installing: /home/rsanz/git/learning/ROS2/RustROS2/install/std_msgs/include/std_msgs/std_msgs/msg/detail/u_int16__struct.hpp
-- Installing: /home/rsanz/git/learning/ROS2/RustROS2/install/std_msgs/include/std_msgs/std_msgs/msg/detail/char__type_support.hpp
-- Installing: /home/rsanz/git/learning/ROS2/RustROS2/install/std_msgs/include/std_msgs/std_msgs/msg/detail/int8__struct.hpp
-- Installing: /home/rsanz/git/learning/ROS2/RustROS2/install/std_msgs/include/std_msgs/std_msgs/msg/detail/float64_multi_array__builder.hpp
-- Installing: /home/rsanz/git/learning/ROS2/RustROS2/install/std_msgs/include/std_msgs/std_msgs/msg/detail/int16_multi_array__struct.hpp
-- Installing: /home/rsanz/git/learning/ROS2/RustROS2/install/std_msgs/include/std_msgs/std_msgs/msg/detail/float32_multi_array__struct.hpp
-- Installing: /home/rsanz/git/learning/ROS2/RustROS2/install/std_msgs/include/std_msgs/std_msgs/msg/detail/color_rgba__traits.hpp
-- Installing: /home/rsanz/git/learning/ROS2/RustROS2/install/std_msgs/include/std_msgs/std_msgs/msg/detail/int8_multi_array__builder.hpp
-- Installing: /home/rsanz/git/learning/ROS2/RustROS2/install/std_msgs/include/std_msgs/std_msgs/msg/detail/empty__traits.hpp
-- Installing: /home/rsanz/git/learning/ROS2/RustROS2/install/std_msgs/include/std_msgs/std_msgs/msg/detail/bool__struct.hpp
-- Installing: /home/rsanz/git/learning/ROS2/RustROS2/install/std_msgs/include/std_msgs/std_msgs/msg/detail/u_int8_multi_array__builder.hpp
-- Installing: /home/rsanz/git/learning/ROS2/RustROS2/install/std_msgs/include/std_msgs/std_msgs/msg/detail/int16__type_support.hpp
-- Installing: /home/rsanz/git/learning/ROS2/RustROS2/install/std_msgs/include/std_msgs/std_msgs/msg/detail/multi_array_layout__traits.hpp
-- Installing: /home/rsanz/git/learning/ROS2/RustROS2/install/std_msgs/include/std_msgs/std_msgs/msg/detail/float32_multi_array__builder.hpp
-- Installing: /home/rsanz/git/learning/ROS2/RustROS2/install/std_msgs/include/std_msgs/std_msgs/msg/detail/int32__struct.hpp
-- Installing: /home/rsanz/git/learning/ROS2/RustROS2/install/std_msgs/include/std_msgs/std_msgs/msg/detail/float32__struct.hpp
-- Installing: /home/rsanz/git/learning/ROS2/RustROS2/install/std_msgs/include/std_msgs/std_msgs/msg/detail/int64_multi_array__builder.hpp
-- Installing: /home/rsanz/git/learning/ROS2/RustROS2/install/std_msgs/include/std_msgs/std_msgs/msg/detail/int32__traits.hpp
-- Installing: /home/rsanz/git/learning/ROS2/RustROS2/install/std_msgs/include/std_msgs/std_msgs/msg/detail/color_rgba__struct.hpp
-- Installing: /home/rsanz/git/learning/ROS2/RustROS2/install/std_msgs/include/std_msgs/std_msgs/msg/detail/header__traits.hpp
-- Installing: /home/rsanz/git/learning/ROS2/RustROS2/install/std_msgs/include/std_msgs/std_msgs/msg/detail/byte_multi_array__builder.hpp
-- Installing: /home/rsanz/git/learning/ROS2/RustROS2/install/std_msgs/include/std_msgs/std_msgs/msg/detail/u_int32__struct.hpp
-- Installing: /home/rsanz/git/learning/ROS2/RustROS2/install/std_msgs/include/std_msgs/std_msgs/msg/detail/int32__type_support.hpp
-- Installing: /home/rsanz/git/learning/ROS2/RustROS2/install/std_msgs/include/std_msgs/std_msgs/msg/detail/float32__type_support.hpp
-- Installing: /home/rsanz/git/learning/ROS2/RustROS2/install/std_msgs/include/std_msgs/std_msgs/msg/detail/int64__builder.hpp
-- Installing: /home/rsanz/git/learning/ROS2/RustROS2/install/std_msgs/include/std_msgs/std_msgs/msg/detail/u_int64_multi_array__struct.hpp
-- Installing: /home/rsanz/git/learning/ROS2/RustROS2/install/std_msgs/include/std_msgs/std_msgs/msg/detail/u_int16__type_support.hpp
-- Installing: /home/rsanz/git/learning/ROS2/RustROS2/install/std_msgs/include/std_msgs/std_msgs/msg/detail/byte_multi_array__type_support.hpp
-- Installing: /home/rsanz/git/learning/ROS2/RustROS2/install/std_msgs/include/std_msgs/std_msgs/msg/detail/u_int16_multi_array__struct.hpp
-- Installing: /home/rsanz/git/learning/ROS2/RustROS2/install/std_msgs/include/std_msgs/std_msgs/msg/detail/float32__builder.hpp
-- Installing: /home/rsanz/git/learning/ROS2/RustROS2/install/std_msgs/include/std_msgs/std_msgs/msg/detail/bool__builder.hpp
-- Installing: /home/rsanz/git/learning/ROS2/RustROS2/install/std_msgs/include/std_msgs/std_msgs/msg/detail/byte_multi_array__traits.hpp
-- Installing: /home/rsanz/git/learning/ROS2/RustROS2/install/std_msgs/include/std_msgs/std_msgs/msg/detail/u_int8_multi_array__type_support.hpp
-- Installing: /home/rsanz/git/learning/ROS2/RustROS2/install/std_msgs/include/std_msgs/std_msgs/msg/detail/multi_array_dimension__traits.hpp
-- Installing: /home/rsanz/git/learning/ROS2/RustROS2/install/std_msgs/include/std_msgs/std_msgs/msg/detail/u_int32_multi_array__struct.hpp
-- Installing: /home/rsanz/git/learning/ROS2/RustROS2/install/std_msgs/include/std_msgs/std_msgs/msg/detail/float64__type_support.hpp
-- Installing: /home/rsanz/git/learning/ROS2/RustROS2/install/std_msgs/include/std_msgs/std_msgs/msg/detail/int8__traits.hpp
-- Installing: /home/rsanz/git/learning/ROS2/RustROS2/install/std_msgs/include/std_msgs/std_msgs/msg/detail/multi_array_layout__type_support.hpp
-- Installing: /home/rsanz/git/learning/ROS2/RustROS2/install/std_msgs/include/std_msgs/std_msgs/msg/detail/empty__struct.hpp
-- Installing: /home/rsanz/git/learning/ROS2/RustROS2/install/std_msgs/include/std_msgs/std_msgs/msg/detail/u_int8__traits.hpp
-- Installing: /home/rsanz/git/learning/ROS2/RustROS2/install/std_msgs/include/std_msgs/std_msgs/msg/detail/int32_multi_array__type_support.hpp
-- Installing: /home/rsanz/git/learning/ROS2/RustROS2/install/std_msgs/include/std_msgs/std_msgs/msg/detail/u_int8__builder.hpp
-- Installing: /home/rsanz/git/learning/ROS2/RustROS2/install/std_msgs/include/std_msgs/std_msgs/msg/detail/u_int64__builder.hpp
-- Installing: /home/rsanz/git/learning/ROS2/RustROS2/install/std_msgs/include/std_msgs/std_msgs/msg/detail/multi_array_layout__struct.hpp
-- Installing: /home/rsanz/git/learning/ROS2/RustROS2/install/std_msgs/include/std_msgs/std_msgs/msg/detail/string__type_support.hpp
-- Installing: /home/rsanz/git/learning/ROS2/RustROS2/install/std_msgs/include/std_msgs/std_msgs/msg/detail/u_int64_multi_array__builder.hpp
-- Installing: /home/rsanz/git/learning/ROS2/RustROS2/install/std_msgs/include/std_msgs/std_msgs/msg/detail/empty__type_support.hpp
-- Installing: /home/rsanz/git/learning/ROS2/RustROS2/install/std_msgs/include/std_msgs/std_msgs/msg/detail/empty__builder.hpp
-- Installing: /home/rsanz/git/learning/ROS2/RustROS2/install/std_msgs/include/std_msgs/std_msgs/msg/detail/byte__traits.hpp
-- Installing: /home/rsanz/git/learning/ROS2/RustROS2/install/std_msgs/include/std_msgs/std_msgs/msg/detail/int16__traits.hpp
-- Installing: /home/rsanz/git/learning/ROS2/RustROS2/install/std_msgs/include/std_msgs/std_msgs/msg/detail/u_int8_multi_array__struct.hpp
-- Installing: /home/rsanz/git/learning/ROS2/RustROS2/install/std_msgs/include/std_msgs/std_msgs/msg/detail/color_rgba__type_support.hpp
-- Installing: /home/rsanz/git/learning/ROS2/RustROS2/install/std_msgs/include/std_msgs/std_msgs/msg/detail/u_int64_multi_array__type_support.hpp
-- Installing: /home/rsanz/git/learning/ROS2/RustROS2/install/std_msgs/include/std_msgs/std_msgs/msg/detail/int64_multi_array__traits.hpp
-- Installing: /home/rsanz/git/learning/ROS2/RustROS2/install/std_msgs/include/std_msgs/std_msgs/msg/detail/multi_array_layout__builder.hpp
-- Installing: /home/rsanz/git/learning/ROS2/RustROS2/install/std_msgs/include/std_msgs/std_msgs/msg/detail/char__builder.hpp
-- Installing: /home/rsanz/git/learning/ROS2/RustROS2/install/std_msgs/include/std_msgs/std_msgs/msg/detail/string__traits.hpp
-- Installing: /home/rsanz/git/learning/ROS2/RustROS2/install/std_msgs/include/std_msgs/std_msgs/msg/detail/string__struct.hpp
-- Installing: /home/rsanz/git/learning/ROS2/RustROS2/install/std_msgs/include/std_msgs/std_msgs/msg/detail/u_int16__traits.hpp
-- Installing: /home/rsanz/git/learning/ROS2/RustROS2/install/std_msgs/include/std_msgs/std_msgs/msg/detail/multi_array_dimension__type_support.hpp
-- Installing: /home/rsanz/git/learning/ROS2/RustROS2/install/std_msgs/include/std_msgs/std_msgs/msg/detail/int32__builder.hpp
-- Installing: /home/rsanz/git/learning/ROS2/RustROS2/install/std_msgs/include/std_msgs/std_msgs/msg/detail/u_int64__type_support.hpp
-- Installing: /home/rsanz/git/learning/ROS2/RustROS2/install/std_msgs/include/std_msgs/std_msgs/msg/detail/int16__struct.hpp
-- Installing: /home/rsanz/git/learning/ROS2/RustROS2/install/std_msgs/include/std_msgs/std_msgs/msg/detail/int8__builder.hpp
-- Installing: /home/rsanz/git/learning/ROS2/RustROS2/install/std_msgs/include/std_msgs/std_msgs/msg/detail/color_rgba__builder.hpp
-- Installing: /home/rsanz/git/learning/ROS2/RustROS2/install/std_msgs/include/std_msgs/std_msgs/msg/detail/float64__builder.hpp
-- Installing: /home/rsanz/git/learning/ROS2/RustROS2/install/std_msgs/include/std_msgs/std_msgs/msg/detail/header__struct.hpp
-- Installing: /home/rsanz/git/learning/ROS2/RustROS2/install/std_msgs/include/std_msgs/std_msgs/msg/detail/int64_multi_array__struct.hpp
-- Installing: /home/rsanz/git/learning/ROS2/RustROS2/install/std_msgs/include/std_msgs/std_msgs/msg/detail/int8__type_support.hpp
-- Installing: /home/rsanz/git/learning/ROS2/RustROS2/install/std_msgs/include/std_msgs/std_msgs/msg/detail/int64__type_support.hpp
-- Installing: /home/rsanz/git/learning/ROS2/RustROS2/install/std_msgs/include/std_msgs/std_msgs/msg/detail/int16_multi_array__type_support.hpp
-- Installing: /home/rsanz/git/learning/ROS2/RustROS2/install/std_msgs/include/std_msgs/std_msgs/msg/detail/u_int32__type_support.hpp
-- Installing: /home/rsanz/git/learning/ROS2/RustROS2/install/std_msgs/include/std_msgs/std_msgs/msg/detail/string__builder.hpp
-- Installing: /home/rsanz/git/learning/ROS2/RustROS2/install/std_msgs/include/std_msgs/std_msgs/msg/detail/u_int32_multi_array__traits.hpp
-- Installing: /home/rsanz/git/learning/ROS2/RustROS2/install/std_msgs/include/std_msgs/std_msgs/msg/detail/u_int16__builder.hpp
-- Installing: /home/rsanz/git/learning/ROS2/RustROS2/install/std_msgs/include/std_msgs/std_msgs/msg/detail/u_int32__builder.hpp
-- Installing: /home/rsanz/git/learning/ROS2/RustROS2/install/std_msgs/include/std_msgs/std_msgs/msg/detail/int8_multi_array__type_support.hpp
-- Installing: /home/rsanz/git/learning/ROS2/RustROS2/install/std_msgs/include/std_msgs/std_msgs/msg/detail/header__type_support.hpp
-- Installing: /home/rsanz/git/learning/ROS2/RustROS2/install/std_msgs/include/std_msgs/std_msgs/msg/detail/u_int64__traits.hpp
-- Installing: /home/rsanz/git/learning/ROS2/RustROS2/install/std_msgs/include/std_msgs/std_msgs/msg/detail/float64_multi_array__struct.hpp
-- Installing: /home/rsanz/git/learning/ROS2/RustROS2/install/std_msgs/include/std_msgs/std_msgs/msg/detail/float32_multi_array__traits.hpp
-- Installing: /home/rsanz/git/learning/ROS2/RustROS2/install/std_msgs/include/std_msgs/std_msgs/msg/detail/int16__builder.hpp
-- Installing: /home/rsanz/git/learning/ROS2/RustROS2/install/std_msgs/include/std_msgs/std_msgs/msg/detail/char__traits.hpp
-- Installing: /home/rsanz/git/learning/ROS2/RustROS2/install/std_msgs/include/std_msgs/std_msgs/msg/detail/float64__traits.hpp
-- Installing: /home/rsanz/git/learning/ROS2/RustROS2/install/std_msgs/include/std_msgs/std_msgs/msg/detail/float32__traits.hpp
-- Installing: /home/rsanz/git/learning/ROS2/RustROS2/install/std_msgs/include/std_msgs/std_msgs/msg/detail/bool__type_support.hpp
-- Installing: /home/rsanz/git/learning/ROS2/RustROS2/install/std_msgs/include/std_msgs/std_msgs/msg/header.hpp
-- Installing: /home/rsanz/git/learning/ROS2/RustROS2/install/std_msgs/include/std_msgs/std_msgs/msg/char.hpp
-- Installing: /home/rsanz/git/learning/ROS2/RustROS2/install/std_msgs/include/std_msgs/std_msgs/msg/u_int64.hpp
-- Installing: /home/rsanz/git/learning/ROS2/RustROS2/install/std_msgs/include/std_msgs/std_msgs/msg/float64.hpp
-- Installing: /home/rsanz/git/learning/ROS2/RustROS2/install/std_msgs/include/std_msgs/std_msgs/msg/float32_multi_array.hpp
-- Installing: /home/rsanz/git/learning/ROS2/RustROS2/install/std_msgs/include/std_msgs/std_msgs/msg/int8_multi_array.hpp
-- Installing: /home/rsanz/git/learning/ROS2/RustROS2/install/std_msgs/include/std_msgs/std_msgs/msg/u_int16.hpp
-- Installing: /home/rsanz/git/learning/ROS2/RustROS2/install/std_msgs/include/std_msgs/std_msgs/msg/rosidl_generator_cpp__visibility_control.hpp
-- Up-to-date: /home/rsanz/git/learning/ROS2/RustROS2/install/std_msgs/include/std_msgs/std_msgs
-- Up-to-date: /home/rsanz/git/learning/ROS2/RustROS2/install/std_msgs/include/std_msgs/std_msgs/msg
-- Installing: /home/rsanz/git/learning/ROS2/RustROS2/install/std_msgs/include/std_msgs/std_msgs/msg/rosidl_typesupport_fastrtps_cpp__visibility_control.h
-- Up-to-date: /home/rsanz/git/learning/ROS2/RustROS2/install/std_msgs/include/std_msgs/std_msgs/msg/detail
-- Installing: /home/rsanz/git/learning/ROS2/RustROS2/install/std_msgs/include/std_msgs/std_msgs/msg/detail/float32__rosidl_typesupport_fastrtps_cpp.hpp
-- Installing: /home/rsanz/git/learning/ROS2/RustROS2/install/std_msgs/include/std_msgs/std_msgs/msg/detail/int16__rosidl_typesupport_fastrtps_cpp.hpp
-- Installing: /home/rsanz/git/learning/ROS2/RustROS2/install/std_msgs/include/std_msgs/std_msgs/msg/detail/int16_multi_array__rosidl_typesupport_fastrtps_cpp.hpp
-- Installing: /home/rsanz/git/learning/ROS2/RustROS2/install/std_msgs/include/std_msgs/std_msgs/msg/detail/u_int16_multi_array__rosidl_typesupport_fastrtps_cpp.hpp
-- Installing: /home/rsanz/git/learning/ROS2/RustROS2/install/std_msgs/include/std_msgs/std_msgs/msg/detail/multi_array_layout__rosidl_typesupport_fastrtps_cpp.hpp
-- Installing: /home/rsanz/git/learning/ROS2/RustROS2/install/std_msgs/include/std_msgs/std_msgs/msg/detail/float64__rosidl_typesupport_fastrtps_cpp.hpp
-- Installing: /home/rsanz/git/learning/ROS2/RustROS2/install/std_msgs/include/std_msgs/std_msgs/msg/detail/float64_multi_array__rosidl_typesupport_fastrtps_cpp.hpp
-- Installing: /home/rsanz/git/learning/ROS2/RustROS2/install/std_msgs/include/std_msgs/std_msgs/msg/detail/u_int8_multi_array__rosidl_typesupport_fastrtps_cpp.hpp
-- Installing: /home/rsanz/git/learning/ROS2/RustROS2/install/std_msgs/include/std_msgs/std_msgs/msg/detail/multi_array_dimension__rosidl_typesupport_fastrtps_cpp.hpp
-- Installing: /home/rsanz/git/learning/ROS2/RustROS2/install/std_msgs/include/std_msgs/std_msgs/msg/detail/int32_multi_array__rosidl_typesupport_fastrtps_cpp.hpp
-- Installing: /home/rsanz/git/learning/ROS2/RustROS2/install/std_msgs/include/std_msgs/std_msgs/msg/detail/u_int8__rosidl_typesupport_fastrtps_cpp.hpp
-- Installing: /home/rsanz/git/learning/ROS2/RustROS2/install/std_msgs/include/std_msgs/std_msgs/msg/detail/empty__rosidl_typesupport_fastrtps_cpp.hpp
-- Installing: /home/rsanz/git/learning/ROS2/RustROS2/install/std_msgs/include/std_msgs/std_msgs/msg/detail/u_int32_multi_array__rosidl_typesupport_fastrtps_cpp.hpp
-- Installing: /home/rsanz/git/learning/ROS2/RustROS2/install/std_msgs/include/std_msgs/std_msgs/msg/detail/bool__rosidl_typesupport_fastrtps_cpp.hpp
-- Installing: /home/rsanz/git/learning/ROS2/RustROS2/install/std_msgs/include/std_msgs/std_msgs/msg/detail/int64_multi_array__rosidl_typesupport_fastrtps_cpp.hpp
-- Installing: /home/rsanz/git/learning/ROS2/RustROS2/install/std_msgs/include/std_msgs/std_msgs/msg/detail/float32_multi_array__rosidl_typesupport_fastrtps_cpp.hpp
-- Installing: /home/rsanz/git/learning/ROS2/RustROS2/install/std_msgs/include/std_msgs/std_msgs/msg/detail/color_rgba__rosidl_typesupport_fastrtps_cpp.hpp
-- Installing: /home/rsanz/git/learning/ROS2/RustROS2/install/std_msgs/include/std_msgs/std_msgs/msg/detail/u_int16__rosidl_typesupport_fastrtps_cpp.hpp
-- Installing: /home/rsanz/git/learning/ROS2/RustROS2/install/std_msgs/include/std_msgs/std_msgs/msg/detail/byte_multi_array__rosidl_typesupport_fastrtps_cpp.hpp
-- Installing: /home/rsanz/git/learning/ROS2/RustROS2/install/std_msgs/include/std_msgs/std_msgs/msg/detail/byte__rosidl_typesupport_fastrtps_cpp.hpp
-- Installing: /home/rsanz/git/learning/ROS2/RustROS2/install/std_msgs/include/std_msgs/std_msgs/msg/detail/int64__rosidl_typesupport_fastrtps_cpp.hpp
-- Installing: /home/rsanz/git/learning/ROS2/RustROS2/install/std_msgs/include/std_msgs/std_msgs/msg/detail/int8_multi_array__rosidl_typesupport_fastrtps_cpp.hpp
-- Installing: /home/rsanz/git/learning/ROS2/RustROS2/install/std_msgs/include/std_msgs/std_msgs/msg/detail/u_int64__rosidl_typesupport_fastrtps_cpp.hpp
-- Installing: /home/rsanz/git/learning/ROS2/RustROS2/install/std_msgs/include/std_msgs/std_msgs/msg/detail/string__rosidl_typesupport_fastrtps_cpp.hpp
-- Installing: /home/rsanz/git/learning/ROS2/RustROS2/install/std_msgs/include/std_msgs/std_msgs/msg/detail/char__rosidl_typesupport_fastrtps_cpp.hpp
-- Installing: /home/rsanz/git/learning/ROS2/RustROS2/install/std_msgs/include/std_msgs/std_msgs/msg/detail/u_int64_multi_array__rosidl_typesupport_fastrtps_cpp.hpp
-- Installing: /home/rsanz/git/learning/ROS2/RustROS2/install/std_msgs/include/std_msgs/std_msgs/msg/detail/int8__rosidl_typesupport_fastrtps_cpp.hpp
-- Installing: /home/rsanz/git/learning/ROS2/RustROS2/install/std_msgs/include/std_msgs/std_msgs/msg/detail/header__rosidl_typesupport_fastrtps_cpp.hpp
-- Installing: /home/rsanz/git/learning/ROS2/RustROS2/install/std_msgs/include/std_msgs/std_msgs/msg/detail/dds_fastrtps
-- Installing: /home/rsanz/git/learning/ROS2/RustROS2/install/std_msgs/include/std_msgs/std_msgs/msg/detail/int32__rosidl_typesupport_fastrtps_cpp.hpp
-- Installing: /home/rsanz/git/learning/ROS2/RustROS2/install/std_msgs/include/std_msgs/std_msgs/msg/detail/u_int32__rosidl_typesupport_fastrtps_cpp.hpp
-- Installing: /home/rsanz/git/learning/ROS2/RustROS2/install/std_msgs/lib/libstd_msgs__rosidl_typesupport_fastrtps_cpp.so
-- Set non-toolchain portion of runtime path of "/home/rsanz/git/learning/ROS2/RustROS2/install/std_msgs/lib/libstd_msgs__rosidl_typesupport_fastrtps_cpp.so" to ""
-- Up-to-date: /home/rsanz/git/learning/ROS2/RustROS2/install/std_msgs/include/std_msgs/std_msgs
-- Up-to-date: /home/rsanz/git/learning/ROS2/RustROS2/install/std_msgs/include/std_msgs/std_msgs/msg
-- Installing: /home/rsanz/git/learning/ROS2/RustROS2/install/std_msgs/include/std_msgs/std_msgs/msg/rosidl_typesupport_introspection_c__visibility_control.h
-- Up-to-date: /home/rsanz/git/learning/ROS2/RustROS2/install/std_msgs/include/std_msgs/std_msgs/msg/detail
-- Installing: /home/rsanz/git/learning/ROS2/RustROS2/install/std_msgs/include/std_msgs/std_msgs/msg/detail/empty__rosidl_typesupport_introspection_c.h
-- Installing: /home/rsanz/git/learning/ROS2/RustROS2/install/std_msgs/include/std_msgs/std_msgs/msg/detail/bool__rosidl_typesupport_introspection_c.h
-- Installing: /home/rsanz/git/learning/ROS2/RustROS2/install/std_msgs/include/std_msgs/std_msgs/msg/detail/u_int16__rosidl_typesupport_introspection_c.h
-- Installing: /home/rsanz/git/learning/ROS2/RustROS2/install/std_msgs/include/std_msgs/std_msgs/msg/detail/u_int32__rosidl_typesupport_introspection_c.h
-- Installing: /home/rsanz/git/learning/ROS2/RustROS2/install/std_msgs/include/std_msgs/std_msgs/msg/detail/header__type_support.c
-- Installing: /home/rsanz/git/learning/ROS2/RustROS2/install/std_msgs/include/std_msgs/std_msgs/msg/detail/int16_multi_array__type_support.c
-- Installing: /home/rsanz/git/learning/ROS2/RustROS2/install/std_msgs/include/std_msgs/std_msgs/msg/detail/u_int64_multi_array__rosidl_typesupport_introspection_c.h
-- Installing: /home/rsanz/git/learning/ROS2/RustROS2/install/std_msgs/include/std_msgs/std_msgs/msg/detail/u_int64__rosidl_typesupport_introspection_c.h
-- Installing: /home/rsanz/git/learning/ROS2/RustROS2/install/std_msgs/include/std_msgs/std_msgs/msg/detail/int8__rosidl_typesupport_introspection_c.h
-- Installing: /home/rsanz/git/learning/ROS2/RustROS2/install/std_msgs/include/std_msgs/std_msgs/msg/detail/int64__type_support.c
-- Installing: /home/rsanz/git/learning/ROS2/RustROS2/install/std_msgs/include/std_msgs/std_msgs/msg/detail/byte__type_support.c
-- Installing: /home/rsanz/git/learning/ROS2/RustROS2/install/std_msgs/include/std_msgs/std_msgs/msg/detail/int64_multi_array__rosidl_typesupport_introspection_c.h
-- Installing: /home/rsanz/git/learning/ROS2/RustROS2/install/std_msgs/include/std_msgs/std_msgs/msg/detail/int64__rosidl_typesupport_introspection_c.h
-- Installing: /home/rsanz/git/learning/ROS2/RustROS2/install/std_msgs/include/std_msgs/std_msgs/msg/detail/u_int32_multi_array__rosidl_typesupport_introspection_c.h
-- Installing: /home/rsanz/git/learning/ROS2/RustROS2/install/std_msgs/include/std_msgs/std_msgs/msg/detail/char__rosidl_typesupport_introspection_c.h
-- Installing: /home/rsanz/git/learning/ROS2/RustROS2/install/std_msgs/include/std_msgs/std_msgs/msg/detail/int16__rosidl_typesupport_introspection_c.h
-- Installing: /home/rsanz/git/learning/ROS2/RustROS2/install/std_msgs/include/std_msgs/std_msgs/msg/detail/string__rosidl_typesupport_introspection_c.h
-- Installing: /home/rsanz/git/learning/ROS2/RustROS2/install/std_msgs/include/std_msgs/std_msgs/msg/detail/int16__type_support.c
-- Installing: /home/rsanz/git/learning/ROS2/RustROS2/install/std_msgs/include/std_msgs/std_msgs/msg/detail/int16_multi_array__rosidl_typesupport_introspection_c.h
-- Installing: /home/rsanz/git/learning/ROS2/RustROS2/install/std_msgs/include/std_msgs/std_msgs/msg/detail/multi_array_dimension__rosidl_typesupport_introspection_c.h
-- Installing: /home/rsanz/git/learning/ROS2/RustROS2/install/std_msgs/include/std_msgs/std_msgs/msg/detail/u_int32_multi_array__type_support.c
-- Installing: /home/rsanz/git/learning/ROS2/RustROS2/install/std_msgs/include/std_msgs/std_msgs/msg/detail/int8__type_support.c
-- Installing: /home/rsanz/git/learning/ROS2/RustROS2/install/std_msgs/include/std_msgs/std_msgs/msg/detail/float64__rosidl_typesupport_introspection_c.h
-- Installing: /home/rsanz/git/learning/ROS2/RustROS2/install/std_msgs/include/std_msgs/std_msgs/msg/detail/u_int16__type_support.c
-- Installing: /home/rsanz/git/learning/ROS2/RustROS2/install/std_msgs/include/std_msgs/std_msgs/msg/detail/int8_multi_array__rosidl_typesupport_introspection_c.h
-- Installing: /home/rsanz/git/learning/ROS2/RustROS2/install/std_msgs/include/std_msgs/std_msgs/msg/detail/u_int8_multi_array__type_support.c
-- Installing: /home/rsanz/git/learning/ROS2/RustROS2/install/std_msgs/include/std_msgs/std_msgs/msg/detail/u_int32__type_support.c
-- Installing: /home/rsanz/git/learning/ROS2/RustROS2/install/std_msgs/include/std_msgs/std_msgs/msg/detail/float32_multi_array__type_support.c
-- Installing: /home/rsanz/git/learning/ROS2/RustROS2/install/std_msgs/include/std_msgs/std_msgs/msg/detail/bool__type_support.c
-- Installing: /home/rsanz/git/learning/ROS2/RustROS2/install/std_msgs/include/std_msgs/std_msgs/msg/detail/int32_multi_array__rosidl_typesupport_introspection_c.h
-- Installing: /home/rsanz/git/learning/ROS2/RustROS2/install/std_msgs/include/std_msgs/std_msgs/msg/detail/int32__rosidl_typesupport_introspection_c.h
-- Installing: /home/rsanz/git/learning/ROS2/RustROS2/install/std_msgs/include/std_msgs/std_msgs/msg/detail/char__type_support.c
-- Installing: /home/rsanz/git/learning/ROS2/RustROS2/install/std_msgs/include/std_msgs/std_msgs/msg/detail/int64_multi_array__type_support.c
-- Installing: /home/rsanz/git/learning/ROS2/RustROS2/install/std_msgs/include/std_msgs/std_msgs/msg/detail/u_int8__type_support.c
-- Installing: /home/rsanz/git/learning/ROS2/RustROS2/install/std_msgs/include/std_msgs/std_msgs/msg/detail/color_rgba__rosidl_typesupport_introspection_c.h
-- Installing: /home/rsanz/git/learning/ROS2/RustROS2/install/std_msgs/include/std_msgs/std_msgs/msg/detail/float64_multi_array__type_support.c
-- Installing: /home/rsanz/git/learning/ROS2/RustROS2/install/std_msgs/include/std_msgs/std_msgs/msg/detail/u_int16_multi_array__type_support.c
-- Installing: /home/rsanz/git/learning/ROS2/RustROS2/install/std_msgs/include/std_msgs/std_msgs/msg/detail/u_int64_multi_array__type_support.c
-- Installing: /home/rsanz/git/learning/ROS2/RustROS2/install/std_msgs/include/std_msgs/std_msgs/msg/detail/header__rosidl_typesupport_introspection_c.h
-- Installing: /home/rsanz/git/learning/ROS2/RustROS2/install/std_msgs/include/std_msgs/std_msgs/msg/detail/byte_multi_array__type_support.c
-- Installing: /home/rsanz/git/learning/ROS2/RustROS2/install/std_msgs/include/std_msgs/std_msgs/msg/detail/int32__type_support.c
-- Installing: /home/rsanz/git/learning/ROS2/RustROS2/install/std_msgs/include/std_msgs/std_msgs/msg/detail/int8_multi_array__type_support.c
-- Installing: /home/rsanz/git/learning/ROS2/RustROS2/install/std_msgs/include/std_msgs/std_msgs/msg/detail/multi_array_layout__type_support.c
-- Installing: /home/rsanz/git/learning/ROS2/RustROS2/install/std_msgs/include/std_msgs/std_msgs/msg/detail/float32_multi_array__rosidl_typesupport_introspection_c.h
-- Installing: /home/rsanz/git/learning/ROS2/RustROS2/install/std_msgs/include/std_msgs/std_msgs/msg/detail/u_int16_multi_array__rosidl_typesupport_introspection_c.h
-- Installing: /home/rsanz/git/learning/ROS2/RustROS2/install/std_msgs/include/std_msgs/std_msgs/msg/detail/u_int8_multi_array__rosidl_typesupport_introspection_c.h
-- Installing: /home/rsanz/git/learning/ROS2/RustROS2/install/std_msgs/include/std_msgs/std_msgs/msg/detail/multi_array_dimension__type_support.c
-- Installing: /home/rsanz/git/learning/ROS2/RustROS2/install/std_msgs/include/std_msgs/std_msgs/msg/detail/color_rgba__type_support.c
-- Installing: /home/rsanz/git/learning/ROS2/RustROS2/install/std_msgs/include/std_msgs/std_msgs/msg/detail/float32__type_support.c
-- Installing: /home/rsanz/git/learning/ROS2/RustROS2/install/std_msgs/include/std_msgs/std_msgs/msg/detail/int32_multi_array__type_support.c
-- Installing: /home/rsanz/git/learning/ROS2/RustROS2/install/std_msgs/include/std_msgs/std_msgs/msg/detail/byte_multi_array__rosidl_typesupport_introspection_c.h
-- Installing: /home/rsanz/git/learning/ROS2/RustROS2/install/std_msgs/include/std_msgs/std_msgs/msg/detail/byte__rosidl_typesupport_introspection_c.h
-- Installing: /home/rsanz/git/learning/ROS2/RustROS2/install/std_msgs/include/std_msgs/std_msgs/msg/detail/multi_array_layout__rosidl_typesupport_introspection_c.h
-- Installing: /home/rsanz/git/learning/ROS2/RustROS2/install/std_msgs/include/std_msgs/std_msgs/msg/detail/float32__rosidl_typesupport_introspection_c.h
-- Installing: /home/rsanz/git/learning/ROS2/RustROS2/install/std_msgs/include/std_msgs/std_msgs/msg/detail/empty__type_support.c
-- Installing: /home/rsanz/git/learning/ROS2/RustROS2/install/std_msgs/include/std_msgs/std_msgs/msg/detail/u_int64__type_support.c
-- Installing: /home/rsanz/git/learning/ROS2/RustROS2/install/std_msgs/include/std_msgs/std_msgs/msg/detail/float64_multi_array__rosidl_typesupport_introspection_c.h
-- Installing: /home/rsanz/git/learning/ROS2/RustROS2/install/std_msgs/include/std_msgs/std_msgs/msg/detail/float64__type_support.c
-- Installing: /home/rsanz/git/learning/ROS2/RustROS2/install/std_msgs/include/std_msgs/std_msgs/msg/detail/u_int8__rosidl_typesupport_introspection_c.h
-- Installing: /home/rsanz/git/learning/ROS2/RustROS2/install/std_msgs/include/std_msgs/std_msgs/msg/detail/string__type_support.c
-- Installing: /home/rsanz/git/learning/ROS2/RustROS2/install/std_msgs/lib/libstd_msgs__rosidl_typesupport_introspection_c.so
-- Set non-toolchain portion of runtime path of "/home/rsanz/git/learning/ROS2/RustROS2/install/std_msgs/lib/libstd_msgs__rosidl_typesupport_introspection_c.so" to ""
-- Installing: /home/rsanz/git/learning/ROS2/RustROS2/install/std_msgs/lib/libstd_msgs__rosidl_typesupport_c.so
-- Set non-toolchain portion of runtime path of "/home/rsanz/git/learning/ROS2/RustROS2/install/std_msgs/lib/libstd_msgs__rosidl_typesupport_c.so" to ""
-- Up-to-date: /home/rsanz/git/learning/ROS2/RustROS2/install/std_msgs/include/std_msgs/std_msgs
-- Up-to-date: /home/rsanz/git/learning/ROS2/RustROS2/install/std_msgs/include/std_msgs/std_msgs/msg
-- Up-to-date: /home/rsanz/git/learning/ROS2/RustROS2/install/std_msgs/include/std_msgs/std_msgs/msg/detail
-- Installing: /home/rsanz/git/learning/ROS2/RustROS2/install/std_msgs/include/std_msgs/std_msgs/msg/detail/int64_multi_array__rosidl_typesupport_introspection_cpp.hpp
-- Installing: /home/rsanz/git/learning/ROS2/RustROS2/install/std_msgs/include/std_msgs/std_msgs/msg/detail/int8__rosidl_typesupport_introspection_cpp.hpp
-- Installing: /home/rsanz/git/learning/ROS2/RustROS2/install/std_msgs/include/std_msgs/std_msgs/msg/detail/int32_multi_array__type_support.cpp
-- Installing: /home/rsanz/git/learning/ROS2/RustROS2/install/std_msgs/include/std_msgs/std_msgs/msg/detail/u_int32__rosidl_typesupport_introspection_cpp.hpp
-- Installing: /home/rsanz/git/learning/ROS2/RustROS2/install/std_msgs/include/std_msgs/std_msgs/msg/detail/color_rgba__rosidl_typesupport_introspection_cpp.hpp
-- Installing: /home/rsanz/git/learning/ROS2/RustROS2/install/std_msgs/include/std_msgs/std_msgs/msg/detail/float64__rosidl_typesupport_introspection_cpp.hpp
-- Installing: /home/rsanz/git/learning/ROS2/RustROS2/install/std_msgs/include/std_msgs/std_msgs/msg/detail/bool__rosidl_typesupport_introspection_cpp.hpp
-- Installing: /home/rsanz/git/learning/ROS2/RustROS2/install/std_msgs/include/std_msgs/std_msgs/msg/detail/float64_multi_array__rosidl_typesupport_introspection_cpp.hpp
-- Installing: /home/rsanz/git/learning/ROS2/RustROS2/install/std_msgs/include/std_msgs/std_msgs/msg/detail/float32_multi_array__rosidl_typesupport_introspection_cpp.hpp
-- Installing: /home/rsanz/git/learning/ROS2/RustROS2/install/std_msgs/include/std_msgs/std_msgs/msg/detail/int16__type_support.cpp
-- Installing: /home/rsanz/git/learning/ROS2/RustROS2/install/std_msgs/include/std_msgs/std_msgs/msg/detail/bool__type_support.cpp
-- Installing: /home/rsanz/git/learning/ROS2/RustROS2/install/std_msgs/include/std_msgs/std_msgs/msg/detail/u_int8_multi_array__type_support.cpp
-- Installing: /home/rsanz/git/learning/ROS2/RustROS2/install/std_msgs/include/std_msgs/std_msgs/msg/detail/float64_multi_array__type_support.cpp
-- Installing: /home/rsanz/git/learning/ROS2/RustROS2/install/std_msgs/include/std_msgs/std_msgs/msg/detail/u_int32_multi_array__type_support.cpp
-- Installing: /home/rsanz/git/learning/ROS2/RustROS2/install/std_msgs/include/std_msgs/std_msgs/msg/detail/byte__type_support.cpp
-- Installing: /home/rsanz/git/learning/ROS2/RustROS2/install/std_msgs/include/std_msgs/std_msgs/msg/detail/u_int64__type_support.cpp
-- Installing: /home/rsanz/git/learning/ROS2/RustROS2/install/std_msgs/include/std_msgs/std_msgs/msg/detail/header__type_support.cpp
-- Installing: /home/rsanz/git/learning/ROS2/RustROS2/install/std_msgs/include/std_msgs/std_msgs/msg/detail/u_int8_multi_array__rosidl_typesupport_introspection_cpp.hpp
-- Installing: /home/rsanz/git/learning/ROS2/RustROS2/install/std_msgs/include/std_msgs/std_msgs/msg/detail/int32__type_support.cpp
-- Installing: /home/rsanz/git/learning/ROS2/RustROS2/install/std_msgs/include/std_msgs/std_msgs/msg/detail/int16__rosidl_typesupport_introspection_cpp.hpp
-- Installing: /home/rsanz/git/learning/ROS2/RustROS2/install/std_msgs/include/std_msgs/std_msgs/msg/detail/byte_multi_array__type_support.cpp
-- Installing: /home/rsanz/git/learning/ROS2/RustROS2/install/std_msgs/include/std_msgs/std_msgs/msg/detail/int16_multi_array__type_support.cpp
-- Installing: /home/rsanz/git/learning/ROS2/RustROS2/install/std_msgs/include/std_msgs/std_msgs/msg/detail/float32_multi_array__type_support.cpp
-- Installing: /home/rsanz/git/learning/ROS2/RustROS2/install/std_msgs/include/std_msgs/std_msgs/msg/detail/multi_array_dimension__type_support.cpp
-- Installing: /home/rsanz/git/learning/ROS2/RustROS2/install/std_msgs/include/std_msgs/std_msgs/msg/detail/multi_array_layout__rosidl_typesupport_introspection_cpp.hpp
-- Installing: /home/rsanz/git/learning/ROS2/RustROS2/install/std_msgs/include/std_msgs/std_msgs/msg/detail/int8__type_support.cpp
-- Installing: /home/rsanz/git/learning/ROS2/RustROS2/install/std_msgs/include/std_msgs/std_msgs/msg/detail/int16_multi_array__rosidl_typesupport_introspection_cpp.hpp
-- Installing: /home/rsanz/git/learning/ROS2/RustROS2/install/std_msgs/include/std_msgs/std_msgs/msg/detail/u_int16_multi_array__type_support.cpp
-- Installing: /home/rsanz/git/learning/ROS2/RustROS2/install/std_msgs/include/std_msgs/std_msgs/msg/detail/u_int64__rosidl_typesupport_introspection_cpp.hpp
-- Installing: /home/rsanz/git/learning/ROS2/RustROS2/install/std_msgs/include/std_msgs/std_msgs/msg/detail/header__rosidl_typesupport_introspection_cpp.hpp
-- Installing: /home/rsanz/git/learning/ROS2/RustROS2/install/std_msgs/include/std_msgs/std_msgs/msg/detail/u_int64_multi_array__rosidl_typesupport_introspection_cpp.hpp
-- Installing: /home/rsanz/git/learning/ROS2/RustROS2/install/std_msgs/include/std_msgs/std_msgs/msg/detail/int64__type_support.cpp
-- Installing: /home/rsanz/git/learning/ROS2/RustROS2/install/std_msgs/include/std_msgs/std_msgs/msg/detail/u_int16__type_support.cpp
-- Installing: /home/rsanz/git/learning/ROS2/RustROS2/install/std_msgs/include/std_msgs/std_msgs/msg/detail/char__type_support.cpp
-- Installing: /home/rsanz/git/learning/ROS2/RustROS2/install/std_msgs/include/std_msgs/std_msgs/msg/detail/color_rgba__type_support.cpp
-- Installing: /home/rsanz/git/learning/ROS2/RustROS2/install/std_msgs/include/std_msgs/std_msgs/msg/detail/float32__rosidl_typesupport_introspection_cpp.hpp
-- Installing: /home/rsanz/git/learning/ROS2/RustROS2/install/std_msgs/include/std_msgs/std_msgs/msg/detail/int32_multi_array__rosidl_typesupport_introspection_cpp.hpp
-- Installing: /home/rsanz/git/learning/ROS2/RustROS2/install/std_msgs/include/std_msgs/std_msgs/msg/detail/byte_multi_array__rosidl_typesupport_introspection_cpp.hpp
-- Installing: /home/rsanz/git/learning/ROS2/RustROS2/install/std_msgs/include/std_msgs/std_msgs/msg/detail/int64__rosidl_typesupport_introspection_cpp.hpp
-- Installing: /home/rsanz/git/learning/ROS2/RustROS2/install/std_msgs/include/std_msgs/std_msgs/msg/detail/u_int16__rosidl_typesupport_introspection_cpp.hpp
-- Installing: /home/rsanz/git/learning/ROS2/RustROS2/install/std_msgs/include/std_msgs/std_msgs/msg/detail/empty__rosidl_typesupport_introspection_cpp.hpp
-- Installing: /home/rsanz/git/learning/ROS2/RustROS2/install/std_msgs/include/std_msgs/std_msgs/msg/detail/byte__rosidl_typesupport_introspection_cpp.hpp
-- Installing: /home/rsanz/git/learning/ROS2/RustROS2/install/std_msgs/include/std_msgs/std_msgs/msg/detail/string__type_support.cpp
-- Installing: /home/rsanz/git/learning/ROS2/RustROS2/install/std_msgs/include/std_msgs/std_msgs/msg/detail/string__rosidl_typesupport_introspection_cpp.hpp
-- Installing: /home/rsanz/git/learning/ROS2/RustROS2/install/std_msgs/include/std_msgs/std_msgs/msg/detail/u_int8__rosidl_typesupport_introspection_cpp.hpp
-- Installing: /home/rsanz/git/learning/ROS2/RustROS2/install/std_msgs/include/std_msgs/std_msgs/msg/detail/u_int64_multi_array__type_support.cpp
-- Installing: /home/rsanz/git/learning/ROS2/RustROS2/install/std_msgs/include/std_msgs/std_msgs/msg/detail/int8_multi_array__rosidl_typesupport_introspection_cpp.hpp
-- Installing: /home/rsanz/git/learning/ROS2/RustROS2/install/std_msgs/include/std_msgs/std_msgs/msg/detail/u_int32_multi_array__rosidl_typesupport_introspection_cpp.hpp
-- Installing: /home/rsanz/git/learning/ROS2/RustROS2/install/std_msgs/include/std_msgs/std_msgs/msg/detail/int8_multi_array__type_support.cpp
-- Installing: /home/rsanz/git/learning/ROS2/RustROS2/install/std_msgs/include/std_msgs/std_msgs/msg/detail/int32__rosidl_typesupport_introspection_cpp.hpp
-- Installing: /home/rsanz/git/learning/ROS2/RustROS2/install/std_msgs/include/std_msgs/std_msgs/msg/detail/int64_multi_array__type_support.cpp
-- Installing: /home/rsanz/git/learning/ROS2/RustROS2/install/std_msgs/include/std_msgs/std_msgs/msg/detail/float32__type_support.cpp
-- Installing: /home/rsanz/git/learning/ROS2/RustROS2/install/std_msgs/include/std_msgs/std_msgs/msg/detail/u_int16_multi_array__rosidl_typesupport_introspection_cpp.hpp
-- Installing: /home/rsanz/git/learning/ROS2/RustROS2/install/std_msgs/include/std_msgs/std_msgs/msg/detail/u_int32__type_support.cpp
-- Installing: /home/rsanz/git/learning/ROS2/RustROS2/install/std_msgs/include/std_msgs/std_msgs/msg/detail/char__rosidl_typesupport_introspection_cpp.hpp
-- Installing: /home/rsanz/git/learning/ROS2/RustROS2/install/std_msgs/include/std_msgs/std_msgs/msg/detail/multi_array_dimension__rosidl_typesupport_introspection_cpp.hpp
-- Installing: /home/rsanz/git/learning/ROS2/RustROS2/install/std_msgs/include/std_msgs/std_msgs/msg/detail/float64__type_support.cpp
-- Installing: /home/rsanz/git/learning/ROS2/RustROS2/install/std_msgs/include/std_msgs/std_msgs/msg/detail/multi_array_layout__type_support.cpp
-- Installing: /home/rsanz/git/learning/ROS2/RustROS2/install/std_msgs/include/std_msgs/std_msgs/msg/detail/empty__type_support.cpp
-- Installing: /home/rsanz/git/learning/ROS2/RustROS2/install/std_msgs/include/std_msgs/std_msgs/msg/detail/u_int8__type_support.cpp
-- Installing: /home/rsanz/git/learning/ROS2/RustROS2/install/std_msgs/lib/libstd_msgs__rosidl_typesupport_introspection_cpp.so
-- Set non-toolchain portion of runtime path of "/home/rsanz/git/learning/ROS2/RustROS2/install/std_msgs/lib/libstd_msgs__rosidl_typesupport_introspection_cpp.so" to ""
-- Installing: /home/rsanz/git/learning/ROS2/RustROS2/install/std_msgs/lib/libstd_msgs__rosidl_typesupport_cpp.so
-- Set non-toolchain portion of runtime path of "/home/rsanz/git/learning/ROS2/RustROS2/install/std_msgs/lib/libstd_msgs__rosidl_typesupport_cpp.so" to ""
-- Installing: /home/rsanz/git/learning/ROS2/RustROS2/install/std_msgs/share/ament_index/resource_index/rust_packages/std_msgs
-- Installing: /home/rsanz/git/learning/ROS2/RustROS2/install/std_msgs/share/std_msgs/rust
-- Installing: /home/rsanz/git/learning/ROS2/RustROS2/install/std_msgs/share/std_msgs/rust/src
-- Installing: /home/rsanz/git/learning/ROS2/RustROS2/install/std_msgs/share/std_msgs/rust/src/msg.rs
-- Installing: /home/rsanz/git/learning/ROS2/RustROS2/install/std_msgs/share/std_msgs/rust/src/msg
-- Installing: /home/rsanz/git/learning/ROS2/RustROS2/install/std_msgs/share/std_msgs/rust/src/msg/rmw.rs
-- Installing: /home/rsanz/git/learning/ROS2/RustROS2/install/std_msgs/share/std_msgs/rust/src/lib.rs
-- Installing: /home/rsanz/git/learning/ROS2/RustROS2/install/std_msgs/share/std_msgs/rust/build.rs
-- Installing: /home/rsanz/git/learning/ROS2/RustROS2/install/std_msgs/share/std_msgs/rust/Cargo.toml
-- Installing: /home/rsanz/git/learning/ROS2/RustROS2/install/std_msgs/share/std_msgs/environment/pythonpath.sh
-- Installing: /home/rsanz/git/learning/ROS2/RustROS2/install/std_msgs/share/std_msgs/environment/pythonpath.dsv
-- Installing: /home/rsanz/git/learning/ROS2/RustROS2/install/std_msgs/lib/python3.12/site-packages/std_msgs-5.3.7-py3.12.egg-info
-- Installing: /home/rsanz/git/learning/ROS2/RustROS2/install/std_msgs/lib/python3.12/site-packages/std_msgs-5.3.7-py3.12.egg-info/dependency_links.txt
-- Installing: /home/rsanz/git/learning/ROS2/RustROS2/install/std_msgs/lib/python3.12/site-packages/std_msgs-5.3.7-py3.12.egg-info/PKG-INFO
-- Installing: /home/rsanz/git/learning/ROS2/RustROS2/install/std_msgs/lib/python3.12/site-packages/std_msgs-5.3.7-py3.12.egg-info/top_level.txt
-- Installing: /home/rsanz/git/learning/ROS2/RustROS2/install/std_msgs/lib/python3.12/site-packages/std_msgs-5.3.7-py3.12.egg-info/SOURCES.txt
-- Installing: /home/rsanz/git/learning/ROS2/RustROS2/install/std_msgs/lib/python3.12/site-packages/std_msgs
-- Installing: /home/rsanz/git/learning/ROS2/RustROS2/install/std_msgs/lib/python3.12/site-packages/std_msgs/_std_msgs_s.ep.rosidl_typesupport_fastrtps_c.c
-- Installing: /home/rsanz/git/learning/ROS2/RustROS2/install/std_msgs/lib/python3.12/site-packages/std_msgs/std_msgs_s__rosidl_typesupport_fastrtps_c.so
-- Installing: /home/rsanz/git/learning/ROS2/RustROS2/install/std_msgs/lib/python3.12/site-packages/std_msgs/std_msgs_s__rosidl_typesupport_introspection_c.so
-- Installing: /home/rsanz/git/learning/ROS2/RustROS2/install/std_msgs/lib/python3.12/site-packages/std_msgs/msg
-- Installing: /home/rsanz/git/learning/ROS2/RustROS2/install/std_msgs/lib/python3.12/site-packages/std_msgs/msg/_float32_multi_array.py
-- Installing: /home/rsanz/git/learning/ROS2/RustROS2/install/std_msgs/lib/python3.12/site-packages/std_msgs/msg/_int8_s.c
-- Installing: /home/rsanz/git/learning/ROS2/RustROS2/install/std_msgs/lib/python3.12/site-packages/std_msgs/msg/_header_s.c
-- Installing: /home/rsanz/git/learning/ROS2/RustROS2/install/std_msgs/lib/python3.12/site-packages/std_msgs/msg/_byte.py
-- Installing: /home/rsanz/git/learning/ROS2/RustROS2/install/std_msgs/lib/python3.12/site-packages/std_msgs/msg/_empty_s.c
-- Installing: /home/rsanz/git/learning/ROS2/RustROS2/install/std_msgs/lib/python3.12/site-packages/std_msgs/msg/_float32_multi_array_s.c
-- Installing: /home/rsanz/git/learning/ROS2/RustROS2/install/std_msgs/lib/python3.12/site-packages/std_msgs/msg/_u_int64_s.c
-- Installing: /home/rsanz/git/learning/ROS2/RustROS2/install/std_msgs/lib/python3.12/site-packages/std_msgs/msg/_int16_s.c
-- Installing: /home/rsanz/git/learning/ROS2/RustROS2/install/std_msgs/lib/python3.12/site-packages/std_msgs/msg/_u_int32_multi_array_s.c
-- Installing: /home/rsanz/git/learning/ROS2/RustROS2/install/std_msgs/lib/python3.12/site-packages/std_msgs/msg/_bool_s.c
-- Installing: /home/rsanz/git/learning/ROS2/RustROS2/install/std_msgs/lib/python3.12/site-packages/std_msgs/msg/_u_int32_multi_array.py
-- Installing: /home/rsanz/git/learning/ROS2/RustROS2/install/std_msgs/lib/python3.12/site-packages/std_msgs/msg/_u_int32.py
-- Installing: /home/rsanz/git/learning/ROS2/RustROS2/install/std_msgs/lib/python3.12/site-packages/std_msgs/msg/_header.py
-- Installing: /home/rsanz/git/learning/ROS2/RustROS2/install/std_msgs/lib/python3.12/site-packages/std_msgs/msg/_empty.py
-- Installing: /home/rsanz/git/learning/ROS2/RustROS2/install/std_msgs/lib/python3.12/site-packages/std_msgs/msg/_multi_array_dimension.py
-- Installing: /home/rsanz/git/learning/ROS2/RustROS2/install/std_msgs/lib/python3.12/site-packages/std_msgs/msg/_bool.py
-- Installing: /home/rsanz/git/learning/ROS2/RustROS2/install/std_msgs/lib/python3.12/site-packages/std_msgs/msg/_u_int8_multi_array_s.c
-- Installing: /home/rsanz/git/learning/ROS2/RustROS2/install/std_msgs/lib/python3.12/site-packages/std_msgs/msg/_int16_multi_array_s.c
-- Installing: /home/rsanz/git/learning/ROS2/RustROS2/install/std_msgs/lib/python3.12/site-packages/std_msgs/msg/_int64_multi_array.py
-- Installing: /home/rsanz/git/learning/ROS2/RustROS2/install/std_msgs/lib/python3.12/site-packages/std_msgs/msg/_int8.py
-- Installing: /home/rsanz/git/learning/ROS2/RustROS2/install/std_msgs/lib/python3.12/site-packages/std_msgs/msg/_int64.py
-- Installing: /home/rsanz/git/learning/ROS2/RustROS2/install/std_msgs/lib/python3.12/site-packages/std_msgs/msg/_multi_array_layout.py
-- Installing: /home/rsanz/git/learning/ROS2/RustROS2/install/std_msgs/lib/python3.12/site-packages/std_msgs/msg/_char.py
-- Installing: /home/rsanz/git/learning/ROS2/RustROS2/install/std_msgs/lib/python3.12/site-packages/std_msgs/msg/_u_int8_multi_array.py
-- Installing: /home/rsanz/git/learning/ROS2/RustROS2/install/std_msgs/lib/python3.12/site-packages/std_msgs/msg/_byte_multi_array_s.c
-- Installing: /home/rsanz/git/learning/ROS2/RustROS2/install/std_msgs/lib/python3.12/site-packages/std_msgs/msg/_string.py
-- Installing: /home/rsanz/git/learning/ROS2/RustROS2/install/std_msgs/lib/python3.12/site-packages/std_msgs/msg/_u_int8_s.c
-- Installing: /home/rsanz/git/learning/ROS2/RustROS2/install/std_msgs/lib/python3.12/site-packages/std_msgs/msg/_multi_array_dimension_s.c
-- Installing: /home/rsanz/git/learning/ROS2/RustROS2/install/std_msgs/lib/python3.12/site-packages/std_msgs/msg/_int16_multi_array.py
-- Installing: /home/rsanz/git/learning/ROS2/RustROS2/install/std_msgs/lib/python3.12/site-packages/std_msgs/msg/_u_int16_s.c
-- Installing: /home/rsanz/git/learning/ROS2/RustROS2/install/std_msgs/lib/python3.12/site-packages/std_msgs/msg/_int8_multi_array_s.c
-- Installing: /home/rsanz/git/learning/ROS2/RustROS2/install/std_msgs/lib/python3.12/site-packages/std_msgs/msg/_string_s.c
-- Installing: /home/rsanz/git/learning/ROS2/RustROS2/install/std_msgs/lib/python3.12/site-packages/std_msgs/msg/_color_rgba.py
-- Installing: /home/rsanz/git/learning/ROS2/RustROS2/install/std_msgs/lib/python3.12/site-packages/std_msgs/msg/__init__.py
-- Installing: /home/rsanz/git/learning/ROS2/RustROS2/install/std_msgs/lib/python3.12/site-packages/std_msgs/msg/_u_int16_multi_array.py
-- Installing: /home/rsanz/git/learning/ROS2/RustROS2/install/std_msgs/lib/python3.12/site-packages/std_msgs/msg/_float64_s.c
-- Installing: /home/rsanz/git/learning/ROS2/RustROS2/install/std_msgs/lib/python3.12/site-packages/std_msgs/msg/_float32.py
-- Installing: /home/rsanz/git/learning/ROS2/RustROS2/install/std_msgs/lib/python3.12/site-packages/std_msgs/msg/_float32_s.c
-- Installing: /home/rsanz/git/learning/ROS2/RustROS2/install/std_msgs/lib/python3.12/site-packages/std_msgs/msg/_u_int64.py
-- Installing: /home/rsanz/git/learning/ROS2/RustROS2/install/std_msgs/lib/python3.12/site-packages/std_msgs/msg/_int32_s.c
-- Installing: /home/rsanz/git/learning/ROS2/RustROS2/install/std_msgs/lib/python3.12/site-packages/std_msgs/msg/_int64_s.c
-- Installing: /home/rsanz/git/learning/ROS2/RustROS2/install/std_msgs/lib/python3.12/site-packages/std_msgs/msg/_int8_multi_array.py
-- Installing: /home/rsanz/git/learning/ROS2/RustROS2/install/std_msgs/lib/python3.12/site-packages/std_msgs/msg/_int64_multi_array_s.c
-- Installing: /home/rsanz/git/learning/ROS2/RustROS2/install/std_msgs/lib/python3.12/site-packages/std_msgs/msg/_u_int16_multi_array_s.c
-- Installing: /home/rsanz/git/learning/ROS2/RustROS2/install/std_msgs/lib/python3.12/site-packages/std_msgs/msg/_color_rgba_s.c
-- Installing: /home/rsanz/git/learning/ROS2/RustROS2/install/std_msgs/lib/python3.12/site-packages/std_msgs/msg/_u_int16.py
-- Installing: /home/rsanz/git/learning/ROS2/RustROS2/install/std_msgs/lib/python3.12/site-packages/std_msgs/msg/_int32.py
-- Installing: /home/rsanz/git/learning/ROS2/RustROS2/install/std_msgs/lib/python3.12/site-packages/std_msgs/msg/_u_int64_multi_array.py
-- Installing: /home/rsanz/git/learning/ROS2/RustROS2/install/std_msgs/lib/python3.12/site-packages/std_msgs/msg/_float64_multi_array_s.c
-- Installing: /home/rsanz/git/learning/ROS2/RustROS2/install/std_msgs/lib/python3.12/site-packages/std_msgs/msg/_u_int64_multi_array_s.c
-- Installing: /home/rsanz/git/learning/ROS2/RustROS2/install/std_msgs/lib/python3.12/site-packages/std_msgs/msg/_int32_multi_array_s.c
-- Installing: /home/rsanz/git/learning/ROS2/RustROS2/install/std_msgs/lib/python3.12/site-packages/std_msgs/msg/_int16.py
-- Installing: /home/rsanz/git/learning/ROS2/RustROS2/install/std_msgs/lib/python3.12/site-packages/std_msgs/msg/_byte_multi_array.py
-- Installing: /home/rsanz/git/learning/ROS2/RustROS2/install/std_msgs/lib/python3.12/site-packages/std_msgs/msg/_char_s.c
-- Installing: /home/rsanz/git/learning/ROS2/RustROS2/install/std_msgs/lib/python3.12/site-packages/std_msgs/msg/_byte_s.c
-- Installing: /home/rsanz/git/learning/ROS2/RustROS2/install/std_msgs/lib/python3.12/site-packages/std_msgs/msg/_float64.py
-- Installing: /home/rsanz/git/learning/ROS2/RustROS2/install/std_msgs/lib/python3.12/site-packages/std_msgs/msg/_u_int8.py
-- Installing: /home/rsanz/git/learning/ROS2/RustROS2/install/std_msgs/lib/python3.12/site-packages/std_msgs/msg/_multi_array_layout_s.c
-- Installing: /home/rsanz/git/learning/ROS2/RustROS2/install/std_msgs/lib/python3.12/site-packages/std_msgs/msg/_float64_multi_array.py
-- Installing: /home/rsanz/git/learning/ROS2/RustROS2/install/std_msgs/lib/python3.12/site-packages/std_msgs/msg/_u_int32_s.c
-- Installing: /home/rsanz/git/learning/ROS2/RustROS2/install/std_msgs/lib/python3.12/site-packages/std_msgs/msg/_int32_multi_array.py
-- Installing: /home/rsanz/git/learning/ROS2/RustROS2/install/std_msgs/lib/python3.12/site-packages/std_msgs/__init__.py
-- Installing: /home/rsanz/git/learning/ROS2/RustROS2/install/std_msgs/lib/python3.12/site-packages/std_msgs/std_msgs_s__rosidl_typesupport_c.so
-- Installing: /home/rsanz/git/learning/ROS2/RustROS2/install/std_msgs/lib/python3.12/site-packages/std_msgs/_std_msgs_s.ep.rosidl_typesupport_introspection_c.c
-- Installing: /home/rsanz/git/learning/ROS2/RustROS2/install/std_msgs/lib/python3.12/site-packages/std_msgs/_std_msgs_s.ep.rosidl_typesupport_c.c
Listing '/home/rsanz/git/learning/ROS2/RustROS2/install/std_msgs/lib/python3.12/site-packages/std_msgs'...
Compiling '/home/rsanz/git/learning/ROS2/RustROS2/install/std_msgs/lib/python3.12/site-packages/std_msgs/__init__.py'...
Listing '/home/rsanz/git/learning/ROS2/RustROS2/install/std_msgs/lib/python3.12/site-packages/std_msgs/msg'...
Compiling '/home/rsanz/git/learning/ROS2/RustROS2/install/std_msgs/lib/python3.12/site-packages/std_msgs/msg/__init__.py'...
Compiling '/home/rsanz/git/learning/ROS2/RustROS2/install/std_msgs/lib/python3.12/site-packages/std_msgs/msg/_bool.py'...
Compiling '/home/rsanz/git/learning/ROS2/RustROS2/install/std_msgs/lib/python3.12/site-packages/std_msgs/msg/_byte.py'...
Compiling '/home/rsanz/git/learning/ROS2/RustROS2/install/std_msgs/lib/python3.12/site-packages/std_msgs/msg/_byte_multi_array.py'...
Compiling '/home/rsanz/git/learning/ROS2/RustROS2/install/std_msgs/lib/python3.12/site-packages/std_msgs/msg/_char.py'...
Compiling '/home/rsanz/git/learning/ROS2/RustROS2/install/std_msgs/lib/python3.12/site-packages/std_msgs/msg/_color_rgba.py'...
Compiling '/home/rsanz/git/learning/ROS2/RustROS2/install/std_msgs/lib/python3.12/site-packages/std_msgs/msg/_empty.py'...
Compiling '/home/rsanz/git/learning/ROS2/RustROS2/install/std_msgs/lib/python3.12/site-packages/std_msgs/msg/_float32.py'...
Compiling '/home/rsanz/git/learning/ROS2/RustROS2/install/std_msgs/lib/python3.12/site-packages/std_msgs/msg/_float32_multi_array.py'...
Compiling '/home/rsanz/git/learning/ROS2/RustROS2/install/std_msgs/lib/python3.12/site-packages/std_msgs/msg/_float64.py'...
Compiling '/home/rsanz/git/learning/ROS2/RustROS2/install/std_msgs/lib/python3.12/site-packages/std_msgs/msg/_float64_multi_array.py'...
Compiling '/home/rsanz/git/learning/ROS2/RustROS2/install/std_msgs/lib/python3.12/site-packages/std_msgs/msg/_header.py'...
Compiling '/home/rsanz/git/learning/ROS2/RustROS2/install/std_msgs/lib/python3.12/site-packages/std_msgs/msg/_int16.py'...
Compiling '/home/rsanz/git/learning/ROS2/RustROS2/install/std_msgs/lib/python3.12/site-packages/std_msgs/msg/_int16_multi_array.py'...
Compiling '/home/rsanz/git/learning/ROS2/RustROS2/install/std_msgs/lib/python3.12/site-packages/std_msgs/msg/_int32.py'...
Compiling '/home/rsanz/git/learning/ROS2/RustROS2/install/std_msgs/lib/python3.12/site-packages/std_msgs/msg/_int32_multi_array.py'...
Compiling '/home/rsanz/git/learning/ROS2/RustROS2/install/std_msgs/lib/python3.12/site-packages/std_msgs/msg/_int64.py'...
Compiling '/home/rsanz/git/learning/ROS2/RustROS2/install/std_msgs/lib/python3.12/site-packages/std_msgs/msg/_int64_multi_array.py'...
Compiling '/home/rsanz/git/learning/ROS2/RustROS2/install/std_msgs/lib/python3.12/site-packages/std_msgs/msg/_int8.py'...
Compiling '/home/rsanz/git/learning/ROS2/RustROS2/install/std_msgs/lib/python3.12/site-packages/std_msgs/msg/_int8_multi_array.py'...
Compiling '/home/rsanz/git/learning/ROS2/RustROS2/install/std_msgs/lib/python3.12/site-packages/std_msgs/msg/_multi_array_dimension.py'...
Compiling '/home/rsanz/git/learning/ROS2/RustROS2/install/std_msgs/lib/python3.12/site-packages/std_msgs/msg/_multi_array_layout.py'...
Compiling '/home/rsanz/git/learning/ROS2/RustROS2/install/std_msgs/lib/python3.12/site-packages/std_msgs/msg/_string.py'...
Compiling '/home/rsanz/git/learning/ROS2/RustROS2/install/std_msgs/lib/python3.12/site-packages/std_msgs/msg/_u_int16.py'...
Compiling '/home/rsanz/git/learning/ROS2/RustROS2/install/std_msgs/lib/python3.12/site-packages/std_msgs/msg/_u_int16_multi_array.py'...
Compiling '/home/rsanz/git/learning/ROS2/RustROS2/install/std_msgs/lib/python3.12/site-packages/std_msgs/msg/_u_int32.py'...
Compiling '/home/rsanz/git/learning/ROS2/RustROS2/install/std_msgs/lib/python3.12/site-packages/std_msgs/msg/_u_int32_multi_array.py'...
Compiling '/home/rsanz/git/learning/ROS2/RustROS2/install/std_msgs/lib/python3.12/site-packages/std_msgs/msg/_u_int64.py'...
Compiling '/home/rsanz/git/learning/ROS2/RustROS2/install/std_msgs/lib/python3.12/site-packages/std_msgs/msg/_u_int64_multi_array.py'...
Compiling '/home/rsanz/git/learning/ROS2/RustROS2/install/std_msgs/lib/python3.12/site-packages/std_msgs/msg/_u_int8.py'...
Compiling '/home/rsanz/git/learning/ROS2/RustROS2/install/std_msgs/lib/python3.12/site-packages/std_msgs/msg/_u_int8_multi_array.py'...
-- Installing: /home/rsanz/git/learning/ROS2/RustROS2/install/std_msgs/lib/python3.12/site-packages/std_msgs/std_msgs_s__rosidl_typesupport_fastrtps_c.so
-- Set non-toolchain portion of runtime path of "/home/rsanz/git/learning/ROS2/RustROS2/install/std_msgs/lib/python3.12/site-packages/std_msgs/std_msgs_s__rosidl_typesupport_fastrtps_c.so" to ""
-- Installing: /home/rsanz/git/learning/ROS2/RustROS2/install/std_msgs/lib/python3.12/site-packages/std_msgs/std_msgs_s__rosidl_typesupport_introspection_c.so
-- Set non-toolchain portion of runtime path of "/home/rsanz/git/learning/ROS2/RustROS2/install/std_msgs/lib/python3.12/site-packages/std_msgs/std_msgs_s__rosidl_typesupport_introspection_c.so" to ""
-- Installing: /home/rsanz/git/learning/ROS2/RustROS2/install/std_msgs/lib/python3.12/site-packages/std_msgs/std_msgs_s__rosidl_typesupport_c.so
-- Set non-toolchain portion of runtime path of "/home/rsanz/git/learning/ROS2/RustROS2/install/std_msgs/lib/python3.12/site-packages/std_msgs/std_msgs_s__rosidl_typesupport_c.so" to ""
-- Installing: /home/rsanz/git/learning/ROS2/RustROS2/install/std_msgs/lib/libstd_msgs__rosidl_generator_py.so
-- Set non-toolchain portion of runtime path of "/home/rsanz/git/learning/ROS2/RustROS2/install/std_msgs/lib/libstd_msgs__rosidl_generator_py.so" to ""
-- Installing: /home/rsanz/git/learning/ROS2/RustROS2/install/std_msgs/share/std_msgs/msg/Bool.idl
-- Installing: /home/rsanz/git/learning/ROS2/RustROS2/install/std_msgs/share/std_msgs/msg/Byte.idl
-- Installing: /home/rsanz/git/learning/ROS2/RustROS2/install/std_msgs/share/std_msgs/msg/ByteMultiArray.idl
-- Installing: /home/rsanz/git/learning/ROS2/RustROS2/install/std_msgs/share/std_msgs/msg/Char.idl
-- Installing: /home/rsanz/git/learning/ROS2/RustROS2/install/std_msgs/share/std_msgs/msg/ColorRGBA.idl
-- Installing: /home/rsanz/git/learning/ROS2/RustROS2/install/std_msgs/share/std_msgs/msg/Empty.idl
-- Installing: /home/rsanz/git/learning/ROS2/RustROS2/install/std_msgs/share/std_msgs/msg/Float32.idl
-- Installing: /home/rsanz/git/learning/ROS2/RustROS2/install/std_msgs/share/std_msgs/msg/Float32MultiArray.idl
-- Installing: /home/rsanz/git/learning/ROS2/RustROS2/install/std_msgs/share/std_msgs/msg/Float64.idl
-- Installing: /home/rsanz/git/learning/ROS2/RustROS2/install/std_msgs/share/std_msgs/msg/Float64MultiArray.idl
-- Installing: /home/rsanz/git/learning/ROS2/RustROS2/install/std_msgs/share/std_msgs/msg/Header.idl
-- Installing: /home/rsanz/git/learning/ROS2/RustROS2/install/std_msgs/share/std_msgs/msg/Int16.idl
-- Installing: /home/rsanz/git/learning/ROS2/RustROS2/install/std_msgs/share/std_msgs/msg/Int16MultiArray.idl
-- Installing: /home/rsanz/git/learning/ROS2/RustROS2/install/std_msgs/share/std_msgs/msg/Int32.idl
-- Installing: /home/rsanz/git/learning/ROS2/RustROS2/install/std_msgs/share/std_msgs/msg/Int32MultiArray.idl
-- Installing: /home/rsanz/git/learning/ROS2/RustROS2/install/std_msgs/share/std_msgs/msg/Int64.idl
-- Installing: /home/rsanz/git/learning/ROS2/RustROS2/install/std_msgs/share/std_msgs/msg/Int64MultiArray.idl
-- Installing: /home/rsanz/git/learning/ROS2/RustROS2/install/std_msgs/share/std_msgs/msg/Int8.idl
-- Installing: /home/rsanz/git/learning/ROS2/RustROS2/install/std_msgs/share/std_msgs/msg/Int8MultiArray.idl
-- Installing: /home/rsanz/git/learning/ROS2/RustROS2/install/std_msgs/share/std_msgs/msg/MultiArrayDimension.idl
-- Installing: /home/rsanz/git/learning/ROS2/RustROS2/install/std_msgs/share/std_msgs/msg/MultiArrayLayout.idl
-- Installing: /home/rsanz/git/learning/ROS2/RustROS2/install/std_msgs/share/std_msgs/msg/String.idl
-- Installing: /home/rsanz/git/learning/ROS2/RustROS2/install/std_msgs/share/std_msgs/msg/UInt16.idl
-- Installing: /home/rsanz/git/learning/ROS2/RustROS2/install/std_msgs/share/std_msgs/msg/UInt16MultiArray.idl
-- Installing: /home/rsanz/git/learning/ROS2/RustROS2/install/std_msgs/share/std_msgs/msg/UInt32.idl
-- Installing: /home/rsanz/git/learning/ROS2/RustROS2/install/std_msgs/share/std_msgs/msg/UInt32MultiArray.idl
-- Installing: /home/rsanz/git/learning/ROS2/RustROS2/install/std_msgs/share/std_msgs/msg/UInt64.idl
-- Installing: /home/rsanz/git/learning/ROS2/RustROS2/install/std_msgs/share/std_msgs/msg/UInt64MultiArray.idl
-- Installing: /home/rsanz/git/learning/ROS2/RustROS2/install/std_msgs/share/std_msgs/msg/UInt8.idl
-- Installing: /home/rsanz/git/learning/ROS2/RustROS2/install/std_msgs/share/std_msgs/msg/UInt8MultiArray.idl
-- Installing: /home/rsanz/git/learning/ROS2/RustROS2/install/std_msgs/share/std_msgs/msg/Bool.msg
-- Installing: /home/rsanz/git/learning/ROS2/RustROS2/install/std_msgs/share/std_msgs/msg/Byte.msg
-- Installing: /home/rsanz/git/learning/ROS2/RustROS2/install/std_msgs/share/std_msgs/msg/ByteMultiArray.msg
-- Installing: /home/rsanz/git/learning/ROS2/RustROS2/install/std_msgs/share/std_msgs/msg/Char.msg
-- Installing: /home/rsanz/git/learning/ROS2/RustROS2/install/std_msgs/share/std_msgs/msg/ColorRGBA.msg
-- Installing: /home/rsanz/git/learning/ROS2/RustROS2/install/std_msgs/share/std_msgs/msg/Empty.msg
-- Installing: /home/rsanz/git/learning/ROS2/RustROS2/install/std_msgs/share/std_msgs/msg/Float32.msg
-- Installing: /home/rsanz/git/learning/ROS2/RustROS2/install/std_msgs/share/std_msgs/msg/Float32MultiArray.msg
-- Installing: /home/rsanz/git/learning/ROS2/RustROS2/install/std_msgs/share/std_msgs/msg/Float64.msg
-- Installing: /home/rsanz/git/learning/ROS2/RustROS2/install/std_msgs/share/std_msgs/msg/Float64MultiArray.msg
-- Installing: /home/rsanz/git/learning/ROS2/RustROS2/install/std_msgs/share/std_msgs/msg/Header.msg
-- Installing: /home/rsanz/git/learning/ROS2/RustROS2/install/std_msgs/share/std_msgs/msg/Int16.msg
-- Installing: /home/rsanz/git/learning/ROS2/RustROS2/install/std_msgs/share/std_msgs/msg/Int16MultiArray.msg
-- Installing: /home/rsanz/git/learning/ROS2/RustROS2/install/std_msgs/share/std_msgs/msg/Int32.msg
-- Installing: /home/rsanz/git/learning/ROS2/RustROS2/install/std_msgs/share/std_msgs/msg/Int32MultiArray.msg
-- Installing: /home/rsanz/git/learning/ROS2/RustROS2/install/std_msgs/share/std_msgs/msg/Int64.msg
-- Installing: /home/rsanz/git/learning/ROS2/RustROS2/install/std_msgs/share/std_msgs/msg/Int64MultiArray.msg
-- Installing: /home/rsanz/git/learning/ROS2/RustROS2/install/std_msgs/share/std_msgs/msg/Int8.msg
-- Installing: /home/rsanz/git/learning/ROS2/RustROS2/install/std_msgs/share/std_msgs/msg/Int8MultiArray.msg
-- Installing: /home/rsanz/git/learning/ROS2/RustROS2/install/std_msgs/share/std_msgs/msg/MultiArrayDimension.msg
-- Installing: /home/rsanz/git/learning/ROS2/RustROS2/install/std_msgs/share/std_msgs/msg/MultiArrayLayout.msg
-- Installing: /home/rsanz/git/learning/ROS2/RustROS2/install/std_msgs/share/std_msgs/msg/String.msg
-- Installing: /home/rsanz/git/learning/ROS2/RustROS2/install/std_msgs/share/std_msgs/msg/UInt16.msg
-- Installing: /home/rsanz/git/learning/ROS2/RustROS2/install/std_msgs/share/std_msgs/msg/UInt16MultiArray.msg
-- Installing: /home/rsanz/git/learning/ROS2/RustROS2/install/std_msgs/share/std_msgs/msg/UInt32.msg
-- Installing: /home/rsanz/git/learning/ROS2/RustROS2/install/std_msgs/share/std_msgs/msg/UInt32MultiArray.msg
-- Installing: /home/rsanz/git/learning/ROS2/RustROS2/install/std_msgs/share/std_msgs/msg/UInt64.msg
-- Installing: /home/rsanz/git/learning/ROS2/RustROS2/install/std_msgs/share/std_msgs/msg/UInt64MultiArray.msg
-- Installing: /home/rsanz/git/learning/ROS2/RustROS2/install/std_msgs/share/std_msgs/msg/UInt8.msg
-- Installing: /home/rsanz/git/learning/ROS2/RustROS2/install/std_msgs/share/std_msgs/msg/UInt8MultiArray.msg
-- Installing: /home/rsanz/git/learning/ROS2/RustROS2/install/std_msgs/share/ament_index/resource_index/package_run_dependencies/std_msgs
-- Installing: /home/rsanz/git/learning/ROS2/RustROS2/install/std_msgs/share/ament_index/resource_index/parent_prefix_path/std_msgs
-- Installing: /home/rsanz/git/learning/ROS2/RustROS2/install/std_msgs/share/std_msgs/environment/ament_prefix_path.sh
-- Installing: /home/rsanz/git/learning/ROS2/RustROS2/install/std_msgs/share/std_msgs/environment/ament_prefix_path.dsv
-- Installing: /home/rsanz/git/learning/ROS2/RustROS2/install/std_msgs/share/std_msgs/environment/path.sh
-- Installing: /home/rsanz/git/learning/ROS2/RustROS2/install/std_msgs/share/std_msgs/environment/path.dsv
-- Installing: /home/rsanz/git/learning/ROS2/RustROS2/install/std_msgs/share/std_msgs/local_setup.bash
-- Installing: /home/rsanz/git/learning/ROS2/RustROS2/install/std_msgs/share/std_msgs/local_setup.sh
-- Installing: /home/rsanz/git/learning/ROS2/RustROS2/install/std_msgs/share/std_msgs/local_setup.zsh
-- Installing: /home/rsanz/git/learning/ROS2/RustROS2/install/std_msgs/share/std_msgs/local_setup.dsv
-- Installing: /home/rsanz/git/learning/ROS2/RustROS2/install/std_msgs/share/std_msgs/package.dsv
-- Installing: /home/rsanz/git/learning/ROS2/RustROS2/install/std_msgs/share/ament_index/resource_index/packages/std_msgs
-- Installing: /home/rsanz/git/learning/ROS2/RustROS2/install/std_msgs/share/std_msgs/cmake/export_std_msgs__rosidl_generator_cExport.cmake
-- Installing: /home/rsanz/git/learning/ROS2/RustROS2/install/std_msgs/share/std_msgs/cmake/export_std_msgs__rosidl_generator_cExport-noconfig.cmake
-- Installing: /home/rsanz/git/learning/ROS2/RustROS2/install/std_msgs/share/std_msgs/cmake/export_std_msgs__rosidl_typesupport_fastrtps_cExport.cmake
-- Installing: /home/rsanz/git/learning/ROS2/RustROS2/install/std_msgs/share/std_msgs/cmake/export_std_msgs__rosidl_typesupport_fastrtps_cExport-noconfig.cmake
-- Installing: /home/rsanz/git/learning/ROS2/RustROS2/install/std_msgs/share/std_msgs/cmake/export_std_msgs__rosidl_generator_cppExport.cmake
-- Installing: /home/rsanz/git/learning/ROS2/RustROS2/install/std_msgs/share/std_msgs/cmake/export_std_msgs__rosidl_typesupport_fastrtps_cppExport.cmake
-- Installing: /home/rsanz/git/learning/ROS2/RustROS2/install/std_msgs/share/std_msgs/cmake/export_std_msgs__rosidl_typesupport_fastrtps_cppExport-noconfig.cmake
-- Installing: /home/rsanz/git/learning/ROS2/RustROS2/install/std_msgs/share/std_msgs/cmake/std_msgs__rosidl_typesupport_introspection_cExport.cmake
-- Installing: /home/rsanz/git/learning/ROS2/RustROS2/install/std_msgs/share/std_msgs/cmake/std_msgs__rosidl_typesupport_introspection_cExport-noconfig.cmake
-- Installing: /home/rsanz/git/learning/ROS2/RustROS2/install/std_msgs/share/std_msgs/cmake/std_msgs__rosidl_typesupport_cExport.cmake
-- Installing: /home/rsanz/git/learning/ROS2/RustROS2/install/std_msgs/share/std_msgs/cmake/std_msgs__rosidl_typesupport_cExport-noconfig.cmake
-- Installing: /home/rsanz/git/learning/ROS2/RustROS2/install/std_msgs/share/std_msgs/cmake/std_msgs__rosidl_typesupport_introspection_cppExport.cmake
-- Installing: /home/rsanz/git/learning/ROS2/RustROS2/install/std_msgs/share/std_msgs/cmake/std_msgs__rosidl_typesupport_introspection_cppExport-noconfig.cmake
-- Installing: /home/rsanz/git/learning/ROS2/RustROS2/install/std_msgs/share/std_msgs/cmake/std_msgs__rosidl_typesupport_cppExport.cmake
-- Installing: /home/rsanz/git/learning/ROS2/RustROS2/install/std_msgs/share/std_msgs/cmake/std_msgs__rosidl_typesupport_cppExport-noconfig.cmake
-- Installing: /home/rsanz/git/learning/ROS2/RustROS2/install/std_msgs/share/std_msgs/cmake/export_std_msgs__rosidl_generator_pyExport.cmake
-- Installing: /home/rsanz/git/learning/ROS2/RustROS2/install/std_msgs/share/std_msgs/cmake/export_std_msgs__rosidl_generator_pyExport-noconfig.cmake
-- Installing: /home/rsanz/git/learning/ROS2/RustROS2/install/std_msgs/share/std_msgs/cmake/rosidl_cmake-extras.cmake
-- Installing: /home/rsanz/git/learning/ROS2/RustROS2/install/std_msgs/share/std_msgs/cmake/ament_cmake_export_dependencies-extras.cmake
-- Installing: /home/rsanz/git/learning/ROS2/RustROS2/install/std_msgs/share/std_msgs/cmake/ament_cmake_export_include_directories-extras.cmake
-- Installing: /home/rsanz/git/learning/ROS2/RustROS2/install/std_msgs/share/std_msgs/cmake/ament_cmake_export_libraries-extras.cmake
-- Installing: /home/rsanz/git/learning/ROS2/RustROS2/install/std_msgs/share/std_msgs/cmake/ament_cmake_export_targets-extras.cmake
-- Installing: /home/rsanz/git/learning/ROS2/RustROS2/install/std_msgs/share/std_msgs/cmake/rosidl_cmake_export_typesupport_targets-extras.cmake
-- Installing: /home/rsanz/git/learning/ROS2/RustROS2/install/std_msgs/share/std_msgs/cmake/rosidl_cmake_export_typesupport_libraries-extras.cmake
-- Installing: /home/rsanz/git/learning/ROS2/RustROS2/install/std_msgs/share/std_msgs/cmake/std_msgsConfig.cmake
-- Installing: /home/rsanz/git/learning/ROS2/RustROS2/install/std_msgs/share/std_msgs/cmake/std_msgsConfig-version.cmake
-- Installing: /home/rsanz/git/learning/ROS2/RustROS2/install/std_msgs/share/std_msgs/package.xml
