[0.020s] Invoking command in '/home/rsanz/git/learning/ROS2/RustROS2/build/std_msgs': AMENT_PREFIX_PATH=/home/rsanz/git/learning/ROS2/RustROS2/install/rosidl_default_runtime:/home/rsanz/git/learning/ROS2/RustROS2/install/rosidl_default_generators:/home/rsanz/git/learning/ROS2/RustROS2/install/action_msgs:/home/rsanz/git/learning/ROS2/RustROS2/install/service_msgs:/home/rsanz/git/learning/ROS2/RustROS2/install/unique_identifier_msgs:/home/rsanz/git/learning/ROS2/RustROS2/install/builtin_interfaces:/home/rsanz/git/learning/ROS2/RustROS2/install/rosidl_core_runtime:/home/rsanz/git/learning/ROS2/RustROS2/install/rosidl_core_generators:/home/rsanz/git/learning/ROS2/RustROS2/install/rosidl_generator_rs:${AMENT_PREFIX_PATH} CMAKE_PREFIX_PATH=/home/rsanz/git/learning/ROS2/RustROS2/install/rosidl_default_runtime:/home/rsanz/git/learning/ROS2/RustROS2/install/rosidl_default_generators:/home/rsanz/git/learning/ROS2/RustROS2/install/action_msgs:/home/rsanz/git/learning/ROS2/RustROS2/install/service_msgs:/home/rsanz/git/learning/ROS2/RustROS2/install/unique_identifier_msgs:/home/rsanz/git/learning/ROS2/RustROS2/install/builtin_interfaces:/home/rsanz/git/learning/ROS2/RustROS2/install/rosidl_core_runtime:/home/rsanz/git/learning/ROS2/RustROS2/install/rosidl_core_generators:/home/rsanz/git/learning/ROS2/RustROS2/install/rosidl_generator_rs:/opt/ros/jazzy/opt/gz_math_vendor:/opt/ros/jazzy/opt/gz_utils_vendor:/opt/ros/jazzy/opt/gz_cmake_vendor:/opt/ros/jazzy DEBUGINFOD_URLS=https://debuginfod.ubuntu.com LD_LIBRARY_PATH=/home/rsanz/git/learning/ROS2/RustROS2/install/action_msgs/lib:/home/rsanz/git/learning/ROS2/RustROS2/install/service_msgs/lib:/home/rsanz/git/learning/ROS2/RustROS2/install/unique_identifier_msgs/lib:/home/rsanz/git/learning/ROS2/RustROS2/install/builtin_interfaces/lib:${LD_LIBRARY_PATH} PYTHONPATH=/home/rsanz/git/learning/ROS2/RustROS2/install/action_msgs/lib/python3.12/site-packages:/home/rsanz/git/learning/ROS2/RustROS2/install/service_msgs/lib/python3.12/site-packages:/home/rsanz/git/learning/ROS2/RustROS2/install/unique_identifier_msgs/lib/python3.12/site-packages:/home/rsanz/git/learning/ROS2/RustROS2/install/builtin_interfaces/lib/python3.12/site-packages:/home/rsanz/git/learning/ROS2/RustROS2/install/rosidl_generator_rs/lib/python3.12/site-packages:${PYTHONPATH} /usr/bin/cmake --build /home/rsanz/git/learning/ROS2/RustROS2/build/std_msgs -- -j24 -l24
[0.077s] [  1%] [34m[1mGenerating Rust code for ROS interfaces[0m
[0.077s] [  1%] [34m[1mGenerating type hashes for ROS interfaces[0m
[0.083s] [  1%] Built target ament_cmake_python_copy_std_msgs
[0.301s] running egg_info
[0.302s] creating std_msgs.egg-info
[0.325s] writing std_msgs.egg-info/PKG-INFO
[0.325s] writing dependency_links to std_msgs.egg-info/dependency_links.txt
[0.325s] writing top-level names to std_msgs.egg-info/top_level.txt
[0.325s] writing manifest file 'std_msgs.egg-info/SOURCES.txt'
[0.387s] reading manifest file 'std_msgs.egg-info/SOURCES.txt'
[0.387s] writing manifest file 'std_msgs.egg-info/SOURCES.txt'
[0.412s] [  1%] Built target ament_cmake_python_build_std_msgs_egg
[0.732s] [  1%] Built target std_msgs__rosidl_generator_type_description
[0.743s] [  1%] [34m[1mGenerating C code for ROS interfaces[0m
[0.753s] [  1%] [34m[1mGenerating C++ code for ROS interfaces[0m
[0.778s] [  1%] Built target std_msgs__rs
[1.948s] [  1%] Built target std_msgs__cpp
[2.321s] [  2%] [32mBuilding C object CMakeFiles/std_msgs__rosidl_generator_c.dir/rosidl_generator_c/std_msgs/msg/detail/bool__description.c.o[0m
[2.322s] [  2%] [32mBuilding C object CMakeFiles/std_msgs__rosidl_generator_c.dir/rosidl_generator_c/std_msgs/msg/detail/bool__type_support.c.o[0m
[2.322s] [  3%] [32mBuilding C object CMakeFiles/std_msgs__rosidl_generator_c.dir/rosidl_generator_c/std_msgs/msg/detail/byte__description.c.o[0m
[2.322s] [  3%] [32mBuilding C object CMakeFiles/std_msgs__rosidl_generator_c.dir/rosidl_generator_c/std_msgs/msg/detail/byte__functions.c.o[0m
[2.322s] [  4%] [32mBuilding C object CMakeFiles/std_msgs__rosidl_generator_c.dir/rosidl_generator_c/std_msgs/msg/detail/byte_multi_array__description.c.o[0m
[2.322s] [  4%] [32mBuilding C object CMakeFiles/std_msgs__rosidl_generator_c.dir/rosidl_generator_c/std_msgs/msg/detail/byte_multi_array__type_support.c.o[0m
[2.322s] [  5%] [32mBuilding C object CMakeFiles/std_msgs__rosidl_generator_c.dir/rosidl_generator_c/std_msgs/msg/detail/char__description.c.o[0m
[2.322s] [  5%] [32mBuilding C object CMakeFiles/std_msgs__rosidl_generator_c.dir/rosidl_generator_c/std_msgs/msg/detail/byte_multi_array__functions.c.o[0m
[2.322s] [  5%] [32mBuilding C object CMakeFiles/std_msgs__rosidl_generator_c.dir/rosidl_generator_c/std_msgs/msg/detail/byte__type_support.c.o[0m
[2.323s] [  5%] [32mBuilding C object CMakeFiles/std_msgs__rosidl_generator_c.dir/rosidl_generator_c/std_msgs/msg/detail/char__functions.c.o[0m
[2.323s] [  5%] [32mBuilding C object CMakeFiles/std_msgs__rosidl_generator_c.dir/rosidl_generator_c/std_msgs/msg/detail/char__type_support.c.o[0m
[2.323s] [  5%] [32mBuilding C object CMakeFiles/std_msgs__rosidl_generator_c.dir/rosidl_generator_c/std_msgs/msg/detail/color_rgba__description.c.o[0m
[2.323s] [  5%] [32mBuilding C object CMakeFiles/std_msgs__rosidl_generator_c.dir/rosidl_generator_c/std_msgs/msg/detail/bool__functions.c.o[0m
[2.323s] [  5%] [32mBuilding C object CMakeFiles/std_msgs__rosidl_generator_c.dir/rosidl_generator_c/std_msgs/msg/detail/color_rgba__type_support.c.o[0m
[2.323s] [  5%] [32mBuilding C object CMakeFiles/std_msgs__rosidl_generator_c.dir/rosidl_generator_c/std_msgs/msg/detail/empty__type_support.c.o[0m
[2.324s] [  5%] [32mBuilding C object CMakeFiles/std_msgs__rosidl_generator_c.dir/rosidl_generator_c/std_msgs/msg/detail/empty__description.c.o[0m
[2.324s] [  6%] [32mBuilding C object CMakeFiles/std_msgs__rosidl_generator_c.dir/rosidl_generator_c/std_msgs/msg/detail/float32__description.c.o[0m
[2.324s] [  6%] [32mBuilding C object CMakeFiles/std_msgs__rosidl_generator_c.dir/rosidl_generator_c/std_msgs/msg/detail/empty__functions.c.o[0m
[2.324s] [  7%] [32mBuilding C object CMakeFiles/std_msgs__rosidl_generator_c.dir/rosidl_generator_c/std_msgs/msg/detail/color_rgba__functions.c.o[0m
[2.324s] [  8%] [32mBuilding C object CMakeFiles/std_msgs__rosidl_generator_c.dir/rosidl_generator_c/std_msgs/msg/detail/float32__functions.c.o[0m
[2.324s] [  8%] [32mBuilding C object CMakeFiles/std_msgs__rosidl_generator_c.dir/rosidl_generator_c/std_msgs/msg/detail/float32_multi_array__description.c.o[0m
[2.324s] [  8%] [32mBuilding C object CMakeFiles/std_msgs__rosidl_generator_c.dir/rosidl_generator_c/std_msgs/msg/detail/float32__type_support.c.o[0m
[2.325s] [  9%] [32mBuilding C object CMakeFiles/std_msgs__rosidl_generator_c.dir/rosidl_generator_c/std_msgs/msg/detail/float32_multi_array__functions.c.o[0m
[2.325s] [  9%] [32mBuilding C object CMakeFiles/std_msgs__rosidl_generator_c.dir/rosidl_generator_c/std_msgs/msg/detail/float32_multi_array__type_support.c.o[0m
[2.360s] [  9%] [32mBuilding C object CMakeFiles/std_msgs__rosidl_generator_c.dir/rosidl_generator_c/std_msgs/msg/detail/float64__description.c.o[0m
[2.363s] [  9%] [32mBuilding C object CMakeFiles/std_msgs__rosidl_generator_c.dir/rosidl_generator_c/std_msgs/msg/detail/float64__functions.c.o[0m
[2.363s] [ 10%] [32mBuilding C object CMakeFiles/std_msgs__rosidl_generator_c.dir/rosidl_generator_c/std_msgs/msg/detail/float64__type_support.c.o[0m
[2.363s] [ 11%] [32mBuilding C object CMakeFiles/std_msgs__rosidl_generator_c.dir/rosidl_generator_c/std_msgs/msg/detail/float64_multi_array__description.c.o[0m
[2.363s] [ 11%] [32mBuilding C object CMakeFiles/std_msgs__rosidl_generator_c.dir/rosidl_generator_c/std_msgs/msg/detail/float64_multi_array__type_support.c.o[0m
[2.364s] [ 11%] [32mBuilding C object CMakeFiles/std_msgs__rosidl_generator_c.dir/rosidl_generator_c/std_msgs/msg/detail/float64_multi_array__functions.c.o[0m
[2.364s] [ 11%] [32mBuilding C object CMakeFiles/std_msgs__rosidl_generator_c.dir/rosidl_generator_c/std_msgs/msg/detail/header__functions.c.o[0m
[2.364s] [ 11%] [32mBuilding C object CMakeFiles/std_msgs__rosidl_generator_c.dir/rosidl_generator_c/std_msgs/msg/detail/header__description.c.o[0m
[2.365s] [ 12%] [32mBuilding C object CMakeFiles/std_msgs__rosidl_generator_c.dir/rosidl_generator_c/std_msgs/msg/detail/header__type_support.c.o[0m
[2.366s] [ 12%] [32mBuilding C object CMakeFiles/std_msgs__rosidl_generator_c.dir/rosidl_generator_c/std_msgs/msg/detail/int16__description.c.o[0m
[2.366s] [ 12%] [32mBuilding C object CMakeFiles/std_msgs__rosidl_generator_c.dir/rosidl_generator_c/std_msgs/msg/detail/int16__functions.c.o[0m
[2.366s] [ 13%] [32mBuilding C object CMakeFiles/std_msgs__rosidl_generator_c.dir/rosidl_generator_c/std_msgs/msg/detail/int16__type_support.c.o[0m
[2.367s] [ 13%] [32mBuilding C object CMakeFiles/std_msgs__rosidl_generator_c.dir/rosidl_generator_c/std_msgs/msg/detail/int16_multi_array__description.c.o[0m
[2.367s] [ 13%] [32mBuilding C object CMakeFiles/std_msgs__rosidl_generator_c.dir/rosidl_generator_c/std_msgs/msg/detail/int16_multi_array__functions.c.o[0m
[2.369s] [ 13%] [32mBuilding C object CMakeFiles/std_msgs__rosidl_generator_c.dir/rosidl_generator_c/std_msgs/msg/detail/int16_multi_array__type_support.c.o[0m
[2.370s] [ 14%] [32mBuilding C object CMakeFiles/std_msgs__rosidl_generator_c.dir/rosidl_generator_c/std_msgs/msg/detail/int32__description.c.o[0m
[2.376s] [ 14%] [32mBuilding C object CMakeFiles/std_msgs__rosidl_generator_c.dir/rosidl_generator_c/std_msgs/msg/detail/int32__type_support.c.o[0m
[2.378s] [ 15%] [32mBuilding C object CMakeFiles/std_msgs__rosidl_generator_c.dir/rosidl_generator_c/std_msgs/msg/detail/int32_multi_array__description.c.o[0m
[2.378s] [ 15%] [32mBuilding C object CMakeFiles/std_msgs__rosidl_generator_c.dir/rosidl_generator_c/std_msgs/msg/detail/int32__functions.c.o[0m
[2.379s] [ 15%] [32mBuilding C object CMakeFiles/std_msgs__rosidl_generator_c.dir/rosidl_generator_c/std_msgs/msg/detail/int32_multi_array__functions.c.o[0m
[2.380s] [ 15%] [32mBuilding C object CMakeFiles/std_msgs__rosidl_generator_c.dir/rosidl_generator_c/std_msgs/msg/detail/int32_multi_array__type_support.c.o[0m
[2.380s] [ 16%] [32mBuilding C object CMakeFiles/std_msgs__rosidl_generator_c.dir/rosidl_generator_c/std_msgs/msg/detail/int64__description.c.o[0m
[2.381s] [ 16%] [32mBuilding C object CMakeFiles/std_msgs__rosidl_generator_c.dir/rosidl_generator_c/std_msgs/msg/detail/int64__type_support.c.o[0m
[2.381s] [ 16%] [32mBuilding C object CMakeFiles/std_msgs__rosidl_generator_c.dir/rosidl_generator_c/std_msgs/msg/detail/int64__functions.c.o[0m
[2.403s] [ 17%] [32mBuilding C object CMakeFiles/std_msgs__rosidl_generator_c.dir/rosidl_generator_c/std_msgs/msg/detail/int64_multi_array__description.c.o[0m
[2.403s] [ 16%] [32mBuilding C object CMakeFiles/std_msgs__rosidl_generator_c.dir/rosidl_generator_c/std_msgs/msg/detail/int64_multi_array__functions.c.o[0m
[2.403s] [ 17%] [32mBuilding C object CMakeFiles/std_msgs__rosidl_generator_c.dir/rosidl_generator_c/std_msgs/msg/detail/int64_multi_array__type_support.c.o[0m
[2.404s] [ 17%] [32mBuilding C object CMakeFiles/std_msgs__rosidl_generator_c.dir/rosidl_generator_c/std_msgs/msg/detail/int8__description.c.o[0m
[2.404s] [ 18%] [32mBuilding C object CMakeFiles/std_msgs__rosidl_generator_c.dir/rosidl_generator_c/std_msgs/msg/detail/int8__functions.c.o[0m
[2.407s] [ 18%] [32mBuilding C object CMakeFiles/std_msgs__rosidl_generator_c.dir/rosidl_generator_c/std_msgs/msg/detail/int8__type_support.c.o[0m
[2.411s] [ 18%] [32mBuilding C object CMakeFiles/std_msgs__rosidl_generator_c.dir/rosidl_generator_c/std_msgs/msg/detail/int8_multi_array__description.c.o[0m
[2.413s] [ 19%] [32mBuilding C object CMakeFiles/std_msgs__rosidl_generator_c.dir/rosidl_generator_c/std_msgs/msg/detail/int8_multi_array__functions.c.o[0m
[2.414s] [ 19%] [32mBuilding C object CMakeFiles/std_msgs__rosidl_generator_c.dir/rosidl_generator_c/std_msgs/msg/detail/int8_multi_array__type_support.c.o[0m
[2.415s] [ 20%] [32mBuilding C object CMakeFiles/std_msgs__rosidl_generator_c.dir/rosidl_generator_c/std_msgs/msg/detail/multi_array_dimension__functions.c.o[0m
[2.415s] [ 20%] [32mBuilding C object CMakeFiles/std_msgs__rosidl_generator_c.dir/rosidl_generator_c/std_msgs/msg/detail/multi_array_dimension__description.c.o[0m
[2.416s] [ 20%] [32mBuilding C object CMakeFiles/std_msgs__rosidl_generator_c.dir/rosidl_generator_c/std_msgs/msg/detail/multi_array_dimension__type_support.c.o[0m
[2.417s] [ 20%] [32mBuilding C object CMakeFiles/std_msgs__rosidl_generator_c.dir/rosidl_generator_c/std_msgs/msg/detail/multi_array_layout__type_support.c.o[0m
[2.417s] [ 21%] [32mBuilding C object CMakeFiles/std_msgs__rosidl_generator_c.dir/rosidl_generator_c/std_msgs/msg/detail/multi_array_layout__functions.c.o[0m
[2.418s] [ 21%] [32mBuilding C object CMakeFiles/std_msgs__rosidl_generator_c.dir/rosidl_generator_c/std_msgs/msg/detail/multi_array_layout__description.c.o[0m
[2.421s] [ 21%] [32mBuilding C object CMakeFiles/std_msgs__rosidl_generator_c.dir/rosidl_generator_c/std_msgs/msg/detail/string__functions.c.o[0m
[2.421s] [ 22%] [32mBuilding C object CMakeFiles/std_msgs__rosidl_generator_c.dir/rosidl_generator_c/std_msgs/msg/detail/string__type_support.c.o[0m
[2.421s] [ 22%] [32mBuilding C object CMakeFiles/std_msgs__rosidl_generator_c.dir/rosidl_generator_c/std_msgs/msg/detail/string__description.c.o[0m
[2.424s] [ 22%] [32mBuilding C object CMakeFiles/std_msgs__rosidl_generator_c.dir/rosidl_generator_c/std_msgs/msg/detail/u_int16__description.c.o[0m
[2.426s] [ 23%] [32mBuilding C object CMakeFiles/std_msgs__rosidl_generator_c.dir/rosidl_generator_c/std_msgs/msg/detail/u_int16__type_support.c.o[0m
[2.427s] [ 23%] [32mBuilding C object CMakeFiles/std_msgs__rosidl_generator_c.dir/rosidl_generator_c/std_msgs/msg/detail/u_int16__functions.c.o[0m
[2.432s] [ 23%] [32mBuilding C object CMakeFiles/std_msgs__rosidl_generator_c.dir/rosidl_generator_c/std_msgs/msg/detail/u_int16_multi_array__description.c.o[0m
[2.437s] [ 23%] [32mBuilding C object CMakeFiles/std_msgs__rosidl_generator_c.dir/rosidl_generator_c/std_msgs/msg/detail/u_int16_multi_array__functions.c.o[0m
[2.439s] [ 24%] [32mBuilding C object CMakeFiles/std_msgs__rosidl_generator_c.dir/rosidl_generator_c/std_msgs/msg/detail/u_int16_multi_array__type_support.c.o[0m
[2.442s] [ 24%] [32mBuilding C object CMakeFiles/std_msgs__rosidl_generator_c.dir/rosidl_generator_c/std_msgs/msg/detail/u_int32__description.c.o[0m
[2.447s] [ 24%] [32mBuilding C object CMakeFiles/std_msgs__rosidl_generator_c.dir/rosidl_generator_c/std_msgs/msg/detail/u_int32__functions.c.o[0m
[2.452s] [ 25%] [32mBuilding C object CMakeFiles/std_msgs__rosidl_generator_c.dir/rosidl_generator_c/std_msgs/msg/detail/u_int32__type_support.c.o[0m
[2.452s] [ 25%] [32mBuilding C object CMakeFiles/std_msgs__rosidl_generator_c.dir/rosidl_generator_c/std_msgs/msg/detail/u_int32_multi_array__description.c.o[0m
[2.453s] [ 25%] [32mBuilding C object CMakeFiles/std_msgs__rosidl_generator_c.dir/rosidl_generator_c/std_msgs/msg/detail/u_int32_multi_array__functions.c.o[0m
[2.454s] [ 26%] [32mBuilding C object CMakeFiles/std_msgs__rosidl_generator_c.dir/rosidl_generator_c/std_msgs/msg/detail/u_int32_multi_array__type_support.c.o[0m
[2.454s] [ 26%] [32mBuilding C object CMakeFiles/std_msgs__rosidl_generator_c.dir/rosidl_generator_c/std_msgs/msg/detail/u_int64__description.c.o[0m
[2.458s] [ 26%] [32mBuilding C object CMakeFiles/std_msgs__rosidl_generator_c.dir/rosidl_generator_c/std_msgs/msg/detail/u_int64__type_support.c.o[0m
[2.458s] [ 26%] [32mBuilding C object CMakeFiles/std_msgs__rosidl_generator_c.dir/rosidl_generator_c/std_msgs/msg/detail/u_int64__functions.c.o[0m
[2.459s] [ 27%] [32mBuilding C object CMakeFiles/std_msgs__rosidl_generator_c.dir/rosidl_generator_c/std_msgs/msg/detail/u_int64_multi_array__description.c.o[0m
[2.459s] [ 27%] [32mBuilding C object CMakeFiles/std_msgs__rosidl_generator_c.dir/rosidl_generator_c/std_msgs/msg/detail/u_int64_multi_array__functions.c.o[0m
[2.461s] [ 27%] [32mBuilding C object CMakeFiles/std_msgs__rosidl_generator_c.dir/rosidl_generator_c/std_msgs/msg/detail/u_int64_multi_array__type_support.c.o[0m
[2.463s] [ 28%] [32mBuilding C object CMakeFiles/std_msgs__rosidl_generator_c.dir/rosidl_generator_c/std_msgs/msg/detail/u_int8__description.c.o[0m
[2.465s] [ 28%] [32mBuilding C object CMakeFiles/std_msgs__rosidl_generator_c.dir/rosidl_generator_c/std_msgs/msg/detail/u_int8__functions.c.o[0m
[2.467s] [ 28%] [32mBuilding C object CMakeFiles/std_msgs__rosidl_generator_c.dir/rosidl_generator_c/std_msgs/msg/detail/u_int8__type_support.c.o[0m
[2.469s] [ 29%] [32mBuilding C object CMakeFiles/std_msgs__rosidl_generator_c.dir/rosidl_generator_c/std_msgs/msg/detail/u_int8_multi_array__description.c.o[0m
[2.473s] [ 29%] [32mBuilding C object CMakeFiles/std_msgs__rosidl_generator_c.dir/rosidl_generator_c/std_msgs/msg/detail/u_int8_multi_array__functions.c.o[0m
[2.473s] [ 29%] [32mBuilding C object CMakeFiles/std_msgs__rosidl_generator_c.dir/rosidl_generator_c/std_msgs/msg/detail/u_int8_multi_array__type_support.c.o[0m
[2.515s] [ 29%] [32m[1mLinking C shared library libstd_msgs__rosidl_generator_c.so[0m
[2.558s] [ 29%] Built target std_msgs__rosidl_generator_c
[2.568s] [ 29%] [34m[1mGenerating C++ type support for eProsima Fast-RTPS[0m
[2.568s] [ 29%] [34m[1mGenerating C introspection for ROS interfaces[0m
[2.569s] [ 30%] [34m[1mGenerating C type support for eProsima Fast-RTPS[0m
[2.569s] [ 30%] [34m[1mGenerating C++ type support dispatch for ROS interfaces[0m
[2.569s] [ 30%] [34m[1mGenerating C type support dispatch for ROS interfaces[0m
[2.569s] [ 30%] [34m[1mGenerating C++ introspection for ROS interfaces[0m
[3.378s] [ 30%] [32mBuilding CXX object CMakeFiles/std_msgs__rosidl_typesupport_c.dir/rosidl_typesupport_c/std_msgs/msg/bool__type_support.cpp.o[0m
[3.378s] [ 31%] [32mBuilding CXX object CMakeFiles/std_msgs__rosidl_typesupport_c.dir/rosidl_typesupport_c/std_msgs/msg/byte_multi_array__type_support.cpp.o[0m
[3.379s] [ 31%] [32mBuilding CXX object CMakeFiles/std_msgs__rosidl_typesupport_c.dir/rosidl_typesupport_c/std_msgs/msg/byte__type_support.cpp.o[0m
[3.380s] [ 31%] [32mBuilding CXX object CMakeFiles/std_msgs__rosidl_typesupport_c.dir/rosidl_typesupport_c/std_msgs/msg/color_rgba__type_support.cpp.o[0m
[3.380s] [ 32%] [32mBuilding CXX object CMakeFiles/std_msgs__rosidl_typesupport_c.dir/rosidl_typesupport_c/std_msgs/msg/float32_multi_array__type_support.cpp.o[0m
[3.380s] [ 32%] [32mBuilding CXX object CMakeFiles/std_msgs__rosidl_typesupport_c.dir/rosidl_typesupport_c/std_msgs/msg/float32__type_support.cpp.o[0m
[3.380s] [ 33%] [32mBuilding CXX object CMakeFiles/std_msgs__rosidl_typesupport_c.dir/rosidl_typesupport_c/std_msgs/msg/empty__type_support.cpp.o[0m
[3.381s] [ 33%] [32mBuilding CXX object CMakeFiles/std_msgs__rosidl_typesupport_c.dir/rosidl_typesupport_c/std_msgs/msg/float64__type_support.cpp.o[0m
[3.381s] [ 33%] [32mBuilding CXX object CMakeFiles/std_msgs__rosidl_typesupport_c.dir/rosidl_typesupport_c/std_msgs/msg/float64_multi_array__type_support.cpp.o[0m
[3.381s] [ 33%] [32mBuilding CXX object CMakeFiles/std_msgs__rosidl_typesupport_c.dir/rosidl_typesupport_c/std_msgs/msg/header__type_support.cpp.o[0m
[3.381s] [ 33%] [32mBuilding CXX object CMakeFiles/std_msgs__rosidl_typesupport_c.dir/rosidl_typesupport_c/std_msgs/msg/char__type_support.cpp.o[0m
[3.382s] [ 34%] [32mBuilding CXX object CMakeFiles/std_msgs__rosidl_typesupport_c.dir/rosidl_typesupport_c/std_msgs/msg/int16_multi_array__type_support.cpp.o[0m
[3.382s] [ 34%] [32mBuilding CXX object CMakeFiles/std_msgs__rosidl_typesupport_c.dir/rosidl_typesupport_c/std_msgs/msg/int32__type_support.cpp.o[0m
[3.382s] [ 34%] [32mBuilding CXX object CMakeFiles/std_msgs__rosidl_typesupport_c.dir/rosidl_typesupport_c/std_msgs/msg/int16__type_support.cpp.o[0m
[3.382s] [ 35%] [32mBuilding CXX object CMakeFiles/std_msgs__rosidl_typesupport_c.dir/rosidl_typesupport_c/std_msgs/msg/int64__type_support.cpp.o[0m
[3.382s] [ 35%] [32mBuilding CXX object CMakeFiles/std_msgs__rosidl_typesupport_c.dir/rosidl_typesupport_c/std_msgs/msg/int8__type_support.cpp.o[0m
[3.383s] [ 35%] [32mBuilding CXX object CMakeFiles/std_msgs__rosidl_typesupport_c.dir/rosidl_typesupport_c/std_msgs/msg/int64_multi_array__type_support.cpp.o[0m
[3.383s] [ 35%] [32mBuilding CXX object CMakeFiles/std_msgs__rosidl_typesupport_c.dir/rosidl_typesupport_c/std_msgs/msg/int32_multi_array__type_support.cpp.o[0m
[3.386s] [ 35%] [32mBuilding CXX object CMakeFiles/std_msgs__rosidl_typesupport_c.dir/rosidl_typesupport_c/std_msgs/msg/int8_multi_array__type_support.cpp.o[0m
[3.396s] [ 36%] [32mBuilding CXX object CMakeFiles/std_msgs__rosidl_typesupport_cpp.dir/rosidl_typesupport_cpp/std_msgs/msg/bool__type_support.cpp.o[0m
[3.431s] [ 37%] [32mBuilding CXX object CMakeFiles/std_msgs__rosidl_typesupport_cpp.dir/rosidl_typesupport_cpp/std_msgs/msg/byte__type_support.cpp.o[0m
[3.431s] [ 37%] [32mBuilding CXX object CMakeFiles/std_msgs__rosidl_typesupport_c.dir/rosidl_typesupport_c/std_msgs/msg/multi_array_layout__type_support.cpp.o[0m
[3.431s] [ 37%] [32mBuilding CXX object CMakeFiles/std_msgs__rosidl_typesupport_c.dir/rosidl_typesupport_c/std_msgs/msg/string__type_support.cpp.o[0m
[3.431s] [ 37%] [32mBuilding CXX object CMakeFiles/std_msgs__rosidl_typesupport_cpp.dir/rosidl_typesupport_cpp/std_msgs/msg/char__type_support.cpp.o[0m
[3.431s] [ 37%] [32mBuilding CXX object CMakeFiles/std_msgs__rosidl_typesupport_cpp.dir/rosidl_typesupport_cpp/std_msgs/msg/float32_multi_array__type_support.cpp.o[0m
[3.432s] [ 37%] [32mBuilding CXX object CMakeFiles/std_msgs__rosidl_typesupport_cpp.dir/rosidl_typesupport_cpp/std_msgs/msg/empty__type_support.cpp.o[0m
[3.432s] [ 37%] [32mBuilding CXX object CMakeFiles/std_msgs__rosidl_typesupport_cpp.dir/rosidl_typesupport_cpp/std_msgs/msg/byte_multi_array__type_support.cpp.o[0m
[3.432s] [ 38%] [32mBuilding CXX object CMakeFiles/std_msgs__rosidl_typesupport_c.dir/rosidl_typesupport_c/std_msgs/msg/u_int16_multi_array__type_support.cpp.o[0m
[3.432s] [ 37%] [32mBuilding CXX object CMakeFiles/std_msgs__rosidl_typesupport_cpp.dir/rosidl_typesupport_cpp/std_msgs/msg/color_rgba__type_support.cpp.o[0m
[3.432s] [ 39%] [32mBuilding CXX object CMakeFiles/std_msgs__rosidl_typesupport_c.dir/rosidl_typesupport_c/std_msgs/msg/u_int16__type_support.cpp.o[0m
[3.433s] [ 38%] [32mBuilding CXX object CMakeFiles/std_msgs__rosidl_typesupport_cpp.dir/rosidl_typesupport_cpp/std_msgs/msg/float32__type_support.cpp.o[0m
[3.433s] [ 40%] [32mBuilding CXX object CMakeFiles/std_msgs__rosidl_typesupport_c.dir/rosidl_typesupport_c/std_msgs/msg/u_int64__type_support.cpp.o[0m
[3.433s] [ 41%] [32mBuilding CXX object CMakeFiles/std_msgs__rosidl_typesupport_c.dir/rosidl_typesupport_c/std_msgs/msg/u_int32_multi_array__type_support.cpp.o[0m
[3.433s] [ 41%] [32mBuilding CXX object CMakeFiles/std_msgs__rosidl_typesupport_c.dir/rosidl_typesupport_c/std_msgs/msg/multi_array_dimension__type_support.cpp.o[0m
[3.433s] [ 41%] [32mBuilding CXX object CMakeFiles/std_msgs__rosidl_typesupport_c.dir/rosidl_typesupport_c/std_msgs/msg/u_int32__type_support.cpp.o[0m
[3.434s] [ 41%] [32mBuilding CXX object CMakeFiles/std_msgs__rosidl_typesupport_cpp.dir/rosidl_typesupport_cpp/std_msgs/msg/float64__type_support.cpp.o[0m
[3.434s] [ 41%] [32mBuilding CXX object CMakeFiles/std_msgs__rosidl_typesupport_c.dir/rosidl_typesupport_c/std_msgs/msg/u_int64_multi_array__type_support.cpp.o[0m
[3.438s] [ 42%] [32mBuilding CXX object CMakeFiles/std_msgs__rosidl_typesupport_cpp.dir/rosidl_typesupport_cpp/std_msgs/msg/float64_multi_array__type_support.cpp.o[0m
[3.438s] [ 42%] [32mBuilding CXX object CMakeFiles/std_msgs__rosidl_typesupport_cpp.dir/rosidl_typesupport_cpp/std_msgs/msg/header__type_support.cpp.o[0m
[3.481s] [ 43%] [32mBuilding CXX object CMakeFiles/std_msgs__rosidl_typesupport_cpp.dir/rosidl_typesupport_cpp/std_msgs/msg/int16__type_support.cpp.o[0m
[3.481s] [ 43%] [32mBuilding CXX object CMakeFiles/std_msgs__rosidl_typesupport_cpp.dir/rosidl_typesupport_cpp/std_msgs/msg/int16_multi_array__type_support.cpp.o[0m
[3.482s] [ 43%] [32mBuilding CXX object CMakeFiles/std_msgs__rosidl_typesupport_c.dir/rosidl_typesupport_c/std_msgs/msg/u_int8__type_support.cpp.o[0m
[3.482s] [ 43%] [32mBuilding CXX object CMakeFiles/std_msgs__rosidl_typesupport_cpp.dir/rosidl_typesupport_cpp/std_msgs/msg/int32_multi_array__type_support.cpp.o[0m
[3.484s] [ 44%] [32mBuilding CXX object CMakeFiles/std_msgs__rosidl_typesupport_cpp.dir/rosidl_typesupport_cpp/std_msgs/msg/int32__type_support.cpp.o[0m
[3.484s] [ 44%] [32mBuilding CXX object CMakeFiles/std_msgs__rosidl_typesupport_c.dir/rosidl_typesupport_c/std_msgs/msg/u_int8_multi_array__type_support.cpp.o[0m
[3.484s] [ 44%] [32mBuilding CXX object CMakeFiles/std_msgs__rosidl_typesupport_cpp.dir/rosidl_typesupport_cpp/std_msgs/msg/int64__type_support.cpp.o[0m
[3.485s] [ 45%] [32mBuilding CXX object CMakeFiles/std_msgs__rosidl_typesupport_cpp.dir/rosidl_typesupport_cpp/std_msgs/msg/int64_multi_array__type_support.cpp.o[0m
[3.487s] [ 45%] [32mBuilding CXX object CMakeFiles/std_msgs__rosidl_typesupport_cpp.dir/rosidl_typesupport_cpp/std_msgs/msg/int8__type_support.cpp.o[0m
[3.538s] [ 45%] [32mBuilding CXX object CMakeFiles/std_msgs__rosidl_typesupport_cpp.dir/rosidl_typesupport_cpp/std_msgs/msg/int8_multi_array__type_support.cpp.o[0m
[3.540s] [ 45%] [32m[1mLinking CXX shared library libstd_msgs__rosidl_typesupport_c.so[0m
[3.621s] [ 45%] Built target std_msgs__rosidl_typesupport_c
[3.637s] [ 46%] [32mBuilding CXX object CMakeFiles/std_msgs__rosidl_typesupport_cpp.dir/rosidl_typesupport_cpp/std_msgs/msg/multi_array_dimension__type_support.cpp.o[0m
[3.772s] [ 46%] [32mBuilding CXX object CMakeFiles/std_msgs__rosidl_typesupport_cpp.dir/rosidl_typesupport_cpp/std_msgs/msg/multi_array_layout__type_support.cpp.o[0m
[3.778s] [ 46%] [32mBuilding CXX object CMakeFiles/std_msgs__rosidl_typesupport_cpp.dir/rosidl_typesupport_cpp/std_msgs/msg/string__type_support.cpp.o[0m
[3.787s] [ 47%] [32mBuilding CXX object CMakeFiles/std_msgs__rosidl_typesupport_cpp.dir/rosidl_typesupport_cpp/std_msgs/msg/u_int16__type_support.cpp.o[0m
[3.800s] [ 47%] [32mBuilding CXX object CMakeFiles/std_msgs__rosidl_typesupport_cpp.dir/rosidl_typesupport_cpp/std_msgs/msg/u_int16_multi_array__type_support.cpp.o[0m
[3.809s] [ 47%] [32mBuilding CXX object CMakeFiles/std_msgs__rosidl_typesupport_cpp.dir/rosidl_typesupport_cpp/std_msgs/msg/u_int32__type_support.cpp.o[0m
[3.809s] [ 47%] [32mBuilding CXX object CMakeFiles/std_msgs__rosidl_typesupport_cpp.dir/rosidl_typesupport_cpp/std_msgs/msg/u_int32_multi_array__type_support.cpp.o[0m
[3.814s] [ 48%] [32mBuilding CXX object CMakeFiles/std_msgs__rosidl_typesupport_cpp.dir/rosidl_typesupport_cpp/std_msgs/msg/u_int64__type_support.cpp.o[0m
[3.828s] [ 48%] [32mBuilding CXX object CMakeFiles/std_msgs__rosidl_typesupport_cpp.dir/rosidl_typesupport_cpp/std_msgs/msg/u_int64_multi_array__type_support.cpp.o[0m
[3.830s] [ 48%] [32mBuilding CXX object CMakeFiles/std_msgs__rosidl_typesupport_cpp.dir/rosidl_typesupport_cpp/std_msgs/msg/u_int8__type_support.cpp.o[0m
[3.836s] [ 49%] [32mBuilding CXX object CMakeFiles/std_msgs__rosidl_typesupport_cpp.dir/rosidl_typesupport_cpp/std_msgs/msg/u_int8_multi_array__type_support.cpp.o[0m
[3.929s] [ 50%] [32mBuilding C object CMakeFiles/std_msgs__rosidl_typesupport_introspection_c.dir/rosidl_typesupport_introspection_c/std_msgs/msg/detail/bool__type_support.c.o[0m
[3.930s] [ 50%] [32mBuilding C object CMakeFiles/std_msgs__rosidl_typesupport_introspection_c.dir/rosidl_typesupport_introspection_c/std_msgs/msg/detail/byte__type_support.c.o[0m
[3.930s] [ 51%] [32mBuilding C object CMakeFiles/std_msgs__rosidl_typesupport_introspection_c.dir/rosidl_typesupport_introspection_c/std_msgs/msg/detail/color_rgba__type_support.c.o[0m
[3.930s] [ 51%] [32mBuilding C object CMakeFiles/std_msgs__rosidl_typesupport_introspection_c.dir/rosidl_typesupport_introspection_c/std_msgs/msg/detail/char__type_support.c.o[0m
[3.931s] [ 51%] [32mBuilding C object CMakeFiles/std_msgs__rosidl_typesupport_introspection_c.dir/rosidl_typesupport_introspection_c/std_msgs/msg/detail/float32__type_support.c.o[0m
[3.932s] [ 51%] [32mBuilding C object CMakeFiles/std_msgs__rosidl_typesupport_introspection_c.dir/rosidl_typesupport_introspection_c/std_msgs/msg/detail/empty__type_support.c.o[0m
[3.933s] [ 51%] [32mBuilding C object CMakeFiles/std_msgs__rosidl_typesupport_introspection_c.dir/rosidl_typesupport_introspection_c/std_msgs/msg/detail/float64_multi_array__type_support.c.o[0m
[3.933s] [ 52%] [32mBuilding C object CMakeFiles/std_msgs__rosidl_typesupport_introspection_c.dir/rosidl_typesupport_introspection_c/std_msgs/msg/detail/float64__type_support.c.o[0m
[3.934s] [ 52%] [32mBuilding C object CMakeFiles/std_msgs__rosidl_typesupport_introspection_c.dir/rosidl_typesupport_introspection_c/std_msgs/msg/detail/byte_multi_array__type_support.c.o[0m
[3.936s] [ 52%] [32mBuilding C object CMakeFiles/std_msgs__rosidl_typesupport_introspection_c.dir/rosidl_typesupport_introspection_c/std_msgs/msg/detail/float32_multi_array__type_support.c.o[0m
[3.937s] [ 52%] [32mBuilding CXX object CMakeFiles/std_msgs__rosidl_typesupport_introspection_cpp.dir/rosidl_typesupport_introspection_cpp/std_msgs/msg/detail/bool__type_support.cpp.o[0m
[3.979s] [ 53%] [32mBuilding C object CMakeFiles/std_msgs__rosidl_typesupport_introspection_c.dir/rosidl_typesupport_introspection_c/std_msgs/msg/detail/int16__type_support.c.o[0m
[3.979s] [ 53%] [32mBuilding CXX object CMakeFiles/std_msgs__rosidl_typesupport_introspection_cpp.dir/rosidl_typesupport_introspection_cpp/std_msgs/msg/detail/byte__type_support.cpp.o[0m
[3.979s] [ 53%] [32mBuilding C object CMakeFiles/std_msgs__rosidl_typesupport_introspection_c.dir/rosidl_typesupport_introspection_c/std_msgs/msg/detail/header__type_support.c.o[0m
[3.979s] [ 53%] [32mBuilding C object CMakeFiles/std_msgs__rosidl_typesupport_introspection_c.dir/rosidl_typesupport_introspection_c/std_msgs/msg/detail/int16_multi_array__type_support.c.o[0m
[3.979s] [ 54%] [32mBuilding CXX object CMakeFiles/std_msgs__rosidl_typesupport_introspection_cpp.dir/rosidl_typesupport_introspection_cpp/std_msgs/msg/detail/byte_multi_array__type_support.cpp.o[0m
[3.979s] [ 54%] [32mBuilding CXX object CMakeFiles/std_msgs__rosidl_typesupport_introspection_cpp.dir/rosidl_typesupport_introspection_cpp/std_msgs/msg/detail/color_rgba__type_support.cpp.o[0m
[3.980s] [ 54%] [32mBuilding CXX object CMakeFiles/std_msgs__rosidl_typesupport_introspection_cpp.dir/rosidl_typesupport_introspection_cpp/std_msgs/msg/detail/char__type_support.cpp.o[0m
[3.983s] [ 54%] [32mBuilding C object CMakeFiles/std_msgs__rosidl_typesupport_introspection_c.dir/rosidl_typesupport_introspection_c/std_msgs/msg/detail/int32__type_support.c.o[0m
[3.984s] [ 55%] [32mBuilding C object CMakeFiles/std_msgs__rosidl_typesupport_introspection_c.dir/rosidl_typesupport_introspection_c/std_msgs/msg/detail/int32_multi_array__type_support.c.o[0m
[3.989s] [ 55%] [32mBuilding C object CMakeFiles/std_msgs__rosidl_typesupport_introspection_c.dir/rosidl_typesupport_introspection_c/std_msgs/msg/detail/int64__type_support.c.o[0m
[3.995s] [ 56%] [32mBuilding CXX object CMakeFiles/std_msgs__rosidl_typesupport_introspection_cpp.dir/rosidl_typesupport_introspection_cpp/std_msgs/msg/detail/empty__type_support.cpp.o[0m
[4.032s] [ 56%] [32mBuilding CXX object CMakeFiles/std_msgs__rosidl_typesupport_introspection_cpp.dir/rosidl_typesupport_introspection_cpp/std_msgs/msg/detail/float32__type_support.cpp.o[0m
[4.034s] [ 56%] [32mBuilding C object CMakeFiles/std_msgs__rosidl_typesupport_introspection_c.dir/rosidl_typesupport_introspection_c/std_msgs/msg/detail/int64_multi_array__type_support.c.o[0m
[4.037s] [ 56%] [32mBuilding CXX object CMakeFiles/std_msgs__rosidl_typesupport_introspection_cpp.dir/rosidl_typesupport_introspection_cpp/std_msgs/msg/detail/float32_multi_array__type_support.cpp.o[0m
[4.039s] [ 57%] [32mBuilding C object CMakeFiles/std_msgs__rosidl_typesupport_introspection_c.dir/rosidl_typesupport_introspection_c/std_msgs/msg/detail/int8__type_support.c.o[0m
[4.040s] [ 57%] [32mBuilding C object CMakeFiles/std_msgs__rosidl_typesupport_introspection_c.dir/rosidl_typesupport_introspection_c/std_msgs/msg/detail/int8_multi_array__type_support.c.o[0m
[4.047s] [ 58%] [32mBuilding CXX object CMakeFiles/std_msgs__rosidl_typesupport_introspection_cpp.dir/rosidl_typesupport_introspection_cpp/std_msgs/msg/detail/float64__type_support.cpp.o[0m
[4.084s] [ 58%] [32mBuilding CXX object CMakeFiles/std_msgs__rosidl_typesupport_introspection_cpp.dir/rosidl_typesupport_introspection_cpp/std_msgs/msg/detail/float64_multi_array__type_support.cpp.o[0m
[4.094s] [ 58%] [32mBuilding CXX object CMakeFiles/std_msgs__rosidl_typesupport_introspection_cpp.dir/rosidl_typesupport_introspection_cpp/std_msgs/msg/detail/header__type_support.cpp.o[0m
[4.094s] [ 58%] [32mBuilding C object CMakeFiles/std_msgs__rosidl_typesupport_introspection_c.dir/rosidl_typesupport_introspection_c/std_msgs/msg/detail/multi_array_dimension__type_support.c.o[0m
[4.131s] [ 58%] [32mBuilding C object CMakeFiles/std_msgs__rosidl_typesupport_introspection_c.dir/rosidl_typesupport_introspection_c/std_msgs/msg/detail/multi_array_layout__type_support.c.o[0m
[4.131s] [ 59%] [32mBuilding CXX object CMakeFiles/std_msgs__rosidl_typesupport_introspection_cpp.dir/rosidl_typesupport_introspection_cpp/std_msgs/msg/detail/int16__type_support.cpp.o[0m
[4.137s] [ 59%] [32mBuilding CXX object CMakeFiles/std_msgs__rosidl_typesupport_introspection_cpp.dir/rosidl_typesupport_introspection_cpp/std_msgs/msg/detail/int16_multi_array__type_support.cpp.o[0m
[4.143s] [ 60%] [32mBuilding C object CMakeFiles/std_msgs__rosidl_typesupport_introspection_c.dir/rosidl_typesupport_introspection_c/std_msgs/msg/detail/string__type_support.c.o[0m
[4.154s] [ 60%] [32mBuilding CXX object CMakeFiles/std_msgs__rosidl_typesupport_introspection_cpp.dir/rosidl_typesupport_introspection_cpp/std_msgs/msg/detail/int32__type_support.cpp.o[0m
[4.155s] [ 60%] [32mBuilding CXX object CMakeFiles/std_msgs__rosidl_typesupport_introspection_cpp.dir/rosidl_typesupport_introspection_cpp/std_msgs/msg/detail/int32_multi_array__type_support.cpp.o[0m
[4.178s] [ 61%] [32mBuilding CXX object CMakeFiles/std_msgs__rosidl_typesupport_introspection_cpp.dir/rosidl_typesupport_introspection_cpp/std_msgs/msg/detail/int64__type_support.cpp.o[0m
[4.180s] [ 61%] [32mBuilding CXX object CMakeFiles/std_msgs__rosidl_typesupport_introspection_cpp.dir/rosidl_typesupport_introspection_cpp/std_msgs/msg/detail/int64_multi_array__type_support.cpp.o[0m
[4.180s] [ 61%] [32mBuilding C object CMakeFiles/std_msgs__rosidl_typesupport_introspection_c.dir/rosidl_typesupport_introspection_c/std_msgs/msg/detail/u_int16__type_support.c.o[0m
[4.184s] [ 61%] [32mBuilding CXX object CMakeFiles/std_msgs__rosidl_typesupport_introspection_cpp.dir/rosidl_typesupport_introspection_cpp/std_msgs/msg/detail/int8__type_support.cpp.o[0m
[4.187s] [ 61%] [32m[1mLinking CXX shared library libstd_msgs__rosidl_typesupport_cpp.so[0m
[4.191s] [ 62%] [32mBuilding C object CMakeFiles/std_msgs__rosidl_typesupport_introspection_c.dir/rosidl_typesupport_introspection_c/std_msgs/msg/detail/u_int16_multi_array__type_support.c.o[0m
[4.191s] [ 62%] [32mBuilding CXX object CMakeFiles/std_msgs__rosidl_typesupport_introspection_cpp.dir/rosidl_typesupport_introspection_cpp/std_msgs/msg/detail/int8_multi_array__type_support.cpp.o[0m
[4.245s] [ 63%] [32mBuilding C object CMakeFiles/std_msgs__rosidl_typesupport_introspection_c.dir/rosidl_typesupport_introspection_c/std_msgs/msg/detail/u_int32__type_support.c.o[0m
[4.249s] [ 63%] [32mBuilding CXX object CMakeFiles/std_msgs__rosidl_typesupport_introspection_cpp.dir/rosidl_typesupport_introspection_cpp/std_msgs/msg/detail/multi_array_dimension__type_support.cpp.o[0m
[4.251s] [ 63%] Built target std_msgs__rosidl_typesupport_cpp
[4.283s] [ 63%] [32mBuilding CXX object CMakeFiles/std_msgs__rosidl_typesupport_introspection_cpp.dir/rosidl_typesupport_introspection_cpp/std_msgs/msg/detail/multi_array_layout__type_support.cpp.o[0m
[4.299s] [ 63%] [32mBuilding C object CMakeFiles/std_msgs__rosidl_typesupport_introspection_c.dir/rosidl_typesupport_introspection_c/std_msgs/msg/detail/u_int32_multi_array__type_support.c.o[0m
[4.347s] [ 63%] [32mBuilding C object CMakeFiles/std_msgs__rosidl_typesupport_introspection_c.dir/rosidl_typesupport_introspection_c/std_msgs/msg/detail/u_int64__type_support.c.o[0m
[4.353s] [ 64%] [32mBuilding C object CMakeFiles/std_msgs__rosidl_typesupport_introspection_c.dir/rosidl_typesupport_introspection_c/std_msgs/msg/detail/u_int64_multi_array__type_support.c.o[0m
[4.356s] [ 64%] [32mBuilding C object CMakeFiles/std_msgs__rosidl_typesupport_introspection_c.dir/rosidl_typesupport_introspection_c/std_msgs/msg/detail/u_int8__type_support.c.o[0m
[4.361s] [ 64%] [32mBuilding C object CMakeFiles/std_msgs__rosidl_typesupport_introspection_c.dir/rosidl_typesupport_introspection_c/std_msgs/msg/detail/u_int8_multi_array__type_support.c.o[0m
[4.372s] [ 65%] [32mBuilding CXX object CMakeFiles/std_msgs__rosidl_typesupport_introspection_cpp.dir/rosidl_typesupport_introspection_cpp/std_msgs/msg/detail/string__type_support.cpp.o[0m
[4.380s] [ 65%] [32mBuilding CXX object CMakeFiles/std_msgs__rosidl_typesupport_introspection_cpp.dir/rosidl_typesupport_introspection_cpp/std_msgs/msg/detail/u_int16__type_support.cpp.o[0m
[4.401s] [ 65%] [32mBuilding CXX object CMakeFiles/std_msgs__rosidl_typesupport_introspection_cpp.dir/rosidl_typesupport_introspection_cpp/std_msgs/msg/detail/u_int16_multi_array__type_support.cpp.o[0m
[4.401s] [ 65%] [32mBuilding CXX object CMakeFiles/std_msgs__rosidl_typesupport_introspection_cpp.dir/rosidl_typesupport_introspection_cpp/std_msgs/msg/detail/u_int32_multi_array__type_support.cpp.o[0m
[4.402s] [ 66%] [32mBuilding CXX object CMakeFiles/std_msgs__rosidl_typesupport_introspection_cpp.dir/rosidl_typesupport_introspection_cpp/std_msgs/msg/detail/u_int32__type_support.cpp.o[0m
[4.416s] [ 67%] [32m[1mLinking C shared library libstd_msgs__rosidl_typesupport_introspection_c.so[0m
[4.421s] [ 67%] [32mBuilding CXX object CMakeFiles/std_msgs__rosidl_typesupport_introspection_cpp.dir/rosidl_typesupport_introspection_cpp/std_msgs/msg/detail/u_int64__type_support.cpp.o[0m
[4.425s] [ 67%] [32mBuilding CXX object CMakeFiles/std_msgs__rosidl_typesupport_introspection_cpp.dir/rosidl_typesupport_introspection_cpp/std_msgs/msg/detail/u_int64_multi_array__type_support.cpp.o[0m
[4.427s] [ 68%] [32mBuilding CXX object CMakeFiles/std_msgs__rosidl_typesupport_introspection_cpp.dir/rosidl_typesupport_introspection_cpp/std_msgs/msg/detail/u_int8__type_support.cpp.o[0m
[4.464s] [ 68%] Built target std_msgs__rosidl_typesupport_introspection_c
[4.475s] [ 68%] [32mBuilding CXX object CMakeFiles/std_msgs__rosidl_typesupport_introspection_cpp.dir/rosidl_typesupport_introspection_cpp/std_msgs/msg/detail/u_int8_multi_array__type_support.cpp.o[0m
[4.587s] [ 69%] [32mBuilding CXX object CMakeFiles/std_msgs__rosidl_typesupport_fastrtps_cpp.dir/rosidl_typesupport_fastrtps_cpp/std_msgs/msg/detail/dds_fastrtps/byte__type_support.cpp.o[0m
[4.588s] [ 69%] [32mBuilding CXX object CMakeFiles/std_msgs__rosidl_typesupport_fastrtps_cpp.dir/rosidl_typesupport_fastrtps_cpp/std_msgs/msg/detail/dds_fastrtps/char__type_support.cpp.o[0m
[4.589s] [ 69%] [32mBuilding CXX object CMakeFiles/std_msgs__rosidl_typesupport_fastrtps_cpp.dir/rosidl_typesupport_fastrtps_cpp/std_msgs/msg/detail/dds_fastrtps/bool__type_support.cpp.o[0m
[4.590s] [ 70%] [32mBuilding CXX object CMakeFiles/std_msgs__rosidl_typesupport_fastrtps_cpp.dir/rosidl_typesupport_fastrtps_cpp/std_msgs/msg/detail/dds_fastrtps/color_rgba__type_support.cpp.o[0m
[4.590s] [ 71%] [32mBuilding CXX object CMakeFiles/std_msgs__rosidl_typesupport_fastrtps_cpp.dir/rosidl_typesupport_fastrtps_cpp/std_msgs/msg/detail/dds_fastrtps/empty__type_support.cpp.o[0m
[4.590s] [ 71%] [32mBuilding CXX object CMakeFiles/std_msgs__rosidl_typesupport_fastrtps_cpp.dir/rosidl_typesupport_fastrtps_cpp/std_msgs/msg/detail/dds_fastrtps/float64__type_support.cpp.o[0m
[4.590s] [ 71%] [32mBuilding CXX object CMakeFiles/std_msgs__rosidl_typesupport_fastrtps_cpp.dir/rosidl_typesupport_fastrtps_cpp/std_msgs/msg/detail/dds_fastrtps/byte_multi_array__type_support.cpp.o[0m
[4.591s] [ 71%] [32mBuilding CXX object CMakeFiles/std_msgs__rosidl_typesupport_fastrtps_cpp.dir/rosidl_typesupport_fastrtps_cpp/std_msgs/msg/detail/dds_fastrtps/float32_multi_array__type_support.cpp.o[0m
[4.591s] [ 71%] [32mBuilding CXX object CMakeFiles/std_msgs__rosidl_typesupport_fastrtps_cpp.dir/rosidl_typesupport_fastrtps_cpp/std_msgs/msg/detail/dds_fastrtps/float32__type_support.cpp.o[0m
[4.594s] [ 71%] [32mBuilding CXX object CMakeFiles/std_msgs__rosidl_typesupport_fastrtps_cpp.dir/rosidl_typesupport_fastrtps_cpp/std_msgs/msg/detail/dds_fastrtps/float64_multi_array__type_support.cpp.o[0m
[4.601s] [ 72%] [32mBuilding CXX object CMakeFiles/std_msgs__rosidl_typesupport_fastrtps_cpp.dir/rosidl_typesupport_fastrtps_cpp/std_msgs/msg/detail/dds_fastrtps/header__type_support.cpp.o[0m
[4.604s] [ 73%] [32mBuilding CXX object CMakeFiles/std_msgs__rosidl_typesupport_fastrtps_c.dir/rosidl_typesupport_fastrtps_c/std_msgs/msg/detail/bool__type_support_c.cpp.o[0m
[4.607s] [ 73%] [32mBuilding CXX object CMakeFiles/std_msgs__rosidl_typesupport_fastrtps_cpp.dir/rosidl_typesupport_fastrtps_cpp/std_msgs/msg/detail/dds_fastrtps/int16__type_support.cpp.o[0m
[4.613s] [ 73%] [32mBuilding CXX object CMakeFiles/std_msgs__rosidl_typesupport_fastrtps_cpp.dir/rosidl_typesupport_fastrtps_cpp/std_msgs/msg/detail/dds_fastrtps/int16_multi_array__type_support.cpp.o[0m
[4.696s] [ 73%] [32mBuilding CXX object CMakeFiles/std_msgs__rosidl_typesupport_fastrtps_c.dir/rosidl_typesupport_fastrtps_c/std_msgs/msg/detail/byte__type_support_c.cpp.o[0m
[4.741s] [ 73%] [32mBuilding CXX object CMakeFiles/std_msgs__rosidl_typesupport_fastrtps_cpp.dir/rosidl_typesupport_fastrtps_cpp/std_msgs/msg/detail/dds_fastrtps/int32__type_support.cpp.o[0m
[4.748s] [ 73%] [32mBuilding CXX object CMakeFiles/std_msgs__rosidl_typesupport_fastrtps_c.dir/rosidl_typesupport_fastrtps_c/std_msgs/msg/detail/byte_multi_array__type_support_c.cpp.o[0m
[4.778s] [ 74%] [32mBuilding CXX object CMakeFiles/std_msgs__rosidl_typesupport_fastrtps_cpp.dir/rosidl_typesupport_fastrtps_cpp/std_msgs/msg/detail/dds_fastrtps/int32_multi_array__type_support.cpp.o[0m
[4.785s] [ 74%] [32mBuilding CXX object CMakeFiles/std_msgs__rosidl_typesupport_fastrtps_cpp.dir/rosidl_typesupport_fastrtps_cpp/std_msgs/msg/detail/dds_fastrtps/int64_multi_array__type_support.cpp.o[0m
[4.787s] [ 74%] [32mBuilding CXX object CMakeFiles/std_msgs__rosidl_typesupport_fastrtps_cpp.dir/rosidl_typesupport_fastrtps_cpp/std_msgs/msg/detail/dds_fastrtps/int64__type_support.cpp.o[0m
[4.811s] [ 75%] [32mBuilding CXX object CMakeFiles/std_msgs__rosidl_typesupport_fastrtps_cpp.dir/rosidl_typesupport_fastrtps_cpp/std_msgs/msg/detail/dds_fastrtps/int8__type_support.cpp.o[0m
[4.831s] [ 76%] [32mBuilding CXX object CMakeFiles/std_msgs__rosidl_typesupport_fastrtps_c.dir/rosidl_typesupport_fastrtps_c/std_msgs/msg/detail/char__type_support_c.cpp.o[0m
[4.852s] [ 76%] [32mBuilding CXX object CMakeFiles/std_msgs__rosidl_typesupport_fastrtps_c.dir/rosidl_typesupport_fastrtps_c/std_msgs/msg/detail/color_rgba__type_support_c.cpp.o[0m
[4.897s] [ 76%] [32m[1mLinking CXX shared library libstd_msgs__rosidl_typesupport_introspection_cpp.so[0m
[5.117s] [ 76%] Built target std_msgs__rosidl_typesupport_introspection_cpp
[5.117s] [ 76%] [32mBuilding CXX object CMakeFiles/std_msgs__rosidl_typesupport_fastrtps_cpp.dir/rosidl_typesupport_fastrtps_cpp/std_msgs/msg/detail/dds_fastrtps/int8_multi_array__type_support.cpp.o[0m
[5.122s] [ 76%] [32mBuilding CXX object CMakeFiles/std_msgs__rosidl_typesupport_fastrtps_cpp.dir/rosidl_typesupport_fastrtps_cpp/std_msgs/msg/detail/dds_fastrtps/multi_array_dimension__type_support.cpp.o[0m
[5.134s] [ 76%] [32mBuilding CXX object CMakeFiles/std_msgs__rosidl_typesupport_fastrtps_c.dir/rosidl_typesupport_fastrtps_c/std_msgs/msg/detail/empty__type_support_c.cpp.o[0m
[5.138s] [ 76%] [32mBuilding CXX object CMakeFiles/std_msgs__rosidl_typesupport_fastrtps_c.dir/rosidl_typesupport_fastrtps_c/std_msgs/msg/detail/float32__type_support_c.cpp.o[0m
[5.145s] [ 76%] [32mBuilding CXX object CMakeFiles/std_msgs__rosidl_typesupport_fastrtps_c.dir/rosidl_typesupport_fastrtps_c/std_msgs/msg/detail/float64__type_support_c.cpp.o[0m
[5.147s] [ 77%] [32mBuilding CXX object CMakeFiles/std_msgs__rosidl_typesupport_fastrtps_cpp.dir/rosidl_typesupport_fastrtps_cpp/std_msgs/msg/detail/dds_fastrtps/multi_array_layout__type_support.cpp.o[0m
[5.148s] [ 78%] [32mBuilding CXX object CMakeFiles/std_msgs__rosidl_typesupport_fastrtps_c.dir/rosidl_typesupport_fastrtps_c/std_msgs/msg/detail/float32_multi_array__type_support_c.cpp.o[0m
[5.155s] [ 78%] [32mBuilding CXX object CMakeFiles/std_msgs__rosidl_typesupport_fastrtps_c.dir/rosidl_typesupport_fastrtps_c/std_msgs/msg/detail/float64_multi_array__type_support_c.cpp.o[0m
[5.156s] [ 78%] [32mBuilding CXX object CMakeFiles/std_msgs__rosidl_typesupport_fastrtps_cpp.dir/rosidl_typesupport_fastrtps_cpp/std_msgs/msg/detail/dds_fastrtps/string__type_support.cpp.o[0m
[5.168s] [ 78%] [32mBuilding CXX object CMakeFiles/std_msgs__rosidl_typesupport_fastrtps_c.dir/rosidl_typesupport_fastrtps_c/std_msgs/msg/detail/int16__type_support_c.cpp.o[0m
[5.176s] [ 79%] [32mBuilding CXX object CMakeFiles/std_msgs__rosidl_typesupport_fastrtps_c.dir/rosidl_typesupport_fastrtps_c/std_msgs/msg/detail/header__type_support_c.cpp.o[0m
[5.191s] [ 79%] [32mBuilding CXX object CMakeFiles/std_msgs__rosidl_typesupport_fastrtps_c.dir/rosidl_typesupport_fastrtps_c/std_msgs/msg/detail/int16_multi_array__type_support_c.cpp.o[0m
[5.196s] [ 80%] [32mBuilding CXX object CMakeFiles/std_msgs__rosidl_typesupport_fastrtps_c.dir/rosidl_typesupport_fastrtps_c/std_msgs/msg/detail/int32__type_support_c.cpp.o[0m
[5.215s] [ 80%] [32mBuilding CXX object CMakeFiles/std_msgs__rosidl_typesupport_fastrtps_c.dir/rosidl_typesupport_fastrtps_c/std_msgs/msg/detail/int32_multi_array__type_support_c.cpp.o[0m
[5.228s] [ 80%] [32mBuilding CXX object CMakeFiles/std_msgs__rosidl_typesupport_fastrtps_c.dir/rosidl_typesupport_fastrtps_c/std_msgs/msg/detail/int64__type_support_c.cpp.o[0m
[5.237s] [ 80%] [32mBuilding CXX object CMakeFiles/std_msgs__rosidl_typesupport_fastrtps_cpp.dir/rosidl_typesupport_fastrtps_cpp/std_msgs/msg/detail/dds_fastrtps/u_int16__type_support.cpp.o[0m
[5.333s] [ 81%] [32mBuilding CXX object CMakeFiles/std_msgs__rosidl_typesupport_fastrtps_c.dir/rosidl_typesupport_fastrtps_c/std_msgs/msg/detail/int64_multi_array__type_support_c.cpp.o[0m
[5.339s] [ 81%] [32mBuilding CXX object CMakeFiles/std_msgs__rosidl_typesupport_fastrtps_c.dir/rosidl_typesupport_fastrtps_c/std_msgs/msg/detail/int8__type_support_c.cpp.o[0m
[5.348s] [ 82%] [32mBuilding CXX object CMakeFiles/std_msgs__rosidl_typesupport_fastrtps_cpp.dir/rosidl_typesupport_fastrtps_cpp/std_msgs/msg/detail/dds_fastrtps/u_int16_multi_array__type_support.cpp.o[0m
[5.350s] [ 82%] [32mBuilding CXX object CMakeFiles/std_msgs__rosidl_typesupport_fastrtps_cpp.dir/rosidl_typesupport_fastrtps_cpp/std_msgs/msg/detail/dds_fastrtps/u_int32__type_support.cpp.o[0m
[5.362s] [ 82%] [32mBuilding CXX object CMakeFiles/std_msgs__rosidl_typesupport_fastrtps_c.dir/rosidl_typesupport_fastrtps_c/std_msgs/msg/detail/int8_multi_array__type_support_c.cpp.o[0m
[5.392s] [ 82%] [32mBuilding CXX object CMakeFiles/std_msgs__rosidl_typesupport_fastrtps_cpp.dir/rosidl_typesupport_fastrtps_cpp/std_msgs/msg/detail/dds_fastrtps/u_int32_multi_array__type_support.cpp.o[0m
[5.396s] [ 82%] [32mBuilding CXX object CMakeFiles/std_msgs__rosidl_typesupport_fastrtps_c.dir/rosidl_typesupport_fastrtps_c/std_msgs/msg/detail/multi_array_dimension__type_support_c.cpp.o[0m
[5.415s] [ 83%] [32mBuilding CXX object CMakeFiles/std_msgs__rosidl_typesupport_fastrtps_c.dir/rosidl_typesupport_fastrtps_c/std_msgs/msg/detail/multi_array_layout__type_support_c.cpp.o[0m
[5.674s] [ 83%] [32mBuilding CXX object CMakeFiles/std_msgs__rosidl_typesupport_fastrtps_cpp.dir/rosidl_typesupport_fastrtps_cpp/std_msgs/msg/detail/dds_fastrtps/u_int64__type_support.cpp.o[0m
[5.679s] [ 83%] [32mBuilding CXX object CMakeFiles/std_msgs__rosidl_typesupport_fastrtps_c.dir/rosidl_typesupport_fastrtps_c/std_msgs/msg/detail/string__type_support_c.cpp.o[0m
[5.687s] [ 84%] [32mBuilding CXX object CMakeFiles/std_msgs__rosidl_typesupport_fastrtps_cpp.dir/rosidl_typesupport_fastrtps_cpp/std_msgs/msg/detail/dds_fastrtps/u_int64_multi_array__type_support.cpp.o[0m
[5.699s] [ 84%] [32mBuilding CXX object CMakeFiles/std_msgs__rosidl_typesupport_fastrtps_cpp.dir/rosidl_typesupport_fastrtps_cpp/std_msgs/msg/detail/dds_fastrtps/u_int8__type_support.cpp.o[0m
[5.699s] [ 84%] [32mBuilding CXX object CMakeFiles/std_msgs__rosidl_typesupport_fastrtps_c.dir/rosidl_typesupport_fastrtps_c/std_msgs/msg/detail/u_int16__type_support_c.cpp.o[0m
[5.701s] [ 84%] [32mBuilding CXX object CMakeFiles/std_msgs__rosidl_typesupport_fastrtps_cpp.dir/rosidl_typesupport_fastrtps_cpp/std_msgs/msg/detail/dds_fastrtps/u_int8_multi_array__type_support.cpp.o[0m
[5.701s] [ 85%] [32mBuilding CXX object CMakeFiles/std_msgs__rosidl_typesupport_fastrtps_c.dir/rosidl_typesupport_fastrtps_c/std_msgs/msg/detail/u_int16_multi_array__type_support_c.cpp.o[0m
[5.702s] [ 85%] [32mBuilding CXX object CMakeFiles/std_msgs__rosidl_typesupport_fastrtps_c.dir/rosidl_typesupport_fastrtps_c/std_msgs/msg/detail/u_int32__type_support_c.cpp.o[0m
[5.717s] [ 85%] [32mBuilding CXX object CMakeFiles/std_msgs__rosidl_typesupport_fastrtps_c.dir/rosidl_typesupport_fastrtps_c/std_msgs/msg/detail/u_int32_multi_array__type_support_c.cpp.o[0m
[5.726s] [ 86%] [32mBuilding CXX object CMakeFiles/std_msgs__rosidl_typesupport_fastrtps_c.dir/rosidl_typesupport_fastrtps_c/std_msgs/msg/detail/u_int64__type_support_c.cpp.o[0m
[5.737s] [ 86%] [32mBuilding CXX object CMakeFiles/std_msgs__rosidl_typesupport_fastrtps_c.dir/rosidl_typesupport_fastrtps_c/std_msgs/msg/detail/u_int64_multi_array__type_support_c.cpp.o[0m
[5.746s] [ 86%] [32mBuilding CXX object CMakeFiles/std_msgs__rosidl_typesupport_fastrtps_c.dir/rosidl_typesupport_fastrtps_c/std_msgs/msg/detail/u_int8__type_support_c.cpp.o[0m
[5.765s] [ 87%] [32mBuilding CXX object CMakeFiles/std_msgs__rosidl_typesupport_fastrtps_c.dir/rosidl_typesupport_fastrtps_c/std_msgs/msg/detail/u_int8_multi_array__type_support_c.cpp.o[0m
[6.154s] [ 88%] [32m[1mLinking CXX shared library libstd_msgs__rosidl_typesupport_fastrtps_cpp.so[0m
[6.168s] [ 88%] [32m[1mLinking CXX shared library libstd_msgs__rosidl_typesupport_fastrtps_c.so[0m
[6.222s] [ 88%] Built target std_msgs__rosidl_typesupport_fastrtps_cpp
[6.230s] [ 88%] Built target std_msgs__rosidl_typesupport_fastrtps_c
[6.247s] [ 88%] Built target std_msgs
[6.265s] [ 88%] [34m[1mGenerating Python code for ROS interfaces[0m
[8.260s] [ 88%] Built target std_msgs__py
[8.282s] [ 89%] [32mBuilding C object CMakeFiles/std_msgs__rosidl_generator_py.dir/rosidl_generator_py/std_msgs/msg/_bool_s.c.o[0m
[8.282s] [ 89%] [32mBuilding C object CMakeFiles/std_msgs__rosidl_generator_py.dir/rosidl_generator_py/std_msgs/msg/_color_rgba_s.c.o[0m
[8.282s] [ 89%] [32mBuilding C object CMakeFiles/std_msgs__rosidl_generator_py.dir/rosidl_generator_py/std_msgs/msg/_byte_s.c.o[0m
[8.282s] [ 89%] [32mBuilding C object CMakeFiles/std_msgs__rosidl_generator_py.dir/rosidl_generator_py/std_msgs/msg/_byte_multi_array_s.c.o[0m
[8.282s] [ 91%] [32mBuilding C object CMakeFiles/std_msgs__rosidl_generator_py.dir/rosidl_generator_py/std_msgs/msg/_float64_s.c.o[0m
[8.282s] [ 91%] [32mBuilding C object CMakeFiles/std_msgs__rosidl_generator_py.dir/rosidl_generator_py/std_msgs/msg/_char_s.c.o[0m
[8.282s] [ 91%] [32mBuilding C object CMakeFiles/std_msgs__rosidl_generator_py.dir/rosidl_generator_py/std_msgs/msg/_empty_s.c.o[0m
[8.282s] [ 92%] [32mBuilding C object CMakeFiles/std_msgs__rosidl_generator_py.dir/rosidl_generator_py/std_msgs/msg/_float64_multi_array_s.c.o[0m
[8.282s] [ 92%] [32mBuilding C object CMakeFiles/std_msgs__rosidl_generator_py.dir/rosidl_generator_py/std_msgs/msg/_float32_s.c.o[0m
[8.283s] [ 92%] [32mBuilding C object CMakeFiles/std_msgs__rosidl_generator_py.dir/rosidl_generator_py/std_msgs/msg/_int16_s.c.o[0m
[8.283s] [ 92%] [32mBuilding C object CMakeFiles/std_msgs__rosidl_generator_py.dir/rosidl_generator_py/std_msgs/msg/_header_s.c.o[0m
[8.283s] [ 92%] [32mBuilding C object CMakeFiles/std_msgs__rosidl_generator_py.dir/rosidl_generator_py/std_msgs/msg/_int16_multi_array_s.c.o[0m
[8.283s] [ 92%] [32mBuilding C object CMakeFiles/std_msgs__rosidl_generator_py.dir/rosidl_generator_py/std_msgs/msg/_int32_multi_array_s.c.o[0m
[8.283s] [ 92%] [32mBuilding C object CMakeFiles/std_msgs__rosidl_generator_py.dir/rosidl_generator_py/std_msgs/msg/_float32_multi_array_s.c.o[0m
[8.283s] [ 93%] [32mBuilding C object CMakeFiles/std_msgs__rosidl_generator_py.dir/rosidl_generator_py/std_msgs/msg/_int32_s.c.o[0m
[8.284s] [ 93%] [32mBuilding C object CMakeFiles/std_msgs__rosidl_generator_py.dir/rosidl_generator_py/std_msgs/msg/_int64_s.c.o[0m
[8.284s] [ 93%] [32mBuilding C object CMakeFiles/std_msgs__rosidl_generator_py.dir/rosidl_generator_py/std_msgs/msg/_int8_multi_array_s.c.o[0m
[8.284s] [ 93%] [32mBuilding C object CMakeFiles/std_msgs__rosidl_generator_py.dir/rosidl_generator_py/std_msgs/msg/_int8_s.c.o[0m
[8.284s] [ 94%] [32mBuilding C object CMakeFiles/std_msgs__rosidl_generator_py.dir/rosidl_generator_py/std_msgs/msg/_int64_multi_array_s.c.o[0m
[8.284s] [ 95%] [32mBuilding C object CMakeFiles/std_msgs__rosidl_generator_py.dir/rosidl_generator_py/std_msgs/msg/_multi_array_dimension_s.c.o[0m
[8.284s] [ 95%] [32mBuilding C object CMakeFiles/std_msgs__rosidl_generator_py.dir/rosidl_generator_py/std_msgs/msg/_multi_array_layout_s.c.o[0m
[8.284s] [ 95%] [32mBuilding C object CMakeFiles/std_msgs__rosidl_generator_py.dir/rosidl_generator_py/std_msgs/msg/_string_s.c.o[0m
[8.285s] [ 96%] [32mBuilding C object CMakeFiles/std_msgs__rosidl_generator_py.dir/rosidl_generator_py/std_msgs/msg/_u_int16_s.c.o[0m
[8.285s] [ 96%] [32mBuilding C object CMakeFiles/std_msgs__rosidl_generator_py.dir/rosidl_generator_py/std_msgs/msg/_u_int16_multi_array_s.c.o[0m
[8.422s] [ 96%] [32mBuilding C object CMakeFiles/std_msgs__rosidl_generator_py.dir/rosidl_generator_py/std_msgs/msg/_u_int32_multi_array_s.c.o[0m
[8.423s] [ 96%] [32mBuilding C object CMakeFiles/std_msgs__rosidl_generator_py.dir/rosidl_generator_py/std_msgs/msg/_u_int32_s.c.o[0m
[8.423s] [ 97%] [32mBuilding C object CMakeFiles/std_msgs__rosidl_generator_py.dir/rosidl_generator_py/std_msgs/msg/_u_int64_s.c.o[0m
[8.426s] [ 97%] [32mBuilding C object CMakeFiles/std_msgs__rosidl_generator_py.dir/rosidl_generator_py/std_msgs/msg/_u_int8_s.c.o[0m
[8.426s] [ 97%] [32mBuilding C object CMakeFiles/std_msgs__rosidl_generator_py.dir/rosidl_generator_py/std_msgs/msg/_u_int64_multi_array_s.c.o[0m
[8.427s] [ 98%] [32mBuilding C object CMakeFiles/std_msgs__rosidl_generator_py.dir/rosidl_generator_py/std_msgs/msg/_u_int8_multi_array_s.c.o[0m
[8.525s] [ 98%] [32m[1mLinking C shared library libstd_msgs__rosidl_generator_py.so[0m
[8.565s] [ 98%] Built target std_msgs__rosidl_generator_py
[8.583s] [ 98%] [32mBuilding C object CMakeFiles/std_msgs_s__rosidl_typesupport_c.dir/rosidl_generator_py/std_msgs/_std_msgs_s.ep.rosidl_typesupport_c.c.o[0m
[8.583s] [ 99%] [32mBuilding C object CMakeFiles/std_msgs_s__rosidl_typesupport_fastrtps_c.dir/rosidl_generator_py/std_msgs/_std_msgs_s.ep.rosidl_typesupport_fastrtps_c.c.o[0m
[8.583s] [ 99%] [32mBuilding C object CMakeFiles/std_msgs_s__rosidl_typesupport_introspection_c.dir/rosidl_generator_py/std_msgs/_std_msgs_s.ep.rosidl_typesupport_introspection_c.c.o[0m
[8.712s] [100%] [32m[1mLinking C shared module rosidl_generator_py/std_msgs/std_msgs_s__rosidl_typesupport_introspection_c.so[0m
[8.712s] [100%] [32m[1mLinking C shared module rosidl_generator_py/std_msgs/std_msgs_s__rosidl_typesupport_c.so[0m
[8.721s] [100%] [32m[1mLinking C shared module rosidl_generator_py/std_msgs/std_msgs_s__rosidl_typesupport_fastrtps_c.so[0m
[8.740s] [100%] Built target std_msgs_s__rosidl_typesupport_c
[8.741s] [100%] Built target std_msgs_s__rosidl_typesupport_introspection_c
[8.748s] [100%] Built target std_msgs_s__rosidl_typesupport_fastrtps_c
[8.761s] Invoked command in '/home/rsanz/git/learning/ROS2/RustROS2/build/std_msgs' returned '0': AMENT_PREFIX_PATH=/home/rsanz/git/learning/ROS2/RustROS2/install/rosidl_default_runtime:/home/rsanz/git/learning/ROS2/RustROS2/install/rosidl_default_generators:/home/rsanz/git/learning/ROS2/RustROS2/install/action_msgs:/home/rsanz/git/learning/ROS2/RustROS2/install/service_msgs:/home/rsanz/git/learning/ROS2/RustROS2/install/unique_identifier_msgs:/home/rsanz/git/learning/ROS2/RustROS2/install/builtin_interfaces:/home/rsanz/git/learning/ROS2/RustROS2/install/rosidl_core_runtime:/home/rsanz/git/learning/ROS2/RustROS2/install/rosidl_core_generators:/home/rsanz/git/learning/ROS2/RustROS2/install/rosidl_generator_rs:${AMENT_PREFIX_PATH} CMAKE_PREFIX_PATH=/home/rsanz/git/learning/ROS2/RustROS2/install/rosidl_default_runtime:/home/rsanz/git/learning/ROS2/RustROS2/install/rosidl_default_generators:/home/rsanz/git/learning/ROS2/RustROS2/install/action_msgs:/home/rsanz/git/learning/ROS2/RustROS2/install/service_msgs:/home/rsanz/git/learning/ROS2/RustROS2/install/unique_identifier_msgs:/home/rsanz/git/learning/ROS2/RustROS2/install/builtin_interfaces:/home/rsanz/git/learning/ROS2/RustROS2/install/rosidl_core_runtime:/home/rsanz/git/learning/ROS2/RustROS2/install/rosidl_core_generators:/home/rsanz/git/learning/ROS2/RustROS2/install/rosidl_generator_rs:/opt/ros/jazzy/opt/gz_math_vendor:/opt/ros/jazzy/opt/gz_utils_vendor:/opt/ros/jazzy/opt/gz_cmake_vendor:/opt/ros/jazzy DEBUGINFOD_URLS=https://debuginfod.ubuntu.com LD_LIBRARY_PATH=/home/rsanz/git/learning/ROS2/RustROS2/install/action_msgs/lib:/home/rsanz/git/learning/ROS2/RustROS2/install/service_msgs/lib:/home/rsanz/git/learning/ROS2/RustROS2/install/unique_identifier_msgs/lib:/home/rsanz/git/learning/ROS2/RustROS2/install/builtin_interfaces/lib:${LD_LIBRARY_PATH} PYTHONPATH=/home/rsanz/git/learning/ROS2/RustROS2/install/action_msgs/lib/python3.12/site-packages:/home/rsanz/git/learning/ROS2/RustROS2/install/service_msgs/lib/python3.12/site-packages:/home/rsanz/git/learning/ROS2/RustROS2/install/unique_identifier_msgs/lib/python3.12/site-packages:/home/rsanz/git/learning/ROS2/RustROS2/install/builtin_interfaces/lib/python3.12/site-packages:/home/rsanz/git/learning/ROS2/RustROS2/install/rosidl_generator_rs/lib/python3.12/site-packages:${PYTHONPATH} /usr/bin/cmake --build /home/rsanz/git/learning/ROS2/RustROS2/build/std_msgs -- -j24 -l24
[8.762s] Invoking command in '/home/rsanz/git/learning/ROS2/RustROS2/build/std_msgs': AMENT_PREFIX_PATH=/home/rsanz/git/learning/ROS2/RustROS2/install/rosidl_default_runtime:/home/rsanz/git/learning/ROS2/RustROS2/install/rosidl_default_generators:/home/rsanz/git/learning/ROS2/RustROS2/install/action_msgs:/home/rsanz/git/learning/ROS2/RustROS2/install/service_msgs:/home/rsanz/git/learning/ROS2/RustROS2/install/unique_identifier_msgs:/home/rsanz/git/learning/ROS2/RustROS2/install/builtin_interfaces:/home/rsanz/git/learning/ROS2/RustROS2/install/rosidl_core_runtime:/home/rsanz/git/learning/ROS2/RustROS2/install/rosidl_core_generators:/home/rsanz/git/learning/ROS2/RustROS2/install/rosidl_generator_rs:${AMENT_PREFIX_PATH} CMAKE_PREFIX_PATH=/home/rsanz/git/learning/ROS2/RustROS2/install/rosidl_default_runtime:/home/rsanz/git/learning/ROS2/RustROS2/install/rosidl_default_generators:/home/rsanz/git/learning/ROS2/RustROS2/install/action_msgs:/home/rsanz/git/learning/ROS2/RustROS2/install/service_msgs:/home/rsanz/git/learning/ROS2/RustROS2/install/unique_identifier_msgs:/home/rsanz/git/learning/ROS2/RustROS2/install/builtin_interfaces:/home/rsanz/git/learning/ROS2/RustROS2/install/rosidl_core_runtime:/home/rsanz/git/learning/ROS2/RustROS2/install/rosidl_core_generators:/home/rsanz/git/learning/ROS2/RustROS2/install/rosidl_generator_rs:/opt/ros/jazzy/opt/gz_math_vendor:/opt/ros/jazzy/opt/gz_utils_vendor:/opt/ros/jazzy/opt/gz_cmake_vendor:/opt/ros/jazzy DEBUGINFOD_URLS=https://debuginfod.ubuntu.com LD_LIBRARY_PATH=/home/rsanz/git/learning/ROS2/RustROS2/install/action_msgs/lib:/home/rsanz/git/learning/ROS2/RustROS2/install/service_msgs/lib:/home/rsanz/git/learning/ROS2/RustROS2/install/unique_identifier_msgs/lib:/home/rsanz/git/learning/ROS2/RustROS2/install/builtin_interfaces/lib:${LD_LIBRARY_PATH} PYTHONPATH=/home/rsanz/git/learning/ROS2/RustROS2/install/action_msgs/lib/python3.12/site-packages:/home/rsanz/git/learning/ROS2/RustROS2/install/service_msgs/lib/python3.12/site-packages:/home/rsanz/git/learning/ROS2/RustROS2/install/unique_identifier_msgs/lib/python3.12/site-packages:/home/rsanz/git/learning/ROS2/RustROS2/install/builtin_interfaces/lib/python3.12/site-packages:/home/rsanz/git/learning/ROS2/RustROS2/install/rosidl_generator_rs/lib/python3.12/site-packages:${PYTHONPATH} /usr/bin/cmake --install /home/rsanz/git/learning/ROS2/RustROS2/build/std_msgs
[8.769s] -- Install configuration: ""
[8.770s] -- Installing: /home/rsanz/git/learning/ROS2/RustROS2/install/std_msgs/share/ament_index/resource_index/rosidl_interfaces/std_msgs
[8.770s] -- Installing: /home/rsanz/git/learning/ROS2/RustROS2/install/std_msgs/share/std_msgs/msg/Bool.json
[8.770s] -- Installing: /home/rsanz/git/learning/ROS2/RustROS2/install/std_msgs/share/std_msgs/msg/Byte.json
[8.770s] -- Installing: /home/rsanz/git/learning/ROS2/RustROS2/install/std_msgs/share/std_msgs/msg/ByteMultiArray.json
[8.770s] -- Installing: /home/rsanz/git/learning/ROS2/RustROS2/install/std_msgs/share/std_msgs/msg/Char.json
[8.770s] -- Installing: /home/rsanz/git/learning/ROS2/RustROS2/install/std_msgs/share/std_msgs/msg/ColorRGBA.json
[8.771s] -- Installing: /home/rsanz/git/learning/ROS2/RustROS2/install/std_msgs/share/std_msgs/msg/Empty.json
[8.771s] -- Installing: /home/rsanz/git/learning/ROS2/RustROS2/install/std_msgs/share/std_msgs/msg/Float32.json
[8.771s] -- Installing: /home/rsanz/git/learning/ROS2/RustROS2/install/std_msgs/share/std_msgs/msg/Float32MultiArray.json
[8.771s] -- Installing: /home/rsanz/git/learning/ROS2/RustROS2/install/std_msgs/share/std_msgs/msg/Float64.json
[8.771s] -- Installing: /home/rsanz/git/learning/ROS2/RustROS2/install/std_msgs/share/std_msgs/msg/Float64MultiArray.json
[8.771s] -- Installing: /home/rsanz/git/learning/ROS2/RustROS2/install/std_msgs/share/std_msgs/msg/Header.json
[8.771s] -- Installing: /home/rsanz/git/learning/ROS2/RustROS2/install/std_msgs/share/std_msgs/msg/Int16.json
[8.772s] -- Installing: /home/rsanz/git/learning/ROS2/RustROS2/install/std_msgs/share/std_msgs/msg/Int16MultiArray.json
[8.772s] -- Installing: /home/rsanz/git/learning/ROS2/RustROS2/install/std_msgs/share/std_msgs/msg/Int32.json
[8.772s] -- Installing: /home/rsanz/git/learning/ROS2/RustROS2/install/std_msgs/share/std_msgs/msg/Int32MultiArray.json
[8.772s] -- Installing: /home/rsanz/git/learning/ROS2/RustROS2/install/std_msgs/share/std_msgs/msg/Int64.json
[8.772s] -- Installing: /home/rsanz/git/learning/ROS2/RustROS2/install/std_msgs/share/std_msgs/msg/Int64MultiArray.json
[8.772s] -- Installing: /home/rsanz/git/learning/ROS2/RustROS2/install/std_msgs/share/std_msgs/msg/Int8.json
[8.772s] -- Installing: /home/rsanz/git/learning/ROS2/RustROS2/install/std_msgs/share/std_msgs/msg/Int8MultiArray.json
[8.773s] -- Installing: /home/rsanz/git/learning/ROS2/RustROS2/install/std_msgs/share/std_msgs/msg/MultiArrayDimension.json
[8.773s] -- Installing: /home/rsanz/git/learning/ROS2/RustROS2/install/std_msgs/share/std_msgs/msg/MultiArrayLayout.json
[8.773s] -- Installing: /home/rsanz/git/learning/ROS2/RustROS2/install/std_msgs/share/std_msgs/msg/String.json
[8.773s] -- Installing: /home/rsanz/git/learning/ROS2/RustROS2/install/std_msgs/share/std_msgs/msg/UInt16.json
[8.773s] -- Installing: /home/rsanz/git/learning/ROS2/RustROS2/install/std_msgs/share/std_msgs/msg/UInt16MultiArray.json
[8.773s] -- Installing: /home/rsanz/git/learning/ROS2/RustROS2/install/std_msgs/share/std_msgs/msg/UInt32.json
[8.773s] -- Installing: /home/rsanz/git/learning/ROS2/RustROS2/install/std_msgs/share/std_msgs/msg/UInt32MultiArray.json
[8.774s] -- Installing: /home/rsanz/git/learning/ROS2/RustROS2/install/std_msgs/share/std_msgs/msg/UInt64.json
[8.774s] -- Installing: /home/rsanz/git/learning/ROS2/RustROS2/install/std_msgs/share/std_msgs/msg/UInt64MultiArray.json
[8.774s] -- Installing: /home/rsanz/git/learning/ROS2/RustROS2/install/std_msgs/share/std_msgs/msg/UInt8.json
[8.774s] -- Installing: /home/rsanz/git/learning/ROS2/RustROS2/install/std_msgs/share/std_msgs/msg/UInt8MultiArray.json
[8.774s] -- Installing: /home/rsanz/git/learning/ROS2/RustROS2/install/std_msgs/include/std_msgs/std_msgs
[8.775s] -- Installing: /home/rsanz/git/learning/ROS2/RustROS2/install/std_msgs/include/std_msgs/std_msgs/msg
[8.775s] -- Installing: /home/rsanz/git/learning/ROS2/RustROS2/install/std_msgs/include/std_msgs/std_msgs/msg/bool.h
[8.775s] -- Installing: /home/rsanz/git/learning/ROS2/RustROS2/install/std_msgs/include/std_msgs/std_msgs/msg/rosidl_generator_c__visibility_control.h
[8.775s] -- Installing: /home/rsanz/git/learning/ROS2/RustROS2/install/std_msgs/include/std_msgs/std_msgs/msg/u_int32.h
[8.775s] -- Installing: /home/rsanz/git/learning/ROS2/RustROS2/install/std_msgs/include/std_msgs/std_msgs/msg/int64_multi_array.h
[8.775s] -- Installing: /home/rsanz/git/learning/ROS2/RustROS2/install/std_msgs/include/std_msgs/std_msgs/msg/u_int8.h
[8.775s] -- Installing: /home/rsanz/git/learning/ROS2/RustROS2/install/std_msgs/include/std_msgs/std_msgs/msg/int64.h
[8.776s] -- Installing: /home/rsanz/git/learning/ROS2/RustROS2/install/std_msgs/include/std_msgs/std_msgs/msg/u_int16_multi_array.h
[8.776s] -- Installing: /home/rsanz/git/learning/ROS2/RustROS2/install/std_msgs/include/std_msgs/std_msgs/msg/int32_multi_array.h
[8.776s] -- Installing: /home/rsanz/git/learning/ROS2/RustROS2/install/std_msgs/include/std_msgs/std_msgs/msg/int32.h
[8.776s] -- Installing: /home/rsanz/git/learning/ROS2/RustROS2/install/std_msgs/include/std_msgs/std_msgs/msg/header.h
[8.776s] -- Installing: /home/rsanz/git/learning/ROS2/RustROS2/install/std_msgs/include/std_msgs/std_msgs/msg/char.h
[8.777s] -- Installing: /home/rsanz/git/learning/ROS2/RustROS2/install/std_msgs/include/std_msgs/std_msgs/msg/byte_multi_array.h
[8.777s] -- Installing: /home/rsanz/git/learning/ROS2/RustROS2/install/std_msgs/include/std_msgs/std_msgs/msg/int16_multi_array.h
[8.777s] -- Installing: /home/rsanz/git/learning/ROS2/RustROS2/install/std_msgs/include/std_msgs/std_msgs/msg/int8.h
[8.777s] -- Installing: /home/rsanz/git/learning/ROS2/RustROS2/install/std_msgs/include/std_msgs/std_msgs/msg/u_int64.h
[8.777s] -- Installing: /home/rsanz/git/learning/ROS2/RustROS2/install/std_msgs/include/std_msgs/std_msgs/msg/multi_array_dimension.h
[8.777s] -- Installing: /home/rsanz/git/learning/ROS2/RustROS2/install/std_msgs/include/std_msgs/std_msgs/msg/float32_multi_array.h
[8.777s] -- Installing: /home/rsanz/git/learning/ROS2/RustROS2/install/std_msgs/include/std_msgs/std_msgs/msg/u_int32_multi_array.h
[8.778s] -- Installing: /home/rsanz/git/learning/ROS2/RustROS2/install/std_msgs/include/std_msgs/std_msgs/msg/empty.h
[8.778s] -- Installing: /home/rsanz/git/learning/ROS2/RustROS2/install/std_msgs/include/std_msgs/std_msgs/msg/float64.h
[8.778s] -- Installing: /home/rsanz/git/learning/ROS2/RustROS2/install/std_msgs/include/std_msgs/std_msgs/msg/byte.h
[8.778s] -- Installing: /home/rsanz/git/learning/ROS2/RustROS2/install/std_msgs/include/std_msgs/std_msgs/msg/u_int16.h
[8.779s] -- Installing: /home/rsanz/git/learning/ROS2/RustROS2/install/std_msgs/include/std_msgs/std_msgs/msg/detail
[8.779s] -- Installing: /home/rsanz/git/learning/ROS2/RustROS2/install/std_msgs/include/std_msgs/std_msgs/msg/detail/float64_multi_array__struct.h
[8.779s] -- Installing: /home/rsanz/git/learning/ROS2/RustROS2/install/std_msgs/include/std_msgs/std_msgs/msg/detail/int32__type_support.h
[8.779s] -- Installing: /home/rsanz/git/learning/ROS2/RustROS2/install/std_msgs/include/std_msgs/std_msgs/msg/detail/u_int64__struct.h
[8.779s] -- Installing: /home/rsanz/git/learning/ROS2/RustROS2/install/std_msgs/include/std_msgs/std_msgs/msg/detail/float64_multi_array__description.c
[8.779s] -- Installing: /home/rsanz/git/learning/ROS2/RustROS2/install/std_msgs/include/std_msgs/std_msgs/msg/detail/u_int8__functions.c
[8.779s] -- Installing: /home/rsanz/git/learning/ROS2/RustROS2/install/std_msgs/include/std_msgs/std_msgs/msg/detail/char__functions.h
[8.780s] -- Installing: /home/rsanz/git/learning/ROS2/RustROS2/install/std_msgs/include/std_msgs/std_msgs/msg/detail/float64__type_support.h
[8.780s] -- Installing: /home/rsanz/git/learning/ROS2/RustROS2/install/std_msgs/include/std_msgs/std_msgs/msg/detail/u_int16__type_support.h
[8.780s] -- Installing: /home/rsanz/git/learning/ROS2/RustROS2/install/std_msgs/include/std_msgs/std_msgs/msg/detail/int64_multi_array__type_support.h
[8.780s] -- Installing: /home/rsanz/git/learning/ROS2/RustROS2/install/std_msgs/include/std_msgs/std_msgs/msg/detail/u_int16__description.c
[8.780s] -- Installing: /home/rsanz/git/learning/ROS2/RustROS2/install/std_msgs/include/std_msgs/std_msgs/msg/detail/u_int32__struct.h
[8.780s] -- Installing: /home/rsanz/git/learning/ROS2/RustROS2/install/std_msgs/include/std_msgs/std_msgs/msg/detail/u_int8_multi_array__type_support.h
[8.781s] -- Installing: /home/rsanz/git/learning/ROS2/RustROS2/install/std_msgs/include/std_msgs/std_msgs/msg/detail/header__type_support.c
[8.781s] -- Installing: /home/rsanz/git/learning/ROS2/RustROS2/install/std_msgs/include/std_msgs/std_msgs/msg/detail/int16_multi_array__type_support.c
[8.781s] -- Installing: /home/rsanz/git/learning/ROS2/RustROS2/install/std_msgs/include/std_msgs/std_msgs/msg/detail/int8__struct.h
[8.781s] -- Installing: /home/rsanz/git/learning/ROS2/RustROS2/install/std_msgs/include/std_msgs/std_msgs/msg/detail/u_int32_multi_array__functions.h
[8.781s] -- Installing: /home/rsanz/git/learning/ROS2/RustROS2/install/std_msgs/include/std_msgs/std_msgs/msg/detail/multi_array_layout__functions.h
[8.781s] -- Installing: /home/rsanz/git/learning/ROS2/RustROS2/install/std_msgs/include/std_msgs/std_msgs/msg/detail/header__type_support.h
[8.781s] -- Installing: /home/rsanz/git/learning/ROS2/RustROS2/install/std_msgs/include/std_msgs/std_msgs/msg/detail/int8__description.c
[8.782s] -- Installing: /home/rsanz/git/learning/ROS2/RustROS2/install/std_msgs/include/std_msgs/std_msgs/msg/detail/float32_multi_array__functions.c
[8.782s] -- Installing: /home/rsanz/git/learning/ROS2/RustROS2/install/std_msgs/include/std_msgs/std_msgs/msg/detail/float32__struct.h
[8.782s] -- Installing: /home/rsanz/git/learning/ROS2/RustROS2/install/std_msgs/include/std_msgs/std_msgs/msg/detail/char__description.c
[8.782s] -- Installing: /home/rsanz/git/learning/ROS2/RustROS2/install/std_msgs/include/std_msgs/std_msgs/msg/detail/u_int16__functions.c
[8.782s] -- Installing: /home/rsanz/git/learning/ROS2/RustROS2/install/std_msgs/include/std_msgs/std_msgs/msg/detail/float32_multi_array__functions.h
[8.782s] -- Installing: /home/rsanz/git/learning/ROS2/RustROS2/install/std_msgs/include/std_msgs/std_msgs/msg/detail/int8__functions.c
[8.782s] -- Installing: /home/rsanz/git/learning/ROS2/RustROS2/install/std_msgs/include/std_msgs/std_msgs/msg/detail/byte_multi_array__description.c
[8.783s] -- Installing: /home/rsanz/git/learning/ROS2/RustROS2/install/std_msgs/include/std_msgs/std_msgs/msg/detail/u_int16__functions.h
[8.783s] -- Installing: /home/rsanz/git/learning/ROS2/RustROS2/install/std_msgs/include/std_msgs/std_msgs/msg/detail/color_rgba__description.c
[8.783s] -- Installing: /home/rsanz/git/learning/ROS2/RustROS2/install/std_msgs/include/std_msgs/std_msgs/msg/detail/int64__type_support.c
[8.783s] -- Installing: /home/rsanz/git/learning/ROS2/RustROS2/install/std_msgs/include/std_msgs/std_msgs/msg/detail/int64__functions.c
[8.783s] -- Installing: /home/rsanz/git/learning/ROS2/RustROS2/install/std_msgs/include/std_msgs/std_msgs/msg/detail/bool__description.c
[8.783s] -- Installing: /home/rsanz/git/learning/ROS2/RustROS2/install/std_msgs/include/std_msgs/std_msgs/msg/detail/byte__type_support.c
[8.783s] -- Installing: /home/rsanz/git/learning/ROS2/RustROS2/install/std_msgs/include/std_msgs/std_msgs/msg/detail/byte_multi_array__functions.c
[8.783s] -- Installing: /home/rsanz/git/learning/ROS2/RustROS2/install/std_msgs/include/std_msgs/std_msgs/msg/detail/float64_multi_array__functions.h
[8.784s] -- Installing: /home/rsanz/git/learning/ROS2/RustROS2/install/std_msgs/include/std_msgs/std_msgs/msg/detail/color_rgba__functions.h
[8.784s] -- Installing: /home/rsanz/git/learning/ROS2/RustROS2/install/std_msgs/include/std_msgs/std_msgs/msg/detail/u_int64__type_support.h
[8.784s] -- Installing: /home/rsanz/git/learning/ROS2/RustROS2/install/std_msgs/include/std_msgs/std_msgs/msg/detail/string__functions.h
[8.784s] -- Installing: /home/rsanz/git/learning/ROS2/RustROS2/install/std_msgs/include/std_msgs/std_msgs/msg/detail/int16__functions.c
[8.784s] -- Installing: /home/rsanz/git/learning/ROS2/RustROS2/install/std_msgs/include/std_msgs/std_msgs/msg/detail/u_int8__type_support.h
[8.784s] -- Installing: /home/rsanz/git/learning/ROS2/RustROS2/install/std_msgs/include/std_msgs/std_msgs/msg/detail/empty__struct.h
[8.784s] -- Installing: /home/rsanz/git/learning/ROS2/RustROS2/install/std_msgs/include/std_msgs/std_msgs/msg/detail/float64__description.c
[8.784s] -- Installing: /home/rsanz/git/learning/ROS2/RustROS2/install/std_msgs/include/std_msgs/std_msgs/msg/detail/int16_multi_array__functions.c
[8.785s] -- Installing: /home/rsanz/git/learning/ROS2/RustROS2/install/std_msgs/include/std_msgs/std_msgs/msg/detail/byte_multi_array__type_support.h
[8.785s] -- Installing: /home/rsanz/git/learning/ROS2/RustROS2/install/std_msgs/include/std_msgs/std_msgs/msg/detail/float32_multi_array__struct.h
[8.785s] -- Installing: /home/rsanz/git/learning/ROS2/RustROS2/install/std_msgs/include/std_msgs/std_msgs/msg/detail/int64__functions.h
[8.785s] -- Installing: /home/rsanz/git/learning/ROS2/RustROS2/install/std_msgs/include/std_msgs/std_msgs/msg/detail/int64__description.c
[8.785s] -- Installing: /home/rsanz/git/learning/ROS2/RustROS2/install/std_msgs/include/std_msgs/std_msgs/msg/detail/header__description.c
[8.785s] -- Installing: /home/rsanz/git/learning/ROS2/RustROS2/install/std_msgs/include/std_msgs/std_msgs/msg/detail/int32__struct.h
[8.785s] -- Installing: /home/rsanz/git/learning/ROS2/RustROS2/install/std_msgs/include/std_msgs/std_msgs/msg/detail/int16__type_support.c
[8.785s] -- Installing: /home/rsanz/git/learning/ROS2/RustROS2/install/std_msgs/include/std_msgs/std_msgs/msg/detail/int8_multi_array__functions.c
[8.786s] -- Installing: /home/rsanz/git/learning/ROS2/RustROS2/install/std_msgs/include/std_msgs/std_msgs/msg/detail/float64__functions.h
[8.786s] -- Installing: /home/rsanz/git/learning/ROS2/RustROS2/install/std_msgs/include/std_msgs/std_msgs/msg/detail/float32_multi_array__description.c
[8.786s] -- Installing: /home/rsanz/git/learning/ROS2/RustROS2/install/std_msgs/include/std_msgs/std_msgs/msg/detail/byte_multi_array__functions.h
[8.786s] -- Installing: /home/rsanz/git/learning/ROS2/RustROS2/install/std_msgs/include/std_msgs/std_msgs/msg/detail/u_int64_multi_array__description.c
[8.786s] -- Installing: /home/rsanz/git/learning/ROS2/RustROS2/install/std_msgs/include/std_msgs/std_msgs/msg/detail/int16__description.c
[8.786s] -- Installing: /home/rsanz/git/learning/ROS2/RustROS2/install/std_msgs/include/std_msgs/std_msgs/msg/detail/string__description.c
[8.786s] -- Installing: /home/rsanz/git/learning/ROS2/RustROS2/install/std_msgs/include/std_msgs/std_msgs/msg/detail/empty__functions.h
[8.787s] -- Installing: /home/rsanz/git/learning/ROS2/RustROS2/install/std_msgs/include/std_msgs/std_msgs/msg/detail/u_int32_multi_array__type_support.c
[8.787s] -- Installing: /home/rsanz/git/learning/ROS2/RustROS2/install/std_msgs/include/std_msgs/std_msgs/msg/detail/multi_array_layout__description.c
[8.787s] -- Installing: /home/rsanz/git/learning/ROS2/RustROS2/install/std_msgs/include/std_msgs/std_msgs/msg/detail/u_int64_multi_array__functions.h
[8.787s] -- Installing: /home/rsanz/git/learning/ROS2/RustROS2/install/std_msgs/include/std_msgs/std_msgs/msg/detail/byte__functions.c
[8.787s] -- Installing: /home/rsanz/git/learning/ROS2/RustROS2/install/std_msgs/include/std_msgs/std_msgs/msg/detail/int64_multi_array__struct.h
[8.787s] -- Installing: /home/rsanz/git/learning/ROS2/RustROS2/install/std_msgs/include/std_msgs/std_msgs/msg/detail/u_int32_multi_array__type_support.h
[8.787s] -- Installing: /home/rsanz/git/learning/ROS2/RustROS2/install/std_msgs/include/std_msgs/std_msgs/msg/detail/u_int16_multi_array__functions.h
[8.788s] -- Installing: /home/rsanz/git/learning/ROS2/RustROS2/install/std_msgs/include/std_msgs/std_msgs/msg/detail/u_int8_multi_array__description.c
[8.788s] -- Installing: /home/rsanz/git/learning/ROS2/RustROS2/install/std_msgs/include/std_msgs/std_msgs/msg/detail/int8__type_support.c
[8.788s] -- Installing: /home/rsanz/git/learning/ROS2/RustROS2/install/std_msgs/include/std_msgs/std_msgs/msg/detail/header__functions.c
[8.788s] -- Installing: /home/rsanz/git/learning/ROS2/RustROS2/install/std_msgs/include/std_msgs/std_msgs/msg/detail/string__struct.h
[8.788s] -- Installing: /home/rsanz/git/learning/ROS2/RustROS2/install/std_msgs/include/std_msgs/std_msgs/msg/detail/u_int64_multi_array__struct.h
[8.788s] -- Installing: /home/rsanz/git/learning/ROS2/RustROS2/install/std_msgs/include/std_msgs/std_msgs/msg/detail/multi_array_dimension__struct.h
[8.788s] -- Installing: /home/rsanz/git/learning/ROS2/RustROS2/install/std_msgs/include/std_msgs/std_msgs/msg/detail/float32__functions.c
[8.788s] -- Installing: /home/rsanz/git/learning/ROS2/RustROS2/install/std_msgs/include/std_msgs/std_msgs/msg/detail/u_int16__type_support.c
[8.789s] -- Installing: /home/rsanz/git/learning/ROS2/RustROS2/install/std_msgs/include/std_msgs/std_msgs/msg/detail/float32__description.c
[8.789s] -- Installing: /home/rsanz/git/learning/ROS2/RustROS2/install/std_msgs/include/std_msgs/std_msgs/msg/detail/empty__type_support.h
[8.789s] -- Installing: /home/rsanz/git/learning/ROS2/RustROS2/install/std_msgs/include/std_msgs/std_msgs/msg/detail/u_int16_multi_array__description.c
[8.789s] -- Installing: /home/rsanz/git/learning/ROS2/RustROS2/install/std_msgs/include/std_msgs/std_msgs/msg/detail/char__type_support.h
[8.789s] -- Installing: /home/rsanz/git/learning/ROS2/RustROS2/install/std_msgs/include/std_msgs/std_msgs/msg/detail/int16_multi_array__type_support.h
[8.789s] -- Installing: /home/rsanz/git/learning/ROS2/RustROS2/install/std_msgs/include/std_msgs/std_msgs/msg/detail/u_int8_multi_array__type_support.c
[8.789s] -- Installing: /home/rsanz/git/learning/ROS2/RustROS2/install/std_msgs/include/std_msgs/std_msgs/msg/detail/int32__functions.h
[8.790s] -- Installing: /home/rsanz/git/learning/ROS2/RustROS2/install/std_msgs/include/std_msgs/std_msgs/msg/detail/u_int16_multi_array__struct.h
[8.790s] -- Installing: /home/rsanz/git/learning/ROS2/RustROS2/install/std_msgs/include/std_msgs/std_msgs/msg/detail/bool__functions.c
[8.790s] -- Installing: /home/rsanz/git/learning/ROS2/RustROS2/install/std_msgs/include/std_msgs/std_msgs/msg/detail/u_int32__type_support.c
[8.790s] -- Installing: /home/rsanz/git/learning/ROS2/RustROS2/install/std_msgs/include/std_msgs/std_msgs/msg/detail/int64__struct.h
[8.790s] -- Installing: /home/rsanz/git/learning/ROS2/RustROS2/install/std_msgs/include/std_msgs/std_msgs/msg/detail/u_int32_multi_array__struct.h
[8.790s] -- Installing: /home/rsanz/git/learning/ROS2/RustROS2/install/std_msgs/include/std_msgs/std_msgs/msg/detail/u_int64__functions.c
[8.790s] -- Installing: /home/rsanz/git/learning/ROS2/RustROS2/install/std_msgs/include/std_msgs/std_msgs/msg/detail/u_int8_multi_array__struct.h
[8.790s] -- Installing: /home/rsanz/git/learning/ROS2/RustROS2/install/std_msgs/include/std_msgs/std_msgs/msg/detail/int16__type_support.h
[8.791s] -- Installing: /home/rsanz/git/learning/ROS2/RustROS2/install/std_msgs/include/std_msgs/std_msgs/msg/detail/byte__type_support.h
[8.791s] -- Installing: /home/rsanz/git/learning/ROS2/RustROS2/install/std_msgs/include/std_msgs/std_msgs/msg/detail/float32_multi_array__type_support.c
[8.791s] -- Installing: /home/rsanz/git/learning/ROS2/RustROS2/install/std_msgs/include/std_msgs/std_msgs/msg/detail/int16__functions.h
[8.791s] -- Installing: /home/rsanz/git/learning/ROS2/RustROS2/install/std_msgs/include/std_msgs/std_msgs/msg/detail/bool__type_support.c
[8.791s] -- Installing: /home/rsanz/git/learning/ROS2/RustROS2/install/std_msgs/include/std_msgs/std_msgs/msg/detail/u_int32__description.c
[8.791s] -- Installing: /home/rsanz/git/learning/ROS2/RustROS2/install/std_msgs/include/std_msgs/std_msgs/msg/detail/float32_multi_array__type_support.h
[8.791s] -- Installing: /home/rsanz/git/learning/ROS2/RustROS2/install/std_msgs/include/std_msgs/std_msgs/msg/detail/int8_multi_array__description.c
[8.792s] -- Installing: /home/rsanz/git/learning/ROS2/RustROS2/install/std_msgs/include/std_msgs/std_msgs/msg/detail/int8_multi_array__type_support.h
[8.792s] -- Installing: /home/rsanz/git/learning/ROS2/RustROS2/install/std_msgs/include/std_msgs/std_msgs/msg/detail/int8__functions.h
[8.792s] -- Installing: /home/rsanz/git/learning/ROS2/RustROS2/install/std_msgs/include/std_msgs/std_msgs/msg/detail/u_int16__struct.h
[8.792s] -- Installing: /home/rsanz/git/learning/ROS2/RustROS2/install/std_msgs/include/std_msgs/std_msgs/msg/detail/int64__type_support.h
[8.792s] -- Installing: /home/rsanz/git/learning/ROS2/RustROS2/install/std_msgs/include/std_msgs/std_msgs/msg/detail/int32_multi_array__struct.h
[8.792s] -- Installing: /home/rsanz/git/learning/ROS2/RustROS2/install/std_msgs/include/std_msgs/std_msgs/msg/detail/u_int64__description.c
[8.792s] -- Installing: /home/rsanz/git/learning/ROS2/RustROS2/install/std_msgs/include/std_msgs/std_msgs/msg/detail/char__type_support.c
[8.793s] -- Installing: /home/rsanz/git/learning/ROS2/RustROS2/install/std_msgs/include/std_msgs/std_msgs/msg/detail/int64_multi_array__type_support.c
[8.793s] -- Installing: /home/rsanz/git/learning/ROS2/RustROS2/install/std_msgs/include/std_msgs/std_msgs/msg/detail/int16__struct.h
[8.793s] -- Installing: /home/rsanz/git/learning/ROS2/RustROS2/install/std_msgs/include/std_msgs/std_msgs/msg/detail/int64_multi_array__description.c
[8.793s] -- Installing: /home/rsanz/git/learning/ROS2/RustROS2/install/std_msgs/include/std_msgs/std_msgs/msg/detail/u_int8__description.c
[8.793s] -- Installing: /home/rsanz/git/learning/ROS2/RustROS2/install/std_msgs/include/std_msgs/std_msgs/msg/detail/empty__functions.c
[8.793s] -- Installing: /home/rsanz/git/learning/ROS2/RustROS2/install/std_msgs/include/std_msgs/std_msgs/msg/detail/color_rgba__type_support.h
[8.793s] -- Installing: /home/rsanz/git/learning/ROS2/RustROS2/install/std_msgs/include/std_msgs/std_msgs/msg/detail/u_int8__type_support.c
[8.794s] -- Installing: /home/rsanz/git/learning/ROS2/RustROS2/install/std_msgs/include/std_msgs/std_msgs/msg/detail/int64_multi_array__functions.c
[8.794s] -- Installing: /home/rsanz/git/learning/ROS2/RustROS2/install/std_msgs/include/std_msgs/std_msgs/msg/detail/header__functions.h
[8.794s] -- Installing: /home/rsanz/git/learning/ROS2/RustROS2/install/std_msgs/include/std_msgs/std_msgs/msg/detail/int32_multi_array__functions.c
[8.794s] -- Installing: /home/rsanz/git/learning/ROS2/RustROS2/install/std_msgs/include/std_msgs/std_msgs/msg/detail/char__struct.h
[8.794s] -- Installing: /home/rsanz/git/learning/ROS2/RustROS2/install/std_msgs/include/std_msgs/std_msgs/msg/detail/float32__type_support.h
[8.794s] -- Installing: /home/rsanz/git/learning/ROS2/RustROS2/install/std_msgs/include/std_msgs/std_msgs/msg/detail/u_int64_multi_array__type_support.h
[8.794s] -- Installing: /home/rsanz/git/learning/ROS2/RustROS2/install/std_msgs/include/std_msgs/std_msgs/msg/detail/float64__struct.h
[8.795s] -- Installing: /home/rsanz/git/learning/ROS2/RustROS2/install/std_msgs/include/std_msgs/std_msgs/msg/detail/u_int8_multi_array__functions.c
[8.795s] -- Installing: /home/rsanz/git/learning/ROS2/RustROS2/install/std_msgs/include/std_msgs/std_msgs/msg/detail/int16_multi_array__description.c
[8.795s] -- Installing: /home/rsanz/git/learning/ROS2/RustROS2/install/std_msgs/include/std_msgs/std_msgs/msg/detail/u_int16_multi_array__type_support.h
[8.795s] -- Installing: /home/rsanz/git/learning/ROS2/RustROS2/install/std_msgs/include/std_msgs/std_msgs/msg/detail/u_int8__functions.h
[8.795s] -- Installing: /home/rsanz/git/learning/ROS2/RustROS2/install/std_msgs/include/std_msgs/std_msgs/msg/detail/int32__description.c
[8.795s] -- Installing: /home/rsanz/git/learning/ROS2/RustROS2/install/std_msgs/include/std_msgs/std_msgs/msg/detail/float32__functions.h
[8.795s] -- Installing: /home/rsanz/git/learning/ROS2/RustROS2/install/std_msgs/include/std_msgs/std_msgs/msg/detail/u_int8_multi_array__functions.h
[8.796s] -- Installing: /home/rsanz/git/learning/ROS2/RustROS2/install/std_msgs/include/std_msgs/std_msgs/msg/detail/header__struct.h
[8.796s] -- Installing: /home/rsanz/git/learning/ROS2/RustROS2/install/std_msgs/include/std_msgs/std_msgs/msg/detail/int16_multi_array__functions.h
[8.796s] -- Installing: /home/rsanz/git/learning/ROS2/RustROS2/install/std_msgs/include/std_msgs/std_msgs/msg/detail/multi_array_dimension__type_support.h
[8.796s] -- Installing: /home/rsanz/git/learning/ROS2/RustROS2/install/std_msgs/include/std_msgs/std_msgs/msg/detail/multi_array_dimension__description.c
[8.796s] -- Installing: /home/rsanz/git/learning/ROS2/RustROS2/install/std_msgs/include/std_msgs/std_msgs/msg/detail/u_int64_multi_array__functions.c
[8.796s] -- Installing: /home/rsanz/git/learning/ROS2/RustROS2/install/std_msgs/include/std_msgs/std_msgs/msg/detail/multi_array_layout__struct.h
[8.796s] -- Installing: /home/rsanz/git/learning/ROS2/RustROS2/install/std_msgs/include/std_msgs/std_msgs/msg/detail/float64_multi_array__type_support.c
[8.796s] -- Installing: /home/rsanz/git/learning/ROS2/RustROS2/install/std_msgs/include/std_msgs/std_msgs/msg/detail/byte__description.c
[8.797s] -- Installing: /home/rsanz/git/learning/ROS2/RustROS2/install/std_msgs/include/std_msgs/std_msgs/msg/detail/u_int16_multi_array__type_support.c
[8.797s] -- Installing: /home/rsanz/git/learning/ROS2/RustROS2/install/std_msgs/include/std_msgs/std_msgs/msg/detail/u_int32_multi_array__description.c
[8.797s] -- Installing: /home/rsanz/git/learning/ROS2/RustROS2/install/std_msgs/include/std_msgs/std_msgs/msg/detail/u_int32__type_support.h
[8.797s] -- Installing: /home/rsanz/git/learning/ROS2/RustROS2/install/std_msgs/include/std_msgs/std_msgs/msg/detail/u_int64_multi_array__type_support.c
[8.797s] -- Installing: /home/rsanz/git/learning/ROS2/RustROS2/install/std_msgs/include/std_msgs/std_msgs/msg/detail/u_int32__functions.h
[8.797s] -- Installing: /home/rsanz/git/learning/ROS2/RustROS2/install/std_msgs/include/std_msgs/std_msgs/msg/detail/int32_multi_array__type_support.h
[8.797s] -- Installing: /home/rsanz/git/learning/ROS2/RustROS2/install/std_msgs/include/std_msgs/std_msgs/msg/detail/multi_array_dimension__functions.c
[8.798s] -- Installing: /home/rsanz/git/learning/ROS2/RustROS2/install/std_msgs/include/std_msgs/std_msgs/msg/detail/color_rgba__functions.c
[8.798s] -- Installing: /home/rsanz/git/learning/ROS2/RustROS2/install/std_msgs/include/std_msgs/std_msgs/msg/detail/byte_multi_array__type_support.c
[8.798s] -- Installing: /home/rsanz/git/learning/ROS2/RustROS2/install/std_msgs/include/std_msgs/std_msgs/msg/detail/color_rgba__struct.h
[8.798s] -- Installing: /home/rsanz/git/learning/ROS2/RustROS2/install/std_msgs/include/std_msgs/std_msgs/msg/detail/bool__struct.h
[8.798s] -- Installing: /home/rsanz/git/learning/ROS2/RustROS2/install/std_msgs/include/std_msgs/std_msgs/msg/detail/int32__type_support.c
[8.798s] -- Installing: /home/rsanz/git/learning/ROS2/RustROS2/install/std_msgs/include/std_msgs/std_msgs/msg/detail/byte__struct.h
[8.798s] -- Installing: /home/rsanz/git/learning/ROS2/RustROS2/install/std_msgs/include/std_msgs/std_msgs/msg/detail/u_int32_multi_array__functions.c
[8.799s] -- Installing: /home/rsanz/git/learning/ROS2/RustROS2/install/std_msgs/include/std_msgs/std_msgs/msg/detail/int8_multi_array__type_support.c
[8.799s] -- Installing: /home/rsanz/git/learning/ROS2/RustROS2/install/std_msgs/include/std_msgs/std_msgs/msg/detail/multi_array_layout__type_support.c
[8.799s] -- Installing: /home/rsanz/git/learning/ROS2/RustROS2/install/std_msgs/include/std_msgs/std_msgs/msg/detail/u_int8__struct.h
[8.799s] -- Installing: /home/rsanz/git/learning/ROS2/RustROS2/install/std_msgs/include/std_msgs/std_msgs/msg/detail/char__functions.c
[8.799s] -- Installing: /home/rsanz/git/learning/ROS2/RustROS2/install/std_msgs/include/std_msgs/std_msgs/msg/detail/multi_array_dimension__type_support.c
[8.799s] -- Installing: /home/rsanz/git/learning/ROS2/RustROS2/install/std_msgs/include/std_msgs/std_msgs/msg/detail/color_rgba__type_support.c
[8.799s] -- Installing: /home/rsanz/git/learning/ROS2/RustROS2/install/std_msgs/include/std_msgs/std_msgs/msg/detail/float32__type_support.c
[8.800s] -- Installing: /home/rsanz/git/learning/ROS2/RustROS2/install/std_msgs/include/std_msgs/std_msgs/msg/detail/int32_multi_array__type_support.c
[8.800s] -- Installing: /home/rsanz/git/learning/ROS2/RustROS2/install/std_msgs/include/std_msgs/std_msgs/msg/detail/int8__type_support.h
[8.800s] -- Installing: /home/rsanz/git/learning/ROS2/RustROS2/install/std_msgs/include/std_msgs/std_msgs/msg/detail/string__type_support.h
[8.800s] -- Installing: /home/rsanz/git/learning/ROS2/RustROS2/install/std_msgs/include/std_msgs/std_msgs/msg/detail/int64_multi_array__functions.h
[8.800s] -- Installing: /home/rsanz/git/learning/ROS2/RustROS2/install/std_msgs/include/std_msgs/std_msgs/msg/detail/float64_multi_array__functions.c
[8.800s] -- Installing: /home/rsanz/git/learning/ROS2/RustROS2/install/std_msgs/include/std_msgs/std_msgs/msg/detail/byte_multi_array__struct.h
[8.800s] -- Installing: /home/rsanz/git/learning/ROS2/RustROS2/install/std_msgs/include/std_msgs/std_msgs/msg/detail/float64__functions.c
[8.800s] -- Installing: /home/rsanz/git/learning/ROS2/RustROS2/install/std_msgs/include/std_msgs/std_msgs/msg/detail/int8_multi_array__functions.h
[8.801s] -- Installing: /home/rsanz/git/learning/ROS2/RustROS2/install/std_msgs/include/std_msgs/std_msgs/msg/detail/int8_multi_array__struct.h
[8.801s] -- Installing: /home/rsanz/git/learning/ROS2/RustROS2/install/std_msgs/include/std_msgs/std_msgs/msg/detail/empty__type_support.c
[8.801s] -- Installing: /home/rsanz/git/learning/ROS2/RustROS2/install/std_msgs/include/std_msgs/std_msgs/msg/detail/multi_array_layout__functions.c
[8.801s] -- Installing: /home/rsanz/git/learning/ROS2/RustROS2/install/std_msgs/include/std_msgs/std_msgs/msg/detail/u_int16_multi_array__functions.c
[8.801s] -- Installing: /home/rsanz/git/learning/ROS2/RustROS2/install/std_msgs/include/std_msgs/std_msgs/msg/detail/u_int64__type_support.c
[8.801s] -- Installing: /home/rsanz/git/learning/ROS2/RustROS2/install/std_msgs/include/std_msgs/std_msgs/msg/detail/int16_multi_array__struct.h
[8.801s] -- Installing: /home/rsanz/git/learning/ROS2/RustROS2/install/std_msgs/include/std_msgs/std_msgs/msg/detail/u_int64__functions.h
[8.802s] -- Installing: /home/rsanz/git/learning/ROS2/RustROS2/install/std_msgs/include/std_msgs/std_msgs/msg/detail/byte__functions.h
[8.802s] -- Installing: /home/rsanz/git/learning/ROS2/RustROS2/install/std_msgs/include/std_msgs/std_msgs/msg/detail/float64__type_support.c
[8.802s] -- Installing: /home/rsanz/git/learning/ROS2/RustROS2/install/std_msgs/include/std_msgs/std_msgs/msg/detail/int32__functions.c
[8.802s] -- Installing: /home/rsanz/git/learning/ROS2/RustROS2/install/std_msgs/include/std_msgs/std_msgs/msg/detail/string__functions.c
[8.802s] -- Installing: /home/rsanz/git/learning/ROS2/RustROS2/install/std_msgs/include/std_msgs/std_msgs/msg/detail/int32_multi_array__description.c
[8.802s] -- Installing: /home/rsanz/git/learning/ROS2/RustROS2/install/std_msgs/include/std_msgs/std_msgs/msg/detail/multi_array_dimension__functions.h
[8.802s] -- Installing: /home/rsanz/git/learning/ROS2/RustROS2/install/std_msgs/include/std_msgs/std_msgs/msg/detail/empty__description.c
[8.803s] -- Installing: /home/rsanz/git/learning/ROS2/RustROS2/install/std_msgs/include/std_msgs/std_msgs/msg/detail/bool__functions.h
[8.803s] -- Installing: /home/rsanz/git/learning/ROS2/RustROS2/install/std_msgs/include/std_msgs/std_msgs/msg/detail/multi_array_layout__type_support.h
[8.803s] -- Installing: /home/rsanz/git/learning/ROS2/RustROS2/install/std_msgs/include/std_msgs/std_msgs/msg/detail/u_int32__functions.c
[8.803s] -- Installing: /home/rsanz/git/learning/ROS2/RustROS2/install/std_msgs/include/std_msgs/std_msgs/msg/detail/string__type_support.c
[8.803s] -- Installing: /home/rsanz/git/learning/ROS2/RustROS2/install/std_msgs/include/std_msgs/std_msgs/msg/detail/bool__type_support.h
[8.803s] -- Installing: /home/rsanz/git/learning/ROS2/RustROS2/install/std_msgs/include/std_msgs/std_msgs/msg/detail/int32_multi_array__functions.h
[8.803s] -- Installing: /home/rsanz/git/learning/ROS2/RustROS2/install/std_msgs/include/std_msgs/std_msgs/msg/detail/float64_multi_array__type_support.h
[8.804s] -- Installing: /home/rsanz/git/learning/ROS2/RustROS2/install/std_msgs/include/std_msgs/std_msgs/msg/u_int64_multi_array.h
[8.804s] -- Installing: /home/rsanz/git/learning/ROS2/RustROS2/install/std_msgs/include/std_msgs/std_msgs/msg/multi_array_layout.h
[8.804s] -- Installing: /home/rsanz/git/learning/ROS2/RustROS2/install/std_msgs/include/std_msgs/std_msgs/msg/int16.h
[8.804s] -- Installing: /home/rsanz/git/learning/ROS2/RustROS2/install/std_msgs/include/std_msgs/std_msgs/msg/float32.h
[8.804s] -- Installing: /home/rsanz/git/learning/ROS2/RustROS2/install/std_msgs/include/std_msgs/std_msgs/msg/float64_multi_array.h
[8.804s] -- Installing: /home/rsanz/git/learning/ROS2/RustROS2/install/std_msgs/include/std_msgs/std_msgs/msg/string.h
[8.804s] -- Installing: /home/rsanz/git/learning/ROS2/RustROS2/install/std_msgs/include/std_msgs/std_msgs/msg/color_rgba.h
[8.805s] -- Installing: /home/rsanz/git/learning/ROS2/RustROS2/install/std_msgs/include/std_msgs/std_msgs/msg/u_int8_multi_array.h
[8.805s] -- Installing: /home/rsanz/git/learning/ROS2/RustROS2/install/std_msgs/include/std_msgs/std_msgs/msg/int8_multi_array.h
[8.805s] -- Installing: /home/rsanz/git/learning/ROS2/RustROS2/install/std_msgs/share/std_msgs/environment/library_path.sh
[8.805s] -- Installing: /home/rsanz/git/learning/ROS2/RustROS2/install/std_msgs/share/std_msgs/environment/library_path.dsv
[8.805s] -- Installing: /home/rsanz/git/learning/ROS2/RustROS2/install/std_msgs/lib/libstd_msgs__rosidl_generator_c.so
[8.806s] -- Set non-toolchain portion of runtime path of "/home/rsanz/git/learning/ROS2/RustROS2/install/std_msgs/lib/libstd_msgs__rosidl_generator_c.so" to ""
[8.806s] -- Up-to-date: /home/rsanz/git/learning/ROS2/RustROS2/install/std_msgs/include/std_msgs/std_msgs
[8.806s] -- Up-to-date: /home/rsanz/git/learning/ROS2/RustROS2/install/std_msgs/include/std_msgs/std_msgs/msg
[8.806s] -- Installing: /home/rsanz/git/learning/ROS2/RustROS2/install/std_msgs/include/std_msgs/std_msgs/msg/rosidl_typesupport_fastrtps_c__visibility_control.h
[8.806s] -- Up-to-date: /home/rsanz/git/learning/ROS2/RustROS2/install/std_msgs/include/std_msgs/std_msgs/msg/detail
[8.806s] -- Installing: /home/rsanz/git/learning/ROS2/RustROS2/install/std_msgs/include/std_msgs/std_msgs/msg/detail/int64__rosidl_typesupport_fastrtps_c.h
[8.806s] -- Installing: /home/rsanz/git/learning/ROS2/RustROS2/install/std_msgs/include/std_msgs/std_msgs/msg/detail/u_int64_multi_array__rosidl_typesupport_fastrtps_c.h
[8.806s] -- Installing: /home/rsanz/git/learning/ROS2/RustROS2/install/std_msgs/include/std_msgs/std_msgs/msg/detail/u_int8_multi_array__rosidl_typesupport_fastrtps_c.h
[8.807s] -- Installing: /home/rsanz/git/learning/ROS2/RustROS2/install/std_msgs/include/std_msgs/std_msgs/msg/detail/int64_multi_array__rosidl_typesupport_fastrtps_c.h
[8.807s] -- Installing: /home/rsanz/git/learning/ROS2/RustROS2/install/std_msgs/include/std_msgs/std_msgs/msg/detail/int16__rosidl_typesupport_fastrtps_c.h
[8.807s] -- Installing: /home/rsanz/git/learning/ROS2/RustROS2/install/std_msgs/include/std_msgs/std_msgs/msg/detail/float32__rosidl_typesupport_fastrtps_c.h
[8.807s] -- Installing: /home/rsanz/git/learning/ROS2/RustROS2/install/std_msgs/include/std_msgs/std_msgs/msg/detail/multi_array_dimension__rosidl_typesupport_fastrtps_c.h
[8.807s] -- Installing: /home/rsanz/git/learning/ROS2/RustROS2/install/std_msgs/include/std_msgs/std_msgs/msg/detail/u_int16_multi_array__rosidl_typesupport_fastrtps_c.h
[8.807s] -- Installing: /home/rsanz/git/learning/ROS2/RustROS2/install/std_msgs/include/std_msgs/std_msgs/msg/detail/color_rgba__rosidl_typesupport_fastrtps_c.h
[8.807s] -- Installing: /home/rsanz/git/learning/ROS2/RustROS2/install/std_msgs/include/std_msgs/std_msgs/msg/detail/header__rosidl_typesupport_fastrtps_c.h
[8.807s] -- Installing: /home/rsanz/git/learning/ROS2/RustROS2/install/std_msgs/include/std_msgs/std_msgs/msg/detail/string__rosidl_typesupport_fastrtps_c.h
[8.808s] -- Installing: /home/rsanz/git/learning/ROS2/RustROS2/install/std_msgs/include/std_msgs/std_msgs/msg/detail/byte_multi_array__rosidl_typesupport_fastrtps_c.h
[8.808s] -- Installing: /home/rsanz/git/learning/ROS2/RustROS2/install/std_msgs/include/std_msgs/std_msgs/msg/detail/int16_multi_array__rosidl_typesupport_fastrtps_c.h
[8.808s] -- Installing: /home/rsanz/git/learning/ROS2/RustROS2/install/std_msgs/include/std_msgs/std_msgs/msg/detail/bool__rosidl_typesupport_fastrtps_c.h
[8.808s] -- Installing: /home/rsanz/git/learning/ROS2/RustROS2/install/std_msgs/include/std_msgs/std_msgs/msg/detail/empty__rosidl_typesupport_fastrtps_c.h
[8.808s] -- Installing: /home/rsanz/git/learning/ROS2/RustROS2/install/std_msgs/include/std_msgs/std_msgs/msg/detail/char__rosidl_typesupport_fastrtps_c.h
[8.808s] -- Installing: /home/rsanz/git/learning/ROS2/RustROS2/install/std_msgs/include/std_msgs/std_msgs/msg/detail/u_int8__rosidl_typesupport_fastrtps_c.h
[8.809s] -- Installing: /home/rsanz/git/learning/ROS2/RustROS2/install/std_msgs/include/std_msgs/std_msgs/msg/detail/float64__rosidl_typesupport_fastrtps_c.h
[8.809s] -- Installing: /home/rsanz/git/learning/ROS2/RustROS2/install/std_msgs/include/std_msgs/std_msgs/msg/detail/u_int16__rosidl_typesupport_fastrtps_c.h
[8.809s] -- Installing: /home/rsanz/git/learning/ROS2/RustROS2/install/std_msgs/include/std_msgs/std_msgs/msg/detail/int32__rosidl_typesupport_fastrtps_c.h
[8.809s] -- Installing: /home/rsanz/git/learning/ROS2/RustROS2/install/std_msgs/include/std_msgs/std_msgs/msg/detail/u_int32__rosidl_typesupport_fastrtps_c.h
[8.809s] -- Installing: /home/rsanz/git/learning/ROS2/RustROS2/install/std_msgs/include/std_msgs/std_msgs/msg/detail/byte__rosidl_typesupport_fastrtps_c.h
[8.809s] -- Installing: /home/rsanz/git/learning/ROS2/RustROS2/install/std_msgs/include/std_msgs/std_msgs/msg/detail/int32_multi_array__rosidl_typesupport_fastrtps_c.h
[8.809s] -- Installing: /home/rsanz/git/learning/ROS2/RustROS2/install/std_msgs/include/std_msgs/std_msgs/msg/detail/float32_multi_array__rosidl_typesupport_fastrtps_c.h
[8.809s] -- Installing: /home/rsanz/git/learning/ROS2/RustROS2/install/std_msgs/include/std_msgs/std_msgs/msg/detail/float64_multi_array__rosidl_typesupport_fastrtps_c.h
[8.810s] -- Installing: /home/rsanz/git/learning/ROS2/RustROS2/install/std_msgs/include/std_msgs/std_msgs/msg/detail/u_int64__rosidl_typesupport_fastrtps_c.h
[8.810s] -- Installing: /home/rsanz/git/learning/ROS2/RustROS2/install/std_msgs/include/std_msgs/std_msgs/msg/detail/u_int32_multi_array__rosidl_typesupport_fastrtps_c.h
[8.810s] -- Installing: /home/rsanz/git/learning/ROS2/RustROS2/install/std_msgs/include/std_msgs/std_msgs/msg/detail/int8__rosidl_typesupport_fastrtps_c.h
[8.810s] -- Installing: /home/rsanz/git/learning/ROS2/RustROS2/install/std_msgs/include/std_msgs/std_msgs/msg/detail/multi_array_layout__rosidl_typesupport_fastrtps_c.h
[8.810s] -- Installing: /home/rsanz/git/learning/ROS2/RustROS2/install/std_msgs/include/std_msgs/std_msgs/msg/detail/int8_multi_array__rosidl_typesupport_fastrtps_c.h
[8.810s] -- Installing: /home/rsanz/git/learning/ROS2/RustROS2/install/std_msgs/lib/libstd_msgs__rosidl_typesupport_fastrtps_c.so
[8.811s] -- Set non-toolchain portion of runtime path of "/home/rsanz/git/learning/ROS2/RustROS2/install/std_msgs/lib/libstd_msgs__rosidl_typesupport_fastrtps_c.so" to ""
[8.811s] -- Up-to-date: /home/rsanz/git/learning/ROS2/RustROS2/install/std_msgs/include/std_msgs/std_msgs
[8.811s] -- Up-to-date: /home/rsanz/git/learning/ROS2/RustROS2/install/std_msgs/include/std_msgs/std_msgs/msg
[8.811s] -- Installing: /home/rsanz/git/learning/ROS2/RustROS2/install/std_msgs/include/std_msgs/std_msgs/msg/multi_array_dimension.hpp
[8.811s] -- Installing: /home/rsanz/git/learning/ROS2/RustROS2/install/std_msgs/include/std_msgs/std_msgs/msg/float64_multi_array.hpp
[8.811s] -- Installing: /home/rsanz/git/learning/ROS2/RustROS2/install/std_msgs/include/std_msgs/std_msgs/msg/empty.hpp
[8.811s] -- Installing: /home/rsanz/git/learning/ROS2/RustROS2/install/std_msgs/include/std_msgs/std_msgs/msg/byte.hpp
[8.812s] -- Installing: /home/rsanz/git/learning/ROS2/RustROS2/install/std_msgs/include/std_msgs/std_msgs/msg/string.hpp
[8.812s] -- Installing: /home/rsanz/git/learning/ROS2/RustROS2/install/std_msgs/include/std_msgs/std_msgs/msg/u_int8_multi_array.hpp
[8.812s] -- Installing: /home/rsanz/git/learning/ROS2/RustROS2/install/std_msgs/include/std_msgs/std_msgs/msg/bool.hpp
[8.812s] -- Installing: /home/rsanz/git/learning/ROS2/RustROS2/install/std_msgs/include/std_msgs/std_msgs/msg/int32_multi_array.hpp
[8.812s] -- Installing: /home/rsanz/git/learning/ROS2/RustROS2/install/std_msgs/include/std_msgs/std_msgs/msg/u_int32.hpp
[8.812s] -- Installing: /home/rsanz/git/learning/ROS2/RustROS2/install/std_msgs/include/std_msgs/std_msgs/msg/int8.hpp
[8.812s] -- Installing: /home/rsanz/git/learning/ROS2/RustROS2/install/std_msgs/include/std_msgs/std_msgs/msg/color_rgba.hpp
[8.812s] -- Installing: /home/rsanz/git/learning/ROS2/RustROS2/install/std_msgs/include/std_msgs/std_msgs/msg/float32.hpp
[8.813s] -- Installing: /home/rsanz/git/learning/ROS2/RustROS2/install/std_msgs/include/std_msgs/std_msgs/msg/int16.hpp
[8.813s] -- Installing: /home/rsanz/git/learning/ROS2/RustROS2/install/std_msgs/include/std_msgs/std_msgs/msg/int64.hpp
[8.813s] -- Installing: /home/rsanz/git/learning/ROS2/RustROS2/install/std_msgs/include/std_msgs/std_msgs/msg/u_int8.hpp
[8.813s] -- Installing: /home/rsanz/git/learning/ROS2/RustROS2/install/std_msgs/include/std_msgs/std_msgs/msg/multi_array_layout.hpp
[8.813s] -- Installing: /home/rsanz/git/learning/ROS2/RustROS2/install/std_msgs/include/std_msgs/std_msgs/msg/u_int64_multi_array.hpp
[8.813s] -- Installing: /home/rsanz/git/learning/ROS2/RustROS2/install/std_msgs/include/std_msgs/std_msgs/msg/int16_multi_array.hpp
[8.813s] -- Installing: /home/rsanz/git/learning/ROS2/RustROS2/install/std_msgs/include/std_msgs/std_msgs/msg/byte_multi_array.hpp
[8.814s] -- Installing: /home/rsanz/git/learning/ROS2/RustROS2/install/std_msgs/include/std_msgs/std_msgs/msg/u_int32_multi_array.hpp
[8.814s] -- Installing: /home/rsanz/git/learning/ROS2/RustROS2/install/std_msgs/include/std_msgs/std_msgs/msg/u_int16_multi_array.hpp
[8.814s] -- Installing: /home/rsanz/git/learning/ROS2/RustROS2/install/std_msgs/include/std_msgs/std_msgs/msg/int64_multi_array.hpp
[8.814s] -- Installing: /home/rsanz/git/learning/ROS2/RustROS2/install/std_msgs/include/std_msgs/std_msgs/msg/int32.hpp
[8.814s] -- Up-to-date: /home/rsanz/git/learning/ROS2/RustROS2/install/std_msgs/include/std_msgs/std_msgs/msg/detail
[8.814s] -- Installing: /home/rsanz/git/learning/ROS2/RustROS2/install/std_msgs/include/std_msgs/std_msgs/msg/detail/u_int8_multi_array__traits.hpp
[8.815s] -- Installing: /home/rsanz/git/learning/ROS2/RustROS2/install/std_msgs/include/std_msgs/std_msgs/msg/detail/u_int8__type_support.hpp
[8.815s] -- Installing: /home/rsanz/git/learning/ROS2/RustROS2/install/std_msgs/include/std_msgs/std_msgs/msg/detail/u_int16_multi_array__builder.hpp
[8.815s] -- Installing: /home/rsanz/git/learning/ROS2/RustROS2/install/std_msgs/include/std_msgs/std_msgs/msg/detail/byte__builder.hpp
[8.815s] -- Installing: /home/rsanz/git/learning/ROS2/RustROS2/install/std_msgs/include/std_msgs/std_msgs/msg/detail/multi_array_dimension__struct.hpp
[8.816s] -- Installing: /home/rsanz/git/learning/ROS2/RustROS2/install/std_msgs/include/std_msgs/std_msgs/msg/detail/int32_multi_array__builder.hpp
[8.816s] -- Installing: /home/rsanz/git/learning/ROS2/RustROS2/install/std_msgs/include/std_msgs/std_msgs/msg/detail/int32_multi_array__traits.hpp
[8.816s] -- Installing: /home/rsanz/git/learning/ROS2/RustROS2/install/std_msgs/include/std_msgs/std_msgs/msg/detail/int64__struct.hpp
[8.816s] -- Installing: /home/rsanz/git/learning/ROS2/RustROS2/install/std_msgs/include/std_msgs/std_msgs/msg/detail/header__builder.hpp
[8.816s] -- Installing: /home/rsanz/git/learning/ROS2/RustROS2/install/std_msgs/include/std_msgs/std_msgs/msg/detail/int32_multi_array__struct.hpp
[8.816s] -- Installing: /home/rsanz/git/learning/ROS2/RustROS2/install/std_msgs/include/std_msgs/std_msgs/msg/detail/byte_multi_array__struct.hpp
[8.817s] -- Installing: /home/rsanz/git/learning/ROS2/RustROS2/install/std_msgs/include/std_msgs/std_msgs/msg/detail/float64__struct.hpp
[8.817s] -- Installing: /home/rsanz/git/learning/ROS2/RustROS2/install/std_msgs/include/std_msgs/std_msgs/msg/detail/int64_multi_array__type_support.hpp
[8.817s] -- Installing: /home/rsanz/git/learning/ROS2/RustROS2/install/std_msgs/include/std_msgs/std_msgs/msg/detail/int64__traits.hpp
[8.817s] -- Installing: /home/rsanz/git/learning/ROS2/RustROS2/install/std_msgs/include/std_msgs/std_msgs/msg/detail/u_int64_multi_array__traits.hpp
[8.817s] -- Installing: /home/rsanz/git/learning/ROS2/RustROS2/install/std_msgs/include/std_msgs/std_msgs/msg/detail/float64_multi_array__type_support.hpp
[8.818s] -- Installing: /home/rsanz/git/learning/ROS2/RustROS2/install/std_msgs/include/std_msgs/std_msgs/msg/detail/u_int32_multi_array__type_support.hpp
[8.818s] -- Installing: /home/rsanz/git/learning/ROS2/RustROS2/install/std_msgs/include/std_msgs/std_msgs/msg/detail/int8_multi_array__struct.hpp
[8.818s] -- Installing: /home/rsanz/git/learning/ROS2/RustROS2/install/std_msgs/include/std_msgs/std_msgs/msg/detail/float32_multi_array__type_support.hpp
[8.818s] -- Installing: /home/rsanz/git/learning/ROS2/RustROS2/install/std_msgs/include/std_msgs/std_msgs/msg/detail/u_int32_multi_array__builder.hpp
[8.818s] -- Installing: /home/rsanz/git/learning/ROS2/RustROS2/install/std_msgs/include/std_msgs/std_msgs/msg/detail/u_int16_multi_array__traits.hpp
[8.819s] -- Installing: /home/rsanz/git/learning/ROS2/RustROS2/install/std_msgs/include/std_msgs/std_msgs/msg/detail/int16_multi_array__builder.hpp
[8.819s] -- Installing: /home/rsanz/git/learning/ROS2/RustROS2/install/std_msgs/include/std_msgs/std_msgs/msg/detail/u_int32__traits.hpp
[8.819s] -- Installing: /home/rsanz/git/learning/ROS2/RustROS2/install/std_msgs/include/std_msgs/std_msgs/msg/detail/int16_multi_array__traits.hpp
[8.819s] -- Installing: /home/rsanz/git/learning/ROS2/RustROS2/install/std_msgs/include/std_msgs/std_msgs/msg/detail/float64_multi_array__traits.hpp
[8.819s] -- Installing: /home/rsanz/git/learning/ROS2/RustROS2/install/std_msgs/include/std_msgs/std_msgs/msg/detail/byte__type_support.hpp
[8.819s] -- Installing: /home/rsanz/git/learning/ROS2/RustROS2/install/std_msgs/include/std_msgs/std_msgs/msg/detail/u_int8__struct.hpp
[8.820s] -- Installing: /home/rsanz/git/learning/ROS2/RustROS2/install/std_msgs/include/std_msgs/std_msgs/msg/detail/u_int64__struct.hpp
[8.820s] -- Installing: /home/rsanz/git/learning/ROS2/RustROS2/install/std_msgs/include/std_msgs/std_msgs/msg/detail/multi_array_dimension__builder.hpp
[8.820s] -- Installing: /home/rsanz/git/learning/ROS2/RustROS2/install/std_msgs/include/std_msgs/std_msgs/msg/detail/int8_multi_array__traits.hpp
[8.820s] -- Installing: /home/rsanz/git/learning/ROS2/RustROS2/install/std_msgs/include/std_msgs/std_msgs/msg/detail/char__struct.hpp
[8.820s] -- Installing: /home/rsanz/git/learning/ROS2/RustROS2/install/std_msgs/include/std_msgs/std_msgs/msg/detail/bool__traits.hpp
[8.821s] -- Installing: /home/rsanz/git/learning/ROS2/RustROS2/install/std_msgs/include/std_msgs/std_msgs/msg/detail/u_int16_multi_array__type_support.hpp
[8.821s] -- Installing: /home/rsanz/git/learning/ROS2/RustROS2/install/std_msgs/include/std_msgs/std_msgs/msg/detail/byte__struct.hpp
[8.821s] -- Installing: /home/rsanz/git/learning/ROS2/RustROS2/install/std_msgs/include/std_msgs/std_msgs/msg/detail/u_int16__struct.hpp
[8.821s] -- Installing: /home/rsanz/git/learning/ROS2/RustROS2/install/std_msgs/include/std_msgs/std_msgs/msg/detail/char__type_support.hpp
[8.821s] -- Installing: /home/rsanz/git/learning/ROS2/RustROS2/install/std_msgs/include/std_msgs/std_msgs/msg/detail/int8__struct.hpp
[8.821s] -- Installing: /home/rsanz/git/learning/ROS2/RustROS2/install/std_msgs/include/std_msgs/std_msgs/msg/detail/float64_multi_array__builder.hpp
[8.822s] -- Installing: /home/rsanz/git/learning/ROS2/RustROS2/install/std_msgs/include/std_msgs/std_msgs/msg/detail/int16_multi_array__struct.hpp
[8.822s] -- Installing: /home/rsanz/git/learning/ROS2/RustROS2/install/std_msgs/include/std_msgs/std_msgs/msg/detail/float32_multi_array__struct.hpp
[8.822s] -- Installing: /home/rsanz/git/learning/ROS2/RustROS2/install/std_msgs/include/std_msgs/std_msgs/msg/detail/color_rgba__traits.hpp
[8.822s] -- Installing: /home/rsanz/git/learning/ROS2/RustROS2/install/std_msgs/include/std_msgs/std_msgs/msg/detail/int8_multi_array__builder.hpp
[8.822s] -- Installing: /home/rsanz/git/learning/ROS2/RustROS2/install/std_msgs/include/std_msgs/std_msgs/msg/detail/empty__traits.hpp
[8.823s] -- Installing: /home/rsanz/git/learning/ROS2/RustROS2/install/std_msgs/include/std_msgs/std_msgs/msg/detail/bool__struct.hpp
[8.823s] -- Installing: /home/rsanz/git/learning/ROS2/RustROS2/install/std_msgs/include/std_msgs/std_msgs/msg/detail/u_int8_multi_array__builder.hpp
[8.823s] -- Installing: /home/rsanz/git/learning/ROS2/RustROS2/install/std_msgs/include/std_msgs/std_msgs/msg/detail/int16__type_support.hpp
[8.823s] -- Installing: /home/rsanz/git/learning/ROS2/RustROS2/install/std_msgs/include/std_msgs/std_msgs/msg/detail/multi_array_layout__traits.hpp
[8.823s] -- Installing: /home/rsanz/git/learning/ROS2/RustROS2/install/std_msgs/include/std_msgs/std_msgs/msg/detail/float32_multi_array__builder.hpp
[8.823s] -- Installing: /home/rsanz/git/learning/ROS2/RustROS2/install/std_msgs/include/std_msgs/std_msgs/msg/detail/int32__struct.hpp
[8.824s] -- Installing: /home/rsanz/git/learning/ROS2/RustROS2/install/std_msgs/include/std_msgs/std_msgs/msg/detail/float32__struct.hpp
[8.824s] -- Installing: /home/rsanz/git/learning/ROS2/RustROS2/install/std_msgs/include/std_msgs/std_msgs/msg/detail/int64_multi_array__builder.hpp
[8.824s] -- Installing: /home/rsanz/git/learning/ROS2/RustROS2/install/std_msgs/include/std_msgs/std_msgs/msg/detail/int32__traits.hpp
[8.824s] -- Installing: /home/rsanz/git/learning/ROS2/RustROS2/install/std_msgs/include/std_msgs/std_msgs/msg/detail/color_rgba__struct.hpp
[8.824s] -- Installing: /home/rsanz/git/learning/ROS2/RustROS2/install/std_msgs/include/std_msgs/std_msgs/msg/detail/header__traits.hpp
[8.824s] -- Installing: /home/rsanz/git/learning/ROS2/RustROS2/install/std_msgs/include/std_msgs/std_msgs/msg/detail/byte_multi_array__builder.hpp
[8.825s] -- Installing: /home/rsanz/git/learning/ROS2/RustROS2/install/std_msgs/include/std_msgs/std_msgs/msg/detail/u_int32__struct.hpp
[8.825s] -- Installing: /home/rsanz/git/learning/ROS2/RustROS2/install/std_msgs/include/std_msgs/std_msgs/msg/detail/int32__type_support.hpp
[8.825s] -- Installing: /home/rsanz/git/learning/ROS2/RustROS2/install/std_msgs/include/std_msgs/std_msgs/msg/detail/float32__type_support.hpp
[8.825s] -- Installing: /home/rsanz/git/learning/ROS2/RustROS2/install/std_msgs/include/std_msgs/std_msgs/msg/detail/int64__builder.hpp
[8.825s] -- Installing: /home/rsanz/git/learning/ROS2/RustROS2/install/std_msgs/include/std_msgs/std_msgs/msg/detail/u_int64_multi_array__struct.hpp
[8.826s] -- Installing: /home/rsanz/git/learning/ROS2/RustROS2/install/std_msgs/include/std_msgs/std_msgs/msg/detail/u_int16__type_support.hpp
[8.826s] -- Installing: /home/rsanz/git/learning/ROS2/RustROS2/install/std_msgs/include/std_msgs/std_msgs/msg/detail/byte_multi_array__type_support.hpp
[8.826s] -- Installing: /home/rsanz/git/learning/ROS2/RustROS2/install/std_msgs/include/std_msgs/std_msgs/msg/detail/u_int16_multi_array__struct.hpp
[8.826s] -- Installing: /home/rsanz/git/learning/ROS2/RustROS2/install/std_msgs/include/std_msgs/std_msgs/msg/detail/float32__builder.hpp
[8.826s] -- Installing: /home/rsanz/git/learning/ROS2/RustROS2/install/std_msgs/include/std_msgs/std_msgs/msg/detail/bool__builder.hpp
[8.827s] -- Installing: /home/rsanz/git/learning/ROS2/RustROS2/install/std_msgs/include/std_msgs/std_msgs/msg/detail/byte_multi_array__traits.hpp
[8.827s] -- Installing: /home/rsanz/git/learning/ROS2/RustROS2/install/std_msgs/include/std_msgs/std_msgs/msg/detail/u_int8_multi_array__type_support.hpp
[8.827s] -- Installing: /home/rsanz/git/learning/ROS2/RustROS2/install/std_msgs/include/std_msgs/std_msgs/msg/detail/multi_array_dimension__traits.hpp
[8.827s] -- Installing: /home/rsanz/git/learning/ROS2/RustROS2/install/std_msgs/include/std_msgs/std_msgs/msg/detail/u_int32_multi_array__struct.hpp
[8.827s] -- Installing: /home/rsanz/git/learning/ROS2/RustROS2/install/std_msgs/include/std_msgs/std_msgs/msg/detail/float64__type_support.hpp
[8.827s] -- Installing: /home/rsanz/git/learning/ROS2/RustROS2/install/std_msgs/include/std_msgs/std_msgs/msg/detail/int8__traits.hpp
[8.828s] -- Installing: /home/rsanz/git/learning/ROS2/RustROS2/install/std_msgs/include/std_msgs/std_msgs/msg/detail/multi_array_layout__type_support.hpp
[8.828s] -- Installing: /home/rsanz/git/learning/ROS2/RustROS2/install/std_msgs/include/std_msgs/std_msgs/msg/detail/empty__struct.hpp
[8.828s] -- Installing: /home/rsanz/git/learning/ROS2/RustROS2/install/std_msgs/include/std_msgs/std_msgs/msg/detail/u_int8__traits.hpp
[8.828s] -- Installing: /home/rsanz/git/learning/ROS2/RustROS2/install/std_msgs/include/std_msgs/std_msgs/msg/detail/int32_multi_array__type_support.hpp
[8.829s] -- Installing: /home/rsanz/git/learning/ROS2/RustROS2/install/std_msgs/include/std_msgs/std_msgs/msg/detail/u_int8__builder.hpp
[8.829s] -- Installing: /home/rsanz/git/learning/ROS2/RustROS2/install/std_msgs/include/std_msgs/std_msgs/msg/detail/u_int64__builder.hpp
[8.829s] -- Installing: /home/rsanz/git/learning/ROS2/RustROS2/install/std_msgs/include/std_msgs/std_msgs/msg/detail/multi_array_layout__struct.hpp
[8.829s] -- Installing: /home/rsanz/git/learning/ROS2/RustROS2/install/std_msgs/include/std_msgs/std_msgs/msg/detail/string__type_support.hpp
[8.829s] -- Installing: /home/rsanz/git/learning/ROS2/RustROS2/install/std_msgs/include/std_msgs/std_msgs/msg/detail/u_int64_multi_array__builder.hpp
[8.830s] -- Installing: /home/rsanz/git/learning/ROS2/RustROS2/install/std_msgs/include/std_msgs/std_msgs/msg/detail/empty__type_support.hpp
[8.830s] -- Installing: /home/rsanz/git/learning/ROS2/RustROS2/install/std_msgs/include/std_msgs/std_msgs/msg/detail/empty__builder.hpp
[8.830s] -- Installing: /home/rsanz/git/learning/ROS2/RustROS2/install/std_msgs/include/std_msgs/std_msgs/msg/detail/byte__traits.hpp
[8.830s] -- Installing: /home/rsanz/git/learning/ROS2/RustROS2/install/std_msgs/include/std_msgs/std_msgs/msg/detail/int16__traits.hpp
[8.830s] -- Installing: /home/rsanz/git/learning/ROS2/RustROS2/install/std_msgs/include/std_msgs/std_msgs/msg/detail/u_int8_multi_array__struct.hpp
[8.830s] -- Installing: /home/rsanz/git/learning/ROS2/RustROS2/install/std_msgs/include/std_msgs/std_msgs/msg/detail/color_rgba__type_support.hpp
[8.831s] -- Installing: /home/rsanz/git/learning/ROS2/RustROS2/install/std_msgs/include/std_msgs/std_msgs/msg/detail/u_int64_multi_array__type_support.hpp
[8.831s] -- Installing: /home/rsanz/git/learning/ROS2/RustROS2/install/std_msgs/include/std_msgs/std_msgs/msg/detail/int64_multi_array__traits.hpp
[8.831s] -- Installing: /home/rsanz/git/learning/ROS2/RustROS2/install/std_msgs/include/std_msgs/std_msgs/msg/detail/multi_array_layout__builder.hpp
[8.831s] -- Installing: /home/rsanz/git/learning/ROS2/RustROS2/install/std_msgs/include/std_msgs/std_msgs/msg/detail/char__builder.hpp
[8.831s] -- Installing: /home/rsanz/git/learning/ROS2/RustROS2/install/std_msgs/include/std_msgs/std_msgs/msg/detail/string__traits.hpp
[8.831s] -- Installing: /home/rsanz/git/learning/ROS2/RustROS2/install/std_msgs/include/std_msgs/std_msgs/msg/detail/string__struct.hpp
[8.831s] -- Installing: /home/rsanz/git/learning/ROS2/RustROS2/install/std_msgs/include/std_msgs/std_msgs/msg/detail/u_int16__traits.hpp
[8.832s] -- Installing: /home/rsanz/git/learning/ROS2/RustROS2/install/std_msgs/include/std_msgs/std_msgs/msg/detail/multi_array_dimension__type_support.hpp
[8.832s] -- Installing: /home/rsanz/git/learning/ROS2/RustROS2/install/std_msgs/include/std_msgs/std_msgs/msg/detail/int32__builder.hpp
[8.832s] -- Installing: /home/rsanz/git/learning/ROS2/RustROS2/install/std_msgs/include/std_msgs/std_msgs/msg/detail/u_int64__type_support.hpp
[8.832s] -- Installing: /home/rsanz/git/learning/ROS2/RustROS2/install/std_msgs/include/std_msgs/std_msgs/msg/detail/int16__struct.hpp
[8.832s] -- Installing: /home/rsanz/git/learning/ROS2/RustROS2/install/std_msgs/include/std_msgs/std_msgs/msg/detail/int8__builder.hpp
[8.832s] -- Installing: /home/rsanz/git/learning/ROS2/RustROS2/install/std_msgs/include/std_msgs/std_msgs/msg/detail/color_rgba__builder.hpp
[8.832s] -- Installing: /home/rsanz/git/learning/ROS2/RustROS2/install/std_msgs/include/std_msgs/std_msgs/msg/detail/float64__builder.hpp
[8.833s] -- Installing: /home/rsanz/git/learning/ROS2/RustROS2/install/std_msgs/include/std_msgs/std_msgs/msg/detail/header__struct.hpp
[8.833s] -- Installing: /home/rsanz/git/learning/ROS2/RustROS2/install/std_msgs/include/std_msgs/std_msgs/msg/detail/int64_multi_array__struct.hpp
[8.833s] -- Installing: /home/rsanz/git/learning/ROS2/RustROS2/install/std_msgs/include/std_msgs/std_msgs/msg/detail/int8__type_support.hpp
[8.833s] -- Installing: /home/rsanz/git/learning/ROS2/RustROS2/install/std_msgs/include/std_msgs/std_msgs/msg/detail/int64__type_support.hpp
[8.833s] -- Installing: /home/rsanz/git/learning/ROS2/RustROS2/install/std_msgs/include/std_msgs/std_msgs/msg/detail/int16_multi_array__type_support.hpp
[8.833s] -- Installing: /home/rsanz/git/learning/ROS2/RustROS2/install/std_msgs/include/std_msgs/std_msgs/msg/detail/u_int32__type_support.hpp
[8.833s] -- Installing: /home/rsanz/git/learning/ROS2/RustROS2/install/std_msgs/include/std_msgs/std_msgs/msg/detail/string__builder.hpp
[8.833s] -- Installing: /home/rsanz/git/learning/ROS2/RustROS2/install/std_msgs/include/std_msgs/std_msgs/msg/detail/u_int32_multi_array__traits.hpp
[8.834s] -- Installing: /home/rsanz/git/learning/ROS2/RustROS2/install/std_msgs/include/std_msgs/std_msgs/msg/detail/u_int16__builder.hpp
[8.834s] -- Installing: /home/rsanz/git/learning/ROS2/RustROS2/install/std_msgs/include/std_msgs/std_msgs/msg/detail/u_int32__builder.hpp
[8.834s] -- Installing: /home/rsanz/git/learning/ROS2/RustROS2/install/std_msgs/include/std_msgs/std_msgs/msg/detail/int8_multi_array__type_support.hpp
[8.834s] -- Installing: /home/rsanz/git/learning/ROS2/RustROS2/install/std_msgs/include/std_msgs/std_msgs/msg/detail/header__type_support.hpp
[8.834s] -- Installing: /home/rsanz/git/learning/ROS2/RustROS2/install/std_msgs/include/std_msgs/std_msgs/msg/detail/u_int64__traits.hpp
[8.834s] -- Installing: /home/rsanz/git/learning/ROS2/RustROS2/install/std_msgs/include/std_msgs/std_msgs/msg/detail/float64_multi_array__struct.hpp
[8.834s] -- Installing: /home/rsanz/git/learning/ROS2/RustROS2/install/std_msgs/include/std_msgs/std_msgs/msg/detail/float32_multi_array__traits.hpp
[8.835s] -- Installing: /home/rsanz/git/learning/ROS2/RustROS2/install/std_msgs/include/std_msgs/std_msgs/msg/detail/int16__builder.hpp
[8.835s] -- Installing: /home/rsanz/git/learning/ROS2/RustROS2/install/std_msgs/include/std_msgs/std_msgs/msg/detail/char__traits.hpp
[8.835s] -- Installing: /home/rsanz/git/learning/ROS2/RustROS2/install/std_msgs/include/std_msgs/std_msgs/msg/detail/float64__traits.hpp
[8.835s] -- Installing: /home/rsanz/git/learning/ROS2/RustROS2/install/std_msgs/include/std_msgs/std_msgs/msg/detail/float32__traits.hpp
[8.835s] -- Installing: /home/rsanz/git/learning/ROS2/RustROS2/install/std_msgs/include/std_msgs/std_msgs/msg/detail/bool__type_support.hpp
[8.835s] -- Installing: /home/rsanz/git/learning/ROS2/RustROS2/install/std_msgs/include/std_msgs/std_msgs/msg/header.hpp
[8.835s] -- Installing: /home/rsanz/git/learning/ROS2/RustROS2/install/std_msgs/include/std_msgs/std_msgs/msg/char.hpp
[8.836s] -- Installing: /home/rsanz/git/learning/ROS2/RustROS2/install/std_msgs/include/std_msgs/std_msgs/msg/u_int64.hpp
[8.836s] -- Installing: /home/rsanz/git/learning/ROS2/RustROS2/install/std_msgs/include/std_msgs/std_msgs/msg/float64.hpp
[8.836s] -- Installing: /home/rsanz/git/learning/ROS2/RustROS2/install/std_msgs/include/std_msgs/std_msgs/msg/float32_multi_array.hpp
[8.836s] -- Installing: /home/rsanz/git/learning/ROS2/RustROS2/install/std_msgs/include/std_msgs/std_msgs/msg/int8_multi_array.hpp
[8.836s] -- Installing: /home/rsanz/git/learning/ROS2/RustROS2/install/std_msgs/include/std_msgs/std_msgs/msg/u_int16.hpp
[8.836s] -- Installing: /home/rsanz/git/learning/ROS2/RustROS2/install/std_msgs/include/std_msgs/std_msgs/msg/rosidl_generator_cpp__visibility_control.hpp
[8.836s] -- Up-to-date: /home/rsanz/git/learning/ROS2/RustROS2/install/std_msgs/include/std_msgs/std_msgs
[8.837s] -- Up-to-date: /home/rsanz/git/learning/ROS2/RustROS2/install/std_msgs/include/std_msgs/std_msgs/msg
[8.837s] -- Installing: /home/rsanz/git/learning/ROS2/RustROS2/install/std_msgs/include/std_msgs/std_msgs/msg/rosidl_typesupport_fastrtps_cpp__visibility_control.h
[8.837s] -- Up-to-date: /home/rsanz/git/learning/ROS2/RustROS2/install/std_msgs/include/std_msgs/std_msgs/msg/detail
[8.837s] -- Installing: /home/rsanz/git/learning/ROS2/RustROS2/install/std_msgs/include/std_msgs/std_msgs/msg/detail/float32__rosidl_typesupport_fastrtps_cpp.hpp
[8.837s] -- Installing: /home/rsanz/git/learning/ROS2/RustROS2/install/std_msgs/include/std_msgs/std_msgs/msg/detail/int16__rosidl_typesupport_fastrtps_cpp.hpp
[8.837s] -- Installing: /home/rsanz/git/learning/ROS2/RustROS2/install/std_msgs/include/std_msgs/std_msgs/msg/detail/int16_multi_array__rosidl_typesupport_fastrtps_cpp.hpp
[8.838s] -- Installing: /home/rsanz/git/learning/ROS2/RustROS2/install/std_msgs/include/std_msgs/std_msgs/msg/detail/u_int16_multi_array__rosidl_typesupport_fastrtps_cpp.hpp
[8.838s] -- Installing: /home/rsanz/git/learning/ROS2/RustROS2/install/std_msgs/include/std_msgs/std_msgs/msg/detail/multi_array_layout__rosidl_typesupport_fastrtps_cpp.hpp
[8.838s] -- Installing: /home/rsanz/git/learning/ROS2/RustROS2/install/std_msgs/include/std_msgs/std_msgs/msg/detail/float64__rosidl_typesupport_fastrtps_cpp.hpp
[8.838s] -- Installing: /home/rsanz/git/learning/ROS2/RustROS2/install/std_msgs/include/std_msgs/std_msgs/msg/detail/float64_multi_array__rosidl_typesupport_fastrtps_cpp.hpp
[8.838s] -- Installing: /home/rsanz/git/learning/ROS2/RustROS2/install/std_msgs/include/std_msgs/std_msgs/msg/detail/u_int8_multi_array__rosidl_typesupport_fastrtps_cpp.hpp
[8.839s] -- Installing: /home/rsanz/git/learning/ROS2/RustROS2/install/std_msgs/include/std_msgs/std_msgs/msg/detail/multi_array_dimension__rosidl_typesupport_fastrtps_cpp.hpp
[8.839s] -- Installing: /home/rsanz/git/learning/ROS2/RustROS2/install/std_msgs/include/std_msgs/std_msgs/msg/detail/int32_multi_array__rosidl_typesupport_fastrtps_cpp.hpp
[8.839s] -- Installing: /home/rsanz/git/learning/ROS2/RustROS2/install/std_msgs/include/std_msgs/std_msgs/msg/detail/u_int8__rosidl_typesupport_fastrtps_cpp.hpp
[8.839s] -- Installing: /home/rsanz/git/learning/ROS2/RustROS2/install/std_msgs/include/std_msgs/std_msgs/msg/detail/empty__rosidl_typesupport_fastrtps_cpp.hpp
[8.839s] -- Installing: /home/rsanz/git/learning/ROS2/RustROS2/install/std_msgs/include/std_msgs/std_msgs/msg/detail/u_int32_multi_array__rosidl_typesupport_fastrtps_cpp.hpp
[8.840s] -- Installing: /home/rsanz/git/learning/ROS2/RustROS2/install/std_msgs/include/std_msgs/std_msgs/msg/detail/bool__rosidl_typesupport_fastrtps_cpp.hpp
[8.840s] -- Installing: /home/rsanz/git/learning/ROS2/RustROS2/install/std_msgs/include/std_msgs/std_msgs/msg/detail/int64_multi_array__rosidl_typesupport_fastrtps_cpp.hpp
[8.840s] -- Installing: /home/rsanz/git/learning/ROS2/RustROS2/install/std_msgs/include/std_msgs/std_msgs/msg/detail/float32_multi_array__rosidl_typesupport_fastrtps_cpp.hpp
[8.840s] -- Installing: /home/rsanz/git/learning/ROS2/RustROS2/install/std_msgs/include/std_msgs/std_msgs/msg/detail/color_rgba__rosidl_typesupport_fastrtps_cpp.hpp
[8.840s] -- Installing: /home/rsanz/git/learning/ROS2/RustROS2/install/std_msgs/include/std_msgs/std_msgs/msg/detail/u_int16__rosidl_typesupport_fastrtps_cpp.hpp
[8.840s] -- Installing: /home/rsanz/git/learning/ROS2/RustROS2/install/std_msgs/include/std_msgs/std_msgs/msg/detail/byte_multi_array__rosidl_typesupport_fastrtps_cpp.hpp
[8.841s] -- Installing: /home/rsanz/git/learning/ROS2/RustROS2/install/std_msgs/include/std_msgs/std_msgs/msg/detail/byte__rosidl_typesupport_fastrtps_cpp.hpp
[8.841s] -- Installing: /home/rsanz/git/learning/ROS2/RustROS2/install/std_msgs/include/std_msgs/std_msgs/msg/detail/int64__rosidl_typesupport_fastrtps_cpp.hpp
[8.841s] -- Installing: /home/rsanz/git/learning/ROS2/RustROS2/install/std_msgs/include/std_msgs/std_msgs/msg/detail/int8_multi_array__rosidl_typesupport_fastrtps_cpp.hpp
[8.841s] -- Installing: /home/rsanz/git/learning/ROS2/RustROS2/install/std_msgs/include/std_msgs/std_msgs/msg/detail/u_int64__rosidl_typesupport_fastrtps_cpp.hpp
[8.841s] -- Installing: /home/rsanz/git/learning/ROS2/RustROS2/install/std_msgs/include/std_msgs/std_msgs/msg/detail/string__rosidl_typesupport_fastrtps_cpp.hpp
[8.841s] -- Installing: /home/rsanz/git/learning/ROS2/RustROS2/install/std_msgs/include/std_msgs/std_msgs/msg/detail/char__rosidl_typesupport_fastrtps_cpp.hpp
[8.842s] -- Installing: /home/rsanz/git/learning/ROS2/RustROS2/install/std_msgs/include/std_msgs/std_msgs/msg/detail/u_int64_multi_array__rosidl_typesupport_fastrtps_cpp.hpp
[8.842s] -- Installing: /home/rsanz/git/learning/ROS2/RustROS2/install/std_msgs/include/std_msgs/std_msgs/msg/detail/int8__rosidl_typesupport_fastrtps_cpp.hpp
[8.842s] -- Installing: /home/rsanz/git/learning/ROS2/RustROS2/install/std_msgs/include/std_msgs/std_msgs/msg/detail/header__rosidl_typesupport_fastrtps_cpp.hpp
[8.842s] -- Installing: /home/rsanz/git/learning/ROS2/RustROS2/install/std_msgs/include/std_msgs/std_msgs/msg/detail/dds_fastrtps
[8.842s] -- Installing: /home/rsanz/git/learning/ROS2/RustROS2/install/std_msgs/include/std_msgs/std_msgs/msg/detail/int32__rosidl_typesupport_fastrtps_cpp.hpp
[8.843s] -- Installing: /home/rsanz/git/learning/ROS2/RustROS2/install/std_msgs/include/std_msgs/std_msgs/msg/detail/u_int32__rosidl_typesupport_fastrtps_cpp.hpp
[8.843s] -- Installing: /home/rsanz/git/learning/ROS2/RustROS2/install/std_msgs/lib/libstd_msgs__rosidl_typesupport_fastrtps_cpp.so
[8.843s] -- Set non-toolchain portion of runtime path of "/home/rsanz/git/learning/ROS2/RustROS2/install/std_msgs/lib/libstd_msgs__rosidl_typesupport_fastrtps_cpp.so" to ""
[8.844s] -- Up-to-date: /home/rsanz/git/learning/ROS2/RustROS2/install/std_msgs/include/std_msgs/std_msgs
[8.844s] -- Up-to-date: /home/rsanz/git/learning/ROS2/RustROS2/install/std_msgs/include/std_msgs/std_msgs/msg
[8.844s] -- Installing: /home/rsanz/git/learning/ROS2/RustROS2/install/std_msgs/include/std_msgs/std_msgs/msg/rosidl_typesupport_introspection_c__visibility_control.h
[8.844s] -- Up-to-date: /home/rsanz/git/learning/ROS2/RustROS2/install/std_msgs/include/std_msgs/std_msgs/msg/detail
[8.844s] -- Installing: /home/rsanz/git/learning/ROS2/RustROS2/install/std_msgs/include/std_msgs/std_msgs/msg/detail/empty__rosidl_typesupport_introspection_c.h
[8.844s] -- Installing: /home/rsanz/git/learning/ROS2/RustROS2/install/std_msgs/include/std_msgs/std_msgs/msg/detail/bool__rosidl_typesupport_introspection_c.h
[8.844s] -- Installing: /home/rsanz/git/learning/ROS2/RustROS2/install/std_msgs/include/std_msgs/std_msgs/msg/detail/u_int16__rosidl_typesupport_introspection_c.h
[8.844s] -- Installing: /home/rsanz/git/learning/ROS2/RustROS2/install/std_msgs/include/std_msgs/std_msgs/msg/detail/u_int32__rosidl_typesupport_introspection_c.h
[8.844s] -- Installing: /home/rsanz/git/learning/ROS2/RustROS2/install/std_msgs/include/std_msgs/std_msgs/msg/detail/header__type_support.c
[8.844s] -- Installing: /home/rsanz/git/learning/ROS2/RustROS2/install/std_msgs/include/std_msgs/std_msgs/msg/detail/int16_multi_array__type_support.c
[8.845s] -- Installing: /home/rsanz/git/learning/ROS2/RustROS2/install/std_msgs/include/std_msgs/std_msgs/msg/detail/u_int64_multi_array__rosidl_typesupport_introspection_c.h
[8.845s] -- Installing: /home/rsanz/git/learning/ROS2/RustROS2/install/std_msgs/include/std_msgs/std_msgs/msg/detail/u_int64__rosidl_typesupport_introspection_c.h
[8.845s] -- Installing: /home/rsanz/git/learning/ROS2/RustROS2/install/std_msgs/include/std_msgs/std_msgs/msg/detail/int8__rosidl_typesupport_introspection_c.h
[8.845s] -- Installing: /home/rsanz/git/learning/ROS2/RustROS2/install/std_msgs/include/std_msgs/std_msgs/msg/detail/int64__type_support.c
[8.845s] -- Installing: /home/rsanz/git/learning/ROS2/RustROS2/install/std_msgs/include/std_msgs/std_msgs/msg/detail/byte__type_support.c
[8.845s] -- Installing: /home/rsanz/git/learning/ROS2/RustROS2/install/std_msgs/include/std_msgs/std_msgs/msg/detail/int64_multi_array__rosidl_typesupport_introspection_c.h
[8.846s] -- Installing: /home/rsanz/git/learning/ROS2/RustROS2/install/std_msgs/include/std_msgs/std_msgs/msg/detail/int64__rosidl_typesupport_introspection_c.h
[8.846s] -- Installing: /home/rsanz/git/learning/ROS2/RustROS2/install/std_msgs/include/std_msgs/std_msgs/msg/detail/u_int32_multi_array__rosidl_typesupport_introspection_c.h
[8.846s] -- Installing: /home/rsanz/git/learning/ROS2/RustROS2/install/std_msgs/include/std_msgs/std_msgs/msg/detail/char__rosidl_typesupport_introspection_c.h
[8.846s] -- Installing: /home/rsanz/git/learning/ROS2/RustROS2/install/std_msgs/include/std_msgs/std_msgs/msg/detail/int16__rosidl_typesupport_introspection_c.h
[8.846s] -- Installing: /home/rsanz/git/learning/ROS2/RustROS2/install/std_msgs/include/std_msgs/std_msgs/msg/detail/string__rosidl_typesupport_introspection_c.h
[8.846s] -- Installing: /home/rsanz/git/learning/ROS2/RustROS2/install/std_msgs/include/std_msgs/std_msgs/msg/detail/int16__type_support.c
[8.846s] -- Installing: /home/rsanz/git/learning/ROS2/RustROS2/install/std_msgs/include/std_msgs/std_msgs/msg/detail/int16_multi_array__rosidl_typesupport_introspection_c.h
[8.847s] -- Installing: /home/rsanz/git/learning/ROS2/RustROS2/install/std_msgs/include/std_msgs/std_msgs/msg/detail/multi_array_dimension__rosidl_typesupport_introspection_c.h
[8.847s] -- Installing: /home/rsanz/git/learning/ROS2/RustROS2/install/std_msgs/include/std_msgs/std_msgs/msg/detail/u_int32_multi_array__type_support.c
[8.847s] -- Installing: /home/rsanz/git/learning/ROS2/RustROS2/install/std_msgs/include/std_msgs/std_msgs/msg/detail/int8__type_support.c
[8.847s] -- Installing: /home/rsanz/git/learning/ROS2/RustROS2/install/std_msgs/include/std_msgs/std_msgs/msg/detail/float64__rosidl_typesupport_introspection_c.h
[8.847s] -- Installing: /home/rsanz/git/learning/ROS2/RustROS2/install/std_msgs/include/std_msgs/std_msgs/msg/detail/u_int16__type_support.c
[8.847s] -- Installing: /home/rsanz/git/learning/ROS2/RustROS2/install/std_msgs/include/std_msgs/std_msgs/msg/detail/int8_multi_array__rosidl_typesupport_introspection_c.h
[8.847s] -- Installing: /home/rsanz/git/learning/ROS2/RustROS2/install/std_msgs/include/std_msgs/std_msgs/msg/detail/u_int8_multi_array__type_support.c
[8.848s] -- Installing: /home/rsanz/git/learning/ROS2/RustROS2/install/std_msgs/include/std_msgs/std_msgs/msg/detail/u_int32__type_support.c
[8.848s] -- Installing: /home/rsanz/git/learning/ROS2/RustROS2/install/std_msgs/include/std_msgs/std_msgs/msg/detail/float32_multi_array__type_support.c
[8.848s] -- Installing: /home/rsanz/git/learning/ROS2/RustROS2/install/std_msgs/include/std_msgs/std_msgs/msg/detail/bool__type_support.c
[8.848s] -- Installing: /home/rsanz/git/learning/ROS2/RustROS2/install/std_msgs/include/std_msgs/std_msgs/msg/detail/int32_multi_array__rosidl_typesupport_introspection_c.h
[8.848s] -- Installing: /home/rsanz/git/learning/ROS2/RustROS2/install/std_msgs/include/std_msgs/std_msgs/msg/detail/int32__rosidl_typesupport_introspection_c.h
[8.848s] -- Installing: /home/rsanz/git/learning/ROS2/RustROS2/install/std_msgs/include/std_msgs/std_msgs/msg/detail/char__type_support.c
[8.848s] -- Installing: /home/rsanz/git/learning/ROS2/RustROS2/install/std_msgs/include/std_msgs/std_msgs/msg/detail/int64_multi_array__type_support.c
[8.849s] -- Installing: /home/rsanz/git/learning/ROS2/RustROS2/install/std_msgs/include/std_msgs/std_msgs/msg/detail/u_int8__type_support.c
[8.849s] -- Installing: /home/rsanz/git/learning/ROS2/RustROS2/install/std_msgs/include/std_msgs/std_msgs/msg/detail/color_rgba__rosidl_typesupport_introspection_c.h
[8.849s] -- Installing: /home/rsanz/git/learning/ROS2/RustROS2/install/std_msgs/include/std_msgs/std_msgs/msg/detail/float64_multi_array__type_support.c
[8.849s] -- Installing: /home/rsanz/git/learning/ROS2/RustROS2/install/std_msgs/include/std_msgs/std_msgs/msg/detail/u_int16_multi_array__type_support.c
[8.849s] -- Installing: /home/rsanz/git/learning/ROS2/RustROS2/install/std_msgs/include/std_msgs/std_msgs/msg/detail/u_int64_multi_array__type_support.c
[8.849s] -- Installing: /home/rsanz/git/learning/ROS2/RustROS2/install/std_msgs/include/std_msgs/std_msgs/msg/detail/header__rosidl_typesupport_introspection_c.h
[8.850s] -- Installing: /home/rsanz/git/learning/ROS2/RustROS2/install/std_msgs/include/std_msgs/std_msgs/msg/detail/byte_multi_array__type_support.c
[8.850s] -- Installing: /home/rsanz/git/learning/ROS2/RustROS2/install/std_msgs/include/std_msgs/std_msgs/msg/detail/int32__type_support.c
[8.850s] -- Installing: /home/rsanz/git/learning/ROS2/RustROS2/install/std_msgs/include/std_msgs/std_msgs/msg/detail/int8_multi_array__type_support.c
[8.850s] -- Installing: /home/rsanz/git/learning/ROS2/RustROS2/install/std_msgs/include/std_msgs/std_msgs/msg/detail/multi_array_layout__type_support.c
[8.850s] -- Installing: /home/rsanz/git/learning/ROS2/RustROS2/install/std_msgs/include/std_msgs/std_msgs/msg/detail/float32_multi_array__rosidl_typesupport_introspection_c.h
[8.850s] -- Installing: /home/rsanz/git/learning/ROS2/RustROS2/install/std_msgs/include/std_msgs/std_msgs/msg/detail/u_int16_multi_array__rosidl_typesupport_introspection_c.h
[8.850s] -- Installing: /home/rsanz/git/learning/ROS2/RustROS2/install/std_msgs/include/std_msgs/std_msgs/msg/detail/u_int8_multi_array__rosidl_typesupport_introspection_c.h
[8.851s] -- Installing: /home/rsanz/git/learning/ROS2/RustROS2/install/std_msgs/include/std_msgs/std_msgs/msg/detail/multi_array_dimension__type_support.c
[8.851s] -- Installing: /home/rsanz/git/learning/ROS2/RustROS2/install/std_msgs/include/std_msgs/std_msgs/msg/detail/color_rgba__type_support.c
[8.851s] -- Installing: /home/rsanz/git/learning/ROS2/RustROS2/install/std_msgs/include/std_msgs/std_msgs/msg/detail/float32__type_support.c
[8.851s] -- Installing: /home/rsanz/git/learning/ROS2/RustROS2/install/std_msgs/include/std_msgs/std_msgs/msg/detail/int32_multi_array__type_support.c
[8.851s] -- Installing: /home/rsanz/git/learning/ROS2/RustROS2/install/std_msgs/include/std_msgs/std_msgs/msg/detail/byte_multi_array__rosidl_typesupport_introspection_c.h
[8.851s] -- Installing: /home/rsanz/git/learning/ROS2/RustROS2/install/std_msgs/include/std_msgs/std_msgs/msg/detail/byte__rosidl_typesupport_introspection_c.h
[8.851s] -- Installing: /home/rsanz/git/learning/ROS2/RustROS2/install/std_msgs/include/std_msgs/std_msgs/msg/detail/multi_array_layout__rosidl_typesupport_introspection_c.h
[8.852s] -- Installing: /home/rsanz/git/learning/ROS2/RustROS2/install/std_msgs/include/std_msgs/std_msgs/msg/detail/float32__rosidl_typesupport_introspection_c.h
[8.852s] -- Installing: /home/rsanz/git/learning/ROS2/RustROS2/install/std_msgs/include/std_msgs/std_msgs/msg/detail/empty__type_support.c
[8.852s] -- Installing: /home/rsanz/git/learning/ROS2/RustROS2/install/std_msgs/include/std_msgs/std_msgs/msg/detail/u_int64__type_support.c
[8.852s] -- Installing: /home/rsanz/git/learning/ROS2/RustROS2/install/std_msgs/include/std_msgs/std_msgs/msg/detail/float64_multi_array__rosidl_typesupport_introspection_c.h
[8.852s] -- Installing: /home/rsanz/git/learning/ROS2/RustROS2/install/std_msgs/include/std_msgs/std_msgs/msg/detail/float64__type_support.c
[8.852s] -- Installing: /home/rsanz/git/learning/ROS2/RustROS2/install/std_msgs/include/std_msgs/std_msgs/msg/detail/u_int8__rosidl_typesupport_introspection_c.h
[8.852s] -- Installing: /home/rsanz/git/learning/ROS2/RustROS2/install/std_msgs/include/std_msgs/std_msgs/msg/detail/string__type_support.c
[8.853s] -- Installing: /home/rsanz/git/learning/ROS2/RustROS2/install/std_msgs/lib/libstd_msgs__rosidl_typesupport_introspection_c.so
[8.853s] -- Set non-toolchain portion of runtime path of "/home/rsanz/git/learning/ROS2/RustROS2/install/std_msgs/lib/libstd_msgs__rosidl_typesupport_introspection_c.so" to ""
[8.853s] -- Installing: /home/rsanz/git/learning/ROS2/RustROS2/install/std_msgs/lib/libstd_msgs__rosidl_typesupport_c.so
[8.853s] -- Set non-toolchain portion of runtime path of "/home/rsanz/git/learning/ROS2/RustROS2/install/std_msgs/lib/libstd_msgs__rosidl_typesupport_c.so" to ""
[8.854s] -- Up-to-date: /home/rsanz/git/learning/ROS2/RustROS2/install/std_msgs/include/std_msgs/std_msgs
[8.854s] -- Up-to-date: /home/rsanz/git/learning/ROS2/RustROS2/install/std_msgs/include/std_msgs/std_msgs/msg
[8.854s] -- Up-to-date: /home/rsanz/git/learning/ROS2/RustROS2/install/std_msgs/include/std_msgs/std_msgs/msg/detail
[8.854s] -- Installing: /home/rsanz/git/learning/ROS2/RustROS2/install/std_msgs/include/std_msgs/std_msgs/msg/detail/int64_multi_array__rosidl_typesupport_introspection_cpp.hpp
[8.854s] -- Installing: /home/rsanz/git/learning/ROS2/RustROS2/install/std_msgs/include/std_msgs/std_msgs/msg/detail/int8__rosidl_typesupport_introspection_cpp.hpp
[8.854s] -- Installing: /home/rsanz/git/learning/ROS2/RustROS2/install/std_msgs/include/std_msgs/std_msgs/msg/detail/int32_multi_array__type_support.cpp
[8.854s] -- Installing: /home/rsanz/git/learning/ROS2/RustROS2/install/std_msgs/include/std_msgs/std_msgs/msg/detail/u_int32__rosidl_typesupport_introspection_cpp.hpp
[8.854s] -- Installing: /home/rsanz/git/learning/ROS2/RustROS2/install/std_msgs/include/std_msgs/std_msgs/msg/detail/color_rgba__rosidl_typesupport_introspection_cpp.hpp
[8.854s] -- Installing: /home/rsanz/git/learning/ROS2/RustROS2/install/std_msgs/include/std_msgs/std_msgs/msg/detail/float64__rosidl_typesupport_introspection_cpp.hpp
[8.854s] -- Installing: /home/rsanz/git/learning/ROS2/RustROS2/install/std_msgs/include/std_msgs/std_msgs/msg/detail/bool__rosidl_typesupport_introspection_cpp.hpp
[8.855s] -- Installing: /home/rsanz/git/learning/ROS2/RustROS2/install/std_msgs/include/std_msgs/std_msgs/msg/detail/float64_multi_array__rosidl_typesupport_introspection_cpp.hpp
[8.855s] -- Installing: /home/rsanz/git/learning/ROS2/RustROS2/install/std_msgs/include/std_msgs/std_msgs/msg/detail/float32_multi_array__rosidl_typesupport_introspection_cpp.hpp
[8.855s] -- Installing: /home/rsanz/git/learning/ROS2/RustROS2/install/std_msgs/include/std_msgs/std_msgs/msg/detail/int16__type_support.cpp
[8.855s] -- Installing: /home/rsanz/git/learning/ROS2/RustROS2/install/std_msgs/include/std_msgs/std_msgs/msg/detail/bool__type_support.cpp
[8.855s] -- Installing: /home/rsanz/git/learning/ROS2/RustROS2/install/std_msgs/include/std_msgs/std_msgs/msg/detail/u_int8_multi_array__type_support.cpp
[8.855s] -- Installing: /home/rsanz/git/learning/ROS2/RustROS2/install/std_msgs/include/std_msgs/std_msgs/msg/detail/float64_multi_array__type_support.cpp
[8.855s] -- Installing: /home/rsanz/git/learning/ROS2/RustROS2/install/std_msgs/include/std_msgs/std_msgs/msg/detail/u_int32_multi_array__type_support.cpp
[8.856s] -- Installing: /home/rsanz/git/learning/ROS2/RustROS2/install/std_msgs/include/std_msgs/std_msgs/msg/detail/byte__type_support.cpp
[8.856s] -- Installing: /home/rsanz/git/learning/ROS2/RustROS2/install/std_msgs/include/std_msgs/std_msgs/msg/detail/u_int64__type_support.cpp
[8.856s] -- Installing: /home/rsanz/git/learning/ROS2/RustROS2/install/std_msgs/include/std_msgs/std_msgs/msg/detail/header__type_support.cpp
[8.856s] -- Installing: /home/rsanz/git/learning/ROS2/RustROS2/install/std_msgs/include/std_msgs/std_msgs/msg/detail/u_int8_multi_array__rosidl_typesupport_introspection_cpp.hpp
[8.856s] -- Installing: /home/rsanz/git/learning/ROS2/RustROS2/install/std_msgs/include/std_msgs/std_msgs/msg/detail/int32__type_support.cpp
[8.856s] -- Installing: /home/rsanz/git/learning/ROS2/RustROS2/install/std_msgs/include/std_msgs/std_msgs/msg/detail/int16__rosidl_typesupport_introspection_cpp.hpp
[8.856s] -- Installing: /home/rsanz/git/learning/ROS2/RustROS2/install/std_msgs/include/std_msgs/std_msgs/msg/detail/byte_multi_array__type_support.cpp
[8.857s] -- Installing: /home/rsanz/git/learning/ROS2/RustROS2/install/std_msgs/include/std_msgs/std_msgs/msg/detail/int16_multi_array__type_support.cpp
[8.857s] -- Installing: /home/rsanz/git/learning/ROS2/RustROS2/install/std_msgs/include/std_msgs/std_msgs/msg/detail/float32_multi_array__type_support.cpp
[8.857s] -- Installing: /home/rsanz/git/learning/ROS2/RustROS2/install/std_msgs/include/std_msgs/std_msgs/msg/detail/multi_array_dimension__type_support.cpp
[8.857s] -- Installing: /home/rsanz/git/learning/ROS2/RustROS2/install/std_msgs/include/std_msgs/std_msgs/msg/detail/multi_array_layout__rosidl_typesupport_introspection_cpp.hpp
[8.857s] -- Installing: /home/rsanz/git/learning/ROS2/RustROS2/install/std_msgs/include/std_msgs/std_msgs/msg/detail/int8__type_support.cpp
[8.857s] -- Installing: /home/rsanz/git/learning/ROS2/RustROS2/install/std_msgs/include/std_msgs/std_msgs/msg/detail/int16_multi_array__rosidl_typesupport_introspection_cpp.hpp
[8.857s] -- Installing: /home/rsanz/git/learning/ROS2/RustROS2/install/std_msgs/include/std_msgs/std_msgs/msg/detail/u_int16_multi_array__type_support.cpp
[8.858s] -- Installing: /home/rsanz/git/learning/ROS2/RustROS2/install/std_msgs/include/std_msgs/std_msgs/msg/detail/u_int64__rosidl_typesupport_introspection_cpp.hpp
[8.858s] -- Installing: /home/rsanz/git/learning/ROS2/RustROS2/install/std_msgs/include/std_msgs/std_msgs/msg/detail/header__rosidl_typesupport_introspection_cpp.hpp
[8.858s] -- Installing: /home/rsanz/git/learning/ROS2/RustROS2/install/std_msgs/include/std_msgs/std_msgs/msg/detail/u_int64_multi_array__rosidl_typesupport_introspection_cpp.hpp
[8.858s] -- Installing: /home/rsanz/git/learning/ROS2/RustROS2/install/std_msgs/include/std_msgs/std_msgs/msg/detail/int64__type_support.cpp
[8.858s] -- Installing: /home/rsanz/git/learning/ROS2/RustROS2/install/std_msgs/include/std_msgs/std_msgs/msg/detail/u_int16__type_support.cpp
[8.858s] -- Installing: /home/rsanz/git/learning/ROS2/RustROS2/install/std_msgs/include/std_msgs/std_msgs/msg/detail/char__type_support.cpp
[8.858s] -- Installing: /home/rsanz/git/learning/ROS2/RustROS2/install/std_msgs/include/std_msgs/std_msgs/msg/detail/color_rgba__type_support.cpp
[8.859s] -- Installing: /home/rsanz/git/learning/ROS2/RustROS2/install/std_msgs/include/std_msgs/std_msgs/msg/detail/float32__rosidl_typesupport_introspection_cpp.hpp
[8.859s] -- Installing: /home/rsanz/git/learning/ROS2/RustROS2/install/std_msgs/include/std_msgs/std_msgs/msg/detail/int32_multi_array__rosidl_typesupport_introspection_cpp.hpp
[8.859s] -- Installing: /home/rsanz/git/learning/ROS2/RustROS2/install/std_msgs/include/std_msgs/std_msgs/msg/detail/byte_multi_array__rosidl_typesupport_introspection_cpp.hpp
[8.859s] -- Installing: /home/rsanz/git/learning/ROS2/RustROS2/install/std_msgs/include/std_msgs/std_msgs/msg/detail/int64__rosidl_typesupport_introspection_cpp.hpp
[8.859s] -- Installing: /home/rsanz/git/learning/ROS2/RustROS2/install/std_msgs/include/std_msgs/std_msgs/msg/detail/u_int16__rosidl_typesupport_introspection_cpp.hpp
[8.859s] -- Installing: /home/rsanz/git/learning/ROS2/RustROS2/install/std_msgs/include/std_msgs/std_msgs/msg/detail/empty__rosidl_typesupport_introspection_cpp.hpp
[8.860s] -- Installing: /home/rsanz/git/learning/ROS2/RustROS2/install/std_msgs/include/std_msgs/std_msgs/msg/detail/byte__rosidl_typesupport_introspection_cpp.hpp
[8.860s] -- Installing: /home/rsanz/git/learning/ROS2/RustROS2/install/std_msgs/include/std_msgs/std_msgs/msg/detail/string__type_support.cpp
[8.860s] -- Installing: /home/rsanz/git/learning/ROS2/RustROS2/install/std_msgs/include/std_msgs/std_msgs/msg/detail/string__rosidl_typesupport_introspection_cpp.hpp
[8.860s] -- Installing: /home/rsanz/git/learning/ROS2/RustROS2/install/std_msgs/include/std_msgs/std_msgs/msg/detail/u_int8__rosidl_typesupport_introspection_cpp.hpp
[8.860s] -- Installing: /home/rsanz/git/learning/ROS2/RustROS2/install/std_msgs/include/std_msgs/std_msgs/msg/detail/u_int64_multi_array__type_support.cpp
[8.860s] -- Installing: /home/rsanz/git/learning/ROS2/RustROS2/install/std_msgs/include/std_msgs/std_msgs/msg/detail/int8_multi_array__rosidl_typesupport_introspection_cpp.hpp
[8.860s] -- Installing: /home/rsanz/git/learning/ROS2/RustROS2/install/std_msgs/include/std_msgs/std_msgs/msg/detail/u_int32_multi_array__rosidl_typesupport_introspection_cpp.hpp
[8.861s] -- Installing: /home/rsanz/git/learning/ROS2/RustROS2/install/std_msgs/include/std_msgs/std_msgs/msg/detail/int8_multi_array__type_support.cpp
[8.861s] -- Installing: /home/rsanz/git/learning/ROS2/RustROS2/install/std_msgs/include/std_msgs/std_msgs/msg/detail/int32__rosidl_typesupport_introspection_cpp.hpp
[8.861s] -- Installing: /home/rsanz/git/learning/ROS2/RustROS2/install/std_msgs/include/std_msgs/std_msgs/msg/detail/int64_multi_array__type_support.cpp
[8.861s] -- Installing: /home/rsanz/git/learning/ROS2/RustROS2/install/std_msgs/include/std_msgs/std_msgs/msg/detail/float32__type_support.cpp
[8.861s] -- Installing: /home/rsanz/git/learning/ROS2/RustROS2/install/std_msgs/include/std_msgs/std_msgs/msg/detail/u_int16_multi_array__rosidl_typesupport_introspection_cpp.hpp
[8.861s] -- Installing: /home/rsanz/git/learning/ROS2/RustROS2/install/std_msgs/include/std_msgs/std_msgs/msg/detail/u_int32__type_support.cpp
[8.861s] -- Installing: /home/rsanz/git/learning/ROS2/RustROS2/install/std_msgs/include/std_msgs/std_msgs/msg/detail/char__rosidl_typesupport_introspection_cpp.hpp
[8.862s] -- Installing: /home/rsanz/git/learning/ROS2/RustROS2/install/std_msgs/include/std_msgs/std_msgs/msg/detail/multi_array_dimension__rosidl_typesupport_introspection_cpp.hpp
[8.862s] -- Installing: /home/rsanz/git/learning/ROS2/RustROS2/install/std_msgs/include/std_msgs/std_msgs/msg/detail/float64__type_support.cpp
[8.862s] -- Installing: /home/rsanz/git/learning/ROS2/RustROS2/install/std_msgs/include/std_msgs/std_msgs/msg/detail/multi_array_layout__type_support.cpp
[8.862s] -- Installing: /home/rsanz/git/learning/ROS2/RustROS2/install/std_msgs/include/std_msgs/std_msgs/msg/detail/empty__type_support.cpp
[8.862s] -- Installing: /home/rsanz/git/learning/ROS2/RustROS2/install/std_msgs/include/std_msgs/std_msgs/msg/detail/u_int8__type_support.cpp
[8.862s] -- Installing: /home/rsanz/git/learning/ROS2/RustROS2/install/std_msgs/lib/libstd_msgs__rosidl_typesupport_introspection_cpp.so
[8.863s] -- Set non-toolchain portion of runtime path of "/home/rsanz/git/learning/ROS2/RustROS2/install/std_msgs/lib/libstd_msgs__rosidl_typesupport_introspection_cpp.so" to ""
[8.863s] -- Installing: /home/rsanz/git/learning/ROS2/RustROS2/install/std_msgs/lib/libstd_msgs__rosidl_typesupport_cpp.so
[8.864s] -- Set non-toolchain portion of runtime path of "/home/rsanz/git/learning/ROS2/RustROS2/install/std_msgs/lib/libstd_msgs__rosidl_typesupport_cpp.so" to ""
[8.864s] -- Installing: /home/rsanz/git/learning/ROS2/RustROS2/install/std_msgs/share/ament_index/resource_index/rust_packages/std_msgs
[8.864s] -- Installing: /home/rsanz/git/learning/ROS2/RustROS2/install/std_msgs/share/std_msgs/rust
[8.864s] -- Installing: /home/rsanz/git/learning/ROS2/RustROS2/install/std_msgs/share/std_msgs/rust/src
[8.864s] -- Installing: /home/rsanz/git/learning/ROS2/RustROS2/install/std_msgs/share/std_msgs/rust/src/msg.rs
[8.864s] -- Installing: /home/rsanz/git/learning/ROS2/RustROS2/install/std_msgs/share/std_msgs/rust/src/msg
[8.864s] -- Installing: /home/rsanz/git/learning/ROS2/RustROS2/install/std_msgs/share/std_msgs/rust/src/msg/rmw.rs
[8.864s] -- Installing: /home/rsanz/git/learning/ROS2/RustROS2/install/std_msgs/share/std_msgs/rust/src/lib.rs
[8.864s] -- Installing: /home/rsanz/git/learning/ROS2/RustROS2/install/std_msgs/share/std_msgs/rust/build.rs
[8.865s] -- Installing: /home/rsanz/git/learning/ROS2/RustROS2/install/std_msgs/share/std_msgs/rust/Cargo.toml
[8.865s] -- Installing: /home/rsanz/git/learning/ROS2/RustROS2/install/std_msgs/share/std_msgs/environment/pythonpath.sh
[8.865s] -- Installing: /home/rsanz/git/learning/ROS2/RustROS2/install/std_msgs/share/std_msgs/environment/pythonpath.dsv
[8.865s] -- Installing: /home/rsanz/git/learning/ROS2/RustROS2/install/std_msgs/lib/python3.12/site-packages/std_msgs-5.3.7-py3.12.egg-info
[8.865s] -- Installing: /home/rsanz/git/learning/ROS2/RustROS2/install/std_msgs/lib/python3.12/site-packages/std_msgs-5.3.7-py3.12.egg-info/dependency_links.txt
[8.865s] -- Installing: /home/rsanz/git/learning/ROS2/RustROS2/install/std_msgs/lib/python3.12/site-packages/std_msgs-5.3.7-py3.12.egg-info/PKG-INFO
[8.865s] -- Installing: /home/rsanz/git/learning/ROS2/RustROS2/install/std_msgs/lib/python3.12/site-packages/std_msgs-5.3.7-py3.12.egg-info/top_level.txt
[8.866s] -- Installing: /home/rsanz/git/learning/ROS2/RustROS2/install/std_msgs/lib/python3.12/site-packages/std_msgs-5.3.7-py3.12.egg-info/SOURCES.txt
[8.866s] -- Installing: /home/rsanz/git/learning/ROS2/RustROS2/install/std_msgs/lib/python3.12/site-packages/std_msgs
[8.866s] -- Installing: /home/rsanz/git/learning/ROS2/RustROS2/install/std_msgs/lib/python3.12/site-packages/std_msgs/_std_msgs_s.ep.rosidl_typesupport_fastrtps_c.c
[8.866s] -- Installing: /home/rsanz/git/learning/ROS2/RustROS2/install/std_msgs/lib/python3.12/site-packages/std_msgs/std_msgs_s__rosidl_typesupport_fastrtps_c.so
[8.866s] -- Installing: /home/rsanz/git/learning/ROS2/RustROS2/install/std_msgs/lib/python3.12/site-packages/std_msgs/std_msgs_s__rosidl_typesupport_introspection_c.so
[8.866s] -- Installing: /home/rsanz/git/learning/ROS2/RustROS2/install/std_msgs/lib/python3.12/site-packages/std_msgs/msg
[8.867s] -- Installing: /home/rsanz/git/learning/ROS2/RustROS2/install/std_msgs/lib/python3.12/site-packages/std_msgs/msg/_float32_multi_array.py
[8.867s] -- Installing: /home/rsanz/git/learning/ROS2/RustROS2/install/std_msgs/lib/python3.12/site-packages/std_msgs/msg/_int8_s.c
[8.867s] -- Installing: /home/rsanz/git/learning/ROS2/RustROS2/install/std_msgs/lib/python3.12/site-packages/std_msgs/msg/_header_s.c
[8.867s] -- Installing: /home/rsanz/git/learning/ROS2/RustROS2/install/std_msgs/lib/python3.12/site-packages/std_msgs/msg/_byte.py
[8.867s] -- Installing: /home/rsanz/git/learning/ROS2/RustROS2/install/std_msgs/lib/python3.12/site-packages/std_msgs/msg/_empty_s.c
[8.867s] -- Installing: /home/rsanz/git/learning/ROS2/RustROS2/install/std_msgs/lib/python3.12/site-packages/std_msgs/msg/_float32_multi_array_s.c
[8.867s] -- Installing: /home/rsanz/git/learning/ROS2/RustROS2/install/std_msgs/lib/python3.12/site-packages/std_msgs/msg/_u_int64_s.c
[8.867s] -- Installing: /home/rsanz/git/learning/ROS2/RustROS2/install/std_msgs/lib/python3.12/site-packages/std_msgs/msg/_int16_s.c
[8.868s] -- Installing: /home/rsanz/git/learning/ROS2/RustROS2/install/std_msgs/lib/python3.12/site-packages/std_msgs/msg/_u_int32_multi_array_s.c
[8.868s] -- Installing: /home/rsanz/git/learning/ROS2/RustROS2/install/std_msgs/lib/python3.12/site-packages/std_msgs/msg/_bool_s.c
[8.868s] -- Installing: /home/rsanz/git/learning/ROS2/RustROS2/install/std_msgs/lib/python3.12/site-packages/std_msgs/msg/_u_int32_multi_array.py
[8.868s] -- Installing: /home/rsanz/git/learning/ROS2/RustROS2/install/std_msgs/lib/python3.12/site-packages/std_msgs/msg/_u_int32.py
[8.868s] -- Installing: /home/rsanz/git/learning/ROS2/RustROS2/install/std_msgs/lib/python3.12/site-packages/std_msgs/msg/_header.py
[8.868s] -- Installing: /home/rsanz/git/learning/ROS2/RustROS2/install/std_msgs/lib/python3.12/site-packages/std_msgs/msg/_empty.py
[8.868s] -- Installing: /home/rsanz/git/learning/ROS2/RustROS2/install/std_msgs/lib/python3.12/site-packages/std_msgs/msg/_multi_array_dimension.py
[8.869s] -- Installing: /home/rsanz/git/learning/ROS2/RustROS2/install/std_msgs/lib/python3.12/site-packages/std_msgs/msg/_bool.py
[8.869s] -- Installing: /home/rsanz/git/learning/ROS2/RustROS2/install/std_msgs/lib/python3.12/site-packages/std_msgs/msg/_u_int8_multi_array_s.c
[8.869s] -- Installing: /home/rsanz/git/learning/ROS2/RustROS2/install/std_msgs/lib/python3.12/site-packages/std_msgs/msg/_int16_multi_array_s.c
[8.869s] -- Installing: /home/rsanz/git/learning/ROS2/RustROS2/install/std_msgs/lib/python3.12/site-packages/std_msgs/msg/_int64_multi_array.py
[8.869s] -- Installing: /home/rsanz/git/learning/ROS2/RustROS2/install/std_msgs/lib/python3.12/site-packages/std_msgs/msg/_int8.py
[8.869s] -- Installing: /home/rsanz/git/learning/ROS2/RustROS2/install/std_msgs/lib/python3.12/site-packages/std_msgs/msg/_int64.py
[8.869s] -- Installing: /home/rsanz/git/learning/ROS2/RustROS2/install/std_msgs/lib/python3.12/site-packages/std_msgs/msg/_multi_array_layout.py
[8.869s] -- Installing: /home/rsanz/git/learning/ROS2/RustROS2/install/std_msgs/lib/python3.12/site-packages/std_msgs/msg/_char.py
[8.870s] -- Installing: /home/rsanz/git/learning/ROS2/RustROS2/install/std_msgs/lib/python3.12/site-packages/std_msgs/msg/_u_int8_multi_array.py
[8.870s] -- Installing: /home/rsanz/git/learning/ROS2/RustROS2/install/std_msgs/lib/python3.12/site-packages/std_msgs/msg/_byte_multi_array_s.c
[8.870s] -- Installing: /home/rsanz/git/learning/ROS2/RustROS2/install/std_msgs/lib/python3.12/site-packages/std_msgs/msg/_string.py
[8.870s] -- Installing: /home/rsanz/git/learning/ROS2/RustROS2/install/std_msgs/lib/python3.12/site-packages/std_msgs/msg/_u_int8_s.c
[8.870s] -- Installing: /home/rsanz/git/learning/ROS2/RustROS2/install/std_msgs/lib/python3.12/site-packages/std_msgs/msg/_multi_array_dimension_s.c
[8.870s] -- Installing: /home/rsanz/git/learning/ROS2/RustROS2/install/std_msgs/lib/python3.12/site-packages/std_msgs/msg/_int16_multi_array.py
[8.870s] -- Installing: /home/rsanz/git/learning/ROS2/RustROS2/install/std_msgs/lib/python3.12/site-packages/std_msgs/msg/_u_int16_s.c
[8.871s] -- Installing: /home/rsanz/git/learning/ROS2/RustROS2/install/std_msgs/lib/python3.12/site-packages/std_msgs/msg/_int8_multi_array_s.c
[8.871s] -- Installing: /home/rsanz/git/learning/ROS2/RustROS2/install/std_msgs/lib/python3.12/site-packages/std_msgs/msg/_string_s.c
[8.871s] -- Installing: /home/rsanz/git/learning/ROS2/RustROS2/install/std_msgs/lib/python3.12/site-packages/std_msgs/msg/_color_rgba.py
[8.871s] -- Installing: /home/rsanz/git/learning/ROS2/RustROS2/install/std_msgs/lib/python3.12/site-packages/std_msgs/msg/__init__.py
[8.871s] -- Installing: /home/rsanz/git/learning/ROS2/RustROS2/install/std_msgs/lib/python3.12/site-packages/std_msgs/msg/_u_int16_multi_array.py
[8.871s] -- Installing: /home/rsanz/git/learning/ROS2/RustROS2/install/std_msgs/lib/python3.12/site-packages/std_msgs/msg/_float64_s.c
[8.871s] -- Installing: /home/rsanz/git/learning/ROS2/RustROS2/install/std_msgs/lib/python3.12/site-packages/std_msgs/msg/_float32.py
[8.871s] -- Installing: /home/rsanz/git/learning/ROS2/RustROS2/install/std_msgs/lib/python3.12/site-packages/std_msgs/msg/_float32_s.c
[8.872s] -- Installing: /home/rsanz/git/learning/ROS2/RustROS2/install/std_msgs/lib/python3.12/site-packages/std_msgs/msg/_u_int64.py
[8.872s] -- Installing: /home/rsanz/git/learning/ROS2/RustROS2/install/std_msgs/lib/python3.12/site-packages/std_msgs/msg/_int32_s.c
[8.872s] -- Installing: /home/rsanz/git/learning/ROS2/RustROS2/install/std_msgs/lib/python3.12/site-packages/std_msgs/msg/_int64_s.c
[8.872s] -- Installing: /home/rsanz/git/learning/ROS2/RustROS2/install/std_msgs/lib/python3.12/site-packages/std_msgs/msg/_int8_multi_array.py
[8.872s] -- Installing: /home/rsanz/git/learning/ROS2/RustROS2/install/std_msgs/lib/python3.12/site-packages/std_msgs/msg/_int64_multi_array_s.c
[8.872s] -- Installing: /home/rsanz/git/learning/ROS2/RustROS2/install/std_msgs/lib/python3.12/site-packages/std_msgs/msg/_u_int16_multi_array_s.c
[8.872s] -- Installing: /home/rsanz/git/learning/ROS2/RustROS2/install/std_msgs/lib/python3.12/site-packages/std_msgs/msg/_color_rgba_s.c
[8.873s] -- Installing: /home/rsanz/git/learning/ROS2/RustROS2/install/std_msgs/lib/python3.12/site-packages/std_msgs/msg/_u_int16.py
[8.873s] -- Installing: /home/rsanz/git/learning/ROS2/RustROS2/install/std_msgs/lib/python3.12/site-packages/std_msgs/msg/_int32.py
[8.873s] -- Installing: /home/rsanz/git/learning/ROS2/RustROS2/install/std_msgs/lib/python3.12/site-packages/std_msgs/msg/_u_int64_multi_array.py
[8.873s] -- Installing: /home/rsanz/git/learning/ROS2/RustROS2/install/std_msgs/lib/python3.12/site-packages/std_msgs/msg/_float64_multi_array_s.c
[8.873s] -- Installing: /home/rsanz/git/learning/ROS2/RustROS2/install/std_msgs/lib/python3.12/site-packages/std_msgs/msg/_u_int64_multi_array_s.c
[8.873s] -- Installing: /home/rsanz/git/learning/ROS2/RustROS2/install/std_msgs/lib/python3.12/site-packages/std_msgs/msg/_int32_multi_array_s.c
[8.873s] -- Installing: /home/rsanz/git/learning/ROS2/RustROS2/install/std_msgs/lib/python3.12/site-packages/std_msgs/msg/_int16.py
[8.873s] -- Installing: /home/rsanz/git/learning/ROS2/RustROS2/install/std_msgs/lib/python3.12/site-packages/std_msgs/msg/_byte_multi_array.py
[8.874s] -- Installing: /home/rsanz/git/learning/ROS2/RustROS2/install/std_msgs/lib/python3.12/site-packages/std_msgs/msg/_char_s.c
[8.874s] -- Installing: /home/rsanz/git/learning/ROS2/RustROS2/install/std_msgs/lib/python3.12/site-packages/std_msgs/msg/_byte_s.c
[8.874s] -- Installing: /home/rsanz/git/learning/ROS2/RustROS2/install/std_msgs/lib/python3.12/site-packages/std_msgs/msg/_float64.py
[8.874s] -- Installing: /home/rsanz/git/learning/ROS2/RustROS2/install/std_msgs/lib/python3.12/site-packages/std_msgs/msg/_u_int8.py
[8.874s] -- Installing: /home/rsanz/git/learning/ROS2/RustROS2/install/std_msgs/lib/python3.12/site-packages/std_msgs/msg/_multi_array_layout_s.c
[8.874s] -- Installing: /home/rsanz/git/learning/ROS2/RustROS2/install/std_msgs/lib/python3.12/site-packages/std_msgs/msg/_float64_multi_array.py
[8.874s] -- Installing: /home/rsanz/git/learning/ROS2/RustROS2/install/std_msgs/lib/python3.12/site-packages/std_msgs/msg/_u_int32_s.c
[8.875s] -- Installing: /home/rsanz/git/learning/ROS2/RustROS2/install/std_msgs/lib/python3.12/site-packages/std_msgs/msg/_int32_multi_array.py
[8.875s] -- Installing: /home/rsanz/git/learning/ROS2/RustROS2/install/std_msgs/lib/python3.12/site-packages/std_msgs/__init__.py
[8.875s] -- Installing: /home/rsanz/git/learning/ROS2/RustROS2/install/std_msgs/lib/python3.12/site-packages/std_msgs/std_msgs_s__rosidl_typesupport_c.so
[8.875s] -- Installing: /home/rsanz/git/learning/ROS2/RustROS2/install/std_msgs/lib/python3.12/site-packages/std_msgs/_std_msgs_s.ep.rosidl_typesupport_introspection_c.c
[8.875s] -- Installing: /home/rsanz/git/learning/ROS2/RustROS2/install/std_msgs/lib/python3.12/site-packages/std_msgs/_std_msgs_s.ep.rosidl_typesupport_c.c
[8.928s] Listing '/home/rsanz/git/learning/ROS2/RustROS2/install/std_msgs/lib/python3.12/site-packages/std_msgs'...
[8.928s] Compiling '/home/rsanz/git/learning/ROS2/RustROS2/install/std_msgs/lib/python3.12/site-packages/std_msgs/__init__.py'...
[8.928s] Listing '/home/rsanz/git/learning/ROS2/RustROS2/install/std_msgs/lib/python3.12/site-packages/std_msgs/msg'...
[8.928s] Compiling '/home/rsanz/git/learning/ROS2/RustROS2/install/std_msgs/lib/python3.12/site-packages/std_msgs/msg/__init__.py'...
[8.928s] Compiling '/home/rsanz/git/learning/ROS2/RustROS2/install/std_msgs/lib/python3.12/site-packages/std_msgs/msg/_bool.py'...
[8.928s] Compiling '/home/rsanz/git/learning/ROS2/RustROS2/install/std_msgs/lib/python3.12/site-packages/std_msgs/msg/_byte.py'...
[8.928s] Compiling '/home/rsanz/git/learning/ROS2/RustROS2/install/std_msgs/lib/python3.12/site-packages/std_msgs/msg/_byte_multi_array.py'...
[8.928s] Compiling '/home/rsanz/git/learning/ROS2/RustROS2/install/std_msgs/lib/python3.12/site-packages/std_msgs/msg/_char.py'...
[8.928s] Compiling '/home/rsanz/git/learning/ROS2/RustROS2/install/std_msgs/lib/python3.12/site-packages/std_msgs/msg/_color_rgba.py'...
[8.928s] Compiling '/home/rsanz/git/learning/ROS2/RustROS2/install/std_msgs/lib/python3.12/site-packages/std_msgs/msg/_empty.py'...
[8.929s] Compiling '/home/rsanz/git/learning/ROS2/RustROS2/install/std_msgs/lib/python3.12/site-packages/std_msgs/msg/_float32.py'...
[8.929s] Compiling '/home/rsanz/git/learning/ROS2/RustROS2/install/std_msgs/lib/python3.12/site-packages/std_msgs/msg/_float32_multi_array.py'...
[8.929s] Compiling '/home/rsanz/git/learning/ROS2/RustROS2/install/std_msgs/lib/python3.12/site-packages/std_msgs/msg/_float64.py'...
[8.929s] Compiling '/home/rsanz/git/learning/ROS2/RustROS2/install/std_msgs/lib/python3.12/site-packages/std_msgs/msg/_float64_multi_array.py'...
[8.929s] Compiling '/home/rsanz/git/learning/ROS2/RustROS2/install/std_msgs/lib/python3.12/site-packages/std_msgs/msg/_header.py'...
[8.929s] Compiling '/home/rsanz/git/learning/ROS2/RustROS2/install/std_msgs/lib/python3.12/site-packages/std_msgs/msg/_int16.py'...
[8.929s] Compiling '/home/rsanz/git/learning/ROS2/RustROS2/install/std_msgs/lib/python3.12/site-packages/std_msgs/msg/_int16_multi_array.py'...
[8.929s] Compiling '/home/rsanz/git/learning/ROS2/RustROS2/install/std_msgs/lib/python3.12/site-packages/std_msgs/msg/_int32.py'...
[8.929s] Compiling '/home/rsanz/git/learning/ROS2/RustROS2/install/std_msgs/lib/python3.12/site-packages/std_msgs/msg/_int32_multi_array.py'...
[8.929s] Compiling '/home/rsanz/git/learning/ROS2/RustROS2/install/std_msgs/lib/python3.12/site-packages/std_msgs/msg/_int64.py'...
[8.929s] Compiling '/home/rsanz/git/learning/ROS2/RustROS2/install/std_msgs/lib/python3.12/site-packages/std_msgs/msg/_int64_multi_array.py'...
[8.929s] Compiling '/home/rsanz/git/learning/ROS2/RustROS2/install/std_msgs/lib/python3.12/site-packages/std_msgs/msg/_int8.py'...
[8.930s] Compiling '/home/rsanz/git/learning/ROS2/RustROS2/install/std_msgs/lib/python3.12/site-packages/std_msgs/msg/_int8_multi_array.py'...
[8.930s] Compiling '/home/rsanz/git/learning/ROS2/RustROS2/install/std_msgs/lib/python3.12/site-packages/std_msgs/msg/_multi_array_dimension.py'...
[8.930s] Compiling '/home/rsanz/git/learning/ROS2/RustROS2/install/std_msgs/lib/python3.12/site-packages/std_msgs/msg/_multi_array_layout.py'...
[8.930s] Compiling '/home/rsanz/git/learning/ROS2/RustROS2/install/std_msgs/lib/python3.12/site-packages/std_msgs/msg/_string.py'...
[8.930s] Compiling '/home/rsanz/git/learning/ROS2/RustROS2/install/std_msgs/lib/python3.12/site-packages/std_msgs/msg/_u_int16.py'...
[8.930s] Compiling '/home/rsanz/git/learning/ROS2/RustROS2/install/std_msgs/lib/python3.12/site-packages/std_msgs/msg/_u_int16_multi_array.py'...
[8.930s] Compiling '/home/rsanz/git/learning/ROS2/RustROS2/install/std_msgs/lib/python3.12/site-packages/std_msgs/msg/_u_int32.py'...
[8.930s] Compiling '/home/rsanz/git/learning/ROS2/RustROS2/install/std_msgs/lib/python3.12/site-packages/std_msgs/msg/_u_int32_multi_array.py'...
[8.930s] Compiling '/home/rsanz/git/learning/ROS2/RustROS2/install/std_msgs/lib/python3.12/site-packages/std_msgs/msg/_u_int64.py'...
[8.930s] Compiling '/home/rsanz/git/learning/ROS2/RustROS2/install/std_msgs/lib/python3.12/site-packages/std_msgs/msg/_u_int64_multi_array.py'...
[8.930s] Compiling '/home/rsanz/git/learning/ROS2/RustROS2/install/std_msgs/lib/python3.12/site-packages/std_msgs/msg/_u_int8.py'...
[8.930s] Compiling '/home/rsanz/git/learning/ROS2/RustROS2/install/std_msgs/lib/python3.12/site-packages/std_msgs/msg/_u_int8_multi_array.py'...
[8.934s] -- Installing: /home/rsanz/git/learning/ROS2/RustROS2/install/std_msgs/lib/python3.12/site-packages/std_msgs/std_msgs_s__rosidl_typesupport_fastrtps_c.so
[8.934s] -- Set non-toolchain portion of runtime path of "/home/rsanz/git/learning/ROS2/RustROS2/install/std_msgs/lib/python3.12/site-packages/std_msgs/std_msgs_s__rosidl_typesupport_fastrtps_c.so" to ""
[8.934s] -- Installing: /home/rsanz/git/learning/ROS2/RustROS2/install/std_msgs/lib/python3.12/site-packages/std_msgs/std_msgs_s__rosidl_typesupport_introspection_c.so
[8.935s] -- Set non-toolchain portion of runtime path of "/home/rsanz/git/learning/ROS2/RustROS2/install/std_msgs/lib/python3.12/site-packages/std_msgs/std_msgs_s__rosidl_typesupport_introspection_c.so" to ""
[8.935s] -- Installing: /home/rsanz/git/learning/ROS2/RustROS2/install/std_msgs/lib/python3.12/site-packages/std_msgs/std_msgs_s__rosidl_typesupport_c.so
[8.936s] -- Set non-toolchain portion of runtime path of "/home/rsanz/git/learning/ROS2/RustROS2/install/std_msgs/lib/python3.12/site-packages/std_msgs/std_msgs_s__rosidl_typesupport_c.so" to ""
[8.936s] -- Installing: /home/rsanz/git/learning/ROS2/RustROS2/install/std_msgs/lib/libstd_msgs__rosidl_generator_py.so
[8.936s] -- Set non-toolchain portion of runtime path of "/home/rsanz/git/learning/ROS2/RustROS2/install/std_msgs/lib/libstd_msgs__rosidl_generator_py.so" to ""
[8.936s] -- Installing: /home/rsanz/git/learning/ROS2/RustROS2/install/std_msgs/share/std_msgs/msg/Bool.idl
[8.937s] -- Installing: /home/rsanz/git/learning/ROS2/RustROS2/install/std_msgs/share/std_msgs/msg/Byte.idl
[8.937s] -- Installing: /home/rsanz/git/learning/ROS2/RustROS2/install/std_msgs/share/std_msgs/msg/ByteMultiArray.idl
[8.937s] -- Installing: /home/rsanz/git/learning/ROS2/RustROS2/install/std_msgs/share/std_msgs/msg/Char.idl
[8.937s] -- Installing: /home/rsanz/git/learning/ROS2/RustROS2/install/std_msgs/share/std_msgs/msg/ColorRGBA.idl
[8.938s] -- Installing: /home/rsanz/git/learning/ROS2/RustROS2/install/std_msgs/share/std_msgs/msg/Empty.idl
[8.938s] -- Installing: /home/rsanz/git/learning/ROS2/RustROS2/install/std_msgs/share/std_msgs/msg/Float32.idl
[8.938s] -- Installing: /home/rsanz/git/learning/ROS2/RustROS2/install/std_msgs/share/std_msgs/msg/Float32MultiArray.idl
[8.938s] -- Installing: /home/rsanz/git/learning/ROS2/RustROS2/install/std_msgs/share/std_msgs/msg/Float64.idl
[8.938s] -- Installing: /home/rsanz/git/learning/ROS2/RustROS2/install/std_msgs/share/std_msgs/msg/Float64MultiArray.idl
[8.939s] -- Installing: /home/rsanz/git/learning/ROS2/RustROS2/install/std_msgs/share/std_msgs/msg/Header.idl
[8.939s] -- Installing: /home/rsanz/git/learning/ROS2/RustROS2/install/std_msgs/share/std_msgs/msg/Int16.idl
[8.939s] -- Installing: /home/rsanz/git/learning/ROS2/RustROS2/install/std_msgs/share/std_msgs/msg/Int16MultiArray.idl
[8.939s] -- Installing: /home/rsanz/git/learning/ROS2/RustROS2/install/std_msgs/share/std_msgs/msg/Int32.idl
[8.939s] -- Installing: /home/rsanz/git/learning/ROS2/RustROS2/install/std_msgs/share/std_msgs/msg/Int32MultiArray.idl
[8.940s] -- Installing: /home/rsanz/git/learning/ROS2/RustROS2/install/std_msgs/share/std_msgs/msg/Int64.idl
[8.940s] -- Installing: /home/rsanz/git/learning/ROS2/RustROS2/install/std_msgs/share/std_msgs/msg/Int64MultiArray.idl
[8.940s] -- Installing: /home/rsanz/git/learning/ROS2/RustROS2/install/std_msgs/share/std_msgs/msg/Int8.idl
[8.940s] -- Installing: /home/rsanz/git/learning/ROS2/RustROS2/install/std_msgs/share/std_msgs/msg/Int8MultiArray.idl
[8.940s] -- Installing: /home/rsanz/git/learning/ROS2/RustROS2/install/std_msgs/share/std_msgs/msg/MultiArrayDimension.idl
[8.940s] -- Installing: /home/rsanz/git/learning/ROS2/RustROS2/install/std_msgs/share/std_msgs/msg/MultiArrayLayout.idl
[8.941s] -- Installing: /home/rsanz/git/learning/ROS2/RustROS2/install/std_msgs/share/std_msgs/msg/String.idl
[8.941s] -- Installing: /home/rsanz/git/learning/ROS2/RustROS2/install/std_msgs/share/std_msgs/msg/UInt16.idl
[8.941s] -- Installing: /home/rsanz/git/learning/ROS2/RustROS2/install/std_msgs/share/std_msgs/msg/UInt16MultiArray.idl
[8.941s] -- Installing: /home/rsanz/git/learning/ROS2/RustROS2/install/std_msgs/share/std_msgs/msg/UInt32.idl
[8.941s] -- Installing: /home/rsanz/git/learning/ROS2/RustROS2/install/std_msgs/share/std_msgs/msg/UInt32MultiArray.idl
[8.942s] -- Installing: /home/rsanz/git/learning/ROS2/RustROS2/install/std_msgs/share/std_msgs/msg/UInt64.idl
[8.942s] -- Installing: /home/rsanz/git/learning/ROS2/RustROS2/install/std_msgs/share/std_msgs/msg/UInt64MultiArray.idl
[8.942s] -- Installing: /home/rsanz/git/learning/ROS2/RustROS2/install/std_msgs/share/std_msgs/msg/UInt8.idl
[8.942s] -- Installing: /home/rsanz/git/learning/ROS2/RustROS2/install/std_msgs/share/std_msgs/msg/UInt8MultiArray.idl
[8.942s] -- Installing: /home/rsanz/git/learning/ROS2/RustROS2/install/std_msgs/share/std_msgs/msg/Bool.msg
[8.942s] -- Installing: /home/rsanz/git/learning/ROS2/RustROS2/install/std_msgs/share/std_msgs/msg/Byte.msg
[8.943s] -- Installing: /home/rsanz/git/learning/ROS2/RustROS2/install/std_msgs/share/std_msgs/msg/ByteMultiArray.msg
[8.943s] -- Installing: /home/rsanz/git/learning/ROS2/RustROS2/install/std_msgs/share/std_msgs/msg/Char.msg
[8.943s] -- Installing: /home/rsanz/git/learning/ROS2/RustROS2/install/std_msgs/share/std_msgs/msg/ColorRGBA.msg
[8.943s] -- Installing: /home/rsanz/git/learning/ROS2/RustROS2/install/std_msgs/share/std_msgs/msg/Empty.msg
[8.943s] -- Installing: /home/rsanz/git/learning/ROS2/RustROS2/install/std_msgs/share/std_msgs/msg/Float32.msg
[8.943s] -- Installing: /home/rsanz/git/learning/ROS2/RustROS2/install/std_msgs/share/std_msgs/msg/Float32MultiArray.msg
[8.944s] -- Installing: /home/rsanz/git/learning/ROS2/RustROS2/install/std_msgs/share/std_msgs/msg/Float64.msg
[8.944s] -- Installing: /home/rsanz/git/learning/ROS2/RustROS2/install/std_msgs/share/std_msgs/msg/Float64MultiArray.msg
[8.944s] -- Installing: /home/rsanz/git/learning/ROS2/RustROS2/install/std_msgs/share/std_msgs/msg/Header.msg
[8.944s] -- Installing: /home/rsanz/git/learning/ROS2/RustROS2/install/std_msgs/share/std_msgs/msg/Int16.msg
[8.944s] -- Installing: /home/rsanz/git/learning/ROS2/RustROS2/install/std_msgs/share/std_msgs/msg/Int16MultiArray.msg
[8.945s] -- Installing: /home/rsanz/git/learning/ROS2/RustROS2/install/std_msgs/share/std_msgs/msg/Int32.msg
[8.945s] -- Installing: /home/rsanz/git/learning/ROS2/RustROS2/install/std_msgs/share/std_msgs/msg/Int32MultiArray.msg
[8.945s] -- Installing: /home/rsanz/git/learning/ROS2/RustROS2/install/std_msgs/share/std_msgs/msg/Int64.msg
[8.945s] -- Installing: /home/rsanz/git/learning/ROS2/RustROS2/install/std_msgs/share/std_msgs/msg/Int64MultiArray.msg
[8.945s] -- Installing: /home/rsanz/git/learning/ROS2/RustROS2/install/std_msgs/share/std_msgs/msg/Int8.msg
[8.946s] -- Installing: /home/rsanz/git/learning/ROS2/RustROS2/install/std_msgs/share/std_msgs/msg/Int8MultiArray.msg
[8.946s] -- Installing: /home/rsanz/git/learning/ROS2/RustROS2/install/std_msgs/share/std_msgs/msg/MultiArrayDimension.msg
[8.946s] -- Installing: /home/rsanz/git/learning/ROS2/RustROS2/install/std_msgs/share/std_msgs/msg/MultiArrayLayout.msg
[8.946s] -- Installing: /home/rsanz/git/learning/ROS2/RustROS2/install/std_msgs/share/std_msgs/msg/String.msg
[8.946s] -- Installing: /home/rsanz/git/learning/ROS2/RustROS2/install/std_msgs/share/std_msgs/msg/UInt16.msg
[8.946s] -- Installing: /home/rsanz/git/learning/ROS2/RustROS2/install/std_msgs/share/std_msgs/msg/UInt16MultiArray.msg
[8.947s] -- Installing: /home/rsanz/git/learning/ROS2/RustROS2/install/std_msgs/share/std_msgs/msg/UInt32.msg
[8.947s] -- Installing: /home/rsanz/git/learning/ROS2/RustROS2/install/std_msgs/share/std_msgs/msg/UInt32MultiArray.msg
[8.947s] -- Installing: /home/rsanz/git/learning/ROS2/RustROS2/install/std_msgs/share/std_msgs/msg/UInt64.msg
[8.947s] -- Installing: /home/rsanz/git/learning/ROS2/RustROS2/install/std_msgs/share/std_msgs/msg/UInt64MultiArray.msg
[8.947s] -- Installing: /home/rsanz/git/learning/ROS2/RustROS2/install/std_msgs/share/std_msgs/msg/UInt8.msg
[8.947s] -- Installing: /home/rsanz/git/learning/ROS2/RustROS2/install/std_msgs/share/std_msgs/msg/UInt8MultiArray.msg
[8.948s] -- Installing: /home/rsanz/git/learning/ROS2/RustROS2/install/std_msgs/share/ament_index/resource_index/package_run_dependencies/std_msgs
[8.948s] -- Installing: /home/rsanz/git/learning/ROS2/RustROS2/install/std_msgs/share/ament_index/resource_index/parent_prefix_path/std_msgs
[8.948s] -- Installing: /home/rsanz/git/learning/ROS2/RustROS2/install/std_msgs/share/std_msgs/environment/ament_prefix_path.sh
[8.948s] -- Installing: /home/rsanz/git/learning/ROS2/RustROS2/install/std_msgs/share/std_msgs/environment/ament_prefix_path.dsv
[8.948s] -- Installing: /home/rsanz/git/learning/ROS2/RustROS2/install/std_msgs/share/std_msgs/environment/path.sh
[8.949s] -- Installing: /home/rsanz/git/learning/ROS2/RustROS2/install/std_msgs/share/std_msgs/environment/path.dsv
[8.949s] -- Installing: /home/rsanz/git/learning/ROS2/RustROS2/install/std_msgs/share/std_msgs/local_setup.bash
[8.949s] -- Installing: /home/rsanz/git/learning/ROS2/RustROS2/install/std_msgs/share/std_msgs/local_setup.sh
[8.949s] -- Installing: /home/rsanz/git/learning/ROS2/RustROS2/install/std_msgs/share/std_msgs/local_setup.zsh
[8.949s] -- Installing: /home/rsanz/git/learning/ROS2/RustROS2/install/std_msgs/share/std_msgs/local_setup.dsv
[8.949s] -- Installing: /home/rsanz/git/learning/ROS2/RustROS2/install/std_msgs/share/std_msgs/package.dsv
[8.950s] -- Installing: /home/rsanz/git/learning/ROS2/RustROS2/install/std_msgs/share/ament_index/resource_index/packages/std_msgs
[8.950s] -- Installing: /home/rsanz/git/learning/ROS2/RustROS2/install/std_msgs/share/std_msgs/cmake/export_std_msgs__rosidl_generator_cExport.cmake
[8.950s] -- Installing: /home/rsanz/git/learning/ROS2/RustROS2/install/std_msgs/share/std_msgs/cmake/export_std_msgs__rosidl_generator_cExport-noconfig.cmake
[8.950s] -- Installing: /home/rsanz/git/learning/ROS2/RustROS2/install/std_msgs/share/std_msgs/cmake/export_std_msgs__rosidl_typesupport_fastrtps_cExport.cmake
[8.950s] -- Installing: /home/rsanz/git/learning/ROS2/RustROS2/install/std_msgs/share/std_msgs/cmake/export_std_msgs__rosidl_typesupport_fastrtps_cExport-noconfig.cmake
[8.951s] -- Installing: /home/rsanz/git/learning/ROS2/RustROS2/install/std_msgs/share/std_msgs/cmake/export_std_msgs__rosidl_generator_cppExport.cmake
[8.951s] -- Installing: /home/rsanz/git/learning/ROS2/RustROS2/install/std_msgs/share/std_msgs/cmake/export_std_msgs__rosidl_typesupport_fastrtps_cppExport.cmake
[8.951s] -- Installing: /home/rsanz/git/learning/ROS2/RustROS2/install/std_msgs/share/std_msgs/cmake/export_std_msgs__rosidl_typesupport_fastrtps_cppExport-noconfig.cmake
[8.951s] -- Installing: /home/rsanz/git/learning/ROS2/RustROS2/install/std_msgs/share/std_msgs/cmake/std_msgs__rosidl_typesupport_introspection_cExport.cmake
[8.951s] -- Installing: /home/rsanz/git/learning/ROS2/RustROS2/install/std_msgs/share/std_msgs/cmake/std_msgs__rosidl_typesupport_introspection_cExport-noconfig.cmake
[8.952s] -- Installing: /home/rsanz/git/learning/ROS2/RustROS2/install/std_msgs/share/std_msgs/cmake/std_msgs__rosidl_typesupport_cExport.cmake
[8.952s] -- Installing: /home/rsanz/git/learning/ROS2/RustROS2/install/std_msgs/share/std_msgs/cmake/std_msgs__rosidl_typesupport_cExport-noconfig.cmake
[8.952s] -- Installing: /home/rsanz/git/learning/ROS2/RustROS2/install/std_msgs/share/std_msgs/cmake/std_msgs__rosidl_typesupport_introspection_cppExport.cmake
[8.952s] -- Installing: /home/rsanz/git/learning/ROS2/RustROS2/install/std_msgs/share/std_msgs/cmake/std_msgs__rosidl_typesupport_introspection_cppExport-noconfig.cmake
[8.952s] -- Installing: /home/rsanz/git/learning/ROS2/RustROS2/install/std_msgs/share/std_msgs/cmake/std_msgs__rosidl_typesupport_cppExport.cmake
[8.953s] -- Installing: /home/rsanz/git/learning/ROS2/RustROS2/install/std_msgs/share/std_msgs/cmake/std_msgs__rosidl_typesupport_cppExport-noconfig.cmake
[8.953s] -- Installing: /home/rsanz/git/learning/ROS2/RustROS2/install/std_msgs/share/std_msgs/cmake/export_std_msgs__rosidl_generator_pyExport.cmake
[8.953s] -- Installing: /home/rsanz/git/learning/ROS2/RustROS2/install/std_msgs/share/std_msgs/cmake/export_std_msgs__rosidl_generator_pyExport-noconfig.cmake
[8.953s] -- Installing: /home/rsanz/git/learning/ROS2/RustROS2/install/std_msgs/share/std_msgs/cmake/rosidl_cmake-extras.cmake
[8.953s] -- Installing: /home/rsanz/git/learning/ROS2/RustROS2/install/std_msgs/share/std_msgs/cmake/ament_cmake_export_dependencies-extras.cmake
[8.953s] -- Installing: /home/rsanz/git/learning/ROS2/RustROS2/install/std_msgs/share/std_msgs/cmake/ament_cmake_export_include_directories-extras.cmake
[8.954s] -- Installing: /home/rsanz/git/learning/ROS2/RustROS2/install/std_msgs/share/std_msgs/cmake/ament_cmake_export_libraries-extras.cmake
[8.954s] -- Installing: /home/rsanz/git/learning/ROS2/RustROS2/install/std_msgs/share/std_msgs/cmake/ament_cmake_export_targets-extras.cmake
[8.954s] -- Installing: /home/rsanz/git/learning/ROS2/RustROS2/install/std_msgs/share/std_msgs/cmake/rosidl_cmake_export_typesupport_targets-extras.cmake
[8.954s] -- Installing: /home/rsanz/git/learning/ROS2/RustROS2/install/std_msgs/share/std_msgs/cmake/rosidl_cmake_export_typesupport_libraries-extras.cmake
[8.954s] -- Installing: /home/rsanz/git/learning/ROS2/RustROS2/install/std_msgs/share/std_msgs/cmake/std_msgsConfig.cmake
[8.954s] -- Installing: /home/rsanz/git/learning/ROS2/RustROS2/install/std_msgs/share/std_msgs/cmake/std_msgsConfig-version.cmake
[8.955s] -- Installing: /home/rsanz/git/learning/ROS2/RustROS2/install/std_msgs/share/std_msgs/package.xml
[8.957s] Invoked command in '/home/rsanz/git/learning/ROS2/RustROS2/build/std_msgs' returned '0': AMENT_PREFIX_PATH=/home/rsanz/git/learning/ROS2/RustROS2/install/rosidl_default_runtime:/home/rsanz/git/learning/ROS2/RustROS2/install/rosidl_default_generators:/home/rsanz/git/learning/ROS2/RustROS2/install/action_msgs:/home/rsanz/git/learning/ROS2/RustROS2/install/service_msgs:/home/rsanz/git/learning/ROS2/RustROS2/install/unique_identifier_msgs:/home/rsanz/git/learning/ROS2/RustROS2/install/builtin_interfaces:/home/rsanz/git/learning/ROS2/RustROS2/install/rosidl_core_runtime:/home/rsanz/git/learning/ROS2/RustROS2/install/rosidl_core_generators:/home/rsanz/git/learning/ROS2/RustROS2/install/rosidl_generator_rs:${AMENT_PREFIX_PATH} CMAKE_PREFIX_PATH=/home/rsanz/git/learning/ROS2/RustROS2/install/rosidl_default_runtime:/home/rsanz/git/learning/ROS2/RustROS2/install/rosidl_default_generators:/home/rsanz/git/learning/ROS2/RustROS2/install/action_msgs:/home/rsanz/git/learning/ROS2/RustROS2/install/service_msgs:/home/rsanz/git/learning/ROS2/RustROS2/install/unique_identifier_msgs:/home/rsanz/git/learning/ROS2/RustROS2/install/builtin_interfaces:/home/rsanz/git/learning/ROS2/RustROS2/install/rosidl_core_runtime:/home/rsanz/git/learning/ROS2/RustROS2/install/rosidl_core_generators:/home/rsanz/git/learning/ROS2/RustROS2/install/rosidl_generator_rs:/opt/ros/jazzy/opt/gz_math_vendor:/opt/ros/jazzy/opt/gz_utils_vendor:/opt/ros/jazzy/opt/gz_cmake_vendor:/opt/ros/jazzy DEBUGINFOD_URLS=https://debuginfod.ubuntu.com LD_LIBRARY_PATH=/home/rsanz/git/learning/ROS2/RustROS2/install/action_msgs/lib:/home/rsanz/git/learning/ROS2/RustROS2/install/service_msgs/lib:/home/rsanz/git/learning/ROS2/RustROS2/install/unique_identifier_msgs/lib:/home/rsanz/git/learning/ROS2/RustROS2/install/builtin_interfaces/lib:${LD_LIBRARY_PATH} PYTHONPATH=/home/rsanz/git/learning/ROS2/RustROS2/install/action_msgs/lib/python3.12/site-packages:/home/rsanz/git/learning/ROS2/RustROS2/install/service_msgs/lib/python3.12/site-packages:/home/rsanz/git/learning/ROS2/RustROS2/install/unique_identifier_msgs/lib/python3.12/site-packages:/home/rsanz/git/learning/ROS2/RustROS2/install/builtin_interfaces/lib/python3.12/site-packages:/home/rsanz/git/learning/ROS2/RustROS2/install/rosidl_generator_rs/lib/python3.12/site-packages:${PYTHONPATH} /usr/bin/cmake --install /home/rsanz/git/learning/ROS2/RustROS2/build/std_msgs
